01-Apr-2026 01:04:35.614 INFO [main] org.apache.catalina.core.StandardServer.await A valid shutdown command was received via the shutdown port. Stopping the Server instance.
01-Apr-2026 01:04:35.635 INFO [main] org.apache.coyote.AbstractProtocol.pause Pausing ProtocolHandler ["http-nio-8080"]
01-Apr-2026 01:04:35.646 INFO [main] org.apache.catalina.core.StandardService.stopInternal Stopping service [Catalina]
01-Apr-2026 01:04:35.787 INFO [main] org.springframework.orm.jpa.AbstractEntityManagerFactoryBean.destroy Closing JPA EntityManagerFactory for persistence unit 'default'
01-Apr-2026 01:04:35.810 WARNING [main] org.apache.catalina.loader.WebappClassLoaderBase.clearReferencesJdbc The web application [employee-service] registered the JDBC driver [com.mysql.cj.jdbc.Driver] but failed to unregister it when the web application was stopped. To prevent a memory leak, the JDBC Driver has been forcibly unregistered.
01-Apr-2026 01:04:35.812 WARNING [main] org.apache.catalina.loader.WebappClassLoaderBase.clearReferencesThreads The web application [employee-service] appears to have started a thread named [mysql-cj-abandoned-connection-cleanup] but has failed to stop it. This is very likely to create a memory leak. Stack trace of thread:
 java.lang.Object.wait(Native Method)
 java.lang.ref.ReferenceQueue.remove(ReferenceQueue.java:144)
 com.mysql.cj.jdbc.AbandonedConnectionCleanupThread.run(AbandonedConnectionCleanupThread.java:91)
 java.util.concurrent.ThreadPoolExecutor.runWorker(ThreadPoolExecutor.java:1149)
 java.util.concurrent.ThreadPoolExecutor$Worker.run(ThreadPoolExecutor.java:624)
 java.lang.Thread.run(Thread.java:750)
01-Apr-2026 01:04:36.064 INFO [main] org.apache.coyote.AbstractProtocol.stop Stopping ProtocolHandler ["http-nio-8080"]
01-Apr-2026 01:04:36.084 INFO [main] org.apache.coyote.AbstractProtocol.destroy Destroying ProtocolHandler ["http-nio-8080"]
01-Apr-2026 01:04:42.914 INFO [main] org.apache.catalina.startup.VersionLoggerListener.log Server version name:   Apache Tomcat/9.0.116
01-Apr-2026 01:04:42.920 INFO [main] org.apache.catalina.startup.VersionLoggerListener.log Server built:          Mar 16 2026 15:05:42 UTC
01-Apr-2026 01:04:42.920 INFO [main] org.apache.catalina.startup.VersionLoggerListener.log Server version number: 9.0.116.0
01-Apr-2026 01:04:42.920 INFO [main] org.apache.catalina.startup.VersionLoggerListener.log OS Name:               Mac OS X
01-Apr-2026 01:04:42.920 INFO [main] org.apache.catalina.startup.VersionLoggerListener.log OS Version:            15.5
01-Apr-2026 01:04:42.920 INFO [main] org.apache.catalina.startup.VersionLoggerListener.log Architecture:          x86_64
01-Apr-2026 01:04:42.920 INFO [main] org.apache.catalina.startup.VersionLoggerListener.log Java Home:             /Library/Java/JavaVirtualMachines/temurin-8.jdk/Contents/Home/jre
01-Apr-2026 01:04:42.920 INFO [main] org.apache.catalina.startup.VersionLoggerListener.log JVM Version:           1.8.0_482-b08
01-Apr-2026 01:04:42.920 INFO [main] org.apache.catalina.startup.VersionLoggerListener.log JVM Vendor:            Temurin
01-Apr-2026 01:04:42.921 INFO [main] org.apache.catalina.startup.VersionLoggerListener.log CATALINA_BASE:         /Users/motocycopath/Desktop/java-full-stack-training/00-microservices-00/apache-tomcat-9.0.116
01-Apr-2026 01:04:42.921 INFO [main] org.apache.catalina.startup.VersionLoggerListener.log CATALINA_HOME:         /Users/motocycopath/Desktop/java-full-stack-training/00-microservices-00/apache-tomcat-9.0.116
01-Apr-2026 01:04:42.925 INFO [main] org.apache.catalina.startup.VersionLoggerListener.log Command line argument: -Djava.util.logging.config.file=/Users/motocycopath/Desktop/java-full-stack-training/00-microservices-00/apache-tomcat-9.0.116/conf/logging.properties
01-Apr-2026 01:04:42.926 INFO [main] org.apache.catalina.startup.VersionLoggerListener.log Command line argument: -Djava.util.logging.manager=org.apache.juli.ClassLoaderLogManager
01-Apr-2026 01:04:42.926 INFO [main] org.apache.catalina.startup.VersionLoggerListener.log Command line argument: -Djdk.tls.ephemeralDHKeySize=2048
01-Apr-2026 01:04:42.926 INFO [main] org.apache.catalina.startup.VersionLoggerListener.log Command line argument: -Djava.protocol.handler.pkgs=org.apache.catalina.webresources
01-Apr-2026 01:04:42.926 INFO [main] org.apache.catalina.startup.VersionLoggerListener.log Command line argument: -Dsun.io.useCanonCaches=false
01-Apr-2026 01:04:42.926 INFO [main] org.apache.catalina.startup.VersionLoggerListener.log Command line argument: -Dorg.apache.catalina.security.SecurityListener.UMASK=0027
01-Apr-2026 01:04:42.926 INFO [main] org.apache.catalina.startup.VersionLoggerListener.log Command line argument: -Dignore.endorsed.dirs=
01-Apr-2026 01:04:42.926 INFO [main] org.apache.catalina.startup.VersionLoggerListener.log Command line argument: -Dcatalina.base=/Users/motocycopath/Desktop/java-full-stack-training/00-microservices-00/apache-tomcat-9.0.116
01-Apr-2026 01:04:42.926 INFO [main] org.apache.catalina.startup.VersionLoggerListener.log Command line argument: -Dcatalina.home=/Users/motocycopath/Desktop/java-full-stack-training/00-microservices-00/apache-tomcat-9.0.116
01-Apr-2026 01:04:42.926 INFO [main] org.apache.catalina.startup.VersionLoggerListener.log Command line argument: -Djava.io.tmpdir=/Users/motocycopath/Desktop/java-full-stack-training/00-microservices-00/apache-tomcat-9.0.116/temp
01-Apr-2026 01:04:42.929 INFO [main] org.apache.catalina.core.AprLifecycleListener.lifecycleEvent The Apache Tomcat Native library which allows using OpenSSL was not found on the java.library.path: [/Users/motocycopath/Library/Java/Extensions:/Library/Java/Extensions:/Network/Library/Java/Extensions:/System/Library/Java/Extensions:/usr/lib/java:.]
01-Apr-2026 01:04:43.374 INFO [main] org.apache.coyote.AbstractProtocol.init Initializing ProtocolHandler ["http-nio-8080"]
01-Apr-2026 01:04:43.414 INFO [main] org.apache.catalina.startup.Catalina.load Server initialization in [663] milliseconds
01-Apr-2026 01:04:43.508 INFO [main] org.apache.catalina.core.StandardService.startInternal Starting service [Catalina]
01-Apr-2026 01:04:43.509 INFO [main] org.apache.catalina.core.StandardEngine.startInternal Starting Servlet engine: [Apache Tomcat/9.0.116]
01-Apr-2026 01:04:43.514 INFO [main] org.apache.catalina.startup.HostConfig.deployDirectory Deploying web application directory [/Users/motocycopath/Desktop/java-full-stack-training/00-microservices-00/apache-tomcat-9.0.116/webapps/employee-service]
01-Apr-2026 01:04:45.062 INFO [main] org.apache.jasper.servlet.TldScanner.scanJars At least one JAR was scanned for TLDs yet contained no TLDs. Enable debug logging for this logger for a complete list of JARs that were scanned but no TLDs were found in them. Skipping unneeded JARs during scanning can improve startup time and JSP compilation time.
01-Apr-2026 01:04:45.091 INFO [main] org.springframework.web.context.ContextLoader.initWebApplicationContext Root WebApplicationContext: initialization started
01-Apr-2026 01:04:45.592 INFO [main] org.springframework.data.repository.config.RepositoryConfigurationDelegate.registerRepositoriesIn Bootstrapping Spring Data JPA repositories in DEFAULT mode.
01-Apr-2026 01:04:45.697 INFO [main] org.springframework.data.repository.config.RepositoryConfigurationDelegate.registerRepositoriesIn Finished Spring Data repository scanning in 90 ms. Found 1 JPA repository interfaces.
01-Apr-2026 01:04:45.699 INFO [main] org.springframework.data.repository.config.RepositoryConfigurationDelegate.registerRepositoriesIn Bootstrapping Spring Data JPA repositories in DEFAULT mode.
01-Apr-2026 01:04:45.708 INFO [main] org.springframework.data.repository.config.RepositoryConfigurationDelegate.registerRepositoriesIn Finished Spring Data repository scanning in 8 ms. Found 1 JPA repository interfaces.
01-Apr-2026 01:04:46.052 INFO [main] org.hibernate.jpa.internal.util.LogHelper.logPersistenceUnitInformation HHH000204: Processing PersistenceUnitInfo [
	name: default
	...]
01-Apr-2026 01:04:46.114 INFO [main] org.hibernate.Version.logVersion HHH000412: Hibernate Core {5.2.8.Final}
01-Apr-2026 01:04:46.116 INFO [main] org.hibernate.cfg.Environment.<clinit> HHH000206: hibernate.properties not found
01-Apr-2026 01:04:46.150 INFO [main] org.hibernate.annotations.common.reflection.java.JavaReflectionManager.<clinit> HCANN000001: Hibernate Commons Annotations {5.0.1.Final}
01-Apr-2026 01:04:46.695 INFO [main] org.hibernate.dialect.Dialect.<init> HHH000400: Using dialect: org.hibernate.dialect.MySQLDialect
01-Apr-2026 01:04:47.302 INFO [main] org.springframework.orm.jpa.AbstractEntityManagerFactoryBean.buildNativeEntityManagerFactory Initialized JPA EntityManagerFactory for persistence unit 'default'
01-Apr-2026 01:04:48.001 INFO [main] org.springframework.web.context.ContextLoader.initWebApplicationContext Root WebApplicationContext initialized in 2910 ms
01-Apr-2026 01:04:48.045 INFO [main] org.springframework.web.servlet.FrameworkServlet.initServletBean Initializing Servlet 'cstspconf-web'
01-Apr-2026 01:04:48.589 INFO [main] org.springframework.web.servlet.FrameworkServlet.initServletBean Completed initialization in 544 ms
01-Apr-2026 01:04:48.624 INFO [main] org.apache.catalina.startup.HostConfig.deployDirectory Deployment of web application directory [/Users/motocycopath/Desktop/java-full-stack-training/00-microservices-00/apache-tomcat-9.0.116/webapps/employee-service] has finished in [5,108] ms
01-Apr-2026 01:04:48.625 INFO [main] org.apache.catalina.startup.HostConfig.deployDirectory Deploying web application directory [/Users/motocycopath/Desktop/java-full-stack-training/00-microservices-00/apache-tomcat-9.0.116/webapps/docs]
01-Apr-2026 01:04:48.668 INFO [main] org.apache.catalina.startup.HostConfig.deployDirectory Deployment of web application directory [/Users/motocycopath/Desktop/java-full-stack-training/00-microservices-00/apache-tomcat-9.0.116/webapps/docs] has finished in [43] ms
01-Apr-2026 01:04:48.669 INFO [main] org.apache.catalina.startup.HostConfig.deployDirectory Deploying web application directory [/Users/motocycopath/Desktop/java-full-stack-training/00-microservices-00/apache-tomcat-9.0.116/webapps/manager]
01-Apr-2026 01:04:48.702 INFO [main] org.apache.catalina.startup.HostConfig.deployDirectory Deployment of web application directory [/Users/motocycopath/Desktop/java-full-stack-training/00-microservices-00/apache-tomcat-9.0.116/webapps/manager] has finished in [33] ms
01-Apr-2026 01:04:48.702 INFO [main] org.apache.catalina.startup.HostConfig.deployDirectory Deploying web application directory [/Users/motocycopath/Desktop/java-full-stack-training/00-microservices-00/apache-tomcat-9.0.116/webapps/examples]
01-Apr-2026 01:04:48.880 INFO [main] org.apache.catalina.startup.HostConfig.deployDirectory Deployment of web application directory [/Users/motocycopath/Desktop/java-full-stack-training/00-microservices-00/apache-tomcat-9.0.116/webapps/examples] has finished in [178] ms
01-Apr-2026 01:04:48.880 INFO [main] org.apache.catalina.startup.HostConfig.deployDirectory Deploying web application directory [/Users/motocycopath/Desktop/java-full-stack-training/00-microservices-00/apache-tomcat-9.0.116/webapps/ROOT]
01-Apr-2026 01:04:48.890 INFO [main] org.apache.catalina.startup.HostConfig.deployDirectory Deployment of web application directory [/Users/motocycopath/Desktop/java-full-stack-training/00-microservices-00/apache-tomcat-9.0.116/webapps/ROOT] has finished in [10] ms
01-Apr-2026 01:04:48.891 INFO [main] org.apache.catalina.startup.HostConfig.deployDirectory Deploying web application directory [/Users/motocycopath/Desktop/java-full-stack-training/00-microservices-00/apache-tomcat-9.0.116/webapps/host-manager]
01-Apr-2026 01:04:48.913 INFO [main] org.apache.catalina.startup.HostConfig.deployDirectory Deployment of web application directory [/Users/motocycopath/Desktop/java-full-stack-training/00-microservices-00/apache-tomcat-9.0.116/webapps/host-manager] has finished in [21] ms
01-Apr-2026 01:04:48.915 INFO [main] org.apache.coyote.AbstractProtocol.start Starting ProtocolHandler ["http-nio-8080"]
01-Apr-2026 01:04:48.923 INFO [main] org.apache.catalina.startup.Catalina.start Server startup in [5508] milliseconds
01-Apr-2026 01:04:51.826 INFO [http-nio-8080-exec-1] org.hibernate.hql.internal.QueryTranslatorFactoryInitiator.initiateService HHH000397: Using ASTQueryTranslatorFactory
01-Apr-2026 01:05:44.455 INFO [main] org.apache.catalina.core.StandardServer.await A valid shutdown command was received via the shutdown port. Stopping the Server instance.
01-Apr-2026 01:05:44.459 INFO [main] org.apache.coyote.AbstractProtocol.pause Pausing ProtocolHandler ["http-nio-8080"]
01-Apr-2026 01:05:44.464 INFO [main] org.apache.catalina.core.StandardService.stopInternal Stopping service [Catalina]
01-Apr-2026 01:05:44.528 INFO [main] org.springframework.orm.jpa.AbstractEntityManagerFactoryBean.destroy Closing JPA EntityManagerFactory for persistence unit 'default'
01-Apr-2026 01:05:44.535 WARNING [main] org.apache.catalina.loader.WebappClassLoaderBase.clearReferencesJdbc The web application [employee-service] registered the JDBC driver [com.mysql.cj.jdbc.Driver] but failed to unregister it when the web application was stopped. To prevent a memory leak, the JDBC Driver has been forcibly unregistered.
01-Apr-2026 01:05:44.536 WARNING [main] org.apache.catalina.loader.WebappClassLoaderBase.clearReferencesThreads The web application [employee-service] appears to have started a thread named [mysql-cj-abandoned-connection-cleanup] but has failed to stop it. This is very likely to create a memory leak. Stack trace of thread:
 java.lang.Object.wait(Native Method)
 java.lang.ref.ReferenceQueue.remove(ReferenceQueue.java:144)
 com.mysql.cj.jdbc.AbandonedConnectionCleanupThread.run(AbandonedConnectionCleanupThread.java:91)
 java.util.concurrent.ThreadPoolExecutor.runWorker(ThreadPoolExecutor.java:1149)
 java.util.concurrent.ThreadPoolExecutor$Worker.run(ThreadPoolExecutor.java:624)
 java.lang.Thread.run(Thread.java:750)
01-Apr-2026 01:05:44.566 INFO [main] org.apache.coyote.AbstractProtocol.stop Stopping ProtocolHandler ["http-nio-8080"]
01-Apr-2026 01:05:44.588 INFO [main] org.apache.coyote.AbstractProtocol.destroy Destroying ProtocolHandler ["http-nio-8080"]
01-Apr-2026 01:05:51.377 INFO [main] org.apache.catalina.startup.VersionLoggerListener.log Server version name:   Apache Tomcat/9.0.116
01-Apr-2026 01:05:51.382 INFO [main] org.apache.catalina.startup.VersionLoggerListener.log Server built:          Mar 16 2026 15:05:42 UTC
01-Apr-2026 01:05:51.382 INFO [main] org.apache.catalina.startup.VersionLoggerListener.log Server version number: 9.0.116.0
01-Apr-2026 01:05:51.382 INFO [main] org.apache.catalina.startup.VersionLoggerListener.log OS Name:               Mac OS X
01-Apr-2026 01:05:51.382 INFO [main] org.apache.catalina.startup.VersionLoggerListener.log OS Version:            15.5
01-Apr-2026 01:05:51.383 INFO [main] org.apache.catalina.startup.VersionLoggerListener.log Architecture:          x86_64
01-Apr-2026 01:05:51.383 INFO [main] org.apache.catalina.startup.VersionLoggerListener.log Java Home:             /Library/Java/JavaVirtualMachines/temurin-8.jdk/Contents/Home/jre
01-Apr-2026 01:05:51.383 INFO [main] org.apache.catalina.startup.VersionLoggerListener.log JVM Version:           1.8.0_482-b08
01-Apr-2026 01:05:51.383 INFO [main] org.apache.catalina.startup.VersionLoggerListener.log JVM Vendor:            Temurin
01-Apr-2026 01:05:51.384 INFO [main] org.apache.catalina.startup.VersionLoggerListener.log CATALINA_BASE:         /Users/motocycopath/Desktop/java-full-stack-training/00-microservices-00/apache-tomcat-9.0.116
01-Apr-2026 01:05:51.384 INFO [main] org.apache.catalina.startup.VersionLoggerListener.log CATALINA_HOME:         /Users/motocycopath/Desktop/java-full-stack-training/00-microservices-00/apache-tomcat-9.0.116
01-Apr-2026 01:05:51.388 INFO [main] org.apache.catalina.startup.VersionLoggerListener.log Command line argument: -Djava.util.logging.config.file=/Users/motocycopath/Desktop/java-full-stack-training/00-microservices-00/apache-tomcat-9.0.116/conf/logging.properties
01-Apr-2026 01:05:51.388 INFO [main] org.apache.catalina.startup.VersionLoggerListener.log Command line argument: -Djava.util.logging.manager=org.apache.juli.ClassLoaderLogManager
01-Apr-2026 01:05:51.388 INFO [main] org.apache.catalina.startup.VersionLoggerListener.log Command line argument: -Djdk.tls.ephemeralDHKeySize=2048
01-Apr-2026 01:05:51.388 INFO [main] org.apache.catalina.startup.VersionLoggerListener.log Command line argument: -Djava.protocol.handler.pkgs=org.apache.catalina.webresources
01-Apr-2026 01:05:51.388 INFO [main] org.apache.catalina.startup.VersionLoggerListener.log Command line argument: -Dsun.io.useCanonCaches=false
01-Apr-2026 01:05:51.388 INFO [main] org.apache.catalina.startup.VersionLoggerListener.log Command line argument: -Dorg.apache.catalina.security.SecurityListener.UMASK=0027
01-Apr-2026 01:05:51.388 INFO [main] org.apache.catalina.startup.VersionLoggerListener.log Command line argument: -Dignore.endorsed.dirs=
01-Apr-2026 01:05:51.388 INFO [main] org.apache.catalina.startup.VersionLoggerListener.log Command line argument: -Dcatalina.base=/Users/motocycopath/Desktop/java-full-stack-training/00-microservices-00/apache-tomcat-9.0.116
01-Apr-2026 01:05:51.388 INFO [main] org.apache.catalina.startup.VersionLoggerListener.log Command line argument: -Dcatalina.home=/Users/motocycopath/Desktop/java-full-stack-training/00-microservices-00/apache-tomcat-9.0.116
01-Apr-2026 01:05:51.388 INFO [main] org.apache.catalina.startup.VersionLoggerListener.log Command line argument: -Djava.io.tmpdir=/Users/motocycopath/Desktop/java-full-stack-training/00-microservices-00/apache-tomcat-9.0.116/temp
01-Apr-2026 01:05:51.391 INFO [main] org.apache.catalina.core.AprLifecycleListener.lifecycleEvent The Apache Tomcat Native library which allows using OpenSSL was not found on the java.library.path: [/Users/motocycopath/Library/Java/Extensions:/Library/Java/Extensions:/Network/Library/Java/Extensions:/System/Library/Java/Extensions:/usr/lib/java:.]
01-Apr-2026 01:05:51.831 INFO [main] org.apache.coyote.AbstractProtocol.init Initializing ProtocolHandler ["http-nio-8080"]
01-Apr-2026 01:05:51.870 INFO [main] org.apache.catalina.startup.Catalina.load Server initialization in [649] milliseconds
01-Apr-2026 01:05:51.956 INFO [main] org.apache.catalina.core.StandardService.startInternal Starting service [Catalina]
01-Apr-2026 01:05:51.956 INFO [main] org.apache.catalina.core.StandardEngine.startInternal Starting Servlet engine: [Apache Tomcat/9.0.116]
01-Apr-2026 01:05:51.962 INFO [main] org.apache.catalina.startup.HostConfig.deployDirectory Deploying web application directory [/Users/motocycopath/Desktop/java-full-stack-training/00-microservices-00/apache-tomcat-9.0.116/webapps/employee-service]
01-Apr-2026 01:05:53.521 INFO [main] org.apache.jasper.servlet.TldScanner.scanJars At least one JAR was scanned for TLDs yet contained no TLDs. Enable debug logging for this logger for a complete list of JARs that were scanned but no TLDs were found in them. Skipping unneeded JARs during scanning can improve startup time and JSP compilation time.
01-Apr-2026 01:05:53.555 INFO [main] org.springframework.web.context.ContextLoader.initWebApplicationContext Root WebApplicationContext: initialization started
01-Apr-2026 01:05:54.037 INFO [main] org.springframework.data.repository.config.RepositoryConfigurationDelegate.registerRepositoriesIn Bootstrapping Spring Data JPA repositories in DEFAULT mode.
01-Apr-2026 01:05:54.146 INFO [main] org.springframework.data.repository.config.RepositoryConfigurationDelegate.registerRepositoriesIn Finished Spring Data repository scanning in 92 ms. Found 1 JPA repository interfaces.
01-Apr-2026 01:05:54.148 INFO [main] org.springframework.data.repository.config.RepositoryConfigurationDelegate.registerRepositoriesIn Bootstrapping Spring Data JPA repositories in DEFAULT mode.
01-Apr-2026 01:05:54.160 INFO [main] org.springframework.data.repository.config.RepositoryConfigurationDelegate.registerRepositoriesIn Finished Spring Data repository scanning in 11 ms. Found 1 JPA repository interfaces.
01-Apr-2026 01:05:54.506 INFO [main] org.hibernate.jpa.internal.util.LogHelper.logPersistenceUnitInformation HHH000204: Processing PersistenceUnitInfo [
	name: default
	...]
01-Apr-2026 01:05:54.578 INFO [main] org.hibernate.Version.logVersion HHH000412: Hibernate Core {5.2.8.Final}
01-Apr-2026 01:05:54.584 INFO [main] org.hibernate.cfg.Environment.<clinit> HHH000206: hibernate.properties not found
01-Apr-2026 01:05:54.634 INFO [main] org.hibernate.annotations.common.reflection.java.JavaReflectionManager.<clinit> HCANN000001: Hibernate Commons Annotations {5.0.1.Final}
01-Apr-2026 01:05:55.135 INFO [main] org.hibernate.dialect.Dialect.<init> HHH000400: Using dialect: org.hibernate.dialect.MySQLDialect
01-Apr-2026 01:05:55.757 INFO [main] org.springframework.orm.jpa.AbstractEntityManagerFactoryBean.buildNativeEntityManagerFactory Initialized JPA EntityManagerFactory for persistence unit 'default'
01-Apr-2026 01:05:56.394 INFO [main] org.springframework.web.context.ContextLoader.initWebApplicationContext Root WebApplicationContext initialized in 2839 ms
01-Apr-2026 01:05:56.438 INFO [main] org.springframework.web.servlet.FrameworkServlet.initServletBean Initializing Servlet 'cstspconf-web'
01-Apr-2026 01:05:56.998 INFO [main] org.springframework.web.servlet.FrameworkServlet.initServletBean Completed initialization in 560 ms
01-Apr-2026 01:05:57.028 INFO [main] org.apache.catalina.startup.HostConfig.deployDirectory Deployment of web application directory [/Users/motocycopath/Desktop/java-full-stack-training/00-microservices-00/apache-tomcat-9.0.116/webapps/employee-service] has finished in [5,065] ms
01-Apr-2026 01:05:57.029 INFO [main] org.apache.catalina.startup.HostConfig.deployDirectory Deploying web application directory [/Users/motocycopath/Desktop/java-full-stack-training/00-microservices-00/apache-tomcat-9.0.116/webapps/docs]
01-Apr-2026 01:05:57.072 INFO [main] org.apache.catalina.startup.HostConfig.deployDirectory Deployment of web application directory [/Users/motocycopath/Desktop/java-full-stack-training/00-microservices-00/apache-tomcat-9.0.116/webapps/docs] has finished in [42] ms
01-Apr-2026 01:05:57.072 INFO [main] org.apache.catalina.startup.HostConfig.deployDirectory Deploying web application directory [/Users/motocycopath/Desktop/java-full-stack-training/00-microservices-00/apache-tomcat-9.0.116/webapps/manager]
01-Apr-2026 01:05:57.104 INFO [main] org.apache.catalina.startup.HostConfig.deployDirectory Deployment of web application directory [/Users/motocycopath/Desktop/java-full-stack-training/00-microservices-00/apache-tomcat-9.0.116/webapps/manager] has finished in [31] ms
01-Apr-2026 01:05:57.104 INFO [main] org.apache.catalina.startup.HostConfig.deployDirectory Deploying web application directory [/Users/motocycopath/Desktop/java-full-stack-training/00-microservices-00/apache-tomcat-9.0.116/webapps/examples]
01-Apr-2026 01:05:57.303 INFO [main] org.apache.catalina.startup.HostConfig.deployDirectory Deployment of web application directory [/Users/motocycopath/Desktop/java-full-stack-training/00-microservices-00/apache-tomcat-9.0.116/webapps/examples] has finished in [199] ms
01-Apr-2026 01:05:57.303 INFO [main] org.apache.catalina.startup.HostConfig.deployDirectory Deploying web application directory [/Users/motocycopath/Desktop/java-full-stack-training/00-microservices-00/apache-tomcat-9.0.116/webapps/ROOT]
01-Apr-2026 01:05:57.318 INFO [main] org.apache.catalina.startup.HostConfig.deployDirectory Deployment of web application directory [/Users/motocycopath/Desktop/java-full-stack-training/00-microservices-00/apache-tomcat-9.0.116/webapps/ROOT] has finished in [15] ms
01-Apr-2026 01:05:57.320 INFO [main] org.apache.catalina.startup.HostConfig.deployDirectory Deploying web application directory [/Users/motocycopath/Desktop/java-full-stack-training/00-microservices-00/apache-tomcat-9.0.116/webapps/host-manager]
01-Apr-2026 01:05:57.344 INFO [main] org.apache.catalina.startup.HostConfig.deployDirectory Deployment of web application directory [/Users/motocycopath/Desktop/java-full-stack-training/00-microservices-00/apache-tomcat-9.0.116/webapps/host-manager] has finished in [25] ms
01-Apr-2026 01:05:57.346 INFO [main] org.apache.coyote.AbstractProtocol.start Starting ProtocolHandler ["http-nio-8080"]
01-Apr-2026 01:05:57.355 INFO [main] org.apache.catalina.startup.Catalina.start Server startup in [5485] milliseconds
01-Apr-2026 01:05:59.519 INFO [http-nio-8080-exec-1] org.hibernate.hql.internal.QueryTranslatorFactoryInitiator.initiateService HHH000397: Using ASTQueryTranslatorFactory
01-Apr-2026 01:47:20.056 INFO [main] org.apache.catalina.core.StandardServer.await A valid shutdown command was received via the shutdown port. Stopping the Server instance.
01-Apr-2026 01:47:20.070 INFO [main] org.apache.coyote.AbstractProtocol.pause Pausing ProtocolHandler ["http-nio-8080"]
01-Apr-2026 01:47:20.080 INFO [main] org.apache.catalina.core.StandardService.stopInternal Stopping service [Catalina]
01-Apr-2026 01:47:20.163 INFO [main] org.springframework.orm.jpa.AbstractEntityManagerFactoryBean.destroy Closing JPA EntityManagerFactory for persistence unit 'default'
01-Apr-2026 01:47:20.173 WARNING [main] org.apache.catalina.loader.WebappClassLoaderBase.clearReferencesJdbc The web application [employee-service] registered the JDBC driver [com.mysql.cj.jdbc.Driver] but failed to unregister it when the web application was stopped. To prevent a memory leak, the JDBC Driver has been forcibly unregistered.
01-Apr-2026 01:47:20.175 WARNING [main] org.apache.catalina.loader.WebappClassLoaderBase.clearReferencesThreads The web application [employee-service] appears to have started a thread named [mysql-cj-abandoned-connection-cleanup] but has failed to stop it. This is very likely to create a memory leak. Stack trace of thread:
 java.lang.Object.wait(Native Method)
 java.lang.ref.ReferenceQueue.remove(ReferenceQueue.java:144)
 com.mysql.cj.jdbc.AbandonedConnectionCleanupThread.run(AbandonedConnectionCleanupThread.java:91)
 java.util.concurrent.ThreadPoolExecutor.runWorker(ThreadPoolExecutor.java:1149)
 java.util.concurrent.ThreadPoolExecutor$Worker.run(ThreadPoolExecutor.java:624)
 java.lang.Thread.run(Thread.java:750)
01-Apr-2026 01:47:20.215 INFO [main] org.apache.coyote.AbstractProtocol.stop Stopping ProtocolHandler ["http-nio-8080"]
01-Apr-2026 01:47:20.237 INFO [main] org.apache.coyote.AbstractProtocol.destroy Destroying ProtocolHandler ["http-nio-8080"]
01-Apr-2026 01:47:27.159 INFO [main] org.apache.catalina.startup.VersionLoggerListener.log Server version name:   Apache Tomcat/9.0.116
01-Apr-2026 01:47:27.163 INFO [main] org.apache.catalina.startup.VersionLoggerListener.log Server built:          Mar 16 2026 15:05:42 UTC
01-Apr-2026 01:47:27.163 INFO [main] org.apache.catalina.startup.VersionLoggerListener.log Server version number: 9.0.116.0
01-Apr-2026 01:47:27.164 INFO [main] org.apache.catalina.startup.VersionLoggerListener.log OS Name:               Mac OS X
01-Apr-2026 01:47:27.164 INFO [main] org.apache.catalina.startup.VersionLoggerListener.log OS Version:            15.5
01-Apr-2026 01:47:27.164 INFO [main] org.apache.catalina.startup.VersionLoggerListener.log Architecture:          x86_64
01-Apr-2026 01:47:27.164 INFO [main] org.apache.catalina.startup.VersionLoggerListener.log Java Home:             /Library/Java/JavaVirtualMachines/temurin-8.jdk/Contents/Home/jre
01-Apr-2026 01:47:27.164 INFO [main] org.apache.catalina.startup.VersionLoggerListener.log JVM Version:           1.8.0_482-b08
01-Apr-2026 01:47:27.164 INFO [main] org.apache.catalina.startup.VersionLoggerListener.log JVM Vendor:            Temurin
01-Apr-2026 01:47:27.164 INFO [main] org.apache.catalina.startup.VersionLoggerListener.log CATALINA_BASE:         /Users/motocycopath/Desktop/java-full-stack-training/00-microservices-00/apache-tomcat-9.0.116
01-Apr-2026 01:47:27.164 INFO [main] org.apache.catalina.startup.VersionLoggerListener.log CATALINA_HOME:         /Users/motocycopath/Desktop/java-full-stack-training/00-microservices-00/apache-tomcat-9.0.116
01-Apr-2026 01:47:27.167 INFO [main] org.apache.catalina.startup.VersionLoggerListener.log Command line argument: -Djava.util.logging.config.file=/Users/motocycopath/Desktop/java-full-stack-training/00-microservices-00/apache-tomcat-9.0.116/conf/logging.properties
01-Apr-2026 01:47:27.168 INFO [main] org.apache.catalina.startup.VersionLoggerListener.log Command line argument: -Djava.util.logging.manager=org.apache.juli.ClassLoaderLogManager
01-Apr-2026 01:47:27.168 INFO [main] org.apache.catalina.startup.VersionLoggerListener.log Command line argument: -Djdk.tls.ephemeralDHKeySize=2048
01-Apr-2026 01:47:27.168 INFO [main] org.apache.catalina.startup.VersionLoggerListener.log Command line argument: -Djava.protocol.handler.pkgs=org.apache.catalina.webresources
01-Apr-2026 01:47:27.168 INFO [main] org.apache.catalina.startup.VersionLoggerListener.log Command line argument: -Dsun.io.useCanonCaches=false
01-Apr-2026 01:47:27.169 INFO [main] org.apache.catalina.startup.VersionLoggerListener.log Command line argument: -Dorg.apache.catalina.security.SecurityListener.UMASK=0027
01-Apr-2026 01:47:27.169 INFO [main] org.apache.catalina.startup.VersionLoggerListener.log Command line argument: -Dignore.endorsed.dirs=
01-Apr-2026 01:47:27.170 INFO [main] org.apache.catalina.startup.VersionLoggerListener.log Command line argument: -Dcatalina.base=/Users/motocycopath/Desktop/java-full-stack-training/00-microservices-00/apache-tomcat-9.0.116
01-Apr-2026 01:47:27.170 INFO [main] org.apache.catalina.startup.VersionLoggerListener.log Command line argument: -Dcatalina.home=/Users/motocycopath/Desktop/java-full-stack-training/00-microservices-00/apache-tomcat-9.0.116
01-Apr-2026 01:47:27.170 INFO [main] org.apache.catalina.startup.VersionLoggerListener.log Command line argument: -Djava.io.tmpdir=/Users/motocycopath/Desktop/java-full-stack-training/00-microservices-00/apache-tomcat-9.0.116/temp
01-Apr-2026 01:47:27.173 INFO [main] org.apache.catalina.core.AprLifecycleListener.lifecycleEvent The Apache Tomcat Native library which allows using OpenSSL was not found on the java.library.path: [/Users/motocycopath/Library/Java/Extensions:/Library/Java/Extensions:/Network/Library/Java/Extensions:/System/Library/Java/Extensions:/usr/lib/java:.]
01-Apr-2026 01:47:27.663 INFO [main] org.apache.coyote.AbstractProtocol.init Initializing ProtocolHandler ["http-nio-8080"]
01-Apr-2026 01:47:27.703 INFO [main] org.apache.catalina.startup.Catalina.load Server initialization in [713] milliseconds
01-Apr-2026 01:47:27.799 INFO [main] org.apache.catalina.core.StandardService.startInternal Starting service [Catalina]
01-Apr-2026 01:47:27.800 INFO [main] org.apache.catalina.core.StandardEngine.startInternal Starting Servlet engine: [Apache Tomcat/9.0.116]
01-Apr-2026 01:47:27.806 INFO [main] org.apache.catalina.startup.HostConfig.deployDirectory Deploying web application directory [/Users/motocycopath/Desktop/java-full-stack-training/00-microservices-00/apache-tomcat-9.0.116/webapps/employee-service]
01-Apr-2026 01:47:29.482 INFO [main] org.apache.jasper.servlet.TldScanner.scanJars At least one JAR was scanned for TLDs yet contained no TLDs. Enable debug logging for this logger for a complete list of JARs that were scanned but no TLDs were found in them. Skipping unneeded JARs during scanning can improve startup time and JSP compilation time.
01-Apr-2026 01:47:29.518 INFO [main] org.springframework.web.context.ContextLoader.initWebApplicationContext Root WebApplicationContext: initialization started
01-Apr-2026 01:47:30.065 INFO [main] org.springframework.data.repository.config.RepositoryConfigurationDelegate.registerRepositoriesIn Bootstrapping Spring Data JPA repositories in DEFAULT mode.
01-Apr-2026 01:47:30.203 INFO [main] org.springframework.data.repository.config.RepositoryConfigurationDelegate.registerRepositoriesIn Finished Spring Data repository scanning in 112 ms. Found 1 JPA repository interfaces.
01-Apr-2026 01:47:30.205 INFO [main] org.springframework.data.repository.config.RepositoryConfigurationDelegate.registerRepositoriesIn Bootstrapping Spring Data JPA repositories in DEFAULT mode.
01-Apr-2026 01:47:30.213 INFO [main] org.springframework.data.repository.config.RepositoryConfigurationDelegate.registerRepositoriesIn Finished Spring Data repository scanning in 7 ms. Found 1 JPA repository interfaces.
01-Apr-2026 01:47:30.572 INFO [main] org.hibernate.jpa.internal.util.LogHelper.logPersistenceUnitInformation HHH000204: Processing PersistenceUnitInfo [
	name: default
	...]
01-Apr-2026 01:47:30.642 INFO [main] org.hibernate.Version.logVersion HHH000412: Hibernate Core {5.2.8.Final}
01-Apr-2026 01:47:30.643 INFO [main] org.hibernate.cfg.Environment.<clinit> HHH000206: hibernate.properties not found
01-Apr-2026 01:47:30.679 INFO [main] org.hibernate.annotations.common.reflection.java.JavaReflectionManager.<clinit> HCANN000001: Hibernate Commons Annotations {5.0.1.Final}
01-Apr-2026 01:47:31.256 INFO [main] org.hibernate.dialect.Dialect.<init> HHH000400: Using dialect: org.hibernate.dialect.MySQLDialect
01-Apr-2026 01:47:31.961 INFO [main] org.springframework.orm.jpa.AbstractEntityManagerFactoryBean.buildNativeEntityManagerFactory Initialized JPA EntityManagerFactory for persistence unit 'default'
01-Apr-2026 01:47:32.543 WARNING [main] org.springframework.context.support.AbstractApplicationContext.refresh Exception encountered during context initialization - cancelling refresh attempt: org.springframework.beans.factory.UnsatisfiedDependencyException: Error creating bean with name 'employeeServiceImpl': Unsatisfied dependency expressed through field 'employeeDAOWrapper'; nested exception is org.springframework.beans.factory.UnsatisfiedDependencyException: Error creating bean with name 'employeeDAOWrapper': Unsatisfied dependency expressed through field 'employeeDAO'; nested exception is org.springframework.beans.factory.BeanCreationException: Error creating bean with name 'employeeDAO' defined in com.microservices.learn.dao.EmployeeDAO defined in : Invocation of init method failed; nested exception is org.springframework.data.repository.query.QueryCreationException: Could not create query for public abstract java.lang.Integer com.microservices.learn.dao.EmployeeDAO.updateEmployeeSalaryByName(java.lang.Double,java.lang.String); Reason: Failed to create query for method public abstract java.lang.Integer com.microservices.learn.dao.EmployeeDAO.updateEmployeeSalaryByName(java.lang.Double,java.lang.String)! No property 'updateEmployeeSalaryByName' found for type 'EmployeeEntity'; nested exception is java.lang.IllegalArgumentException: Failed to create query for method public abstract java.lang.Integer com.microservices.learn.dao.EmployeeDAO.updateEmployeeSalaryByName(java.lang.Double,java.lang.String)! No property 'updateEmployeeSalaryByName' found for type 'EmployeeEntity'
01-Apr-2026 01:47:32.544 INFO [main] org.springframework.orm.jpa.AbstractEntityManagerFactoryBean.destroy Closing JPA EntityManagerFactory for persistence unit 'default'
01-Apr-2026 01:47:32.548 SEVERE [main] org.springframework.web.context.ContextLoader.initWebApplicationContext Context initialization failed
	org.springframework.beans.factory.UnsatisfiedDependencyException: Error creating bean with name 'employeeServiceImpl': Unsatisfied dependency expressed through field 'employeeDAOWrapper'; nested exception is org.springframework.beans.factory.UnsatisfiedDependencyException: Error creating bean with name 'employeeDAOWrapper': Unsatisfied dependency expressed through field 'employeeDAO'; nested exception is org.springframework.beans.factory.BeanCreationException: Error creating bean with name 'employeeDAO' defined in com.microservices.learn.dao.EmployeeDAO defined in : Invocation of init method failed; nested exception is org.springframework.data.repository.query.QueryCreationException: Could not create query for public abstract java.lang.Integer com.microservices.learn.dao.EmployeeDAO.updateEmployeeSalaryByName(java.lang.Double,java.lang.String); Reason: Failed to create query for method public abstract java.lang.Integer com.microservices.learn.dao.EmployeeDAO.updateEmployeeSalaryByName(java.lang.Double,java.lang.String)! No property 'updateEmployeeSalaryByName' found for type 'EmployeeEntity'; nested exception is java.lang.IllegalArgumentException: Failed to create query for method public abstract java.lang.Integer com.microservices.learn.dao.EmployeeDAO.updateEmployeeSalaryByName(java.lang.Double,java.lang.String)! No property 'updateEmployeeSalaryByName' found for type 'EmployeeEntity'
		at org.springframework.beans.factory.annotation.AutowiredAnnotationBeanPostProcessor$AutowiredFieldElement.resolveFieldValue(AutowiredAnnotationBeanPostProcessor.java:659)
		at org.springframework.beans.factory.annotation.AutowiredAnnotationBeanPostProcessor$AutowiredFieldElement.inject(AutowiredAnnotationBeanPostProcessor.java:639)
		at org.springframework.beans.factory.annotation.InjectionMetadata.inject(InjectionMetadata.java:119)
		at org.springframework.beans.factory.annotation.AutowiredAnnotationBeanPostProcessor.postProcessProperties(AutowiredAnnotationBeanPostProcessor.java:399)
		at org.springframework.beans.factory.support.AbstractAutowireCapableBeanFactory.populateBean(AbstractAutowireCapableBeanFactory.java:1431)
		at org.springframework.beans.factory.support.AbstractAutowireCapableBeanFactory.doCreateBean(AbstractAutowireCapableBeanFactory.java:619)
		at org.springframework.beans.factory.support.AbstractAutowireCapableBeanFactory.createBean(AbstractAutowireCapableBeanFactory.java:542)
		at org.springframework.beans.factory.support.AbstractBeanFactory.lambda$doGetBean$0(AbstractBeanFactory.java:335)
		at org.springframework.beans.factory.support.DefaultSingletonBeanRegistry.getSingleton(DefaultSingletonBeanRegistry.java:234)
		at org.springframework.beans.factory.support.AbstractBeanFactory.doGetBean(AbstractBeanFactory.java:333)
		at org.springframework.beans.factory.support.AbstractBeanFactory.getBean(AbstractBeanFactory.java:208)
		at org.springframework.beans.factory.support.DefaultListableBeanFactory.preInstantiateSingletons(DefaultListableBeanFactory.java:955)
		at org.springframework.context.support.AbstractApplicationContext.finishBeanFactoryInitialization(AbstractApplicationContext.java:918)
		at org.springframework.context.support.AbstractApplicationContext.refresh(AbstractApplicationContext.java:583)
		at org.springframework.web.context.ContextLoader.configureAndRefreshWebApplicationContext(ContextLoader.java:401)
		at org.springframework.web.context.ContextLoader.initWebApplicationContext(ContextLoader.java:292)
		at org.springframework.web.context.ContextLoaderListener.contextInitialized(ContextLoaderListener.java:103)
		at org.apache.catalina.core.StandardContext.listenerStart(StandardContext.java:4047)
		at org.apache.catalina.core.StandardContext.startInternal(StandardContext.java:4489)
		at org.apache.catalina.util.LifecycleBase.start(LifecycleBase.java:164)
		at org.apache.catalina.core.ContainerBase.addChildInternal(ContainerBase.java:597)
		at org.apache.catalina.core.ContainerBase.addChild(ContainerBase.java:569)
		at org.apache.catalina.core.StandardHost.addChild(StandardHost.java:608)
		at org.apache.catalina.startup.HostConfig.deployDirectory(HostConfig.java:1171)
		at org.apache.catalina.startup.HostConfig$DeployDirectory.run(HostConfig.java:1880)
		at java.util.concurrent.Executors$RunnableAdapter.call(Executors.java:511)
		at java.util.concurrent.FutureTask.run(FutureTask.java:266)
		at org.apache.tomcat.util.threads.InlineExecutorService.execute(InlineExecutorService.java:82)
		at java.util.concurrent.AbstractExecutorService.submit(AbstractExecutorService.java:112)
		at org.apache.catalina.startup.HostConfig.deployDirectories(HostConfig.java:1082)
		at org.apache.catalina.startup.HostConfig.deployApps(HostConfig.java:467)
		at org.apache.catalina.startup.HostConfig.start(HostConfig.java:1576)
		at org.apache.catalina.startup.HostConfig.lifecycleEvent(HostConfig.java:309)
		at org.apache.catalina.util.LifecycleBase.fireLifecycleEvent(LifecycleBase.java:109)
		at org.apache.catalina.util.LifecycleBase.setStateInternal(LifecycleBase.java:389)
		at org.apache.catalina.util.LifecycleBase.setState(LifecycleBase.java:336)
		at org.apache.catalina.core.ContainerBase.startInternal(ContainerBase.java:774)
		at org.apache.catalina.core.StandardHost.startInternal(StandardHost.java:726)
		at org.apache.catalina.util.LifecycleBase.start(LifecycleBase.java:164)
		at org.apache.catalina.core.ContainerBase$StartChild.call(ContainerBase.java:1201)
		at org.apache.catalina.core.ContainerBase$StartChild.call(ContainerBase.java:1191)
		at java.util.concurrent.FutureTask.run(FutureTask.java:266)
		at org.apache.tomcat.util.threads.InlineExecutorService.execute(InlineExecutorService.java:82)
		at java.util.concurrent.AbstractExecutorService.submit(AbstractExecutorService.java:134)
		at org.apache.catalina.core.ContainerBase.startInternal(ContainerBase.java:747)
		at org.apache.catalina.core.StandardEngine.startInternal(StandardEngine.java:209)
		at org.apache.catalina.util.LifecycleBase.start(LifecycleBase.java:164)
		at org.apache.catalina.core.StandardService.startInternal(StandardService.java:410)
		at org.apache.catalina.util.LifecycleBase.start(LifecycleBase.java:164)
		at org.apache.catalina.core.StandardServer.startInternal(StandardServer.java:872)
		at org.apache.catalina.util.LifecycleBase.start(LifecycleBase.java:164)
		at org.apache.catalina.startup.Catalina.start(Catalina.java:736)
		at sun.reflect.NativeMethodAccessorImpl.invoke0(Native Method)
		at sun.reflect.NativeMethodAccessorImpl.invoke(NativeMethodAccessorImpl.java:62)
		at sun.reflect.DelegatingMethodAccessorImpl.invoke(DelegatingMethodAccessorImpl.java:43)
		at java.lang.reflect.Method.invoke(Method.java:498)
		at org.apache.catalina.startup.Bootstrap.start(Bootstrap.java:342)
		at org.apache.catalina.startup.Bootstrap.main(Bootstrap.java:473)
	Caused by: org.springframework.beans.factory.UnsatisfiedDependencyException: Error creating bean with name 'employeeDAOWrapper': Unsatisfied dependency expressed through field 'employeeDAO'; nested exception is org.springframework.beans.factory.BeanCreationException: Error creating bean with name 'employeeDAO' defined in com.microservices.learn.dao.EmployeeDAO defined in : Invocation of init method failed; nested exception is org.springframework.data.repository.query.QueryCreationException: Could not create query for public abstract java.lang.Integer com.microservices.learn.dao.EmployeeDAO.updateEmployeeSalaryByName(java.lang.Double,java.lang.String); Reason: Failed to create query for method public abstract java.lang.Integer com.microservices.learn.dao.EmployeeDAO.updateEmployeeSalaryByName(java.lang.Double,java.lang.String)! No property 'updateEmployeeSalaryByName' found for type 'EmployeeEntity'; nested exception is java.lang.IllegalArgumentException: Failed to create query for method public abstract java.lang.Integer com.microservices.learn.dao.EmployeeDAO.updateEmployeeSalaryByName(java.lang.Double,java.lang.String)! No property 'updateEmployeeSalaryByName' found for type 'EmployeeEntity'
		at org.springframework.beans.factory.annotation.AutowiredAnnotationBeanPostProcessor$AutowiredFieldElement.resolveFieldValue(AutowiredAnnotationBeanPostProcessor.java:659)
		at org.springframework.beans.factory.annotation.AutowiredAnnotationBeanPostProcessor$AutowiredFieldElement.inject(AutowiredAnnotationBeanPostProcessor.java:639)
		at org.springframework.beans.factory.annotation.InjectionMetadata.inject(InjectionMetadata.java:119)
		at org.springframework.beans.factory.annotation.AutowiredAnnotationBeanPostProcessor.postProcessProperties(AutowiredAnnotationBeanPostProcessor.java:399)
		at org.springframework.beans.factory.support.AbstractAutowireCapableBeanFactory.populateBean(AbstractAutowireCapableBeanFactory.java:1431)
		at org.springframework.beans.factory.support.AbstractAutowireCapableBeanFactory.doCreateBean(AbstractAutowireCapableBeanFactory.java:619)
		at org.springframework.beans.factory.support.AbstractAutowireCapableBeanFactory.createBean(AbstractAutowireCapableBeanFactory.java:542)
		at org.springframework.beans.factory.support.AbstractBeanFactory.lambda$doGetBean$0(AbstractBeanFactory.java:335)
		at org.springframework.beans.factory.support.DefaultSingletonBeanRegistry.getSingleton(DefaultSingletonBeanRegistry.java:234)
		at org.springframework.beans.factory.support.AbstractBeanFactory.doGetBean(AbstractBeanFactory.java:333)
		at org.springframework.beans.factory.support.AbstractBeanFactory.getBean(AbstractBeanFactory.java:208)
		at org.springframework.beans.factory.config.DependencyDescriptor.resolveCandidate(DependencyDescriptor.java:276)
		at org.springframework.beans.factory.support.DefaultListableBeanFactory.doResolveDependency(DefaultListableBeanFactory.java:1391)
		at org.springframework.beans.factory.support.DefaultListableBeanFactory.resolveDependency(DefaultListableBeanFactory.java:1311)
		at org.springframework.beans.factory.annotation.AutowiredAnnotationBeanPostProcessor$AutowiredFieldElement.resolveFieldValue(AutowiredAnnotationBeanPostProcessor.java:656)
		... 57 more
	Caused by: org.springframework.beans.factory.BeanCreationException: Error creating bean with name 'employeeDAO' defined in com.microservices.learn.dao.EmployeeDAO defined in : Invocation of init method failed; nested exception is org.springframework.data.repository.query.QueryCreationException: Could not create query for public abstract java.lang.Integer com.microservices.learn.dao.EmployeeDAO.updateEmployeeSalaryByName(java.lang.Double,java.lang.String); Reason: Failed to create query for method public abstract java.lang.Integer com.microservices.learn.dao.EmployeeDAO.updateEmployeeSalaryByName(java.lang.Double,java.lang.String)! No property 'updateEmployeeSalaryByName' found for type 'EmployeeEntity'; nested exception is java.lang.IllegalArgumentException: Failed to create query for method public abstract java.lang.Integer com.microservices.learn.dao.EmployeeDAO.updateEmployeeSalaryByName(java.lang.Double,java.lang.String)! No property 'updateEmployeeSalaryByName' found for type 'EmployeeEntity'
		at org.springframework.beans.factory.support.AbstractAutowireCapableBeanFactory.initializeBean(AbstractAutowireCapableBeanFactory.java:1804)
		at org.springframework.beans.factory.support.AbstractAutowireCapableBeanFactory.doCreateBean(AbstractAutowireCapableBeanFactory.java:620)
		at org.springframework.beans.factory.support.AbstractAutowireCapableBeanFactory.createBean(AbstractAutowireCapableBeanFactory.java:542)
		at org.springframework.beans.factory.support.AbstractBeanFactory.lambda$doGetBean$0(AbstractBeanFactory.java:335)
		at org.springframework.beans.factory.support.DefaultSingletonBeanRegistry.getSingleton(DefaultSingletonBeanRegistry.java:234)
		at org.springframework.beans.factory.support.AbstractBeanFactory.doGetBean(AbstractBeanFactory.java:333)
		at org.springframework.beans.factory.support.AbstractBeanFactory.getBean(AbstractBeanFactory.java:208)
		at org.springframework.beans.factory.config.DependencyDescriptor.resolveCandidate(DependencyDescriptor.java:276)
		at org.springframework.beans.factory.support.DefaultListableBeanFactory.doResolveDependency(DefaultListableBeanFactory.java:1391)
		at org.springframework.beans.factory.support.DefaultListableBeanFactory.resolveDependency(DefaultListableBeanFactory.java:1311)
		at org.springframework.beans.factory.annotation.AutowiredAnnotationBeanPostProcessor$AutowiredFieldElement.resolveFieldValue(AutowiredAnnotationBeanPostProcessor.java:656)
		... 71 more
	Caused by: org.springframework.data.repository.query.QueryCreationException: Could not create query for public abstract java.lang.Integer com.microservices.learn.dao.EmployeeDAO.updateEmployeeSalaryByName(java.lang.Double,java.lang.String); Reason: Failed to create query for method public abstract java.lang.Integer com.microservices.learn.dao.EmployeeDAO.updateEmployeeSalaryByName(java.lang.Double,java.lang.String)! No property 'updateEmployeeSalaryByName' found for type 'EmployeeEntity'; nested exception is java.lang.IllegalArgumentException: Failed to create query for method public abstract java.lang.Integer com.microservices.learn.dao.EmployeeDAO.updateEmployeeSalaryByName(java.lang.Double,java.lang.String)! No property 'updateEmployeeSalaryByName' found for type 'EmployeeEntity'
		at org.springframework.data.repository.query.QueryCreationException.create(QueryCreationException.java:101)
		at org.springframework.data.repository.core.support.QueryExecutorMethodInterceptor.lookupQuery(QueryExecutorMethodInterceptor.java:107)
		at org.springframework.data.repository.core.support.QueryExecutorMethodInterceptor.lambda$mapMethodsToQuery$1(QueryExecutorMethodInterceptor.java:95)
		at java.util.stream.ReferencePipeline$3$1.accept(ReferencePipeline.java:193)
		at java.util.Iterator.forEachRemaining(Iterator.java:116)
		at java.util.Collections$UnmodifiableCollection$1.forEachRemaining(Collections.java:1051)
		at java.util.Spliterators$IteratorSpliterator.forEachRemaining(Spliterators.java:1801)
		at java.util.stream.AbstractPipeline.copyInto(AbstractPipeline.java:482)
		at java.util.stream.AbstractPipeline.wrapAndCopyInto(AbstractPipeline.java:472)
		at java.util.stream.ReduceOps$ReduceOp.evaluateSequential(ReduceOps.java:708)
		at java.util.stream.AbstractPipeline.evaluate(AbstractPipeline.java:234)
		at java.util.stream.ReferencePipeline.collect(ReferencePipeline.java:566)
		at org.springframework.data.repository.core.support.QueryExecutorMethodInterceptor.mapMethodsToQuery(QueryExecutorMethodInterceptor.java:97)
		at org.springframework.data.repository.core.support.QueryExecutorMethodInterceptor.lambda$new$0(QueryExecutorMethodInterceptor.java:87)
		at java.util.Optional.map(Optional.java:215)
		at org.springframework.data.repository.core.support.QueryExecutorMethodInterceptor.<init>(QueryExecutorMethodInterceptor.java:87)
		at org.springframework.data.repository.core.support.RepositoryFactorySupport.getRepository(RepositoryFactorySupport.java:365)
		at org.springframework.data.repository.core.support.RepositoryFactoryBeanSupport.lambda$afterPropertiesSet$5(RepositoryFactoryBeanSupport.java:323)
		at org.springframework.data.util.Lazy.getNullable(Lazy.java:231)
		at org.springframework.data.util.Lazy.get(Lazy.java:115)
		at org.springframework.data.repository.core.support.RepositoryFactoryBeanSupport.afterPropertiesSet(RepositoryFactoryBeanSupport.java:329)
		at org.springframework.data.jpa.repository.support.JpaRepositoryFactoryBean.afterPropertiesSet(JpaRepositoryFactoryBean.java:144)
		at org.springframework.beans.factory.support.AbstractAutowireCapableBeanFactory.invokeInitMethods(AbstractAutowireCapableBeanFactory.java:1863)
		at org.springframework.beans.factory.support.AbstractAutowireCapableBeanFactory.initializeBean(AbstractAutowireCapableBeanFactory.java:1800)
		... 81 more
	Caused by: java.lang.IllegalArgumentException: Failed to create query for method public abstract java.lang.Integer com.microservices.learn.dao.EmployeeDAO.updateEmployeeSalaryByName(java.lang.Double,java.lang.String)! No property 'updateEmployeeSalaryByName' found for type 'EmployeeEntity'
		at org.springframework.data.jpa.repository.query.PartTreeJpaQuery.<init>(PartTreeJpaQuery.java:96)
		at org.springframework.data.jpa.repository.query.JpaQueryLookupStrategy$CreateQueryLookupStrategy.resolveQuery(JpaQueryLookupStrategy.java:119)
		at org.springframework.data.jpa.repository.query.JpaQueryLookupStrategy$CreateIfNotFoundQueryLookupStrategy.resolveQuery(JpaQueryLookupStrategy.java:259)
		at org.springframework.data.jpa.repository.query.JpaQueryLookupStrategy$AbstractQueryLookupStrategy.resolveQuery(JpaQueryLookupStrategy.java:93)
		at org.springframework.data.repository.core.support.QueryExecutorMethodInterceptor.lookupQuery(QueryExecutorMethodInterceptor.java:103)
		... 103 more
	Caused by: org.springframework.data.mapping.PropertyReferenceException: No property 'updateEmployeeSalaryByName' found for type 'EmployeeEntity'
		at org.springframework.data.mapping.PropertyPath.<init>(PropertyPath.java:91)
		at org.springframework.data.mapping.PropertyPath.create(PropertyPath.java:438)
		at org.springframework.data.mapping.PropertyPath.create(PropertyPath.java:414)
		at org.springframework.data.mapping.PropertyPath.lambda$from$0(PropertyPath.java:367)
		at java.util.concurrent.ConcurrentMap.computeIfAbsent(ConcurrentMap.java:324)
		at org.springframework.data.mapping.PropertyPath.from(PropertyPath.java:349)
		at org.springframework.data.mapping.PropertyPath.from(PropertyPath.java:332)
		at org.springframework.data.repository.query.parser.Part.<init>(Part.java:81)
		at org.springframework.data.repository.query.parser.PartTree$OrPart.lambda$new$0(PartTree.java:250)
		at java.util.stream.ReferencePipeline$3$1.accept(ReferencePipeline.java:193)
		at java.util.stream.ReferencePipeline$2$1.accept(ReferencePipeline.java:175)
		at java.util.Spliterators$ArraySpliterator.forEachRemaining(Spliterators.java:948)
		at java.util.stream.AbstractPipeline.copyInto(AbstractPipeline.java:482)
		at java.util.stream.AbstractPipeline.wrapAndCopyInto(AbstractPipeline.java:472)
		at java.util.stream.ReduceOps$ReduceOp.evaluateSequential(ReduceOps.java:708)
		at java.util.stream.AbstractPipeline.evaluate(AbstractPipeline.java:234)
		at java.util.stream.ReferencePipeline.collect(ReferencePipeline.java:566)
		at org.springframework.data.repository.query.parser.PartTree$OrPart.<init>(PartTree.java:251)
		at org.springframework.data.repository.query.parser.PartTree$Predicate.lambda$new$0(PartTree.java:384)
		at java.util.stream.ReferencePipeline$3$1.accept(ReferencePipeline.java:193)
		at java.util.stream.ReferencePipeline$2$1.accept(ReferencePipeline.java:175)
		at java.util.Spliterators$ArraySpliterator.forEachRemaining(Spliterators.java:948)
		at java.util.stream.AbstractPipeline.copyInto(AbstractPipeline.java:482)
		at java.util.stream.AbstractPipeline.wrapAndCopyInto(AbstractPipeline.java:472)
		at java.util.stream.ReduceOps$ReduceOp.evaluateSequential(ReduceOps.java:708)
		at java.util.stream.AbstractPipeline.evaluate(AbstractPipeline.java:234)
		at java.util.stream.ReferencePipeline.collect(ReferencePipeline.java:566)
		at org.springframework.data.repository.query.parser.PartTree$Predicate.<init>(PartTree.java:385)
		at org.springframework.data.repository.query.parser.PartTree.<init>(PartTree.java:93)
		at org.springframework.data.jpa.repository.query.PartTreeJpaQuery.<init>(PartTreeJpaQuery.java:89)
		... 107 more
01-Apr-2026 01:47:32.560 SEVERE [main] org.apache.catalina.core.StandardContext.startInternal One or more listeners failed to start. Full details will be found in the appropriate container log file
01-Apr-2026 01:47:32.582 SEVERE [main] org.apache.catalina.core.StandardContext.startInternal Context [/employee-service] startup failed due to previous errors
01-Apr-2026 01:47:32.606 WARNING [main] org.apache.catalina.loader.WebappClassLoaderBase.clearReferencesJdbc The web application [employee-service] registered the JDBC driver [com.mysql.cj.jdbc.Driver] but failed to unregister it when the web application was stopped. To prevent a memory leak, the JDBC Driver has been forcibly unregistered.
01-Apr-2026 01:47:32.608 WARNING [main] org.apache.catalina.loader.WebappClassLoaderBase.clearReferencesThreads The web application [employee-service] appears to have started a thread named [mysql-cj-abandoned-connection-cleanup] but has failed to stop it. This is very likely to create a memory leak. Stack trace of thread:
 java.lang.Object.wait(Native Method)
 java.lang.ref.ReferenceQueue.remove(ReferenceQueue.java:144)
 com.mysql.cj.jdbc.AbandonedConnectionCleanupThread.run(AbandonedConnectionCleanupThread.java:91)
 java.util.concurrent.ThreadPoolExecutor.runWorker(ThreadPoolExecutor.java:1149)
 java.util.concurrent.ThreadPoolExecutor$Worker.run(ThreadPoolExecutor.java:624)
 java.lang.Thread.run(Thread.java:750)
01-Apr-2026 01:47:32.621 INFO [main] org.apache.catalina.startup.HostConfig.deployDirectory Deployment of web application directory [/Users/motocycopath/Desktop/java-full-stack-training/00-microservices-00/apache-tomcat-9.0.116/webapps/employee-service] has finished in [4,813] ms
01-Apr-2026 01:47:32.622 INFO [main] org.apache.catalina.startup.HostConfig.deployDirectory Deploying web application directory [/Users/motocycopath/Desktop/java-full-stack-training/00-microservices-00/apache-tomcat-9.0.116/webapps/docs]
01-Apr-2026 01:47:32.751 INFO [main] org.apache.catalina.startup.HostConfig.deployDirectory Deployment of web application directory [/Users/motocycopath/Desktop/java-full-stack-training/00-microservices-00/apache-tomcat-9.0.116/webapps/docs] has finished in [128] ms
01-Apr-2026 01:47:32.751 INFO [main] org.apache.catalina.startup.HostConfig.deployDirectory Deploying web application directory [/Users/motocycopath/Desktop/java-full-stack-training/00-microservices-00/apache-tomcat-9.0.116/webapps/manager]
01-Apr-2026 01:47:32.796 INFO [main] org.apache.catalina.startup.HostConfig.deployDirectory Deployment of web application directory [/Users/motocycopath/Desktop/java-full-stack-training/00-microservices-00/apache-tomcat-9.0.116/webapps/manager] has finished in [45] ms
01-Apr-2026 01:47:32.796 INFO [main] org.apache.catalina.startup.HostConfig.deployDirectory Deploying web application directory [/Users/motocycopath/Desktop/java-full-stack-training/00-microservices-00/apache-tomcat-9.0.116/webapps/examples]
01-Apr-2026 01:47:33.124 INFO [main] org.apache.catalina.startup.HostConfig.deployDirectory Deployment of web application directory [/Users/motocycopath/Desktop/java-full-stack-training/00-microservices-00/apache-tomcat-9.0.116/webapps/examples] has finished in [327] ms
01-Apr-2026 01:47:33.127 INFO [main] org.apache.catalina.startup.HostConfig.deployDirectory Deploying web application directory [/Users/motocycopath/Desktop/java-full-stack-training/00-microservices-00/apache-tomcat-9.0.116/webapps/ROOT]
01-Apr-2026 01:47:33.146 INFO [main] org.apache.catalina.startup.HostConfig.deployDirectory Deployment of web application directory [/Users/motocycopath/Desktop/java-full-stack-training/00-microservices-00/apache-tomcat-9.0.116/webapps/ROOT] has finished in [20] ms
01-Apr-2026 01:47:33.146 INFO [main] org.apache.catalina.startup.HostConfig.deployDirectory Deploying web application directory [/Users/motocycopath/Desktop/java-full-stack-training/00-microservices-00/apache-tomcat-9.0.116/webapps/host-manager]
01-Apr-2026 01:47:33.174 INFO [main] org.apache.catalina.startup.HostConfig.deployDirectory Deployment of web application directory [/Users/motocycopath/Desktop/java-full-stack-training/00-microservices-00/apache-tomcat-9.0.116/webapps/host-manager] has finished in [28] ms
01-Apr-2026 01:47:33.178 INFO [main] org.apache.coyote.AbstractProtocol.start Starting ProtocolHandler ["http-nio-8080"]
01-Apr-2026 01:47:33.191 INFO [main] org.apache.catalina.startup.Catalina.start Server startup in [5487] milliseconds
01-Apr-2026 01:47:35.463 INFO [mysql-cj-abandoned-connection-cleanup] org.apache.catalina.loader.WebappClassLoaderBase.checkStateForResourceLoading Illegal access: this web application instance has been stopped already. Could not load []. The following stack trace is thrown for debugging purposes as well as to attempt to terminate the thread which caused the illegal access.
	java.lang.IllegalStateException: Illegal access: this web application instance has been stopped already. Could not load []. The following stack trace is thrown for debugging purposes as well as to attempt to terminate the thread which caused the illegal access.
		at org.apache.catalina.loader.WebappClassLoaderBase.checkStateForResourceLoading(WebappClassLoaderBase.java:1370)
		at org.apache.catalina.loader.WebappClassLoaderBase.getResource(WebappClassLoaderBase.java:994)
		at com.mysql.cj.jdbc.AbandonedConnectionCleanupThread.checkThreadContextClassLoader(AbandonedConnectionCleanupThread.java:123)
		at com.mysql.cj.jdbc.AbandonedConnectionCleanupThread.run(AbandonedConnectionCleanupThread.java:90)
		at java.util.concurrent.ThreadPoolExecutor.runWorker(ThreadPoolExecutor.java:1149)
		at java.util.concurrent.ThreadPoolExecutor$Worker.run(ThreadPoolExecutor.java:624)
		at java.lang.Thread.run(Thread.java:750)
01-Apr-2026 01:48:23.546 INFO [main] org.apache.catalina.core.StandardServer.await A valid shutdown command was received via the shutdown port. Stopping the Server instance.
01-Apr-2026 01:48:23.553 INFO [main] org.apache.coyote.AbstractProtocol.pause Pausing ProtocolHandler ["http-nio-8080"]
01-Apr-2026 01:48:23.564 INFO [main] org.apache.catalina.core.StandardService.stopInternal Stopping service [Catalina]
01-Apr-2026 01:48:23.601 INFO [main] org.apache.coyote.AbstractProtocol.stop Stopping ProtocolHandler ["http-nio-8080"]
01-Apr-2026 01:48:23.616 INFO [main] org.apache.coyote.AbstractProtocol.destroy Destroying ProtocolHandler ["http-nio-8080"]
01-Apr-2026 01:48:30.449 INFO [main] org.apache.catalina.startup.VersionLoggerListener.log Server version name:   Apache Tomcat/9.0.116
01-Apr-2026 01:48:30.455 INFO [main] org.apache.catalina.startup.VersionLoggerListener.log Server built:          Mar 16 2026 15:05:42 UTC
01-Apr-2026 01:48:30.455 INFO [main] org.apache.catalina.startup.VersionLoggerListener.log Server version number: 9.0.116.0
01-Apr-2026 01:48:30.455 INFO [main] org.apache.catalina.startup.VersionLoggerListener.log OS Name:               Mac OS X
01-Apr-2026 01:48:30.455 INFO [main] org.apache.catalina.startup.VersionLoggerListener.log OS Version:            15.5
01-Apr-2026 01:48:30.455 INFO [main] org.apache.catalina.startup.VersionLoggerListener.log Architecture:          x86_64
01-Apr-2026 01:48:30.455 INFO [main] org.apache.catalina.startup.VersionLoggerListener.log Java Home:             /Library/Java/JavaVirtualMachines/temurin-8.jdk/Contents/Home/jre
01-Apr-2026 01:48:30.455 INFO [main] org.apache.catalina.startup.VersionLoggerListener.log JVM Version:           1.8.0_482-b08
01-Apr-2026 01:48:30.455 INFO [main] org.apache.catalina.startup.VersionLoggerListener.log JVM Vendor:            Temurin
01-Apr-2026 01:48:30.455 INFO [main] org.apache.catalina.startup.VersionLoggerListener.log CATALINA_BASE:         /Users/motocycopath/Desktop/java-full-stack-training/00-microservices-00/apache-tomcat-9.0.116
01-Apr-2026 01:48:30.456 INFO [main] org.apache.catalina.startup.VersionLoggerListener.log CATALINA_HOME:         /Users/motocycopath/Desktop/java-full-stack-training/00-microservices-00/apache-tomcat-9.0.116
01-Apr-2026 01:48:30.459 INFO [main] org.apache.catalina.startup.VersionLoggerListener.log Command line argument: -Djava.util.logging.config.file=/Users/motocycopath/Desktop/java-full-stack-training/00-microservices-00/apache-tomcat-9.0.116/conf/logging.properties
01-Apr-2026 01:48:30.459 INFO [main] org.apache.catalina.startup.VersionLoggerListener.log Command line argument: -Djava.util.logging.manager=org.apache.juli.ClassLoaderLogManager
01-Apr-2026 01:48:30.459 INFO [main] org.apache.catalina.startup.VersionLoggerListener.log Command line argument: -Djdk.tls.ephemeralDHKeySize=2048
01-Apr-2026 01:48:30.459 INFO [main] org.apache.catalina.startup.VersionLoggerListener.log Command line argument: -Djava.protocol.handler.pkgs=org.apache.catalina.webresources
01-Apr-2026 01:48:30.459 INFO [main] org.apache.catalina.startup.VersionLoggerListener.log Command line argument: -Dsun.io.useCanonCaches=false
01-Apr-2026 01:48:30.459 INFO [main] org.apache.catalina.startup.VersionLoggerListener.log Command line argument: -Dorg.apache.catalina.security.SecurityListener.UMASK=0027
01-Apr-2026 01:48:30.460 INFO [main] org.apache.catalina.startup.VersionLoggerListener.log Command line argument: -Dignore.endorsed.dirs=
01-Apr-2026 01:48:30.460 INFO [main] org.apache.catalina.startup.VersionLoggerListener.log Command line argument: -Dcatalina.base=/Users/motocycopath/Desktop/java-full-stack-training/00-microservices-00/apache-tomcat-9.0.116
01-Apr-2026 01:48:30.460 INFO [main] org.apache.catalina.startup.VersionLoggerListener.log Command line argument: -Dcatalina.home=/Users/motocycopath/Desktop/java-full-stack-training/00-microservices-00/apache-tomcat-9.0.116
01-Apr-2026 01:48:30.460 INFO [main] org.apache.catalina.startup.VersionLoggerListener.log Command line argument: -Djava.io.tmpdir=/Users/motocycopath/Desktop/java-full-stack-training/00-microservices-00/apache-tomcat-9.0.116/temp
01-Apr-2026 01:48:30.462 INFO [main] org.apache.catalina.core.AprLifecycleListener.lifecycleEvent The Apache Tomcat Native library which allows using OpenSSL was not found on the java.library.path: [/Users/motocycopath/Library/Java/Extensions:/Library/Java/Extensions:/Network/Library/Java/Extensions:/System/Library/Java/Extensions:/usr/lib/java:.]
01-Apr-2026 01:48:30.884 INFO [main] org.apache.coyote.AbstractProtocol.init Initializing ProtocolHandler ["http-nio-8080"]
01-Apr-2026 01:48:30.921 INFO [main] org.apache.catalina.startup.Catalina.load Server initialization in [634] milliseconds
01-Apr-2026 01:48:31.009 INFO [main] org.apache.catalina.core.StandardService.startInternal Starting service [Catalina]
01-Apr-2026 01:48:31.009 INFO [main] org.apache.catalina.core.StandardEngine.startInternal Starting Servlet engine: [Apache Tomcat/9.0.116]
01-Apr-2026 01:48:31.015 INFO [main] org.apache.catalina.startup.HostConfig.deployDirectory Deploying web application directory [/Users/motocycopath/Desktop/java-full-stack-training/00-microservices-00/apache-tomcat-9.0.116/webapps/employee-service]
01-Apr-2026 01:48:32.557 INFO [main] org.apache.jasper.servlet.TldScanner.scanJars At least one JAR was scanned for TLDs yet contained no TLDs. Enable debug logging for this logger for a complete list of JARs that were scanned but no TLDs were found in them. Skipping unneeded JARs during scanning can improve startup time and JSP compilation time.
01-Apr-2026 01:48:32.592 INFO [main] org.springframework.web.context.ContextLoader.initWebApplicationContext Root WebApplicationContext: initialization started
01-Apr-2026 01:48:33.073 INFO [main] org.springframework.data.repository.config.RepositoryConfigurationDelegate.registerRepositoriesIn Bootstrapping Spring Data JPA repositories in DEFAULT mode.
01-Apr-2026 01:48:33.194 INFO [main] org.springframework.data.repository.config.RepositoryConfigurationDelegate.registerRepositoriesIn Finished Spring Data repository scanning in 105 ms. Found 1 JPA repository interfaces.
01-Apr-2026 01:48:33.196 INFO [main] org.springframework.data.repository.config.RepositoryConfigurationDelegate.registerRepositoriesIn Bootstrapping Spring Data JPA repositories in DEFAULT mode.
01-Apr-2026 01:48:33.202 INFO [main] org.springframework.data.repository.config.RepositoryConfigurationDelegate.registerRepositoriesIn Finished Spring Data repository scanning in 6 ms. Found 1 JPA repository interfaces.
01-Apr-2026 01:48:33.551 INFO [main] org.hibernate.jpa.internal.util.LogHelper.logPersistenceUnitInformation HHH000204: Processing PersistenceUnitInfo [
	name: default
	...]
01-Apr-2026 01:48:33.626 INFO [main] org.hibernate.Version.logVersion HHH000412: Hibernate Core {5.2.8.Final}
01-Apr-2026 01:48:33.628 INFO [main] org.hibernate.cfg.Environment.<clinit> HHH000206: hibernate.properties not found
01-Apr-2026 01:48:33.667 INFO [main] org.hibernate.annotations.common.reflection.java.JavaReflectionManager.<clinit> HCANN000001: Hibernate Commons Annotations {5.0.1.Final}
01-Apr-2026 01:48:34.161 INFO [main] org.hibernate.dialect.Dialect.<init> HHH000400: Using dialect: org.hibernate.dialect.MySQLDialect
01-Apr-2026 01:48:34.795 INFO [main] org.springframework.orm.jpa.AbstractEntityManagerFactoryBean.buildNativeEntityManagerFactory Initialized JPA EntityManagerFactory for persistence unit 'default'
01-Apr-2026 01:48:35.365 WARNING [main] org.springframework.context.support.AbstractApplicationContext.refresh Exception encountered during context initialization - cancelling refresh attempt: org.springframework.beans.factory.UnsatisfiedDependencyException: Error creating bean with name 'employeeServiceImpl': Unsatisfied dependency expressed through field 'employeeDAOWrapper'; nested exception is org.springframework.beans.factory.UnsatisfiedDependencyException: Error creating bean with name 'employeeDAOWrapper': Unsatisfied dependency expressed through field 'employeeDAO'; nested exception is org.springframework.beans.factory.BeanCreationException: Error creating bean with name 'employeeDAO' defined in com.microservices.learn.dao.EmployeeDAO defined in : Invocation of init method failed; nested exception is org.springframework.data.repository.query.QueryCreationException: Could not create query for public abstract java.lang.Integer com.microservices.learn.dao.EmployeeDAO.updateEmployeeSalaryByName(java.lang.Double,java.lang.String); Reason: Failed to create query for method public abstract java.lang.Integer com.microservices.learn.dao.EmployeeDAO.updateEmployeeSalaryByName(java.lang.Double,java.lang.String)! No property 'updateEmployeeSalaryByName' found for type 'EmployeeEntity'; nested exception is java.lang.IllegalArgumentException: Failed to create query for method public abstract java.lang.Integer com.microservices.learn.dao.EmployeeDAO.updateEmployeeSalaryByName(java.lang.Double,java.lang.String)! No property 'updateEmployeeSalaryByName' found for type 'EmployeeEntity'
01-Apr-2026 01:48:35.367 INFO [main] org.springframework.orm.jpa.AbstractEntityManagerFactoryBean.destroy Closing JPA EntityManagerFactory for persistence unit 'default'
01-Apr-2026 01:48:35.369 SEVERE [main] org.springframework.web.context.ContextLoader.initWebApplicationContext Context initialization failed
	org.springframework.beans.factory.UnsatisfiedDependencyException: Error creating bean with name 'employeeServiceImpl': Unsatisfied dependency expressed through field 'employeeDAOWrapper'; nested exception is org.springframework.beans.factory.UnsatisfiedDependencyException: Error creating bean with name 'employeeDAOWrapper': Unsatisfied dependency expressed through field 'employeeDAO'; nested exception is org.springframework.beans.factory.BeanCreationException: Error creating bean with name 'employeeDAO' defined in com.microservices.learn.dao.EmployeeDAO defined in : Invocation of init method failed; nested exception is org.springframework.data.repository.query.QueryCreationException: Could not create query for public abstract java.lang.Integer com.microservices.learn.dao.EmployeeDAO.updateEmployeeSalaryByName(java.lang.Double,java.lang.String); Reason: Failed to create query for method public abstract java.lang.Integer com.microservices.learn.dao.EmployeeDAO.updateEmployeeSalaryByName(java.lang.Double,java.lang.String)! No property 'updateEmployeeSalaryByName' found for type 'EmployeeEntity'; nested exception is java.lang.IllegalArgumentException: Failed to create query for method public abstract java.lang.Integer com.microservices.learn.dao.EmployeeDAO.updateEmployeeSalaryByName(java.lang.Double,java.lang.String)! No property 'updateEmployeeSalaryByName' found for type 'EmployeeEntity'
		at org.springframework.beans.factory.annotation.AutowiredAnnotationBeanPostProcessor$AutowiredFieldElement.resolveFieldValue(AutowiredAnnotationBeanPostProcessor.java:659)
		at org.springframework.beans.factory.annotation.AutowiredAnnotationBeanPostProcessor$AutowiredFieldElement.inject(AutowiredAnnotationBeanPostProcessor.java:639)
		at org.springframework.beans.factory.annotation.InjectionMetadata.inject(InjectionMetadata.java:119)
		at org.springframework.beans.factory.annotation.AutowiredAnnotationBeanPostProcessor.postProcessProperties(AutowiredAnnotationBeanPostProcessor.java:399)
		at org.springframework.beans.factory.support.AbstractAutowireCapableBeanFactory.populateBean(AbstractAutowireCapableBeanFactory.java:1431)
		at org.springframework.beans.factory.support.AbstractAutowireCapableBeanFactory.doCreateBean(AbstractAutowireCapableBeanFactory.java:619)
		at org.springframework.beans.factory.support.AbstractAutowireCapableBeanFactory.createBean(AbstractAutowireCapableBeanFactory.java:542)
		at org.springframework.beans.factory.support.AbstractBeanFactory.lambda$doGetBean$0(AbstractBeanFactory.java:335)
		at org.springframework.beans.factory.support.DefaultSingletonBeanRegistry.getSingleton(DefaultSingletonBeanRegistry.java:234)
		at org.springframework.beans.factory.support.AbstractBeanFactory.doGetBean(AbstractBeanFactory.java:333)
		at org.springframework.beans.factory.support.AbstractBeanFactory.getBean(AbstractBeanFactory.java:208)
		at org.springframework.beans.factory.support.DefaultListableBeanFactory.preInstantiateSingletons(DefaultListableBeanFactory.java:955)
		at org.springframework.context.support.AbstractApplicationContext.finishBeanFactoryInitialization(AbstractApplicationContext.java:918)
		at org.springframework.context.support.AbstractApplicationContext.refresh(AbstractApplicationContext.java:583)
		at org.springframework.web.context.ContextLoader.configureAndRefreshWebApplicationContext(ContextLoader.java:401)
		at org.springframework.web.context.ContextLoader.initWebApplicationContext(ContextLoader.java:292)
		at org.springframework.web.context.ContextLoaderListener.contextInitialized(ContextLoaderListener.java:103)
		at org.apache.catalina.core.StandardContext.listenerStart(StandardContext.java:4047)
		at org.apache.catalina.core.StandardContext.startInternal(StandardContext.java:4489)
		at org.apache.catalina.util.LifecycleBase.start(LifecycleBase.java:164)
		at org.apache.catalina.core.ContainerBase.addChildInternal(ContainerBase.java:597)
		at org.apache.catalina.core.ContainerBase.addChild(ContainerBase.java:569)
		at org.apache.catalina.core.StandardHost.addChild(StandardHost.java:608)
		at org.apache.catalina.startup.HostConfig.deployDirectory(HostConfig.java:1171)
		at org.apache.catalina.startup.HostConfig$DeployDirectory.run(HostConfig.java:1880)
		at java.util.concurrent.Executors$RunnableAdapter.call(Executors.java:511)
		at java.util.concurrent.FutureTask.run(FutureTask.java:266)
		at org.apache.tomcat.util.threads.InlineExecutorService.execute(InlineExecutorService.java:82)
		at java.util.concurrent.AbstractExecutorService.submit(AbstractExecutorService.java:112)
		at org.apache.catalina.startup.HostConfig.deployDirectories(HostConfig.java:1082)
		at org.apache.catalina.startup.HostConfig.deployApps(HostConfig.java:467)
		at org.apache.catalina.startup.HostConfig.start(HostConfig.java:1576)
		at org.apache.catalina.startup.HostConfig.lifecycleEvent(HostConfig.java:309)
		at org.apache.catalina.util.LifecycleBase.fireLifecycleEvent(LifecycleBase.java:109)
		at org.apache.catalina.util.LifecycleBase.setStateInternal(LifecycleBase.java:389)
		at org.apache.catalina.util.LifecycleBase.setState(LifecycleBase.java:336)
		at org.apache.catalina.core.ContainerBase.startInternal(ContainerBase.java:774)
		at org.apache.catalina.core.StandardHost.startInternal(StandardHost.java:726)
		at org.apache.catalina.util.LifecycleBase.start(LifecycleBase.java:164)
		at org.apache.catalina.core.ContainerBase$StartChild.call(ContainerBase.java:1201)
		at org.apache.catalina.core.ContainerBase$StartChild.call(ContainerBase.java:1191)
		at java.util.concurrent.FutureTask.run(FutureTask.java:266)
		at org.apache.tomcat.util.threads.InlineExecutorService.execute(InlineExecutorService.java:82)
		at java.util.concurrent.AbstractExecutorService.submit(AbstractExecutorService.java:134)
		at org.apache.catalina.core.ContainerBase.startInternal(ContainerBase.java:747)
		at org.apache.catalina.core.StandardEngine.startInternal(StandardEngine.java:209)
		at org.apache.catalina.util.LifecycleBase.start(LifecycleBase.java:164)
		at org.apache.catalina.core.StandardService.startInternal(StandardService.java:410)
		at org.apache.catalina.util.LifecycleBase.start(LifecycleBase.java:164)
		at org.apache.catalina.core.StandardServer.startInternal(StandardServer.java:872)
		at org.apache.catalina.util.LifecycleBase.start(LifecycleBase.java:164)
		at org.apache.catalina.startup.Catalina.start(Catalina.java:736)
		at sun.reflect.NativeMethodAccessorImpl.invoke0(Native Method)
		at sun.reflect.NativeMethodAccessorImpl.invoke(NativeMethodAccessorImpl.java:62)
		at sun.reflect.DelegatingMethodAccessorImpl.invoke(DelegatingMethodAccessorImpl.java:43)
		at java.lang.reflect.Method.invoke(Method.java:498)
		at org.apache.catalina.startup.Bootstrap.start(Bootstrap.java:342)
		at org.apache.catalina.startup.Bootstrap.main(Bootstrap.java:473)
	Caused by: org.springframework.beans.factory.UnsatisfiedDependencyException: Error creating bean with name 'employeeDAOWrapper': Unsatisfied dependency expressed through field 'employeeDAO'; nested exception is org.springframework.beans.factory.BeanCreationException: Error creating bean with name 'employeeDAO' defined in com.microservices.learn.dao.EmployeeDAO defined in : Invocation of init method failed; nested exception is org.springframework.data.repository.query.QueryCreationException: Could not create query for public abstract java.lang.Integer com.microservices.learn.dao.EmployeeDAO.updateEmployeeSalaryByName(java.lang.Double,java.lang.String); Reason: Failed to create query for method public abstract java.lang.Integer com.microservices.learn.dao.EmployeeDAO.updateEmployeeSalaryByName(java.lang.Double,java.lang.String)! No property 'updateEmployeeSalaryByName' found for type 'EmployeeEntity'; nested exception is java.lang.IllegalArgumentException: Failed to create query for method public abstract java.lang.Integer com.microservices.learn.dao.EmployeeDAO.updateEmployeeSalaryByName(java.lang.Double,java.lang.String)! No property 'updateEmployeeSalaryByName' found for type 'EmployeeEntity'
		at org.springframework.beans.factory.annotation.AutowiredAnnotationBeanPostProcessor$AutowiredFieldElement.resolveFieldValue(AutowiredAnnotationBeanPostProcessor.java:659)
		at org.springframework.beans.factory.annotation.AutowiredAnnotationBeanPostProcessor$AutowiredFieldElement.inject(AutowiredAnnotationBeanPostProcessor.java:639)
		at org.springframework.beans.factory.annotation.InjectionMetadata.inject(InjectionMetadata.java:119)
		at org.springframework.beans.factory.annotation.AutowiredAnnotationBeanPostProcessor.postProcessProperties(AutowiredAnnotationBeanPostProcessor.java:399)
		at org.springframework.beans.factory.support.AbstractAutowireCapableBeanFactory.populateBean(AbstractAutowireCapableBeanFactory.java:1431)
		at org.springframework.beans.factory.support.AbstractAutowireCapableBeanFactory.doCreateBean(AbstractAutowireCapableBeanFactory.java:619)
		at org.springframework.beans.factory.support.AbstractAutowireCapableBeanFactory.createBean(AbstractAutowireCapableBeanFactory.java:542)
		at org.springframework.beans.factory.support.AbstractBeanFactory.lambda$doGetBean$0(AbstractBeanFactory.java:335)
		at org.springframework.beans.factory.support.DefaultSingletonBeanRegistry.getSingleton(DefaultSingletonBeanRegistry.java:234)
		at org.springframework.beans.factory.support.AbstractBeanFactory.doGetBean(AbstractBeanFactory.java:333)
		at org.springframework.beans.factory.support.AbstractBeanFactory.getBean(AbstractBeanFactory.java:208)
		at org.springframework.beans.factory.config.DependencyDescriptor.resolveCandidate(DependencyDescriptor.java:276)
		at org.springframework.beans.factory.support.DefaultListableBeanFactory.doResolveDependency(DefaultListableBeanFactory.java:1391)
		at org.springframework.beans.factory.support.DefaultListableBeanFactory.resolveDependency(DefaultListableBeanFactory.java:1311)
		at org.springframework.beans.factory.annotation.AutowiredAnnotationBeanPostProcessor$AutowiredFieldElement.resolveFieldValue(AutowiredAnnotationBeanPostProcessor.java:656)
		... 57 more
	Caused by: org.springframework.beans.factory.BeanCreationException: Error creating bean with name 'employeeDAO' defined in com.microservices.learn.dao.EmployeeDAO defined in : Invocation of init method failed; nested exception is org.springframework.data.repository.query.QueryCreationException: Could not create query for public abstract java.lang.Integer com.microservices.learn.dao.EmployeeDAO.updateEmployeeSalaryByName(java.lang.Double,java.lang.String); Reason: Failed to create query for method public abstract java.lang.Integer com.microservices.learn.dao.EmployeeDAO.updateEmployeeSalaryByName(java.lang.Double,java.lang.String)! No property 'updateEmployeeSalaryByName' found for type 'EmployeeEntity'; nested exception is java.lang.IllegalArgumentException: Failed to create query for method public abstract java.lang.Integer com.microservices.learn.dao.EmployeeDAO.updateEmployeeSalaryByName(java.lang.Double,java.lang.String)! No property 'updateEmployeeSalaryByName' found for type 'EmployeeEntity'
		at org.springframework.beans.factory.support.AbstractAutowireCapableBeanFactory.initializeBean(AbstractAutowireCapableBeanFactory.java:1804)
		at org.springframework.beans.factory.support.AbstractAutowireCapableBeanFactory.doCreateBean(AbstractAutowireCapableBeanFactory.java:620)
		at org.springframework.beans.factory.support.AbstractAutowireCapableBeanFactory.createBean(AbstractAutowireCapableBeanFactory.java:542)
		at org.springframework.beans.factory.support.AbstractBeanFactory.lambda$doGetBean$0(AbstractBeanFactory.java:335)
		at org.springframework.beans.factory.support.DefaultSingletonBeanRegistry.getSingleton(DefaultSingletonBeanRegistry.java:234)
		at org.springframework.beans.factory.support.AbstractBeanFactory.doGetBean(AbstractBeanFactory.java:333)
		at org.springframework.beans.factory.support.AbstractBeanFactory.getBean(AbstractBeanFactory.java:208)
		at org.springframework.beans.factory.config.DependencyDescriptor.resolveCandidate(DependencyDescriptor.java:276)
		at org.springframework.beans.factory.support.DefaultListableBeanFactory.doResolveDependency(DefaultListableBeanFactory.java:1391)
		at org.springframework.beans.factory.support.DefaultListableBeanFactory.resolveDependency(DefaultListableBeanFactory.java:1311)
		at org.springframework.beans.factory.annotation.AutowiredAnnotationBeanPostProcessor$AutowiredFieldElement.resolveFieldValue(AutowiredAnnotationBeanPostProcessor.java:656)
		... 71 more
	Caused by: org.springframework.data.repository.query.QueryCreationException: Could not create query for public abstract java.lang.Integer com.microservices.learn.dao.EmployeeDAO.updateEmployeeSalaryByName(java.lang.Double,java.lang.String); Reason: Failed to create query for method public abstract java.lang.Integer com.microservices.learn.dao.EmployeeDAO.updateEmployeeSalaryByName(java.lang.Double,java.lang.String)! No property 'updateEmployeeSalaryByName' found for type 'EmployeeEntity'; nested exception is java.lang.IllegalArgumentException: Failed to create query for method public abstract java.lang.Integer com.microservices.learn.dao.EmployeeDAO.updateEmployeeSalaryByName(java.lang.Double,java.lang.String)! No property 'updateEmployeeSalaryByName' found for type 'EmployeeEntity'
		at org.springframework.data.repository.query.QueryCreationException.create(QueryCreationException.java:101)
		at org.springframework.data.repository.core.support.QueryExecutorMethodInterceptor.lookupQuery(QueryExecutorMethodInterceptor.java:107)
		at org.springframework.data.repository.core.support.QueryExecutorMethodInterceptor.lambda$mapMethodsToQuery$1(QueryExecutorMethodInterceptor.java:95)
		at java.util.stream.ReferencePipeline$3$1.accept(ReferencePipeline.java:193)
		at java.util.Iterator.forEachRemaining(Iterator.java:116)
		at java.util.Collections$UnmodifiableCollection$1.forEachRemaining(Collections.java:1051)
		at java.util.Spliterators$IteratorSpliterator.forEachRemaining(Spliterators.java:1801)
		at java.util.stream.AbstractPipeline.copyInto(AbstractPipeline.java:482)
		at java.util.stream.AbstractPipeline.wrapAndCopyInto(AbstractPipeline.java:472)
		at java.util.stream.ReduceOps$ReduceOp.evaluateSequential(ReduceOps.java:708)
		at java.util.stream.AbstractPipeline.evaluate(AbstractPipeline.java:234)
		at java.util.stream.ReferencePipeline.collect(ReferencePipeline.java:566)
		at org.springframework.data.repository.core.support.QueryExecutorMethodInterceptor.mapMethodsToQuery(QueryExecutorMethodInterceptor.java:97)
		at org.springframework.data.repository.core.support.QueryExecutorMethodInterceptor.lambda$new$0(QueryExecutorMethodInterceptor.java:87)
		at java.util.Optional.map(Optional.java:215)
		at org.springframework.data.repository.core.support.QueryExecutorMethodInterceptor.<init>(QueryExecutorMethodInterceptor.java:87)
		at org.springframework.data.repository.core.support.RepositoryFactorySupport.getRepository(RepositoryFactorySupport.java:365)
		at org.springframework.data.repository.core.support.RepositoryFactoryBeanSupport.lambda$afterPropertiesSet$5(RepositoryFactoryBeanSupport.java:323)
		at org.springframework.data.util.Lazy.getNullable(Lazy.java:231)
		at org.springframework.data.util.Lazy.get(Lazy.java:115)
		at org.springframework.data.repository.core.support.RepositoryFactoryBeanSupport.afterPropertiesSet(RepositoryFactoryBeanSupport.java:329)
		at org.springframework.data.jpa.repository.support.JpaRepositoryFactoryBean.afterPropertiesSet(JpaRepositoryFactoryBean.java:144)
		at org.springframework.beans.factory.support.AbstractAutowireCapableBeanFactory.invokeInitMethods(AbstractAutowireCapableBeanFactory.java:1863)
		at org.springframework.beans.factory.support.AbstractAutowireCapableBeanFactory.initializeBean(AbstractAutowireCapableBeanFactory.java:1800)
		... 81 more
	Caused by: java.lang.IllegalArgumentException: Failed to create query for method public abstract java.lang.Integer com.microservices.learn.dao.EmployeeDAO.updateEmployeeSalaryByName(java.lang.Double,java.lang.String)! No property 'updateEmployeeSalaryByName' found for type 'EmployeeEntity'
		at org.springframework.data.jpa.repository.query.PartTreeJpaQuery.<init>(PartTreeJpaQuery.java:96)
		at org.springframework.data.jpa.repository.query.JpaQueryLookupStrategy$CreateQueryLookupStrategy.resolveQuery(JpaQueryLookupStrategy.java:119)
		at org.springframework.data.jpa.repository.query.JpaQueryLookupStrategy$CreateIfNotFoundQueryLookupStrategy.resolveQuery(JpaQueryLookupStrategy.java:259)
		at org.springframework.data.jpa.repository.query.JpaQueryLookupStrategy$AbstractQueryLookupStrategy.resolveQuery(JpaQueryLookupStrategy.java:93)
		at org.springframework.data.repository.core.support.QueryExecutorMethodInterceptor.lookupQuery(QueryExecutorMethodInterceptor.java:103)
		... 103 more
	Caused by: org.springframework.data.mapping.PropertyReferenceException: No property 'updateEmployeeSalaryByName' found for type 'EmployeeEntity'
		at org.springframework.data.mapping.PropertyPath.<init>(PropertyPath.java:91)
		at org.springframework.data.mapping.PropertyPath.create(PropertyPath.java:438)
		at org.springframework.data.mapping.PropertyPath.create(PropertyPath.java:414)
		at org.springframework.data.mapping.PropertyPath.lambda$from$0(PropertyPath.java:367)
		at java.util.concurrent.ConcurrentMap.computeIfAbsent(ConcurrentMap.java:324)
		at org.springframework.data.mapping.PropertyPath.from(PropertyPath.java:349)
		at org.springframework.data.mapping.PropertyPath.from(PropertyPath.java:332)
		at org.springframework.data.repository.query.parser.Part.<init>(Part.java:81)
		at org.springframework.data.repository.query.parser.PartTree$OrPart.lambda$new$0(PartTree.java:250)
		at java.util.stream.ReferencePipeline$3$1.accept(ReferencePipeline.java:193)
		at java.util.stream.ReferencePipeline$2$1.accept(ReferencePipeline.java:175)
		at java.util.Spliterators$ArraySpliterator.forEachRemaining(Spliterators.java:948)
		at java.util.stream.AbstractPipeline.copyInto(AbstractPipeline.java:482)
		at java.util.stream.AbstractPipeline.wrapAndCopyInto(AbstractPipeline.java:472)
		at java.util.stream.ReduceOps$ReduceOp.evaluateSequential(ReduceOps.java:708)
		at java.util.stream.AbstractPipeline.evaluate(AbstractPipeline.java:234)
		at java.util.stream.ReferencePipeline.collect(ReferencePipeline.java:566)
		at org.springframework.data.repository.query.parser.PartTree$OrPart.<init>(PartTree.java:251)
		at org.springframework.data.repository.query.parser.PartTree$Predicate.lambda$new$0(PartTree.java:384)
		at java.util.stream.ReferencePipeline$3$1.accept(ReferencePipeline.java:193)
		at java.util.stream.ReferencePipeline$2$1.accept(ReferencePipeline.java:175)
		at java.util.Spliterators$ArraySpliterator.forEachRemaining(Spliterators.java:948)
		at java.util.stream.AbstractPipeline.copyInto(AbstractPipeline.java:482)
		at java.util.stream.AbstractPipeline.wrapAndCopyInto(AbstractPipeline.java:472)
		at java.util.stream.ReduceOps$ReduceOp.evaluateSequential(ReduceOps.java:708)
		at java.util.stream.AbstractPipeline.evaluate(AbstractPipeline.java:234)
		at java.util.stream.ReferencePipeline.collect(ReferencePipeline.java:566)
		at org.springframework.data.repository.query.parser.PartTree$Predicate.<init>(PartTree.java:385)
		at org.springframework.data.repository.query.parser.PartTree.<init>(PartTree.java:93)
		at org.springframework.data.jpa.repository.query.PartTreeJpaQuery.<init>(PartTreeJpaQuery.java:89)
		... 107 more
01-Apr-2026 01:48:35.383 SEVERE [main] org.apache.catalina.core.StandardContext.startInternal One or more listeners failed to start. Full details will be found in the appropriate container log file
01-Apr-2026 01:48:35.399 SEVERE [main] org.apache.catalina.core.StandardContext.startInternal Context [/employee-service] startup failed due to previous errors
01-Apr-2026 01:48:35.414 WARNING [main] org.apache.catalina.loader.WebappClassLoaderBase.clearReferencesJdbc The web application [employee-service] registered the JDBC driver [com.mysql.cj.jdbc.Driver] but failed to unregister it when the web application was stopped. To prevent a memory leak, the JDBC Driver has been forcibly unregistered.
01-Apr-2026 01:48:35.416 WARNING [main] org.apache.catalina.loader.WebappClassLoaderBase.clearReferencesThreads The web application [employee-service] appears to have started a thread named [mysql-cj-abandoned-connection-cleanup] but has failed to stop it. This is very likely to create a memory leak. Stack trace of thread:
 java.lang.Object.wait(Native Method)
 java.lang.ref.ReferenceQueue.remove(ReferenceQueue.java:144)
 com.mysql.cj.jdbc.AbandonedConnectionCleanupThread.run(AbandonedConnectionCleanupThread.java:91)
 java.util.concurrent.ThreadPoolExecutor.runWorker(ThreadPoolExecutor.java:1149)
 java.util.concurrent.ThreadPoolExecutor$Worker.run(ThreadPoolExecutor.java:624)
 java.lang.Thread.run(Thread.java:750)
01-Apr-2026 01:48:35.422 INFO [main] org.apache.catalina.startup.HostConfig.deployDirectory Deployment of web application directory [/Users/motocycopath/Desktop/java-full-stack-training/00-microservices-00/apache-tomcat-9.0.116/webapps/employee-service] has finished in [4,407] ms
01-Apr-2026 01:48:35.423 INFO [main] org.apache.catalina.startup.HostConfig.deployDirectory Deploying web application directory [/Users/motocycopath/Desktop/java-full-stack-training/00-microservices-00/apache-tomcat-9.0.116/webapps/docs]
01-Apr-2026 01:48:35.506 INFO [main] org.apache.catalina.startup.HostConfig.deployDirectory Deployment of web application directory [/Users/motocycopath/Desktop/java-full-stack-training/00-microservices-00/apache-tomcat-9.0.116/webapps/docs] has finished in [82] ms
01-Apr-2026 01:48:35.507 INFO [main] org.apache.catalina.startup.HostConfig.deployDirectory Deploying web application directory [/Users/motocycopath/Desktop/java-full-stack-training/00-microservices-00/apache-tomcat-9.0.116/webapps/manager]
01-Apr-2026 01:48:35.543 INFO [main] org.apache.catalina.startup.HostConfig.deployDirectory Deployment of web application directory [/Users/motocycopath/Desktop/java-full-stack-training/00-microservices-00/apache-tomcat-9.0.116/webapps/manager] has finished in [36] ms
01-Apr-2026 01:48:35.544 INFO [main] org.apache.catalina.startup.HostConfig.deployDirectory Deploying web application directory [/Users/motocycopath/Desktop/java-full-stack-training/00-microservices-00/apache-tomcat-9.0.116/webapps/examples]
01-Apr-2026 01:48:35.860 INFO [main] org.apache.catalina.startup.HostConfig.deployDirectory Deployment of web application directory [/Users/motocycopath/Desktop/java-full-stack-training/00-microservices-00/apache-tomcat-9.0.116/webapps/examples] has finished in [316] ms
01-Apr-2026 01:48:35.860 INFO [main] org.apache.catalina.startup.HostConfig.deployDirectory Deploying web application directory [/Users/motocycopath/Desktop/java-full-stack-training/00-microservices-00/apache-tomcat-9.0.116/webapps/ROOT]
01-Apr-2026 01:48:35.881 INFO [main] org.apache.catalina.startup.HostConfig.deployDirectory Deployment of web application directory [/Users/motocycopath/Desktop/java-full-stack-training/00-microservices-00/apache-tomcat-9.0.116/webapps/ROOT] has finished in [21] ms
01-Apr-2026 01:48:35.882 INFO [main] org.apache.catalina.startup.HostConfig.deployDirectory Deploying web application directory [/Users/motocycopath/Desktop/java-full-stack-training/00-microservices-00/apache-tomcat-9.0.116/webapps/host-manager]
01-Apr-2026 01:48:35.912 INFO [main] org.apache.catalina.startup.HostConfig.deployDirectory Deployment of web application directory [/Users/motocycopath/Desktop/java-full-stack-training/00-microservices-00/apache-tomcat-9.0.116/webapps/host-manager] has finished in [30] ms
01-Apr-2026 01:48:35.916 INFO [main] org.apache.coyote.AbstractProtocol.start Starting ProtocolHandler ["http-nio-8080"]
01-Apr-2026 01:48:35.930 INFO [main] org.apache.catalina.startup.Catalina.start Server startup in [5009] milliseconds
01-Apr-2026 01:48:38.449 INFO [mysql-cj-abandoned-connection-cleanup] org.apache.catalina.loader.WebappClassLoaderBase.checkStateForResourceLoading Illegal access: this web application instance has been stopped already. Could not load []. The following stack trace is thrown for debugging purposes as well as to attempt to terminate the thread which caused the illegal access.
	java.lang.IllegalStateException: Illegal access: this web application instance has been stopped already. Could not load []. The following stack trace is thrown for debugging purposes as well as to attempt to terminate the thread which caused the illegal access.
		at org.apache.catalina.loader.WebappClassLoaderBase.checkStateForResourceLoading(WebappClassLoaderBase.java:1370)
		at org.apache.catalina.loader.WebappClassLoaderBase.getResource(WebappClassLoaderBase.java:994)
		at com.mysql.cj.jdbc.AbandonedConnectionCleanupThread.checkThreadContextClassLoader(AbandonedConnectionCleanupThread.java:123)
		at com.mysql.cj.jdbc.AbandonedConnectionCleanupThread.run(AbandonedConnectionCleanupThread.java:90)
		at java.util.concurrent.ThreadPoolExecutor.runWorker(ThreadPoolExecutor.java:1149)
		at java.util.concurrent.ThreadPoolExecutor$Worker.run(ThreadPoolExecutor.java:624)
		at java.lang.Thread.run(Thread.java:750)
01-Apr-2026 01:55:19.467 INFO [main] org.apache.catalina.core.StandardServer.await A valid shutdown command was received via the shutdown port. Stopping the Server instance.
01-Apr-2026 01:55:19.475 INFO [main] org.apache.coyote.AbstractProtocol.pause Pausing ProtocolHandler ["http-nio-8080"]
01-Apr-2026 01:55:19.488 INFO [main] org.apache.catalina.core.StandardService.stopInternal Stopping service [Catalina]
01-Apr-2026 01:55:19.527 INFO [main] org.apache.coyote.AbstractProtocol.stop Stopping ProtocolHandler ["http-nio-8080"]
01-Apr-2026 01:55:19.545 INFO [main] org.apache.coyote.AbstractProtocol.destroy Destroying ProtocolHandler ["http-nio-8080"]
01-Apr-2026 01:55:26.348 INFO [main] org.apache.catalina.startup.VersionLoggerListener.log Server version name:   Apache Tomcat/9.0.116
01-Apr-2026 01:55:26.354 INFO [main] org.apache.catalina.startup.VersionLoggerListener.log Server built:          Mar 16 2026 15:05:42 UTC
01-Apr-2026 01:55:26.354 INFO [main] org.apache.catalina.startup.VersionLoggerListener.log Server version number: 9.0.116.0
01-Apr-2026 01:55:26.354 INFO [main] org.apache.catalina.startup.VersionLoggerListener.log OS Name:               Mac OS X
01-Apr-2026 01:55:26.354 INFO [main] org.apache.catalina.startup.VersionLoggerListener.log OS Version:            15.5
01-Apr-2026 01:55:26.355 INFO [main] org.apache.catalina.startup.VersionLoggerListener.log Architecture:          x86_64
01-Apr-2026 01:55:26.355 INFO [main] org.apache.catalina.startup.VersionLoggerListener.log Java Home:             /Library/Java/JavaVirtualMachines/temurin-8.jdk/Contents/Home/jre
01-Apr-2026 01:55:26.355 INFO [main] org.apache.catalina.startup.VersionLoggerListener.log JVM Version:           1.8.0_482-b08
01-Apr-2026 01:55:26.355 INFO [main] org.apache.catalina.startup.VersionLoggerListener.log JVM Vendor:            Temurin
01-Apr-2026 01:55:26.355 INFO [main] org.apache.catalina.startup.VersionLoggerListener.log CATALINA_BASE:         /Users/motocycopath/Desktop/java-full-stack-training/00-microservices-00/apache-tomcat-9.0.116
01-Apr-2026 01:55:26.355 INFO [main] org.apache.catalina.startup.VersionLoggerListener.log CATALINA_HOME:         /Users/motocycopath/Desktop/java-full-stack-training/00-microservices-00/apache-tomcat-9.0.116
01-Apr-2026 01:55:26.358 INFO [main] org.apache.catalina.startup.VersionLoggerListener.log Command line argument: -Djava.util.logging.config.file=/Users/motocycopath/Desktop/java-full-stack-training/00-microservices-00/apache-tomcat-9.0.116/conf/logging.properties
01-Apr-2026 01:55:26.359 INFO [main] org.apache.catalina.startup.VersionLoggerListener.log Command line argument: -Djava.util.logging.manager=org.apache.juli.ClassLoaderLogManager
01-Apr-2026 01:55:26.359 INFO [main] org.apache.catalina.startup.VersionLoggerListener.log Command line argument: -Djdk.tls.ephemeralDHKeySize=2048
01-Apr-2026 01:55:26.359 INFO [main] org.apache.catalina.startup.VersionLoggerListener.log Command line argument: -Djava.protocol.handler.pkgs=org.apache.catalina.webresources
01-Apr-2026 01:55:26.359 INFO [main] org.apache.catalina.startup.VersionLoggerListener.log Command line argument: -Dsun.io.useCanonCaches=false
01-Apr-2026 01:55:26.359 INFO [main] org.apache.catalina.startup.VersionLoggerListener.log Command line argument: -Dorg.apache.catalina.security.SecurityListener.UMASK=0027
01-Apr-2026 01:55:26.359 INFO [main] org.apache.catalina.startup.VersionLoggerListener.log Command line argument: -Dignore.endorsed.dirs=
01-Apr-2026 01:55:26.359 INFO [main] org.apache.catalina.startup.VersionLoggerListener.log Command line argument: -Dcatalina.base=/Users/motocycopath/Desktop/java-full-stack-training/00-microservices-00/apache-tomcat-9.0.116
01-Apr-2026 01:55:26.359 INFO [main] org.apache.catalina.startup.VersionLoggerListener.log Command line argument: -Dcatalina.home=/Users/motocycopath/Desktop/java-full-stack-training/00-microservices-00/apache-tomcat-9.0.116
01-Apr-2026 01:55:26.359 INFO [main] org.apache.catalina.startup.VersionLoggerListener.log Command line argument: -Djava.io.tmpdir=/Users/motocycopath/Desktop/java-full-stack-training/00-microservices-00/apache-tomcat-9.0.116/temp
01-Apr-2026 01:55:26.361 INFO [main] org.apache.catalina.core.AprLifecycleListener.lifecycleEvent The Apache Tomcat Native library which allows using OpenSSL was not found on the java.library.path: [/Users/motocycopath/Library/Java/Extensions:/Library/Java/Extensions:/Network/Library/Java/Extensions:/System/Library/Java/Extensions:/usr/lib/java:.]
01-Apr-2026 01:55:26.785 INFO [main] org.apache.coyote.AbstractProtocol.init Initializing ProtocolHandler ["http-nio-8080"]
01-Apr-2026 01:55:26.830 INFO [main] org.apache.catalina.startup.Catalina.load Server initialization in [647] milliseconds
01-Apr-2026 01:55:26.924 INFO [main] org.apache.catalina.core.StandardService.startInternal Starting service [Catalina]
01-Apr-2026 01:55:26.925 INFO [main] org.apache.catalina.core.StandardEngine.startInternal Starting Servlet engine: [Apache Tomcat/9.0.116]
01-Apr-2026 01:55:26.930 INFO [main] org.apache.catalina.startup.HostConfig.deployDirectory Deploying web application directory [/Users/motocycopath/Desktop/java-full-stack-training/00-microservices-00/apache-tomcat-9.0.116/webapps/employee-service]
01-Apr-2026 01:55:28.502 INFO [main] org.apache.jasper.servlet.TldScanner.scanJars At least one JAR was scanned for TLDs yet contained no TLDs. Enable debug logging for this logger for a complete list of JARs that were scanned but no TLDs were found in them. Skipping unneeded JARs during scanning can improve startup time and JSP compilation time.
01-Apr-2026 01:55:28.535 INFO [main] org.springframework.web.context.ContextLoader.initWebApplicationContext Root WebApplicationContext: initialization started
01-Apr-2026 01:55:29.021 INFO [main] org.springframework.data.repository.config.RepositoryConfigurationDelegate.registerRepositoriesIn Bootstrapping Spring Data JPA repositories in DEFAULT mode.
01-Apr-2026 01:55:29.132 INFO [main] org.springframework.data.repository.config.RepositoryConfigurationDelegate.registerRepositoriesIn Finished Spring Data repository scanning in 95 ms. Found 1 JPA repository interfaces.
01-Apr-2026 01:55:29.133 INFO [main] org.springframework.data.repository.config.RepositoryConfigurationDelegate.registerRepositoriesIn Bootstrapping Spring Data JPA repositories in DEFAULT mode.
01-Apr-2026 01:55:29.141 INFO [main] org.springframework.data.repository.config.RepositoryConfigurationDelegate.registerRepositoriesIn Finished Spring Data repository scanning in 7 ms. Found 1 JPA repository interfaces.
01-Apr-2026 01:55:29.506 INFO [main] org.hibernate.jpa.internal.util.LogHelper.logPersistenceUnitInformation HHH000204: Processing PersistenceUnitInfo [
	name: default
	...]
01-Apr-2026 01:55:29.580 INFO [main] org.hibernate.Version.logVersion HHH000412: Hibernate Core {5.2.8.Final}
01-Apr-2026 01:55:29.585 INFO [main] org.hibernate.cfg.Environment.<clinit> HHH000206: hibernate.properties not found
01-Apr-2026 01:55:29.633 INFO [main] org.hibernate.annotations.common.reflection.java.JavaReflectionManager.<clinit> HCANN000001: Hibernate Commons Annotations {5.0.1.Final}
01-Apr-2026 01:55:30.164 INFO [main] org.hibernate.dialect.Dialect.<init> HHH000400: Using dialect: org.hibernate.dialect.MySQLDialect
01-Apr-2026 01:55:30.827 INFO [main] org.springframework.orm.jpa.AbstractEntityManagerFactoryBean.buildNativeEntityManagerFactory Initialized JPA EntityManagerFactory for persistence unit 'default'
01-Apr-2026 01:55:31.368 WARNING [main] org.springframework.context.support.AbstractApplicationContext.refresh Exception encountered during context initialization - cancelling refresh attempt: org.springframework.beans.factory.UnsatisfiedDependencyException: Error creating bean with name 'employeeServiceImpl': Unsatisfied dependency expressed through field 'employeeDAOWrapper'; nested exception is org.springframework.beans.factory.UnsatisfiedDependencyException: Error creating bean with name 'employeeDAOWrapper': Unsatisfied dependency expressed through field 'employeeDAO'; nested exception is org.springframework.beans.factory.BeanCreationException: Error creating bean with name 'employeeDAO' defined in com.microservices.learn.dao.EmployeeDAO defined in : Invocation of init method failed; nested exception is org.springframework.data.repository.query.QueryCreationException: Could not create query for public abstract java.lang.Integer com.microservices.learn.dao.EmployeeDAO.updateEmployeeSalaryByName(java.lang.Double,java.lang.String); Reason: Failed to create query for method public abstract java.lang.Integer com.microservices.learn.dao.EmployeeDAO.updateEmployeeSalaryByName(java.lang.Double,java.lang.String)! No property 'updateEmployeeSalaryByName' found for type 'EmployeeEntity'; nested exception is java.lang.IllegalArgumentException: Failed to create query for method public abstract java.lang.Integer com.microservices.learn.dao.EmployeeDAO.updateEmployeeSalaryByName(java.lang.Double,java.lang.String)! No property 'updateEmployeeSalaryByName' found for type 'EmployeeEntity'
01-Apr-2026 01:55:31.370 INFO [main] org.springframework.orm.jpa.AbstractEntityManagerFactoryBean.destroy Closing JPA EntityManagerFactory for persistence unit 'default'
01-Apr-2026 01:55:31.373 SEVERE [main] org.springframework.web.context.ContextLoader.initWebApplicationContext Context initialization failed
	org.springframework.beans.factory.UnsatisfiedDependencyException: Error creating bean with name 'employeeServiceImpl': Unsatisfied dependency expressed through field 'employeeDAOWrapper'; nested exception is org.springframework.beans.factory.UnsatisfiedDependencyException: Error creating bean with name 'employeeDAOWrapper': Unsatisfied dependency expressed through field 'employeeDAO'; nested exception is org.springframework.beans.factory.BeanCreationException: Error creating bean with name 'employeeDAO' defined in com.microservices.learn.dao.EmployeeDAO defined in : Invocation of init method failed; nested exception is org.springframework.data.repository.query.QueryCreationException: Could not create query for public abstract java.lang.Integer com.microservices.learn.dao.EmployeeDAO.updateEmployeeSalaryByName(java.lang.Double,java.lang.String); Reason: Failed to create query for method public abstract java.lang.Integer com.microservices.learn.dao.EmployeeDAO.updateEmployeeSalaryByName(java.lang.Double,java.lang.String)! No property 'updateEmployeeSalaryByName' found for type 'EmployeeEntity'; nested exception is java.lang.IllegalArgumentException: Failed to create query for method public abstract java.lang.Integer com.microservices.learn.dao.EmployeeDAO.updateEmployeeSalaryByName(java.lang.Double,java.lang.String)! No property 'updateEmployeeSalaryByName' found for type 'EmployeeEntity'
		at org.springframework.beans.factory.annotation.AutowiredAnnotationBeanPostProcessor$AutowiredFieldElement.resolveFieldValue(AutowiredAnnotationBeanPostProcessor.java:659)
		at org.springframework.beans.factory.annotation.AutowiredAnnotationBeanPostProcessor$AutowiredFieldElement.inject(AutowiredAnnotationBeanPostProcessor.java:639)
		at org.springframework.beans.factory.annotation.InjectionMetadata.inject(InjectionMetadata.java:119)
		at org.springframework.beans.factory.annotation.AutowiredAnnotationBeanPostProcessor.postProcessProperties(AutowiredAnnotationBeanPostProcessor.java:399)
		at org.springframework.beans.factory.support.AbstractAutowireCapableBeanFactory.populateBean(AbstractAutowireCapableBeanFactory.java:1431)
		at org.springframework.beans.factory.support.AbstractAutowireCapableBeanFactory.doCreateBean(AbstractAutowireCapableBeanFactory.java:619)
		at org.springframework.beans.factory.support.AbstractAutowireCapableBeanFactory.createBean(AbstractAutowireCapableBeanFactory.java:542)
		at org.springframework.beans.factory.support.AbstractBeanFactory.lambda$doGetBean$0(AbstractBeanFactory.java:335)
		at org.springframework.beans.factory.support.DefaultSingletonBeanRegistry.getSingleton(DefaultSingletonBeanRegistry.java:234)
		at org.springframework.beans.factory.support.AbstractBeanFactory.doGetBean(AbstractBeanFactory.java:333)
		at org.springframework.beans.factory.support.AbstractBeanFactory.getBean(AbstractBeanFactory.java:208)
		at org.springframework.beans.factory.support.DefaultListableBeanFactory.preInstantiateSingletons(DefaultListableBeanFactory.java:955)
		at org.springframework.context.support.AbstractApplicationContext.finishBeanFactoryInitialization(AbstractApplicationContext.java:918)
		at org.springframework.context.support.AbstractApplicationContext.refresh(AbstractApplicationContext.java:583)
		at org.springframework.web.context.ContextLoader.configureAndRefreshWebApplicationContext(ContextLoader.java:401)
		at org.springframework.web.context.ContextLoader.initWebApplicationContext(ContextLoader.java:292)
		at org.springframework.web.context.ContextLoaderListener.contextInitialized(ContextLoaderListener.java:103)
		at org.apache.catalina.core.StandardContext.listenerStart(StandardContext.java:4047)
		at org.apache.catalina.core.StandardContext.startInternal(StandardContext.java:4489)
		at org.apache.catalina.util.LifecycleBase.start(LifecycleBase.java:164)
		at org.apache.catalina.core.ContainerBase.addChildInternal(ContainerBase.java:597)
		at org.apache.catalina.core.ContainerBase.addChild(ContainerBase.java:569)
		at org.apache.catalina.core.StandardHost.addChild(StandardHost.java:608)
		at org.apache.catalina.startup.HostConfig.deployDirectory(HostConfig.java:1171)
		at org.apache.catalina.startup.HostConfig$DeployDirectory.run(HostConfig.java:1880)
		at java.util.concurrent.Executors$RunnableAdapter.call(Executors.java:511)
		at java.util.concurrent.FutureTask.run(FutureTask.java:266)
		at org.apache.tomcat.util.threads.InlineExecutorService.execute(InlineExecutorService.java:82)
		at java.util.concurrent.AbstractExecutorService.submit(AbstractExecutorService.java:112)
		at org.apache.catalina.startup.HostConfig.deployDirectories(HostConfig.java:1082)
		at org.apache.catalina.startup.HostConfig.deployApps(HostConfig.java:467)
		at org.apache.catalina.startup.HostConfig.start(HostConfig.java:1576)
		at org.apache.catalina.startup.HostConfig.lifecycleEvent(HostConfig.java:309)
		at org.apache.catalina.util.LifecycleBase.fireLifecycleEvent(LifecycleBase.java:109)
		at org.apache.catalina.util.LifecycleBase.setStateInternal(LifecycleBase.java:389)
		at org.apache.catalina.util.LifecycleBase.setState(LifecycleBase.java:336)
		at org.apache.catalina.core.ContainerBase.startInternal(ContainerBase.java:774)
		at org.apache.catalina.core.StandardHost.startInternal(StandardHost.java:726)
		at org.apache.catalina.util.LifecycleBase.start(LifecycleBase.java:164)
		at org.apache.catalina.core.ContainerBase$StartChild.call(ContainerBase.java:1201)
		at org.apache.catalina.core.ContainerBase$StartChild.call(ContainerBase.java:1191)
		at java.util.concurrent.FutureTask.run(FutureTask.java:266)
		at org.apache.tomcat.util.threads.InlineExecutorService.execute(InlineExecutorService.java:82)
		at java.util.concurrent.AbstractExecutorService.submit(AbstractExecutorService.java:134)
		at org.apache.catalina.core.ContainerBase.startInternal(ContainerBase.java:747)
		at org.apache.catalina.core.StandardEngine.startInternal(StandardEngine.java:209)
		at org.apache.catalina.util.LifecycleBase.start(LifecycleBase.java:164)
		at org.apache.catalina.core.StandardService.startInternal(StandardService.java:410)
		at org.apache.catalina.util.LifecycleBase.start(LifecycleBase.java:164)
		at org.apache.catalina.core.StandardServer.startInternal(StandardServer.java:872)
		at org.apache.catalina.util.LifecycleBase.start(LifecycleBase.java:164)
		at org.apache.catalina.startup.Catalina.start(Catalina.java:736)
		at sun.reflect.NativeMethodAccessorImpl.invoke0(Native Method)
		at sun.reflect.NativeMethodAccessorImpl.invoke(NativeMethodAccessorImpl.java:62)
		at sun.reflect.DelegatingMethodAccessorImpl.invoke(DelegatingMethodAccessorImpl.java:43)
		at java.lang.reflect.Method.invoke(Method.java:498)
		at org.apache.catalina.startup.Bootstrap.start(Bootstrap.java:342)
		at org.apache.catalina.startup.Bootstrap.main(Bootstrap.java:473)
	Caused by: org.springframework.beans.factory.UnsatisfiedDependencyException: Error creating bean with name 'employeeDAOWrapper': Unsatisfied dependency expressed through field 'employeeDAO'; nested exception is org.springframework.beans.factory.BeanCreationException: Error creating bean with name 'employeeDAO' defined in com.microservices.learn.dao.EmployeeDAO defined in : Invocation of init method failed; nested exception is org.springframework.data.repository.query.QueryCreationException: Could not create query for public abstract java.lang.Integer com.microservices.learn.dao.EmployeeDAO.updateEmployeeSalaryByName(java.lang.Double,java.lang.String); Reason: Failed to create query for method public abstract java.lang.Integer com.microservices.learn.dao.EmployeeDAO.updateEmployeeSalaryByName(java.lang.Double,java.lang.String)! No property 'updateEmployeeSalaryByName' found for type 'EmployeeEntity'; nested exception is java.lang.IllegalArgumentException: Failed to create query for method public abstract java.lang.Integer com.microservices.learn.dao.EmployeeDAO.updateEmployeeSalaryByName(java.lang.Double,java.lang.String)! No property 'updateEmployeeSalaryByName' found for type 'EmployeeEntity'
		at org.springframework.beans.factory.annotation.AutowiredAnnotationBeanPostProcessor$AutowiredFieldElement.resolveFieldValue(AutowiredAnnotationBeanPostProcessor.java:659)
		at org.springframework.beans.factory.annotation.AutowiredAnnotationBeanPostProcessor$AutowiredFieldElement.inject(AutowiredAnnotationBeanPostProcessor.java:639)
		at org.springframework.beans.factory.annotation.InjectionMetadata.inject(InjectionMetadata.java:119)
		at org.springframework.beans.factory.annotation.AutowiredAnnotationBeanPostProcessor.postProcessProperties(AutowiredAnnotationBeanPostProcessor.java:399)
		at org.springframework.beans.factory.support.AbstractAutowireCapableBeanFactory.populateBean(AbstractAutowireCapableBeanFactory.java:1431)
		at org.springframework.beans.factory.support.AbstractAutowireCapableBeanFactory.doCreateBean(AbstractAutowireCapableBeanFactory.java:619)
		at org.springframework.beans.factory.support.AbstractAutowireCapableBeanFactory.createBean(AbstractAutowireCapableBeanFactory.java:542)
		at org.springframework.beans.factory.support.AbstractBeanFactory.lambda$doGetBean$0(AbstractBeanFactory.java:335)
		at org.springframework.beans.factory.support.DefaultSingletonBeanRegistry.getSingleton(DefaultSingletonBeanRegistry.java:234)
		at org.springframework.beans.factory.support.AbstractBeanFactory.doGetBean(AbstractBeanFactory.java:333)
		at org.springframework.beans.factory.support.AbstractBeanFactory.getBean(AbstractBeanFactory.java:208)
		at org.springframework.beans.factory.config.DependencyDescriptor.resolveCandidate(DependencyDescriptor.java:276)
		at org.springframework.beans.factory.support.DefaultListableBeanFactory.doResolveDependency(DefaultListableBeanFactory.java:1391)
		at org.springframework.beans.factory.support.DefaultListableBeanFactory.resolveDependency(DefaultListableBeanFactory.java:1311)
		at org.springframework.beans.factory.annotation.AutowiredAnnotationBeanPostProcessor$AutowiredFieldElement.resolveFieldValue(AutowiredAnnotationBeanPostProcessor.java:656)
		... 57 more
	Caused by: org.springframework.beans.factory.BeanCreationException: Error creating bean with name 'employeeDAO' defined in com.microservices.learn.dao.EmployeeDAO defined in : Invocation of init method failed; nested exception is org.springframework.data.repository.query.QueryCreationException: Could not create query for public abstract java.lang.Integer com.microservices.learn.dao.EmployeeDAO.updateEmployeeSalaryByName(java.lang.Double,java.lang.String); Reason: Failed to create query for method public abstract java.lang.Integer com.microservices.learn.dao.EmployeeDAO.updateEmployeeSalaryByName(java.lang.Double,java.lang.String)! No property 'updateEmployeeSalaryByName' found for type 'EmployeeEntity'; nested exception is java.lang.IllegalArgumentException: Failed to create query for method public abstract java.lang.Integer com.microservices.learn.dao.EmployeeDAO.updateEmployeeSalaryByName(java.lang.Double,java.lang.String)! No property 'updateEmployeeSalaryByName' found for type 'EmployeeEntity'
		at org.springframework.beans.factory.support.AbstractAutowireCapableBeanFactory.initializeBean(AbstractAutowireCapableBeanFactory.java:1804)
		at org.springframework.beans.factory.support.AbstractAutowireCapableBeanFactory.doCreateBean(AbstractAutowireCapableBeanFactory.java:620)
		at org.springframework.beans.factory.support.AbstractAutowireCapableBeanFactory.createBean(AbstractAutowireCapableBeanFactory.java:542)
		at org.springframework.beans.factory.support.AbstractBeanFactory.lambda$doGetBean$0(AbstractBeanFactory.java:335)
		at org.springframework.beans.factory.support.DefaultSingletonBeanRegistry.getSingleton(DefaultSingletonBeanRegistry.java:234)
		at org.springframework.beans.factory.support.AbstractBeanFactory.doGetBean(AbstractBeanFactory.java:333)
		at org.springframework.beans.factory.support.AbstractBeanFactory.getBean(AbstractBeanFactory.java:208)
		at org.springframework.beans.factory.config.DependencyDescriptor.resolveCandidate(DependencyDescriptor.java:276)
		at org.springframework.beans.factory.support.DefaultListableBeanFactory.doResolveDependency(DefaultListableBeanFactory.java:1391)
		at org.springframework.beans.factory.support.DefaultListableBeanFactory.resolveDependency(DefaultListableBeanFactory.java:1311)
		at org.springframework.beans.factory.annotation.AutowiredAnnotationBeanPostProcessor$AutowiredFieldElement.resolveFieldValue(AutowiredAnnotationBeanPostProcessor.java:656)
		... 71 more
	Caused by: org.springframework.data.repository.query.QueryCreationException: Could not create query for public abstract java.lang.Integer com.microservices.learn.dao.EmployeeDAO.updateEmployeeSalaryByName(java.lang.Double,java.lang.String); Reason: Failed to create query for method public abstract java.lang.Integer com.microservices.learn.dao.EmployeeDAO.updateEmployeeSalaryByName(java.lang.Double,java.lang.String)! No property 'updateEmployeeSalaryByName' found for type 'EmployeeEntity'; nested exception is java.lang.IllegalArgumentException: Failed to create query for method public abstract java.lang.Integer com.microservices.learn.dao.EmployeeDAO.updateEmployeeSalaryByName(java.lang.Double,java.lang.String)! No property 'updateEmployeeSalaryByName' found for type 'EmployeeEntity'
		at org.springframework.data.repository.query.QueryCreationException.create(QueryCreationException.java:101)
		at org.springframework.data.repository.core.support.QueryExecutorMethodInterceptor.lookupQuery(QueryExecutorMethodInterceptor.java:107)
		at org.springframework.data.repository.core.support.QueryExecutorMethodInterceptor.lambda$mapMethodsToQuery$1(QueryExecutorMethodInterceptor.java:95)
		at java.util.stream.ReferencePipeline$3$1.accept(ReferencePipeline.java:193)
		at java.util.Iterator.forEachRemaining(Iterator.java:116)
		at java.util.Collections$UnmodifiableCollection$1.forEachRemaining(Collections.java:1051)
		at java.util.Spliterators$IteratorSpliterator.forEachRemaining(Spliterators.java:1801)
		at java.util.stream.AbstractPipeline.copyInto(AbstractPipeline.java:482)
		at java.util.stream.AbstractPipeline.wrapAndCopyInto(AbstractPipeline.java:472)
		at java.util.stream.ReduceOps$ReduceOp.evaluateSequential(ReduceOps.java:708)
		at java.util.stream.AbstractPipeline.evaluate(AbstractPipeline.java:234)
		at java.util.stream.ReferencePipeline.collect(ReferencePipeline.java:566)
		at org.springframework.data.repository.core.support.QueryExecutorMethodInterceptor.mapMethodsToQuery(QueryExecutorMethodInterceptor.java:97)
		at org.springframework.data.repository.core.support.QueryExecutorMethodInterceptor.lambda$new$0(QueryExecutorMethodInterceptor.java:87)
		at java.util.Optional.map(Optional.java:215)
		at org.springframework.data.repository.core.support.QueryExecutorMethodInterceptor.<init>(QueryExecutorMethodInterceptor.java:87)
		at org.springframework.data.repository.core.support.RepositoryFactorySupport.getRepository(RepositoryFactorySupport.java:365)
		at org.springframework.data.repository.core.support.RepositoryFactoryBeanSupport.lambda$afterPropertiesSet$5(RepositoryFactoryBeanSupport.java:323)
		at org.springframework.data.util.Lazy.getNullable(Lazy.java:231)
		at org.springframework.data.util.Lazy.get(Lazy.java:115)
		at org.springframework.data.repository.core.support.RepositoryFactoryBeanSupport.afterPropertiesSet(RepositoryFactoryBeanSupport.java:329)
		at org.springframework.data.jpa.repository.support.JpaRepositoryFactoryBean.afterPropertiesSet(JpaRepositoryFactoryBean.java:144)
		at org.springframework.beans.factory.support.AbstractAutowireCapableBeanFactory.invokeInitMethods(AbstractAutowireCapableBeanFactory.java:1863)
		at org.springframework.beans.factory.support.AbstractAutowireCapableBeanFactory.initializeBean(AbstractAutowireCapableBeanFactory.java:1800)
		... 81 more
	Caused by: java.lang.IllegalArgumentException: Failed to create query for method public abstract java.lang.Integer com.microservices.learn.dao.EmployeeDAO.updateEmployeeSalaryByName(java.lang.Double,java.lang.String)! No property 'updateEmployeeSalaryByName' found for type 'EmployeeEntity'
		at org.springframework.data.jpa.repository.query.PartTreeJpaQuery.<init>(PartTreeJpaQuery.java:96)
		at org.springframework.data.jpa.repository.query.JpaQueryLookupStrategy$CreateQueryLookupStrategy.resolveQuery(JpaQueryLookupStrategy.java:119)
		at org.springframework.data.jpa.repository.query.JpaQueryLookupStrategy$CreateIfNotFoundQueryLookupStrategy.resolveQuery(JpaQueryLookupStrategy.java:259)
		at org.springframework.data.jpa.repository.query.JpaQueryLookupStrategy$AbstractQueryLookupStrategy.resolveQuery(JpaQueryLookupStrategy.java:93)
		at org.springframework.data.repository.core.support.QueryExecutorMethodInterceptor.lookupQuery(QueryExecutorMethodInterceptor.java:103)
		... 103 more
	Caused by: org.springframework.data.mapping.PropertyReferenceException: No property 'updateEmployeeSalaryByName' found for type 'EmployeeEntity'
		at org.springframework.data.mapping.PropertyPath.<init>(PropertyPath.java:91)
		at org.springframework.data.mapping.PropertyPath.create(PropertyPath.java:438)
		at org.springframework.data.mapping.PropertyPath.create(PropertyPath.java:414)
		at org.springframework.data.mapping.PropertyPath.lambda$from$0(PropertyPath.java:367)
		at java.util.concurrent.ConcurrentMap.computeIfAbsent(ConcurrentMap.java:324)
		at org.springframework.data.mapping.PropertyPath.from(PropertyPath.java:349)
		at org.springframework.data.mapping.PropertyPath.from(PropertyPath.java:332)
		at org.springframework.data.repository.query.parser.Part.<init>(Part.java:81)
		at org.springframework.data.repository.query.parser.PartTree$OrPart.lambda$new$0(PartTree.java:250)
		at java.util.stream.ReferencePipeline$3$1.accept(ReferencePipeline.java:193)
		at java.util.stream.ReferencePipeline$2$1.accept(ReferencePipeline.java:175)
		at java.util.Spliterators$ArraySpliterator.forEachRemaining(Spliterators.java:948)
		at java.util.stream.AbstractPipeline.copyInto(AbstractPipeline.java:482)
		at java.util.stream.AbstractPipeline.wrapAndCopyInto(AbstractPipeline.java:472)
		at java.util.stream.ReduceOps$ReduceOp.evaluateSequential(ReduceOps.java:708)
		at java.util.stream.AbstractPipeline.evaluate(AbstractPipeline.java:234)
		at java.util.stream.ReferencePipeline.collect(ReferencePipeline.java:566)
		at org.springframework.data.repository.query.parser.PartTree$OrPart.<init>(PartTree.java:251)
		at org.springframework.data.repository.query.parser.PartTree$Predicate.lambda$new$0(PartTree.java:384)
		at java.util.stream.ReferencePipeline$3$1.accept(ReferencePipeline.java:193)
		at java.util.stream.ReferencePipeline$2$1.accept(ReferencePipeline.java:175)
		at java.util.Spliterators$ArraySpliterator.forEachRemaining(Spliterators.java:948)
		at java.util.stream.AbstractPipeline.copyInto(AbstractPipeline.java:482)
		at java.util.stream.AbstractPipeline.wrapAndCopyInto(AbstractPipeline.java:472)
		at java.util.stream.ReduceOps$ReduceOp.evaluateSequential(ReduceOps.java:708)
		at java.util.stream.AbstractPipeline.evaluate(AbstractPipeline.java:234)
		at java.util.stream.ReferencePipeline.collect(ReferencePipeline.java:566)
		at org.springframework.data.repository.query.parser.PartTree$Predicate.<init>(PartTree.java:385)
		at org.springframework.data.repository.query.parser.PartTree.<init>(PartTree.java:93)
		at org.springframework.data.jpa.repository.query.PartTreeJpaQuery.<init>(PartTreeJpaQuery.java:89)
		... 107 more
01-Apr-2026 01:55:31.384 SEVERE [main] org.apache.catalina.core.StandardContext.startInternal One or more listeners failed to start. Full details will be found in the appropriate container log file
01-Apr-2026 01:55:31.397 SEVERE [main] org.apache.catalina.core.StandardContext.startInternal Context [/employee-service] startup failed due to previous errors
01-Apr-2026 01:55:31.413 WARNING [main] org.apache.catalina.loader.WebappClassLoaderBase.clearReferencesJdbc The web application [employee-service] registered the JDBC driver [com.mysql.cj.jdbc.Driver] but failed to unregister it when the web application was stopped. To prevent a memory leak, the JDBC Driver has been forcibly unregistered.
01-Apr-2026 01:55:31.415 WARNING [main] org.apache.catalina.loader.WebappClassLoaderBase.clearReferencesThreads The web application [employee-service] appears to have started a thread named [mysql-cj-abandoned-connection-cleanup] but has failed to stop it. This is very likely to create a memory leak. Stack trace of thread:
 java.lang.Object.wait(Native Method)
 java.lang.ref.ReferenceQueue.remove(ReferenceQueue.java:144)
 com.mysql.cj.jdbc.AbandonedConnectionCleanupThread.run(AbandonedConnectionCleanupThread.java:91)
 java.util.concurrent.ThreadPoolExecutor.runWorker(ThreadPoolExecutor.java:1149)
 java.util.concurrent.ThreadPoolExecutor$Worker.run(ThreadPoolExecutor.java:624)
 java.lang.Thread.run(Thread.java:750)
01-Apr-2026 01:55:31.422 INFO [main] org.apache.catalina.startup.HostConfig.deployDirectory Deployment of web application directory [/Users/motocycopath/Desktop/java-full-stack-training/00-microservices-00/apache-tomcat-9.0.116/webapps/employee-service] has finished in [4,490] ms
01-Apr-2026 01:55:31.423 INFO [main] org.apache.catalina.startup.HostConfig.deployDirectory Deploying web application directory [/Users/motocycopath/Desktop/java-full-stack-training/00-microservices-00/apache-tomcat-9.0.116/webapps/docs]
01-Apr-2026 01:55:31.509 INFO [main] org.apache.catalina.startup.HostConfig.deployDirectory Deployment of web application directory [/Users/motocycopath/Desktop/java-full-stack-training/00-microservices-00/apache-tomcat-9.0.116/webapps/docs] has finished in [85] ms
01-Apr-2026 01:55:31.510 INFO [main] org.apache.catalina.startup.HostConfig.deployDirectory Deploying web application directory [/Users/motocycopath/Desktop/java-full-stack-training/00-microservices-00/apache-tomcat-9.0.116/webapps/manager]
01-Apr-2026 01:55:31.549 INFO [main] org.apache.catalina.startup.HostConfig.deployDirectory Deployment of web application directory [/Users/motocycopath/Desktop/java-full-stack-training/00-microservices-00/apache-tomcat-9.0.116/webapps/manager] has finished in [39] ms
01-Apr-2026 01:55:31.550 INFO [main] org.apache.catalina.startup.HostConfig.deployDirectory Deploying web application directory [/Users/motocycopath/Desktop/java-full-stack-training/00-microservices-00/apache-tomcat-9.0.116/webapps/examples]
01-Apr-2026 01:55:31.862 INFO [main] org.apache.catalina.startup.HostConfig.deployDirectory Deployment of web application directory [/Users/motocycopath/Desktop/java-full-stack-training/00-microservices-00/apache-tomcat-9.0.116/webapps/examples] has finished in [311] ms
01-Apr-2026 01:55:31.862 INFO [main] org.apache.catalina.startup.HostConfig.deployDirectory Deploying web application directory [/Users/motocycopath/Desktop/java-full-stack-training/00-microservices-00/apache-tomcat-9.0.116/webapps/ROOT]
01-Apr-2026 01:55:31.879 INFO [main] org.apache.catalina.startup.HostConfig.deployDirectory Deployment of web application directory [/Users/motocycopath/Desktop/java-full-stack-training/00-microservices-00/apache-tomcat-9.0.116/webapps/ROOT] has finished in [17] ms
01-Apr-2026 01:55:31.879 INFO [main] org.apache.catalina.startup.HostConfig.deployDirectory Deploying web application directory [/Users/motocycopath/Desktop/java-full-stack-training/00-microservices-00/apache-tomcat-9.0.116/webapps/host-manager]
01-Apr-2026 01:55:31.913 INFO [main] org.apache.catalina.startup.HostConfig.deployDirectory Deployment of web application directory [/Users/motocycopath/Desktop/java-full-stack-training/00-microservices-00/apache-tomcat-9.0.116/webapps/host-manager] has finished in [34] ms
01-Apr-2026 01:55:31.917 INFO [main] org.apache.coyote.AbstractProtocol.start Starting ProtocolHandler ["http-nio-8080"]
01-Apr-2026 01:55:31.929 INFO [main] org.apache.catalina.startup.Catalina.start Server startup in [5098] milliseconds
01-Apr-2026 01:55:34.380 INFO [mysql-cj-abandoned-connection-cleanup] org.apache.catalina.loader.WebappClassLoaderBase.checkStateForResourceLoading Illegal access: this web application instance has been stopped already. Could not load []. The following stack trace is thrown for debugging purposes as well as to attempt to terminate the thread which caused the illegal access.
	java.lang.IllegalStateException: Illegal access: this web application instance has been stopped already. Could not load []. The following stack trace is thrown for debugging purposes as well as to attempt to terminate the thread which caused the illegal access.
		at org.apache.catalina.loader.WebappClassLoaderBase.checkStateForResourceLoading(WebappClassLoaderBase.java:1370)
		at org.apache.catalina.loader.WebappClassLoaderBase.getResource(WebappClassLoaderBase.java:994)
		at com.mysql.cj.jdbc.AbandonedConnectionCleanupThread.checkThreadContextClassLoader(AbandonedConnectionCleanupThread.java:123)
		at com.mysql.cj.jdbc.AbandonedConnectionCleanupThread.run(AbandonedConnectionCleanupThread.java:90)
		at java.util.concurrent.ThreadPoolExecutor.runWorker(ThreadPoolExecutor.java:1149)
		at java.util.concurrent.ThreadPoolExecutor$Worker.run(ThreadPoolExecutor.java:624)
		at java.lang.Thread.run(Thread.java:750)
01-Apr-2026 01:59:35.904 INFO [main] org.apache.catalina.core.StandardServer.await A valid shutdown command was received via the shutdown port. Stopping the Server instance.
01-Apr-2026 01:59:35.910 INFO [main] org.apache.coyote.AbstractProtocol.pause Pausing ProtocolHandler ["http-nio-8080"]
01-Apr-2026 01:59:35.926 INFO [main] org.apache.catalina.core.StandardService.stopInternal Stopping service [Catalina]
01-Apr-2026 01:59:35.973 INFO [main] org.apache.coyote.AbstractProtocol.stop Stopping ProtocolHandler ["http-nio-8080"]
01-Apr-2026 01:59:35.993 INFO [main] org.apache.coyote.AbstractProtocol.destroy Destroying ProtocolHandler ["http-nio-8080"]
01-Apr-2026 01:59:42.779 INFO [main] org.apache.catalina.startup.VersionLoggerListener.log Server version name:   Apache Tomcat/9.0.116
01-Apr-2026 01:59:42.782 INFO [main] org.apache.catalina.startup.VersionLoggerListener.log Server built:          Mar 16 2026 15:05:42 UTC
01-Apr-2026 01:59:42.782 INFO [main] org.apache.catalina.startup.VersionLoggerListener.log Server version number: 9.0.116.0
01-Apr-2026 01:59:42.782 INFO [main] org.apache.catalina.startup.VersionLoggerListener.log OS Name:               Mac OS X
01-Apr-2026 01:59:42.782 INFO [main] org.apache.catalina.startup.VersionLoggerListener.log OS Version:            15.5
01-Apr-2026 01:59:42.783 INFO [main] org.apache.catalina.startup.VersionLoggerListener.log Architecture:          x86_64
01-Apr-2026 01:59:42.783 INFO [main] org.apache.catalina.startup.VersionLoggerListener.log Java Home:             /Library/Java/JavaVirtualMachines/temurin-8.jdk/Contents/Home/jre
01-Apr-2026 01:59:42.783 INFO [main] org.apache.catalina.startup.VersionLoggerListener.log JVM Version:           1.8.0_482-b08
01-Apr-2026 01:59:42.783 INFO [main] org.apache.catalina.startup.VersionLoggerListener.log JVM Vendor:            Temurin
01-Apr-2026 01:59:42.783 INFO [main] org.apache.catalina.startup.VersionLoggerListener.log CATALINA_BASE:         /Users/motocycopath/Desktop/java-full-stack-training/00-microservices-00/apache-tomcat-9.0.116
01-Apr-2026 01:59:42.783 INFO [main] org.apache.catalina.startup.VersionLoggerListener.log CATALINA_HOME:         /Users/motocycopath/Desktop/java-full-stack-training/00-microservices-00/apache-tomcat-9.0.116
01-Apr-2026 01:59:42.787 INFO [main] org.apache.catalina.startup.VersionLoggerListener.log Command line argument: -Djava.util.logging.config.file=/Users/motocycopath/Desktop/java-full-stack-training/00-microservices-00/apache-tomcat-9.0.116/conf/logging.properties
01-Apr-2026 01:59:42.787 INFO [main] org.apache.catalina.startup.VersionLoggerListener.log Command line argument: -Djava.util.logging.manager=org.apache.juli.ClassLoaderLogManager
01-Apr-2026 01:59:42.787 INFO [main] org.apache.catalina.startup.VersionLoggerListener.log Command line argument: -Djdk.tls.ephemeralDHKeySize=2048
01-Apr-2026 01:59:42.787 INFO [main] org.apache.catalina.startup.VersionLoggerListener.log Command line argument: -Djava.protocol.handler.pkgs=org.apache.catalina.webresources
01-Apr-2026 01:59:42.787 INFO [main] org.apache.catalina.startup.VersionLoggerListener.log Command line argument: -Dsun.io.useCanonCaches=false
01-Apr-2026 01:59:42.787 INFO [main] org.apache.catalina.startup.VersionLoggerListener.log Command line argument: -Dorg.apache.catalina.security.SecurityListener.UMASK=0027
01-Apr-2026 01:59:42.788 INFO [main] org.apache.catalina.startup.VersionLoggerListener.log Command line argument: -Dignore.endorsed.dirs=
01-Apr-2026 01:59:42.788 INFO [main] org.apache.catalina.startup.VersionLoggerListener.log Command line argument: -Dcatalina.base=/Users/motocycopath/Desktop/java-full-stack-training/00-microservices-00/apache-tomcat-9.0.116
01-Apr-2026 01:59:42.788 INFO [main] org.apache.catalina.startup.VersionLoggerListener.log Command line argument: -Dcatalina.home=/Users/motocycopath/Desktop/java-full-stack-training/00-microservices-00/apache-tomcat-9.0.116
01-Apr-2026 01:59:42.788 INFO [main] org.apache.catalina.startup.VersionLoggerListener.log Command line argument: -Djava.io.tmpdir=/Users/motocycopath/Desktop/java-full-stack-training/00-microservices-00/apache-tomcat-9.0.116/temp
01-Apr-2026 01:59:42.790 INFO [main] org.apache.catalina.core.AprLifecycleListener.lifecycleEvent The Apache Tomcat Native library which allows using OpenSSL was not found on the java.library.path: [/Users/motocycopath/Library/Java/Extensions:/Library/Java/Extensions:/Network/Library/Java/Extensions:/System/Library/Java/Extensions:/usr/lib/java:.]
01-Apr-2026 01:59:43.210 INFO [main] org.apache.coyote.AbstractProtocol.init Initializing ProtocolHandler ["http-nio-8080"]
01-Apr-2026 01:59:43.252 INFO [main] org.apache.catalina.startup.Catalina.load Server initialization in [634] milliseconds
01-Apr-2026 01:59:43.339 INFO [main] org.apache.catalina.core.StandardService.startInternal Starting service [Catalina]
01-Apr-2026 01:59:43.340 INFO [main] org.apache.catalina.core.StandardEngine.startInternal Starting Servlet engine: [Apache Tomcat/9.0.116]
01-Apr-2026 01:59:43.346 INFO [main] org.apache.catalina.startup.HostConfig.deployDirectory Deploying web application directory [/Users/motocycopath/Desktop/java-full-stack-training/00-microservices-00/apache-tomcat-9.0.116/webapps/employee-service]
01-Apr-2026 01:59:44.894 INFO [main] org.apache.jasper.servlet.TldScanner.scanJars At least one JAR was scanned for TLDs yet contained no TLDs. Enable debug logging for this logger for a complete list of JARs that were scanned but no TLDs were found in them. Skipping unneeded JARs during scanning can improve startup time and JSP compilation time.
01-Apr-2026 01:59:44.925 INFO [main] org.springframework.web.context.ContextLoader.initWebApplicationContext Root WebApplicationContext: initialization started
01-Apr-2026 01:59:45.399 INFO [main] org.springframework.data.repository.config.RepositoryConfigurationDelegate.registerRepositoriesIn Bootstrapping Spring Data JPA repositories in DEFAULT mode.
01-Apr-2026 01:59:45.509 INFO [main] org.springframework.data.repository.config.RepositoryConfigurationDelegate.registerRepositoriesIn Finished Spring Data repository scanning in 91 ms. Found 1 JPA repository interfaces.
01-Apr-2026 01:59:45.510 INFO [main] org.springframework.data.repository.config.RepositoryConfigurationDelegate.registerRepositoriesIn Bootstrapping Spring Data JPA repositories in DEFAULT mode.
01-Apr-2026 01:59:45.523 INFO [main] org.springframework.data.repository.config.RepositoryConfigurationDelegate.registerRepositoriesIn Finished Spring Data repository scanning in 12 ms. Found 1 JPA repository interfaces.
01-Apr-2026 01:59:45.883 INFO [main] org.hibernate.jpa.internal.util.LogHelper.logPersistenceUnitInformation HHH000204: Processing PersistenceUnitInfo [
	name: default
	...]
01-Apr-2026 01:59:45.960 INFO [main] org.hibernate.Version.logVersion HHH000412: Hibernate Core {5.2.8.Final}
01-Apr-2026 01:59:45.964 INFO [main] org.hibernate.cfg.Environment.<clinit> HHH000206: hibernate.properties not found
01-Apr-2026 01:59:46.012 INFO [main] org.hibernate.annotations.common.reflection.java.JavaReflectionManager.<clinit> HCANN000001: Hibernate Commons Annotations {5.0.1.Final}
01-Apr-2026 01:59:46.548 INFO [main] org.hibernate.dialect.Dialect.<init> HHH000400: Using dialect: org.hibernate.dialect.MySQLDialect
01-Apr-2026 01:59:47.162 INFO [main] org.springframework.orm.jpa.AbstractEntityManagerFactoryBean.buildNativeEntityManagerFactory Initialized JPA EntityManagerFactory for persistence unit 'default'
01-Apr-2026 01:59:47.673 WARNING [main] org.springframework.context.support.AbstractApplicationContext.refresh Exception encountered during context initialization - cancelling refresh attempt: org.springframework.beans.factory.UnsatisfiedDependencyException: Error creating bean with name 'employeeServiceImpl': Unsatisfied dependency expressed through field 'employeeDAOWrapper'; nested exception is org.springframework.beans.factory.UnsatisfiedDependencyException: Error creating bean with name 'employeeDAOWrapper': Unsatisfied dependency expressed through field 'employeeDAO'; nested exception is org.springframework.beans.factory.BeanCreationException: Error creating bean with name 'employeeDAO' defined in com.microservices.learn.dao.EmployeeDAO defined in : Invocation of init method failed; nested exception is org.springframework.data.repository.query.QueryCreationException: Could not create query for public abstract java.lang.Integer com.microservices.learn.dao.EmployeeDAO.updateEmployeeSalaryByName(java.lang.Double,java.lang.String); Reason: Failed to create query for method public abstract java.lang.Integer com.microservices.learn.dao.EmployeeDAO.updateEmployeeSalaryByName(java.lang.Double,java.lang.String)! No property 'updateEmployeeSalaryByName' found for type 'EmployeeEntity'; nested exception is java.lang.IllegalArgumentException: Failed to create query for method public abstract java.lang.Integer com.microservices.learn.dao.EmployeeDAO.updateEmployeeSalaryByName(java.lang.Double,java.lang.String)! No property 'updateEmployeeSalaryByName' found for type 'EmployeeEntity'
01-Apr-2026 01:59:47.674 INFO [main] org.springframework.orm.jpa.AbstractEntityManagerFactoryBean.destroy Closing JPA EntityManagerFactory for persistence unit 'default'
01-Apr-2026 01:59:47.675 SEVERE [main] org.springframework.web.context.ContextLoader.initWebApplicationContext Context initialization failed
	org.springframework.beans.factory.UnsatisfiedDependencyException: Error creating bean with name 'employeeServiceImpl': Unsatisfied dependency expressed through field 'employeeDAOWrapper'; nested exception is org.springframework.beans.factory.UnsatisfiedDependencyException: Error creating bean with name 'employeeDAOWrapper': Unsatisfied dependency expressed through field 'employeeDAO'; nested exception is org.springframework.beans.factory.BeanCreationException: Error creating bean with name 'employeeDAO' defined in com.microservices.learn.dao.EmployeeDAO defined in : Invocation of init method failed; nested exception is org.springframework.data.repository.query.QueryCreationException: Could not create query for public abstract java.lang.Integer com.microservices.learn.dao.EmployeeDAO.updateEmployeeSalaryByName(java.lang.Double,java.lang.String); Reason: Failed to create query for method public abstract java.lang.Integer com.microservices.learn.dao.EmployeeDAO.updateEmployeeSalaryByName(java.lang.Double,java.lang.String)! No property 'updateEmployeeSalaryByName' found for type 'EmployeeEntity'; nested exception is java.lang.IllegalArgumentException: Failed to create query for method public abstract java.lang.Integer com.microservices.learn.dao.EmployeeDAO.updateEmployeeSalaryByName(java.lang.Double,java.lang.String)! No property 'updateEmployeeSalaryByName' found for type 'EmployeeEntity'
		at org.springframework.beans.factory.annotation.AutowiredAnnotationBeanPostProcessor$AutowiredFieldElement.resolveFieldValue(AutowiredAnnotationBeanPostProcessor.java:659)
		at org.springframework.beans.factory.annotation.AutowiredAnnotationBeanPostProcessor$AutowiredFieldElement.inject(AutowiredAnnotationBeanPostProcessor.java:639)
		at org.springframework.beans.factory.annotation.InjectionMetadata.inject(InjectionMetadata.java:119)
		at org.springframework.beans.factory.annotation.AutowiredAnnotationBeanPostProcessor.postProcessProperties(AutowiredAnnotationBeanPostProcessor.java:399)
		at org.springframework.beans.factory.support.AbstractAutowireCapableBeanFactory.populateBean(AbstractAutowireCapableBeanFactory.java:1431)
		at org.springframework.beans.factory.support.AbstractAutowireCapableBeanFactory.doCreateBean(AbstractAutowireCapableBeanFactory.java:619)
		at org.springframework.beans.factory.support.AbstractAutowireCapableBeanFactory.createBean(AbstractAutowireCapableBeanFactory.java:542)
		at org.springframework.beans.factory.support.AbstractBeanFactory.lambda$doGetBean$0(AbstractBeanFactory.java:335)
		at org.springframework.beans.factory.support.DefaultSingletonBeanRegistry.getSingleton(DefaultSingletonBeanRegistry.java:234)
		at org.springframework.beans.factory.support.AbstractBeanFactory.doGetBean(AbstractBeanFactory.java:333)
		at org.springframework.beans.factory.support.AbstractBeanFactory.getBean(AbstractBeanFactory.java:208)
		at org.springframework.beans.factory.support.DefaultListableBeanFactory.preInstantiateSingletons(DefaultListableBeanFactory.java:955)
		at org.springframework.context.support.AbstractApplicationContext.finishBeanFactoryInitialization(AbstractApplicationContext.java:918)
		at org.springframework.context.support.AbstractApplicationContext.refresh(AbstractApplicationContext.java:583)
		at org.springframework.web.context.ContextLoader.configureAndRefreshWebApplicationContext(ContextLoader.java:401)
		at org.springframework.web.context.ContextLoader.initWebApplicationContext(ContextLoader.java:292)
		at org.springframework.web.context.ContextLoaderListener.contextInitialized(ContextLoaderListener.java:103)
		at org.apache.catalina.core.StandardContext.listenerStart(StandardContext.java:4047)
		at org.apache.catalina.core.StandardContext.startInternal(StandardContext.java:4489)
		at org.apache.catalina.util.LifecycleBase.start(LifecycleBase.java:164)
		at org.apache.catalina.core.ContainerBase.addChildInternal(ContainerBase.java:597)
		at org.apache.catalina.core.ContainerBase.addChild(ContainerBase.java:569)
		at org.apache.catalina.core.StandardHost.addChild(StandardHost.java:608)
		at org.apache.catalina.startup.HostConfig.deployDirectory(HostConfig.java:1171)
		at org.apache.catalina.startup.HostConfig$DeployDirectory.run(HostConfig.java:1880)
		at java.util.concurrent.Executors$RunnableAdapter.call(Executors.java:511)
		at java.util.concurrent.FutureTask.run(FutureTask.java:266)
		at org.apache.tomcat.util.threads.InlineExecutorService.execute(InlineExecutorService.java:82)
		at java.util.concurrent.AbstractExecutorService.submit(AbstractExecutorService.java:112)
		at org.apache.catalina.startup.HostConfig.deployDirectories(HostConfig.java:1082)
		at org.apache.catalina.startup.HostConfig.deployApps(HostConfig.java:467)
		at org.apache.catalina.startup.HostConfig.start(HostConfig.java:1576)
		at org.apache.catalina.startup.HostConfig.lifecycleEvent(HostConfig.java:309)
		at org.apache.catalina.util.LifecycleBase.fireLifecycleEvent(LifecycleBase.java:109)
		at org.apache.catalina.util.LifecycleBase.setStateInternal(LifecycleBase.java:389)
		at org.apache.catalina.util.LifecycleBase.setState(LifecycleBase.java:336)
		at org.apache.catalina.core.ContainerBase.startInternal(ContainerBase.java:774)
		at org.apache.catalina.core.StandardHost.startInternal(StandardHost.java:726)
		at org.apache.catalina.util.LifecycleBase.start(LifecycleBase.java:164)
		at org.apache.catalina.core.ContainerBase$StartChild.call(ContainerBase.java:1201)
		at org.apache.catalina.core.ContainerBase$StartChild.call(ContainerBase.java:1191)
		at java.util.concurrent.FutureTask.run(FutureTask.java:266)
		at org.apache.tomcat.util.threads.InlineExecutorService.execute(InlineExecutorService.java:82)
		at java.util.concurrent.AbstractExecutorService.submit(AbstractExecutorService.java:134)
		at org.apache.catalina.core.ContainerBase.startInternal(ContainerBase.java:747)
		at org.apache.catalina.core.StandardEngine.startInternal(StandardEngine.java:209)
		at org.apache.catalina.util.LifecycleBase.start(LifecycleBase.java:164)
		at org.apache.catalina.core.StandardService.startInternal(StandardService.java:410)
		at org.apache.catalina.util.LifecycleBase.start(LifecycleBase.java:164)
		at org.apache.catalina.core.StandardServer.startInternal(StandardServer.java:872)
		at org.apache.catalina.util.LifecycleBase.start(LifecycleBase.java:164)
		at org.apache.catalina.startup.Catalina.start(Catalina.java:736)
		at sun.reflect.NativeMethodAccessorImpl.invoke0(Native Method)
		at sun.reflect.NativeMethodAccessorImpl.invoke(NativeMethodAccessorImpl.java:62)
		at sun.reflect.DelegatingMethodAccessorImpl.invoke(DelegatingMethodAccessorImpl.java:43)
		at java.lang.reflect.Method.invoke(Method.java:498)
		at org.apache.catalina.startup.Bootstrap.start(Bootstrap.java:342)
		at org.apache.catalina.startup.Bootstrap.main(Bootstrap.java:473)
	Caused by: org.springframework.beans.factory.UnsatisfiedDependencyException: Error creating bean with name 'employeeDAOWrapper': Unsatisfied dependency expressed through field 'employeeDAO'; nested exception is org.springframework.beans.factory.BeanCreationException: Error creating bean with name 'employeeDAO' defined in com.microservices.learn.dao.EmployeeDAO defined in : Invocation of init method failed; nested exception is org.springframework.data.repository.query.QueryCreationException: Could not create query for public abstract java.lang.Integer com.microservices.learn.dao.EmployeeDAO.updateEmployeeSalaryByName(java.lang.Double,java.lang.String); Reason: Failed to create query for method public abstract java.lang.Integer com.microservices.learn.dao.EmployeeDAO.updateEmployeeSalaryByName(java.lang.Double,java.lang.String)! No property 'updateEmployeeSalaryByName' found for type 'EmployeeEntity'; nested exception is java.lang.IllegalArgumentException: Failed to create query for method public abstract java.lang.Integer com.microservices.learn.dao.EmployeeDAO.updateEmployeeSalaryByName(java.lang.Double,java.lang.String)! No property 'updateEmployeeSalaryByName' found for type 'EmployeeEntity'
		at org.springframework.beans.factory.annotation.AutowiredAnnotationBeanPostProcessor$AutowiredFieldElement.resolveFieldValue(AutowiredAnnotationBeanPostProcessor.java:659)
		at org.springframework.beans.factory.annotation.AutowiredAnnotationBeanPostProcessor$AutowiredFieldElement.inject(AutowiredAnnotationBeanPostProcessor.java:639)
		at org.springframework.beans.factory.annotation.InjectionMetadata.inject(InjectionMetadata.java:119)
		at org.springframework.beans.factory.annotation.AutowiredAnnotationBeanPostProcessor.postProcessProperties(AutowiredAnnotationBeanPostProcessor.java:399)
		at org.springframework.beans.factory.support.AbstractAutowireCapableBeanFactory.populateBean(AbstractAutowireCapableBeanFactory.java:1431)
		at org.springframework.beans.factory.support.AbstractAutowireCapableBeanFactory.doCreateBean(AbstractAutowireCapableBeanFactory.java:619)
		at org.springframework.beans.factory.support.AbstractAutowireCapableBeanFactory.createBean(AbstractAutowireCapableBeanFactory.java:542)
		at org.springframework.beans.factory.support.AbstractBeanFactory.lambda$doGetBean$0(AbstractBeanFactory.java:335)
		at org.springframework.beans.factory.support.DefaultSingletonBeanRegistry.getSingleton(DefaultSingletonBeanRegistry.java:234)
		at org.springframework.beans.factory.support.AbstractBeanFactory.doGetBean(AbstractBeanFactory.java:333)
		at org.springframework.beans.factory.support.AbstractBeanFactory.getBean(AbstractBeanFactory.java:208)
		at org.springframework.beans.factory.config.DependencyDescriptor.resolveCandidate(DependencyDescriptor.java:276)
		at org.springframework.beans.factory.support.DefaultListableBeanFactory.doResolveDependency(DefaultListableBeanFactory.java:1391)
		at org.springframework.beans.factory.support.DefaultListableBeanFactory.resolveDependency(DefaultListableBeanFactory.java:1311)
		at org.springframework.beans.factory.annotation.AutowiredAnnotationBeanPostProcessor$AutowiredFieldElement.resolveFieldValue(AutowiredAnnotationBeanPostProcessor.java:656)
		... 57 more
	Caused by: org.springframework.beans.factory.BeanCreationException: Error creating bean with name 'employeeDAO' defined in com.microservices.learn.dao.EmployeeDAO defined in : Invocation of init method failed; nested exception is org.springframework.data.repository.query.QueryCreationException: Could not create query for public abstract java.lang.Integer com.microservices.learn.dao.EmployeeDAO.updateEmployeeSalaryByName(java.lang.Double,java.lang.String); Reason: Failed to create query for method public abstract java.lang.Integer com.microservices.learn.dao.EmployeeDAO.updateEmployeeSalaryByName(java.lang.Double,java.lang.String)! No property 'updateEmployeeSalaryByName' found for type 'EmployeeEntity'; nested exception is java.lang.IllegalArgumentException: Failed to create query for method public abstract java.lang.Integer com.microservices.learn.dao.EmployeeDAO.updateEmployeeSalaryByName(java.lang.Double,java.lang.String)! No property 'updateEmployeeSalaryByName' found for type 'EmployeeEntity'
		at org.springframework.beans.factory.support.AbstractAutowireCapableBeanFactory.initializeBean(AbstractAutowireCapableBeanFactory.java:1804)
		at org.springframework.beans.factory.support.AbstractAutowireCapableBeanFactory.doCreateBean(AbstractAutowireCapableBeanFactory.java:620)
		at org.springframework.beans.factory.support.AbstractAutowireCapableBeanFactory.createBean(AbstractAutowireCapableBeanFactory.java:542)
		at org.springframework.beans.factory.support.AbstractBeanFactory.lambda$doGetBean$0(AbstractBeanFactory.java:335)
		at org.springframework.beans.factory.support.DefaultSingletonBeanRegistry.getSingleton(DefaultSingletonBeanRegistry.java:234)
		at org.springframework.beans.factory.support.AbstractBeanFactory.doGetBean(AbstractBeanFactory.java:333)
		at org.springframework.beans.factory.support.AbstractBeanFactory.getBean(AbstractBeanFactory.java:208)
		at org.springframework.beans.factory.config.DependencyDescriptor.resolveCandidate(DependencyDescriptor.java:276)
		at org.springframework.beans.factory.support.DefaultListableBeanFactory.doResolveDependency(DefaultListableBeanFactory.java:1391)
		at org.springframework.beans.factory.support.DefaultListableBeanFactory.resolveDependency(DefaultListableBeanFactory.java:1311)
		at org.springframework.beans.factory.annotation.AutowiredAnnotationBeanPostProcessor$AutowiredFieldElement.resolveFieldValue(AutowiredAnnotationBeanPostProcessor.java:656)
		... 71 more
	Caused by: org.springframework.data.repository.query.QueryCreationException: Could not create query for public abstract java.lang.Integer com.microservices.learn.dao.EmployeeDAO.updateEmployeeSalaryByName(java.lang.Double,java.lang.String); Reason: Failed to create query for method public abstract java.lang.Integer com.microservices.learn.dao.EmployeeDAO.updateEmployeeSalaryByName(java.lang.Double,java.lang.String)! No property 'updateEmployeeSalaryByName' found for type 'EmployeeEntity'; nested exception is java.lang.IllegalArgumentException: Failed to create query for method public abstract java.lang.Integer com.microservices.learn.dao.EmployeeDAO.updateEmployeeSalaryByName(java.lang.Double,java.lang.String)! No property 'updateEmployeeSalaryByName' found for type 'EmployeeEntity'
		at org.springframework.data.repository.query.QueryCreationException.create(QueryCreationException.java:101)
		at org.springframework.data.repository.core.support.QueryExecutorMethodInterceptor.lookupQuery(QueryExecutorMethodInterceptor.java:107)
		at org.springframework.data.repository.core.support.QueryExecutorMethodInterceptor.lambda$mapMethodsToQuery$1(QueryExecutorMethodInterceptor.java:95)
		at java.util.stream.ReferencePipeline$3$1.accept(ReferencePipeline.java:193)
		at java.util.Iterator.forEachRemaining(Iterator.java:116)
		at java.util.Collections$UnmodifiableCollection$1.forEachRemaining(Collections.java:1051)
		at java.util.Spliterators$IteratorSpliterator.forEachRemaining(Spliterators.java:1801)
		at java.util.stream.AbstractPipeline.copyInto(AbstractPipeline.java:482)
		at java.util.stream.AbstractPipeline.wrapAndCopyInto(AbstractPipeline.java:472)
		at java.util.stream.ReduceOps$ReduceOp.evaluateSequential(ReduceOps.java:708)
		at java.util.stream.AbstractPipeline.evaluate(AbstractPipeline.java:234)
		at java.util.stream.ReferencePipeline.collect(ReferencePipeline.java:566)
		at org.springframework.data.repository.core.support.QueryExecutorMethodInterceptor.mapMethodsToQuery(QueryExecutorMethodInterceptor.java:97)
		at org.springframework.data.repository.core.support.QueryExecutorMethodInterceptor.lambda$new$0(QueryExecutorMethodInterceptor.java:87)
		at java.util.Optional.map(Optional.java:215)
		at org.springframework.data.repository.core.support.QueryExecutorMethodInterceptor.<init>(QueryExecutorMethodInterceptor.java:87)
		at org.springframework.data.repository.core.support.RepositoryFactorySupport.getRepository(RepositoryFactorySupport.java:365)
		at org.springframework.data.repository.core.support.RepositoryFactoryBeanSupport.lambda$afterPropertiesSet$5(RepositoryFactoryBeanSupport.java:323)
		at org.springframework.data.util.Lazy.getNullable(Lazy.java:231)
		at org.springframework.data.util.Lazy.get(Lazy.java:115)
		at org.springframework.data.repository.core.support.RepositoryFactoryBeanSupport.afterPropertiesSet(RepositoryFactoryBeanSupport.java:329)
		at org.springframework.data.jpa.repository.support.JpaRepositoryFactoryBean.afterPropertiesSet(JpaRepositoryFactoryBean.java:144)
		at org.springframework.beans.factory.support.AbstractAutowireCapableBeanFactory.invokeInitMethods(AbstractAutowireCapableBeanFactory.java:1863)
		at org.springframework.beans.factory.support.AbstractAutowireCapableBeanFactory.initializeBean(AbstractAutowireCapableBeanFactory.java:1800)
		... 81 more
	Caused by: java.lang.IllegalArgumentException: Failed to create query for method public abstract java.lang.Integer com.microservices.learn.dao.EmployeeDAO.updateEmployeeSalaryByName(java.lang.Double,java.lang.String)! No property 'updateEmployeeSalaryByName' found for type 'EmployeeEntity'
		at org.springframework.data.jpa.repository.query.PartTreeJpaQuery.<init>(PartTreeJpaQuery.java:96)
		at org.springframework.data.jpa.repository.query.JpaQueryLookupStrategy$CreateQueryLookupStrategy.resolveQuery(JpaQueryLookupStrategy.java:119)
		at org.springframework.data.jpa.repository.query.JpaQueryLookupStrategy$CreateIfNotFoundQueryLookupStrategy.resolveQuery(JpaQueryLookupStrategy.java:259)
		at org.springframework.data.jpa.repository.query.JpaQueryLookupStrategy$AbstractQueryLookupStrategy.resolveQuery(JpaQueryLookupStrategy.java:93)
		at org.springframework.data.repository.core.support.QueryExecutorMethodInterceptor.lookupQuery(QueryExecutorMethodInterceptor.java:103)
		... 103 more
	Caused by: org.springframework.data.mapping.PropertyReferenceException: No property 'updateEmployeeSalaryByName' found for type 'EmployeeEntity'
		at org.springframework.data.mapping.PropertyPath.<init>(PropertyPath.java:91)
		at org.springframework.data.mapping.PropertyPath.create(PropertyPath.java:438)
		at org.springframework.data.mapping.PropertyPath.create(PropertyPath.java:414)
		at org.springframework.data.mapping.PropertyPath.lambda$from$0(PropertyPath.java:367)
		at java.util.concurrent.ConcurrentMap.computeIfAbsent(ConcurrentMap.java:324)
		at org.springframework.data.mapping.PropertyPath.from(PropertyPath.java:349)
		at org.springframework.data.mapping.PropertyPath.from(PropertyPath.java:332)
		at org.springframework.data.repository.query.parser.Part.<init>(Part.java:81)
		at org.springframework.data.repository.query.parser.PartTree$OrPart.lambda$new$0(PartTree.java:250)
		at java.util.stream.ReferencePipeline$3$1.accept(ReferencePipeline.java:193)
		at java.util.stream.ReferencePipeline$2$1.accept(ReferencePipeline.java:175)
		at java.util.Spliterators$ArraySpliterator.forEachRemaining(Spliterators.java:948)
		at java.util.stream.AbstractPipeline.copyInto(AbstractPipeline.java:482)
		at java.util.stream.AbstractPipeline.wrapAndCopyInto(AbstractPipeline.java:472)
		at java.util.stream.ReduceOps$ReduceOp.evaluateSequential(ReduceOps.java:708)
		at java.util.stream.AbstractPipeline.evaluate(AbstractPipeline.java:234)
		at java.util.stream.ReferencePipeline.collect(ReferencePipeline.java:566)
		at org.springframework.data.repository.query.parser.PartTree$OrPart.<init>(PartTree.java:251)
		at org.springframework.data.repository.query.parser.PartTree$Predicate.lambda$new$0(PartTree.java:384)
		at java.util.stream.ReferencePipeline$3$1.accept(ReferencePipeline.java:193)
		at java.util.stream.ReferencePipeline$2$1.accept(ReferencePipeline.java:175)
		at java.util.Spliterators$ArraySpliterator.forEachRemaining(Spliterators.java:948)
		at java.util.stream.AbstractPipeline.copyInto(AbstractPipeline.java:482)
		at java.util.stream.AbstractPipeline.wrapAndCopyInto(AbstractPipeline.java:472)
		at java.util.stream.ReduceOps$ReduceOp.evaluateSequential(ReduceOps.java:708)
		at java.util.stream.AbstractPipeline.evaluate(AbstractPipeline.java:234)
		at java.util.stream.ReferencePipeline.collect(ReferencePipeline.java:566)
		at org.springframework.data.repository.query.parser.PartTree$Predicate.<init>(PartTree.java:385)
		at org.springframework.data.repository.query.parser.PartTree.<init>(PartTree.java:93)
		at org.springframework.data.jpa.repository.query.PartTreeJpaQuery.<init>(PartTreeJpaQuery.java:89)
		... 107 more
01-Apr-2026 01:59:47.684 SEVERE [main] org.apache.catalina.core.StandardContext.startInternal One or more listeners failed to start. Full details will be found in the appropriate container log file
01-Apr-2026 01:59:47.696 SEVERE [main] org.apache.catalina.core.StandardContext.startInternal Context [/employee-service] startup failed due to previous errors
01-Apr-2026 01:59:47.709 WARNING [main] org.apache.catalina.loader.WebappClassLoaderBase.clearReferencesJdbc The web application [employee-service] registered the JDBC driver [com.mysql.cj.jdbc.Driver] but failed to unregister it when the web application was stopped. To prevent a memory leak, the JDBC Driver has been forcibly unregistered.
01-Apr-2026 01:59:47.711 WARNING [main] org.apache.catalina.loader.WebappClassLoaderBase.clearReferencesThreads The web application [employee-service] appears to have started a thread named [mysql-cj-abandoned-connection-cleanup] but has failed to stop it. This is very likely to create a memory leak. Stack trace of thread:
 java.lang.Object.wait(Native Method)
 java.lang.ref.ReferenceQueue.remove(ReferenceQueue.java:144)
 com.mysql.cj.jdbc.AbandonedConnectionCleanupThread.run(AbandonedConnectionCleanupThread.java:91)
 java.util.concurrent.ThreadPoolExecutor.runWorker(ThreadPoolExecutor.java:1149)
 java.util.concurrent.ThreadPoolExecutor$Worker.run(ThreadPoolExecutor.java:624)
 java.lang.Thread.run(Thread.java:750)
01-Apr-2026 01:59:47.717 INFO [main] org.apache.catalina.startup.HostConfig.deployDirectory Deployment of web application directory [/Users/motocycopath/Desktop/java-full-stack-training/00-microservices-00/apache-tomcat-9.0.116/webapps/employee-service] has finished in [4,370] ms
01-Apr-2026 01:59:47.718 INFO [main] org.apache.catalina.startup.HostConfig.deployDirectory Deploying web application directory [/Users/motocycopath/Desktop/java-full-stack-training/00-microservices-00/apache-tomcat-9.0.116/webapps/docs]
01-Apr-2026 01:59:47.801 INFO [main] org.apache.catalina.startup.HostConfig.deployDirectory Deployment of web application directory [/Users/motocycopath/Desktop/java-full-stack-training/00-microservices-00/apache-tomcat-9.0.116/webapps/docs] has finished in [82] ms
01-Apr-2026 01:59:47.801 INFO [main] org.apache.catalina.startup.HostConfig.deployDirectory Deploying web application directory [/Users/motocycopath/Desktop/java-full-stack-training/00-microservices-00/apache-tomcat-9.0.116/webapps/manager]
01-Apr-2026 01:59:47.839 INFO [main] org.apache.catalina.startup.HostConfig.deployDirectory Deployment of web application directory [/Users/motocycopath/Desktop/java-full-stack-training/00-microservices-00/apache-tomcat-9.0.116/webapps/manager] has finished in [38] ms
01-Apr-2026 01:59:47.840 INFO [main] org.apache.catalina.startup.HostConfig.deployDirectory Deploying web application directory [/Users/motocycopath/Desktop/java-full-stack-training/00-microservices-00/apache-tomcat-9.0.116/webapps/examples]
01-Apr-2026 01:59:48.162 INFO [main] org.apache.catalina.startup.HostConfig.deployDirectory Deployment of web application directory [/Users/motocycopath/Desktop/java-full-stack-training/00-microservices-00/apache-tomcat-9.0.116/webapps/examples] has finished in [321] ms
01-Apr-2026 01:59:48.163 INFO [main] org.apache.catalina.startup.HostConfig.deployDirectory Deploying web application directory [/Users/motocycopath/Desktop/java-full-stack-training/00-microservices-00/apache-tomcat-9.0.116/webapps/ROOT]
01-Apr-2026 01:59:48.180 INFO [main] org.apache.catalina.startup.HostConfig.deployDirectory Deployment of web application directory [/Users/motocycopath/Desktop/java-full-stack-training/00-microservices-00/apache-tomcat-9.0.116/webapps/ROOT] has finished in [17] ms
01-Apr-2026 01:59:48.180 INFO [main] org.apache.catalina.startup.HostConfig.deployDirectory Deploying web application directory [/Users/motocycopath/Desktop/java-full-stack-training/00-microservices-00/apache-tomcat-9.0.116/webapps/host-manager]
01-Apr-2026 01:59:48.208 INFO [main] org.apache.catalina.startup.HostConfig.deployDirectory Deployment of web application directory [/Users/motocycopath/Desktop/java-full-stack-training/00-microservices-00/apache-tomcat-9.0.116/webapps/host-manager] has finished in [28] ms
01-Apr-2026 01:59:48.211 INFO [main] org.apache.coyote.AbstractProtocol.start Starting ProtocolHandler ["http-nio-8080"]
01-Apr-2026 01:59:48.223 INFO [main] org.apache.catalina.startup.Catalina.start Server startup in [4970] milliseconds
01-Apr-2026 01:59:50.767 INFO [mysql-cj-abandoned-connection-cleanup] org.apache.catalina.loader.WebappClassLoaderBase.checkStateForResourceLoading Illegal access: this web application instance has been stopped already. Could not load []. The following stack trace is thrown for debugging purposes as well as to attempt to terminate the thread which caused the illegal access.
	java.lang.IllegalStateException: Illegal access: this web application instance has been stopped already. Could not load []. The following stack trace is thrown for debugging purposes as well as to attempt to terminate the thread which caused the illegal access.
		at org.apache.catalina.loader.WebappClassLoaderBase.checkStateForResourceLoading(WebappClassLoaderBase.java:1370)
		at org.apache.catalina.loader.WebappClassLoaderBase.getResource(WebappClassLoaderBase.java:994)
		at com.mysql.cj.jdbc.AbandonedConnectionCleanupThread.checkThreadContextClassLoader(AbandonedConnectionCleanupThread.java:123)
		at com.mysql.cj.jdbc.AbandonedConnectionCleanupThread.run(AbandonedConnectionCleanupThread.java:90)
		at java.util.concurrent.ThreadPoolExecutor.runWorker(ThreadPoolExecutor.java:1149)
		at java.util.concurrent.ThreadPoolExecutor$Worker.run(ThreadPoolExecutor.java:624)
		at java.lang.Thread.run(Thread.java:750)
01-Apr-2026 02:01:11.911 INFO [main] org.apache.catalina.core.StandardServer.await A valid shutdown command was received via the shutdown port. Stopping the Server instance.
01-Apr-2026 02:01:11.916 INFO [main] org.apache.coyote.AbstractProtocol.pause Pausing ProtocolHandler ["http-nio-8080"]
01-Apr-2026 02:01:11.926 INFO [main] org.apache.catalina.core.StandardService.stopInternal Stopping service [Catalina]
01-Apr-2026 02:01:11.967 INFO [main] org.apache.coyote.AbstractProtocol.stop Stopping ProtocolHandler ["http-nio-8080"]
01-Apr-2026 02:01:11.982 INFO [main] org.apache.coyote.AbstractProtocol.destroy Destroying ProtocolHandler ["http-nio-8080"]
01-Apr-2026 02:01:18.860 INFO [main] org.apache.catalina.startup.VersionLoggerListener.log Server version name:   Apache Tomcat/9.0.116
01-Apr-2026 02:01:18.866 INFO [main] org.apache.catalina.startup.VersionLoggerListener.log Server built:          Mar 16 2026 15:05:42 UTC
01-Apr-2026 02:01:18.866 INFO [main] org.apache.catalina.startup.VersionLoggerListener.log Server version number: 9.0.116.0
01-Apr-2026 02:01:18.866 INFO [main] org.apache.catalina.startup.VersionLoggerListener.log OS Name:               Mac OS X
01-Apr-2026 02:01:18.866 INFO [main] org.apache.catalina.startup.VersionLoggerListener.log OS Version:            15.5
01-Apr-2026 02:01:18.866 INFO [main] org.apache.catalina.startup.VersionLoggerListener.log Architecture:          x86_64
01-Apr-2026 02:01:18.866 INFO [main] org.apache.catalina.startup.VersionLoggerListener.log Java Home:             /Library/Java/JavaVirtualMachines/temurin-8.jdk/Contents/Home/jre
01-Apr-2026 02:01:18.866 INFO [main] org.apache.catalina.startup.VersionLoggerListener.log JVM Version:           1.8.0_482-b08
01-Apr-2026 02:01:18.866 INFO [main] org.apache.catalina.startup.VersionLoggerListener.log JVM Vendor:            Temurin
01-Apr-2026 02:01:18.866 INFO [main] org.apache.catalina.startup.VersionLoggerListener.log CATALINA_BASE:         /Users/motocycopath/Desktop/java-full-stack-training/00-microservices-00/apache-tomcat-9.0.116
01-Apr-2026 02:01:18.866 INFO [main] org.apache.catalina.startup.VersionLoggerListener.log CATALINA_HOME:         /Users/motocycopath/Desktop/java-full-stack-training/00-microservices-00/apache-tomcat-9.0.116
01-Apr-2026 02:01:18.869 INFO [main] org.apache.catalina.startup.VersionLoggerListener.log Command line argument: -Djava.util.logging.config.file=/Users/motocycopath/Desktop/java-full-stack-training/00-microservices-00/apache-tomcat-9.0.116/conf/logging.properties
01-Apr-2026 02:01:18.869 INFO [main] org.apache.catalina.startup.VersionLoggerListener.log Command line argument: -Djava.util.logging.manager=org.apache.juli.ClassLoaderLogManager
01-Apr-2026 02:01:18.869 INFO [main] org.apache.catalina.startup.VersionLoggerListener.log Command line argument: -Djdk.tls.ephemeralDHKeySize=2048
01-Apr-2026 02:01:18.869 INFO [main] org.apache.catalina.startup.VersionLoggerListener.log Command line argument: -Djava.protocol.handler.pkgs=org.apache.catalina.webresources
01-Apr-2026 02:01:18.869 INFO [main] org.apache.catalina.startup.VersionLoggerListener.log Command line argument: -Dsun.io.useCanonCaches=false
01-Apr-2026 02:01:18.869 INFO [main] org.apache.catalina.startup.VersionLoggerListener.log Command line argument: -Dorg.apache.catalina.security.SecurityListener.UMASK=0027
01-Apr-2026 02:01:18.869 INFO [main] org.apache.catalina.startup.VersionLoggerListener.log Command line argument: -Dignore.endorsed.dirs=
01-Apr-2026 02:01:18.869 INFO [main] org.apache.catalina.startup.VersionLoggerListener.log Command line argument: -Dcatalina.base=/Users/motocycopath/Desktop/java-full-stack-training/00-microservices-00/apache-tomcat-9.0.116
01-Apr-2026 02:01:18.869 INFO [main] org.apache.catalina.startup.VersionLoggerListener.log Command line argument: -Dcatalina.home=/Users/motocycopath/Desktop/java-full-stack-training/00-microservices-00/apache-tomcat-9.0.116
01-Apr-2026 02:01:18.870 INFO [main] org.apache.catalina.startup.VersionLoggerListener.log Command line argument: -Djava.io.tmpdir=/Users/motocycopath/Desktop/java-full-stack-training/00-microservices-00/apache-tomcat-9.0.116/temp
01-Apr-2026 02:01:18.872 INFO [main] org.apache.catalina.core.AprLifecycleListener.lifecycleEvent The Apache Tomcat Native library which allows using OpenSSL was not found on the java.library.path: [/Users/motocycopath/Library/Java/Extensions:/Library/Java/Extensions:/Network/Library/Java/Extensions:/System/Library/Java/Extensions:/usr/lib/java:.]
01-Apr-2026 02:01:19.300 INFO [main] org.apache.coyote.AbstractProtocol.init Initializing ProtocolHandler ["http-nio-8080"]
01-Apr-2026 02:01:19.341 INFO [main] org.apache.catalina.startup.Catalina.load Server initialization in [644] milliseconds
01-Apr-2026 02:01:19.428 INFO [main] org.apache.catalina.core.StandardService.startInternal Starting service [Catalina]
01-Apr-2026 02:01:19.429 INFO [main] org.apache.catalina.core.StandardEngine.startInternal Starting Servlet engine: [Apache Tomcat/9.0.116]
01-Apr-2026 02:01:19.434 INFO [main] org.apache.catalina.startup.HostConfig.deployDirectory Deploying web application directory [/Users/motocycopath/Desktop/java-full-stack-training/00-microservices-00/apache-tomcat-9.0.116/webapps/employee-service]
01-Apr-2026 02:01:21.012 INFO [main] org.apache.jasper.servlet.TldScanner.scanJars At least one JAR was scanned for TLDs yet contained no TLDs. Enable debug logging for this logger for a complete list of JARs that were scanned but no TLDs were found in them. Skipping unneeded JARs during scanning can improve startup time and JSP compilation time.
01-Apr-2026 02:01:21.042 INFO [main] org.springframework.web.context.ContextLoader.initWebApplicationContext Root WebApplicationContext: initialization started
01-Apr-2026 02:01:21.539 INFO [main] org.springframework.data.repository.config.RepositoryConfigurationDelegate.registerRepositoriesIn Bootstrapping Spring Data JPA repositories in DEFAULT mode.
01-Apr-2026 02:01:21.655 INFO [main] org.springframework.data.repository.config.RepositoryConfigurationDelegate.registerRepositoriesIn Finished Spring Data repository scanning in 99 ms. Found 1 JPA repository interfaces.
01-Apr-2026 02:01:21.657 INFO [main] org.springframework.data.repository.config.RepositoryConfigurationDelegate.registerRepositoriesIn Bootstrapping Spring Data JPA repositories in DEFAULT mode.
01-Apr-2026 02:01:21.666 INFO [main] org.springframework.data.repository.config.RepositoryConfigurationDelegate.registerRepositoriesIn Finished Spring Data repository scanning in 8 ms. Found 1 JPA repository interfaces.
01-Apr-2026 02:01:22.049 INFO [main] org.hibernate.jpa.internal.util.LogHelper.logPersistenceUnitInformation HHH000204: Processing PersistenceUnitInfo [
	name: default
	...]
01-Apr-2026 02:01:22.110 INFO [main] org.hibernate.Version.logVersion HHH000412: Hibernate Core {5.2.8.Final}
01-Apr-2026 02:01:22.111 INFO [main] org.hibernate.cfg.Environment.<clinit> HHH000206: hibernate.properties not found
01-Apr-2026 02:01:22.147 INFO [main] org.hibernate.annotations.common.reflection.java.JavaReflectionManager.<clinit> HCANN000001: Hibernate Commons Annotations {5.0.1.Final}
01-Apr-2026 02:01:22.735 INFO [main] org.hibernate.dialect.Dialect.<init> HHH000400: Using dialect: org.hibernate.dialect.MySQLDialect
01-Apr-2026 02:01:23.277 INFO [main] org.springframework.orm.jpa.AbstractEntityManagerFactoryBean.buildNativeEntityManagerFactory Initialized JPA EntityManagerFactory for persistence unit 'default'
01-Apr-2026 02:01:23.801 WARNING [main] org.springframework.context.support.AbstractApplicationContext.refresh Exception encountered during context initialization - cancelling refresh attempt: org.springframework.beans.factory.UnsatisfiedDependencyException: Error creating bean with name 'employeeServiceImpl': Unsatisfied dependency expressed through field 'employeeDAOWrapper'; nested exception is org.springframework.beans.factory.UnsatisfiedDependencyException: Error creating bean with name 'employeeDAOWrapper': Unsatisfied dependency expressed through field 'employeeDAO'; nested exception is org.springframework.beans.factory.BeanCreationException: Error creating bean with name 'employeeDAO' defined in com.microservices.learn.dao.EmployeeDAO defined in : Invocation of init method failed; nested exception is org.springframework.data.repository.query.QueryCreationException: Could not create query for public abstract java.lang.Integer com.microservices.learn.dao.EmployeeDAO.updateEmployeeSalaryByName(java.lang.Double,java.lang.String); Reason: Failed to create query for method public abstract java.lang.Integer com.microservices.learn.dao.EmployeeDAO.updateEmployeeSalaryByName(java.lang.Double,java.lang.String)! No property 'updateEmployeeSalaryByName' found for type 'EmployeeEntity'; nested exception is java.lang.IllegalArgumentException: Failed to create query for method public abstract java.lang.Integer com.microservices.learn.dao.EmployeeDAO.updateEmployeeSalaryByName(java.lang.Double,java.lang.String)! No property 'updateEmployeeSalaryByName' found for type 'EmployeeEntity'
01-Apr-2026 02:01:23.802 INFO [main] org.springframework.orm.jpa.AbstractEntityManagerFactoryBean.destroy Closing JPA EntityManagerFactory for persistence unit 'default'
01-Apr-2026 02:01:23.804 SEVERE [main] org.springframework.web.context.ContextLoader.initWebApplicationContext Context initialization failed
	org.springframework.beans.factory.UnsatisfiedDependencyException: Error creating bean with name 'employeeServiceImpl': Unsatisfied dependency expressed through field 'employeeDAOWrapper'; nested exception is org.springframework.beans.factory.UnsatisfiedDependencyException: Error creating bean with name 'employeeDAOWrapper': Unsatisfied dependency expressed through field 'employeeDAO'; nested exception is org.springframework.beans.factory.BeanCreationException: Error creating bean with name 'employeeDAO' defined in com.microservices.learn.dao.EmployeeDAO defined in : Invocation of init method failed; nested exception is org.springframework.data.repository.query.QueryCreationException: Could not create query for public abstract java.lang.Integer com.microservices.learn.dao.EmployeeDAO.updateEmployeeSalaryByName(java.lang.Double,java.lang.String); Reason: Failed to create query for method public abstract java.lang.Integer com.microservices.learn.dao.EmployeeDAO.updateEmployeeSalaryByName(java.lang.Double,java.lang.String)! No property 'updateEmployeeSalaryByName' found for type 'EmployeeEntity'; nested exception is java.lang.IllegalArgumentException: Failed to create query for method public abstract java.lang.Integer com.microservices.learn.dao.EmployeeDAO.updateEmployeeSalaryByName(java.lang.Double,java.lang.String)! No property 'updateEmployeeSalaryByName' found for type 'EmployeeEntity'
		at org.springframework.beans.factory.annotation.AutowiredAnnotationBeanPostProcessor$AutowiredFieldElement.resolveFieldValue(AutowiredAnnotationBeanPostProcessor.java:659)
		at org.springframework.beans.factory.annotation.AutowiredAnnotationBeanPostProcessor$AutowiredFieldElement.inject(AutowiredAnnotationBeanPostProcessor.java:639)
		at org.springframework.beans.factory.annotation.InjectionMetadata.inject(InjectionMetadata.java:119)
		at org.springframework.beans.factory.annotation.AutowiredAnnotationBeanPostProcessor.postProcessProperties(AutowiredAnnotationBeanPostProcessor.java:399)
		at org.springframework.beans.factory.support.AbstractAutowireCapableBeanFactory.populateBean(AbstractAutowireCapableBeanFactory.java:1431)
		at org.springframework.beans.factory.support.AbstractAutowireCapableBeanFactory.doCreateBean(AbstractAutowireCapableBeanFactory.java:619)
		at org.springframework.beans.factory.support.AbstractAutowireCapableBeanFactory.createBean(AbstractAutowireCapableBeanFactory.java:542)
		at org.springframework.beans.factory.support.AbstractBeanFactory.lambda$doGetBean$0(AbstractBeanFactory.java:335)
		at org.springframework.beans.factory.support.DefaultSingletonBeanRegistry.getSingleton(DefaultSingletonBeanRegistry.java:234)
		at org.springframework.beans.factory.support.AbstractBeanFactory.doGetBean(AbstractBeanFactory.java:333)
		at org.springframework.beans.factory.support.AbstractBeanFactory.getBean(AbstractBeanFactory.java:208)
		at org.springframework.beans.factory.support.DefaultListableBeanFactory.preInstantiateSingletons(DefaultListableBeanFactory.java:955)
		at org.springframework.context.support.AbstractApplicationContext.finishBeanFactoryInitialization(AbstractApplicationContext.java:918)
		at org.springframework.context.support.AbstractApplicationContext.refresh(AbstractApplicationContext.java:583)
		at org.springframework.web.context.ContextLoader.configureAndRefreshWebApplicationContext(ContextLoader.java:401)
		at org.springframework.web.context.ContextLoader.initWebApplicationContext(ContextLoader.java:292)
		at org.springframework.web.context.ContextLoaderListener.contextInitialized(ContextLoaderListener.java:103)
		at org.apache.catalina.core.StandardContext.listenerStart(StandardContext.java:4047)
		at org.apache.catalina.core.StandardContext.startInternal(StandardContext.java:4489)
		at org.apache.catalina.util.LifecycleBase.start(LifecycleBase.java:164)
		at org.apache.catalina.core.ContainerBase.addChildInternal(ContainerBase.java:597)
		at org.apache.catalina.core.ContainerBase.addChild(ContainerBase.java:569)
		at org.apache.catalina.core.StandardHost.addChild(StandardHost.java:608)
		at org.apache.catalina.startup.HostConfig.deployDirectory(HostConfig.java:1171)
		at org.apache.catalina.startup.HostConfig$DeployDirectory.run(HostConfig.java:1880)
		at java.util.concurrent.Executors$RunnableAdapter.call(Executors.java:511)
		at java.util.concurrent.FutureTask.run(FutureTask.java:266)
		at org.apache.tomcat.util.threads.InlineExecutorService.execute(InlineExecutorService.java:82)
		at java.util.concurrent.AbstractExecutorService.submit(AbstractExecutorService.java:112)
		at org.apache.catalina.startup.HostConfig.deployDirectories(HostConfig.java:1082)
		at org.apache.catalina.startup.HostConfig.deployApps(HostConfig.java:467)
		at org.apache.catalina.startup.HostConfig.start(HostConfig.java:1576)
		at org.apache.catalina.startup.HostConfig.lifecycleEvent(HostConfig.java:309)
		at org.apache.catalina.util.LifecycleBase.fireLifecycleEvent(LifecycleBase.java:109)
		at org.apache.catalina.util.LifecycleBase.setStateInternal(LifecycleBase.java:389)
		at org.apache.catalina.util.LifecycleBase.setState(LifecycleBase.java:336)
		at org.apache.catalina.core.ContainerBase.startInternal(ContainerBase.java:774)
		at org.apache.catalina.core.StandardHost.startInternal(StandardHost.java:726)
		at org.apache.catalina.util.LifecycleBase.start(LifecycleBase.java:164)
		at org.apache.catalina.core.ContainerBase$StartChild.call(ContainerBase.java:1201)
		at org.apache.catalina.core.ContainerBase$StartChild.call(ContainerBase.java:1191)
		at java.util.concurrent.FutureTask.run(FutureTask.java:266)
		at org.apache.tomcat.util.threads.InlineExecutorService.execute(InlineExecutorService.java:82)
		at java.util.concurrent.AbstractExecutorService.submit(AbstractExecutorService.java:134)
		at org.apache.catalina.core.ContainerBase.startInternal(ContainerBase.java:747)
		at org.apache.catalina.core.StandardEngine.startInternal(StandardEngine.java:209)
		at org.apache.catalina.util.LifecycleBase.start(LifecycleBase.java:164)
		at org.apache.catalina.core.StandardService.startInternal(StandardService.java:410)
		at org.apache.catalina.util.LifecycleBase.start(LifecycleBase.java:164)
		at org.apache.catalina.core.StandardServer.startInternal(StandardServer.java:872)
		at org.apache.catalina.util.LifecycleBase.start(LifecycleBase.java:164)
		at org.apache.catalina.startup.Catalina.start(Catalina.java:736)
		at sun.reflect.NativeMethodAccessorImpl.invoke0(Native Method)
		at sun.reflect.NativeMethodAccessorImpl.invoke(NativeMethodAccessorImpl.java:62)
		at sun.reflect.DelegatingMethodAccessorImpl.invoke(DelegatingMethodAccessorImpl.java:43)
		at java.lang.reflect.Method.invoke(Method.java:498)
		at org.apache.catalina.startup.Bootstrap.start(Bootstrap.java:342)
		at org.apache.catalina.startup.Bootstrap.main(Bootstrap.java:473)
	Caused by: org.springframework.beans.factory.UnsatisfiedDependencyException: Error creating bean with name 'employeeDAOWrapper': Unsatisfied dependency expressed through field 'employeeDAO'; nested exception is org.springframework.beans.factory.BeanCreationException: Error creating bean with name 'employeeDAO' defined in com.microservices.learn.dao.EmployeeDAO defined in : Invocation of init method failed; nested exception is org.springframework.data.repository.query.QueryCreationException: Could not create query for public abstract java.lang.Integer com.microservices.learn.dao.EmployeeDAO.updateEmployeeSalaryByName(java.lang.Double,java.lang.String); Reason: Failed to create query for method public abstract java.lang.Integer com.microservices.learn.dao.EmployeeDAO.updateEmployeeSalaryByName(java.lang.Double,java.lang.String)! No property 'updateEmployeeSalaryByName' found for type 'EmployeeEntity'; nested exception is java.lang.IllegalArgumentException: Failed to create query for method public abstract java.lang.Integer com.microservices.learn.dao.EmployeeDAO.updateEmployeeSalaryByName(java.lang.Double,java.lang.String)! No property 'updateEmployeeSalaryByName' found for type 'EmployeeEntity'
		at org.springframework.beans.factory.annotation.AutowiredAnnotationBeanPostProcessor$AutowiredFieldElement.resolveFieldValue(AutowiredAnnotationBeanPostProcessor.java:659)
		at org.springframework.beans.factory.annotation.AutowiredAnnotationBeanPostProcessor$AutowiredFieldElement.inject(AutowiredAnnotationBeanPostProcessor.java:639)
		at org.springframework.beans.factory.annotation.InjectionMetadata.inject(InjectionMetadata.java:119)
		at org.springframework.beans.factory.annotation.AutowiredAnnotationBeanPostProcessor.postProcessProperties(AutowiredAnnotationBeanPostProcessor.java:399)
		at org.springframework.beans.factory.support.AbstractAutowireCapableBeanFactory.populateBean(AbstractAutowireCapableBeanFactory.java:1431)
		at org.springframework.beans.factory.support.AbstractAutowireCapableBeanFactory.doCreateBean(AbstractAutowireCapableBeanFactory.java:619)
		at org.springframework.beans.factory.support.AbstractAutowireCapableBeanFactory.createBean(AbstractAutowireCapableBeanFactory.java:542)
		at org.springframework.beans.factory.support.AbstractBeanFactory.lambda$doGetBean$0(AbstractBeanFactory.java:335)
		at org.springframework.beans.factory.support.DefaultSingletonBeanRegistry.getSingleton(DefaultSingletonBeanRegistry.java:234)
		at org.springframework.beans.factory.support.AbstractBeanFactory.doGetBean(AbstractBeanFactory.java:333)
		at org.springframework.beans.factory.support.AbstractBeanFactory.getBean(AbstractBeanFactory.java:208)
		at org.springframework.beans.factory.config.DependencyDescriptor.resolveCandidate(DependencyDescriptor.java:276)
		at org.springframework.beans.factory.support.DefaultListableBeanFactory.doResolveDependency(DefaultListableBeanFactory.java:1391)
		at org.springframework.beans.factory.support.DefaultListableBeanFactory.resolveDependency(DefaultListableBeanFactory.java:1311)
		at org.springframework.beans.factory.annotation.AutowiredAnnotationBeanPostProcessor$AutowiredFieldElement.resolveFieldValue(AutowiredAnnotationBeanPostProcessor.java:656)
		... 57 more
	Caused by: org.springframework.beans.factory.BeanCreationException: Error creating bean with name 'employeeDAO' defined in com.microservices.learn.dao.EmployeeDAO defined in : Invocation of init method failed; nested exception is org.springframework.data.repository.query.QueryCreationException: Could not create query for public abstract java.lang.Integer com.microservices.learn.dao.EmployeeDAO.updateEmployeeSalaryByName(java.lang.Double,java.lang.String); Reason: Failed to create query for method public abstract java.lang.Integer com.microservices.learn.dao.EmployeeDAO.updateEmployeeSalaryByName(java.lang.Double,java.lang.String)! No property 'updateEmployeeSalaryByName' found for type 'EmployeeEntity'; nested exception is java.lang.IllegalArgumentException: Failed to create query for method public abstract java.lang.Integer com.microservices.learn.dao.EmployeeDAO.updateEmployeeSalaryByName(java.lang.Double,java.lang.String)! No property 'updateEmployeeSalaryByName' found for type 'EmployeeEntity'
		at org.springframework.beans.factory.support.AbstractAutowireCapableBeanFactory.initializeBean(AbstractAutowireCapableBeanFactory.java:1804)
		at org.springframework.beans.factory.support.AbstractAutowireCapableBeanFactory.doCreateBean(AbstractAutowireCapableBeanFactory.java:620)
		at org.springframework.beans.factory.support.AbstractAutowireCapableBeanFactory.createBean(AbstractAutowireCapableBeanFactory.java:542)
		at org.springframework.beans.factory.support.AbstractBeanFactory.lambda$doGetBean$0(AbstractBeanFactory.java:335)
		at org.springframework.beans.factory.support.DefaultSingletonBeanRegistry.getSingleton(DefaultSingletonBeanRegistry.java:234)
		at org.springframework.beans.factory.support.AbstractBeanFactory.doGetBean(AbstractBeanFactory.java:333)
		at org.springframework.beans.factory.support.AbstractBeanFactory.getBean(AbstractBeanFactory.java:208)
		at org.springframework.beans.factory.config.DependencyDescriptor.resolveCandidate(DependencyDescriptor.java:276)
		at org.springframework.beans.factory.support.DefaultListableBeanFactory.doResolveDependency(DefaultListableBeanFactory.java:1391)
		at org.springframework.beans.factory.support.DefaultListableBeanFactory.resolveDependency(DefaultListableBeanFactory.java:1311)
		at org.springframework.beans.factory.annotation.AutowiredAnnotationBeanPostProcessor$AutowiredFieldElement.resolveFieldValue(AutowiredAnnotationBeanPostProcessor.java:656)
		... 71 more
	Caused by: org.springframework.data.repository.query.QueryCreationException: Could not create query for public abstract java.lang.Integer com.microservices.learn.dao.EmployeeDAO.updateEmployeeSalaryByName(java.lang.Double,java.lang.String); Reason: Failed to create query for method public abstract java.lang.Integer com.microservices.learn.dao.EmployeeDAO.updateEmployeeSalaryByName(java.lang.Double,java.lang.String)! No property 'updateEmployeeSalaryByName' found for type 'EmployeeEntity'; nested exception is java.lang.IllegalArgumentException: Failed to create query for method public abstract java.lang.Integer com.microservices.learn.dao.EmployeeDAO.updateEmployeeSalaryByName(java.lang.Double,java.lang.String)! No property 'updateEmployeeSalaryByName' found for type 'EmployeeEntity'
		at org.springframework.data.repository.query.QueryCreationException.create(QueryCreationException.java:101)
		at org.springframework.data.repository.core.support.QueryExecutorMethodInterceptor.lookupQuery(QueryExecutorMethodInterceptor.java:107)
		at org.springframework.data.repository.core.support.QueryExecutorMethodInterceptor.lambda$mapMethodsToQuery$1(QueryExecutorMethodInterceptor.java:95)
		at java.util.stream.ReferencePipeline$3$1.accept(ReferencePipeline.java:193)
		at java.util.Iterator.forEachRemaining(Iterator.java:116)
		at java.util.Collections$UnmodifiableCollection$1.forEachRemaining(Collections.java:1051)
		at java.util.Spliterators$IteratorSpliterator.forEachRemaining(Spliterators.java:1801)
		at java.util.stream.AbstractPipeline.copyInto(AbstractPipeline.java:482)
		at java.util.stream.AbstractPipeline.wrapAndCopyInto(AbstractPipeline.java:472)
		at java.util.stream.ReduceOps$ReduceOp.evaluateSequential(ReduceOps.java:708)
		at java.util.stream.AbstractPipeline.evaluate(AbstractPipeline.java:234)
		at java.util.stream.ReferencePipeline.collect(ReferencePipeline.java:566)
		at org.springframework.data.repository.core.support.QueryExecutorMethodInterceptor.mapMethodsToQuery(QueryExecutorMethodInterceptor.java:97)
		at org.springframework.data.repository.core.support.QueryExecutorMethodInterceptor.lambda$new$0(QueryExecutorMethodInterceptor.java:87)
		at java.util.Optional.map(Optional.java:215)
		at org.springframework.data.repository.core.support.QueryExecutorMethodInterceptor.<init>(QueryExecutorMethodInterceptor.java:87)
		at org.springframework.data.repository.core.support.RepositoryFactorySupport.getRepository(RepositoryFactorySupport.java:365)
		at org.springframework.data.repository.core.support.RepositoryFactoryBeanSupport.lambda$afterPropertiesSet$5(RepositoryFactoryBeanSupport.java:323)
		at org.springframework.data.util.Lazy.getNullable(Lazy.java:231)
		at org.springframework.data.util.Lazy.get(Lazy.java:115)
		at org.springframework.data.repository.core.support.RepositoryFactoryBeanSupport.afterPropertiesSet(RepositoryFactoryBeanSupport.java:329)
		at org.springframework.data.jpa.repository.support.JpaRepositoryFactoryBean.afterPropertiesSet(JpaRepositoryFactoryBean.java:144)
		at org.springframework.beans.factory.support.AbstractAutowireCapableBeanFactory.invokeInitMethods(AbstractAutowireCapableBeanFactory.java:1863)
		at org.springframework.beans.factory.support.AbstractAutowireCapableBeanFactory.initializeBean(AbstractAutowireCapableBeanFactory.java:1800)
		... 81 more
	Caused by: java.lang.IllegalArgumentException: Failed to create query for method public abstract java.lang.Integer com.microservices.learn.dao.EmployeeDAO.updateEmployeeSalaryByName(java.lang.Double,java.lang.String)! No property 'updateEmployeeSalaryByName' found for type 'EmployeeEntity'
		at org.springframework.data.jpa.repository.query.PartTreeJpaQuery.<init>(PartTreeJpaQuery.java:96)
		at org.springframework.data.jpa.repository.query.JpaQueryLookupStrategy$CreateQueryLookupStrategy.resolveQuery(JpaQueryLookupStrategy.java:119)
		at org.springframework.data.jpa.repository.query.JpaQueryLookupStrategy$CreateIfNotFoundQueryLookupStrategy.resolveQuery(JpaQueryLookupStrategy.java:259)
		at org.springframework.data.jpa.repository.query.JpaQueryLookupStrategy$AbstractQueryLookupStrategy.resolveQuery(JpaQueryLookupStrategy.java:93)
		at org.springframework.data.repository.core.support.QueryExecutorMethodInterceptor.lookupQuery(QueryExecutorMethodInterceptor.java:103)
		... 103 more
	Caused by: org.springframework.data.mapping.PropertyReferenceException: No property 'updateEmployeeSalaryByName' found for type 'EmployeeEntity'
		at org.springframework.data.mapping.PropertyPath.<init>(PropertyPath.java:91)
		at org.springframework.data.mapping.PropertyPath.create(PropertyPath.java:438)
		at org.springframework.data.mapping.PropertyPath.create(PropertyPath.java:414)
		at org.springframework.data.mapping.PropertyPath.lambda$from$0(PropertyPath.java:367)
		at java.util.concurrent.ConcurrentMap.computeIfAbsent(ConcurrentMap.java:324)
		at org.springframework.data.mapping.PropertyPath.from(PropertyPath.java:349)
		at org.springframework.data.mapping.PropertyPath.from(PropertyPath.java:332)
		at org.springframework.data.repository.query.parser.Part.<init>(Part.java:81)
		at org.springframework.data.repository.query.parser.PartTree$OrPart.lambda$new$0(PartTree.java:250)
		at java.util.stream.ReferencePipeline$3$1.accept(ReferencePipeline.java:193)
		at java.util.stream.ReferencePipeline$2$1.accept(ReferencePipeline.java:175)
		at java.util.Spliterators$ArraySpliterator.forEachRemaining(Spliterators.java:948)
		at java.util.stream.AbstractPipeline.copyInto(AbstractPipeline.java:482)
		at java.util.stream.AbstractPipeline.wrapAndCopyInto(AbstractPipeline.java:472)
		at java.util.stream.ReduceOps$ReduceOp.evaluateSequential(ReduceOps.java:708)
		at java.util.stream.AbstractPipeline.evaluate(AbstractPipeline.java:234)
		at java.util.stream.ReferencePipeline.collect(ReferencePipeline.java:566)
		at org.springframework.data.repository.query.parser.PartTree$OrPart.<init>(PartTree.java:251)
		at org.springframework.data.repository.query.parser.PartTree$Predicate.lambda$new$0(PartTree.java:384)
		at java.util.stream.ReferencePipeline$3$1.accept(ReferencePipeline.java:193)
		at java.util.stream.ReferencePipeline$2$1.accept(ReferencePipeline.java:175)
		at java.util.Spliterators$ArraySpliterator.forEachRemaining(Spliterators.java:948)
		at java.util.stream.AbstractPipeline.copyInto(AbstractPipeline.java:482)
		at java.util.stream.AbstractPipeline.wrapAndCopyInto(AbstractPipeline.java:472)
		at java.util.stream.ReduceOps$ReduceOp.evaluateSequential(ReduceOps.java:708)
		at java.util.stream.AbstractPipeline.evaluate(AbstractPipeline.java:234)
		at java.util.stream.ReferencePipeline.collect(ReferencePipeline.java:566)
		at org.springframework.data.repository.query.parser.PartTree$Predicate.<init>(PartTree.java:385)
		at org.springframework.data.repository.query.parser.PartTree.<init>(PartTree.java:93)
		at org.springframework.data.jpa.repository.query.PartTreeJpaQuery.<init>(PartTreeJpaQuery.java:89)
		... 107 more
01-Apr-2026 02:01:23.816 SEVERE [main] org.apache.catalina.core.StandardContext.startInternal One or more listeners failed to start. Full details will be found in the appropriate container log file
01-Apr-2026 02:01:23.835 SEVERE [main] org.apache.catalina.core.StandardContext.startInternal Context [/employee-service] startup failed due to previous errors
01-Apr-2026 02:01:23.848 WARNING [main] org.apache.catalina.loader.WebappClassLoaderBase.clearReferencesJdbc The web application [employee-service] registered the JDBC driver [com.mysql.cj.jdbc.Driver] but failed to unregister it when the web application was stopped. To prevent a memory leak, the JDBC Driver has been forcibly unregistered.
01-Apr-2026 02:01:23.850 WARNING [main] org.apache.catalina.loader.WebappClassLoaderBase.clearReferencesThreads The web application [employee-service] appears to have started a thread named [mysql-cj-abandoned-connection-cleanup] but has failed to stop it. This is very likely to create a memory leak. Stack trace of thread:
 java.lang.Object.wait(Native Method)
 java.lang.ref.ReferenceQueue.remove(ReferenceQueue.java:144)
 com.mysql.cj.jdbc.AbandonedConnectionCleanupThread.run(AbandonedConnectionCleanupThread.java:91)
 java.util.concurrent.ThreadPoolExecutor.runWorker(ThreadPoolExecutor.java:1149)
 java.util.concurrent.ThreadPoolExecutor$Worker.run(ThreadPoolExecutor.java:624)
 java.lang.Thread.run(Thread.java:750)
01-Apr-2026 02:01:23.862 INFO [main] org.apache.catalina.startup.HostConfig.deployDirectory Deployment of web application directory [/Users/motocycopath/Desktop/java-full-stack-training/00-microservices-00/apache-tomcat-9.0.116/webapps/employee-service] has finished in [4,426] ms
01-Apr-2026 02:01:23.864 INFO [main] org.apache.catalina.startup.HostConfig.deployDirectory Deploying web application directory [/Users/motocycopath/Desktop/java-full-stack-training/00-microservices-00/apache-tomcat-9.0.116/webapps/docs]
01-Apr-2026 02:01:23.984 INFO [main] org.apache.catalina.startup.HostConfig.deployDirectory Deployment of web application directory [/Users/motocycopath/Desktop/java-full-stack-training/00-microservices-00/apache-tomcat-9.0.116/webapps/docs] has finished in [120] ms
01-Apr-2026 02:01:23.985 INFO [main] org.apache.catalina.startup.HostConfig.deployDirectory Deploying web application directory [/Users/motocycopath/Desktop/java-full-stack-training/00-microservices-00/apache-tomcat-9.0.116/webapps/manager]
01-Apr-2026 02:01:24.028 INFO [main] org.apache.catalina.startup.HostConfig.deployDirectory Deployment of web application directory [/Users/motocycopath/Desktop/java-full-stack-training/00-microservices-00/apache-tomcat-9.0.116/webapps/manager] has finished in [43] ms
01-Apr-2026 02:01:24.028 INFO [main] org.apache.catalina.startup.HostConfig.deployDirectory Deploying web application directory [/Users/motocycopath/Desktop/java-full-stack-training/00-microservices-00/apache-tomcat-9.0.116/webapps/examples]
01-Apr-2026 02:01:24.297 INFO [main] org.apache.catalina.startup.HostConfig.deployDirectory Deployment of web application directory [/Users/motocycopath/Desktop/java-full-stack-training/00-microservices-00/apache-tomcat-9.0.116/webapps/examples] has finished in [269] ms
01-Apr-2026 02:01:24.298 INFO [main] org.apache.catalina.startup.HostConfig.deployDirectory Deploying web application directory [/Users/motocycopath/Desktop/java-full-stack-training/00-microservices-00/apache-tomcat-9.0.116/webapps/ROOT]
01-Apr-2026 02:01:24.317 INFO [main] org.apache.catalina.startup.HostConfig.deployDirectory Deployment of web application directory [/Users/motocycopath/Desktop/java-full-stack-training/00-microservices-00/apache-tomcat-9.0.116/webapps/ROOT] has finished in [20] ms
01-Apr-2026 02:01:24.317 INFO [main] org.apache.catalina.startup.HostConfig.deployDirectory Deploying web application directory [/Users/motocycopath/Desktop/java-full-stack-training/00-microservices-00/apache-tomcat-9.0.116/webapps/host-manager]
01-Apr-2026 02:01:24.344 INFO [main] org.apache.catalina.startup.HostConfig.deployDirectory Deployment of web application directory [/Users/motocycopath/Desktop/java-full-stack-training/00-microservices-00/apache-tomcat-9.0.116/webapps/host-manager] has finished in [27] ms
01-Apr-2026 02:01:24.348 INFO [main] org.apache.coyote.AbstractProtocol.start Starting ProtocolHandler ["http-nio-8080"]
01-Apr-2026 02:01:24.361 INFO [main] org.apache.catalina.startup.Catalina.start Server startup in [5019] milliseconds
01-Apr-2026 02:01:26.908 INFO [mysql-cj-abandoned-connection-cleanup] org.apache.catalina.loader.WebappClassLoaderBase.checkStateForResourceLoading Illegal access: this web application instance has been stopped already. Could not load []. The following stack trace is thrown for debugging purposes as well as to attempt to terminate the thread which caused the illegal access.
	java.lang.IllegalStateException: Illegal access: this web application instance has been stopped already. Could not load []. The following stack trace is thrown for debugging purposes as well as to attempt to terminate the thread which caused the illegal access.
		at org.apache.catalina.loader.WebappClassLoaderBase.checkStateForResourceLoading(WebappClassLoaderBase.java:1370)
		at org.apache.catalina.loader.WebappClassLoaderBase.getResource(WebappClassLoaderBase.java:994)
		at com.mysql.cj.jdbc.AbandonedConnectionCleanupThread.checkThreadContextClassLoader(AbandonedConnectionCleanupThread.java:123)
		at com.mysql.cj.jdbc.AbandonedConnectionCleanupThread.run(AbandonedConnectionCleanupThread.java:90)
		at java.util.concurrent.ThreadPoolExecutor.runWorker(ThreadPoolExecutor.java:1149)
		at java.util.concurrent.ThreadPoolExecutor$Worker.run(ThreadPoolExecutor.java:624)
		at java.lang.Thread.run(Thread.java:750)
01-Apr-2026 02:04:16.170 INFO [main] org.apache.catalina.core.StandardServer.await A valid shutdown command was received via the shutdown port. Stopping the Server instance.
01-Apr-2026 02:04:16.176 INFO [main] org.apache.coyote.AbstractProtocol.pause Pausing ProtocolHandler ["http-nio-8080"]
01-Apr-2026 02:04:16.189 INFO [main] org.apache.catalina.core.StandardService.stopInternal Stopping service [Catalina]
01-Apr-2026 02:04:16.234 INFO [main] org.apache.coyote.AbstractProtocol.stop Stopping ProtocolHandler ["http-nio-8080"]
01-Apr-2026 02:04:16.257 INFO [main] org.apache.coyote.AbstractProtocol.destroy Destroying ProtocolHandler ["http-nio-8080"]
01-Apr-2026 02:04:23.345 INFO [main] org.apache.catalina.startup.VersionLoggerListener.log Server version name:   Apache Tomcat/9.0.116
01-Apr-2026 02:04:23.361 INFO [main] org.apache.catalina.startup.VersionLoggerListener.log Server built:          Mar 16 2026 15:05:42 UTC
01-Apr-2026 02:04:23.362 INFO [main] org.apache.catalina.startup.VersionLoggerListener.log Server version number: 9.0.116.0
01-Apr-2026 02:04:23.362 INFO [main] org.apache.catalina.startup.VersionLoggerListener.log OS Name:               Mac OS X
01-Apr-2026 02:04:23.362 INFO [main] org.apache.catalina.startup.VersionLoggerListener.log OS Version:            15.5
01-Apr-2026 02:04:23.362 INFO [main] org.apache.catalina.startup.VersionLoggerListener.log Architecture:          x86_64
01-Apr-2026 02:04:23.362 INFO [main] org.apache.catalina.startup.VersionLoggerListener.log Java Home:             /Library/Java/JavaVirtualMachines/temurin-8.jdk/Contents/Home/jre
01-Apr-2026 02:04:23.362 INFO [main] org.apache.catalina.startup.VersionLoggerListener.log JVM Version:           1.8.0_482-b08
01-Apr-2026 02:04:23.362 INFO [main] org.apache.catalina.startup.VersionLoggerListener.log JVM Vendor:            Temurin
01-Apr-2026 02:04:23.362 INFO [main] org.apache.catalina.startup.VersionLoggerListener.log CATALINA_BASE:         /Users/motocycopath/Desktop/java-full-stack-training/00-microservices-00/apache-tomcat-9.0.116
01-Apr-2026 02:04:23.362 INFO [main] org.apache.catalina.startup.VersionLoggerListener.log CATALINA_HOME:         /Users/motocycopath/Desktop/java-full-stack-training/00-microservices-00/apache-tomcat-9.0.116
01-Apr-2026 02:04:23.364 INFO [main] org.apache.catalina.startup.VersionLoggerListener.log Command line argument: -Djava.util.logging.config.file=/Users/motocycopath/Desktop/java-full-stack-training/00-microservices-00/apache-tomcat-9.0.116/conf/logging.properties
01-Apr-2026 02:04:23.364 INFO [main] org.apache.catalina.startup.VersionLoggerListener.log Command line argument: -Djava.util.logging.manager=org.apache.juli.ClassLoaderLogManager
01-Apr-2026 02:04:23.364 INFO [main] org.apache.catalina.startup.VersionLoggerListener.log Command line argument: -Djdk.tls.ephemeralDHKeySize=2048
01-Apr-2026 02:04:23.365 INFO [main] org.apache.catalina.startup.VersionLoggerListener.log Command line argument: -Djava.protocol.handler.pkgs=org.apache.catalina.webresources
01-Apr-2026 02:04:23.365 INFO [main] org.apache.catalina.startup.VersionLoggerListener.log Command line argument: -Dsun.io.useCanonCaches=false
01-Apr-2026 02:04:23.365 INFO [main] org.apache.catalina.startup.VersionLoggerListener.log Command line argument: -Dorg.apache.catalina.security.SecurityListener.UMASK=0027
01-Apr-2026 02:04:23.365 INFO [main] org.apache.catalina.startup.VersionLoggerListener.log Command line argument: -Dignore.endorsed.dirs=
01-Apr-2026 02:04:23.366 INFO [main] org.apache.catalina.startup.VersionLoggerListener.log Command line argument: -Dcatalina.base=/Users/motocycopath/Desktop/java-full-stack-training/00-microservices-00/apache-tomcat-9.0.116
01-Apr-2026 02:04:23.366 INFO [main] org.apache.catalina.startup.VersionLoggerListener.log Command line argument: -Dcatalina.home=/Users/motocycopath/Desktop/java-full-stack-training/00-microservices-00/apache-tomcat-9.0.116
01-Apr-2026 02:04:23.366 INFO [main] org.apache.catalina.startup.VersionLoggerListener.log Command line argument: -Djava.io.tmpdir=/Users/motocycopath/Desktop/java-full-stack-training/00-microservices-00/apache-tomcat-9.0.116/temp
01-Apr-2026 02:04:23.368 INFO [main] org.apache.catalina.core.AprLifecycleListener.lifecycleEvent The Apache Tomcat Native library which allows using OpenSSL was not found on the java.library.path: [/Users/motocycopath/Library/Java/Extensions:/Library/Java/Extensions:/Network/Library/Java/Extensions:/System/Library/Java/Extensions:/usr/lib/java:.]
01-Apr-2026 02:04:23.855 INFO [main] org.apache.coyote.AbstractProtocol.init Initializing ProtocolHandler ["http-nio-8080"]
01-Apr-2026 02:04:23.900 INFO [main] org.apache.catalina.startup.Catalina.load Server initialization in [746] milliseconds
01-Apr-2026 02:04:24.003 INFO [main] org.apache.catalina.core.StandardService.startInternal Starting service [Catalina]
01-Apr-2026 02:04:24.004 INFO [main] org.apache.catalina.core.StandardEngine.startInternal Starting Servlet engine: [Apache Tomcat/9.0.116]
01-Apr-2026 02:04:24.025 INFO [main] org.apache.catalina.startup.HostConfig.deployDirectory Deploying web application directory [/Users/motocycopath/Desktop/java-full-stack-training/00-microservices-00/apache-tomcat-9.0.116/webapps/employee-service]
01-Apr-2026 02:04:25.628 INFO [main] org.apache.jasper.servlet.TldScanner.scanJars At least one JAR was scanned for TLDs yet contained no TLDs. Enable debug logging for this logger for a complete list of JARs that were scanned but no TLDs were found in them. Skipping unneeded JARs during scanning can improve startup time and JSP compilation time.
01-Apr-2026 02:04:25.667 INFO [main] org.springframework.web.context.ContextLoader.initWebApplicationContext Root WebApplicationContext: initialization started
01-Apr-2026 02:04:26.169 INFO [main] org.springframework.data.repository.config.RepositoryConfigurationDelegate.registerRepositoriesIn Bootstrapping Spring Data JPA repositories in DEFAULT mode.
01-Apr-2026 02:04:26.278 INFO [main] org.springframework.data.repository.config.RepositoryConfigurationDelegate.registerRepositoriesIn Finished Spring Data repository scanning in 92 ms. Found 1 JPA repository interfaces.
01-Apr-2026 02:04:26.280 INFO [main] org.springframework.data.repository.config.RepositoryConfigurationDelegate.registerRepositoriesIn Bootstrapping Spring Data JPA repositories in DEFAULT mode.
01-Apr-2026 02:04:26.287 INFO [main] org.springframework.data.repository.config.RepositoryConfigurationDelegate.registerRepositoriesIn Finished Spring Data repository scanning in 7 ms. Found 1 JPA repository interfaces.
01-Apr-2026 02:04:26.647 INFO [main] org.hibernate.jpa.internal.util.LogHelper.logPersistenceUnitInformation HHH000204: Processing PersistenceUnitInfo [
	name: default
	...]
01-Apr-2026 02:04:26.724 INFO [main] org.hibernate.Version.logVersion HHH000412: Hibernate Core {5.2.8.Final}
01-Apr-2026 02:04:26.728 INFO [main] org.hibernate.cfg.Environment.<clinit> HHH000206: hibernate.properties not found
01-Apr-2026 02:04:26.783 INFO [main] org.hibernate.annotations.common.reflection.java.JavaReflectionManager.<clinit> HCANN000001: Hibernate Commons Annotations {5.0.1.Final}
01-Apr-2026 02:04:27.297 INFO [main] org.hibernate.dialect.Dialect.<init> HHH000400: Using dialect: org.hibernate.dialect.MySQLDialect
01-Apr-2026 02:04:27.957 INFO [main] org.springframework.orm.jpa.AbstractEntityManagerFactoryBean.buildNativeEntityManagerFactory Initialized JPA EntityManagerFactory for persistence unit 'default'
01-Apr-2026 02:04:28.512 WARNING [main] org.springframework.context.support.AbstractApplicationContext.refresh Exception encountered during context initialization - cancelling refresh attempt: org.springframework.beans.factory.UnsatisfiedDependencyException: Error creating bean with name 'employeeServiceImpl': Unsatisfied dependency expressed through field 'employeeDAOWrapper'; nested exception is org.springframework.beans.factory.UnsatisfiedDependencyException: Error creating bean with name 'employeeDAOWrapper': Unsatisfied dependency expressed through field 'employeeDAO'; nested exception is org.springframework.beans.factory.BeanCreationException: Error creating bean with name 'employeeDAO' defined in com.microservices.learn.dao.EmployeeDAO defined in : Invocation of init method failed; nested exception is org.springframework.data.repository.query.QueryCreationException: Could not create query for public abstract java.lang.Integer com.microservices.learn.dao.EmployeeDAO.updateEmployeeSalaryByName(java.lang.Double,java.lang.String); Reason: Failed to create query for method public abstract java.lang.Integer com.microservices.learn.dao.EmployeeDAO.updateEmployeeSalaryByName(java.lang.Double,java.lang.String)! No property 'updateEmployeeSalaryByName' found for type 'EmployeeEntity'; nested exception is java.lang.IllegalArgumentException: Failed to create query for method public abstract java.lang.Integer com.microservices.learn.dao.EmployeeDAO.updateEmployeeSalaryByName(java.lang.Double,java.lang.String)! No property 'updateEmployeeSalaryByName' found for type 'EmployeeEntity'
01-Apr-2026 02:04:28.514 INFO [main] org.springframework.orm.jpa.AbstractEntityManagerFactoryBean.destroy Closing JPA EntityManagerFactory for persistence unit 'default'
01-Apr-2026 02:04:28.515 SEVERE [main] org.springframework.web.context.ContextLoader.initWebApplicationContext Context initialization failed
	org.springframework.beans.factory.UnsatisfiedDependencyException: Error creating bean with name 'employeeServiceImpl': Unsatisfied dependency expressed through field 'employeeDAOWrapper'; nested exception is org.springframework.beans.factory.UnsatisfiedDependencyException: Error creating bean with name 'employeeDAOWrapper': Unsatisfied dependency expressed through field 'employeeDAO'; nested exception is org.springframework.beans.factory.BeanCreationException: Error creating bean with name 'employeeDAO' defined in com.microservices.learn.dao.EmployeeDAO defined in : Invocation of init method failed; nested exception is org.springframework.data.repository.query.QueryCreationException: Could not create query for public abstract java.lang.Integer com.microservices.learn.dao.EmployeeDAO.updateEmployeeSalaryByName(java.lang.Double,java.lang.String); Reason: Failed to create query for method public abstract java.lang.Integer com.microservices.learn.dao.EmployeeDAO.updateEmployeeSalaryByName(java.lang.Double,java.lang.String)! No property 'updateEmployeeSalaryByName' found for type 'EmployeeEntity'; nested exception is java.lang.IllegalArgumentException: Failed to create query for method public abstract java.lang.Integer com.microservices.learn.dao.EmployeeDAO.updateEmployeeSalaryByName(java.lang.Double,java.lang.String)! No property 'updateEmployeeSalaryByName' found for type 'EmployeeEntity'
		at org.springframework.beans.factory.annotation.AutowiredAnnotationBeanPostProcessor$AutowiredFieldElement.resolveFieldValue(AutowiredAnnotationBeanPostProcessor.java:659)
		at org.springframework.beans.factory.annotation.AutowiredAnnotationBeanPostProcessor$AutowiredFieldElement.inject(AutowiredAnnotationBeanPostProcessor.java:639)
		at org.springframework.beans.factory.annotation.InjectionMetadata.inject(InjectionMetadata.java:119)
		at org.springframework.beans.factory.annotation.AutowiredAnnotationBeanPostProcessor.postProcessProperties(AutowiredAnnotationBeanPostProcessor.java:399)
		at org.springframework.beans.factory.support.AbstractAutowireCapableBeanFactory.populateBean(AbstractAutowireCapableBeanFactory.java:1431)
		at org.springframework.beans.factory.support.AbstractAutowireCapableBeanFactory.doCreateBean(AbstractAutowireCapableBeanFactory.java:619)
		at org.springframework.beans.factory.support.AbstractAutowireCapableBeanFactory.createBean(AbstractAutowireCapableBeanFactory.java:542)
		at org.springframework.beans.factory.support.AbstractBeanFactory.lambda$doGetBean$0(AbstractBeanFactory.java:335)
		at org.springframework.beans.factory.support.DefaultSingletonBeanRegistry.getSingleton(DefaultSingletonBeanRegistry.java:234)
		at org.springframework.beans.factory.support.AbstractBeanFactory.doGetBean(AbstractBeanFactory.java:333)
		at org.springframework.beans.factory.support.AbstractBeanFactory.getBean(AbstractBeanFactory.java:208)
		at org.springframework.beans.factory.support.DefaultListableBeanFactory.preInstantiateSingletons(DefaultListableBeanFactory.java:955)
		at org.springframework.context.support.AbstractApplicationContext.finishBeanFactoryInitialization(AbstractApplicationContext.java:918)
		at org.springframework.context.support.AbstractApplicationContext.refresh(AbstractApplicationContext.java:583)
		at org.springframework.web.context.ContextLoader.configureAndRefreshWebApplicationContext(ContextLoader.java:401)
		at org.springframework.web.context.ContextLoader.initWebApplicationContext(ContextLoader.java:292)
		at org.springframework.web.context.ContextLoaderListener.contextInitialized(ContextLoaderListener.java:103)
		at org.apache.catalina.core.StandardContext.listenerStart(StandardContext.java:4047)
		at org.apache.catalina.core.StandardContext.startInternal(StandardContext.java:4489)
		at org.apache.catalina.util.LifecycleBase.start(LifecycleBase.java:164)
		at org.apache.catalina.core.ContainerBase.addChildInternal(ContainerBase.java:597)
		at org.apache.catalina.core.ContainerBase.addChild(ContainerBase.java:569)
		at org.apache.catalina.core.StandardHost.addChild(StandardHost.java:608)
		at org.apache.catalina.startup.HostConfig.deployDirectory(HostConfig.java:1171)
		at org.apache.catalina.startup.HostConfig$DeployDirectory.run(HostConfig.java:1880)
		at java.util.concurrent.Executors$RunnableAdapter.call(Executors.java:511)
		at java.util.concurrent.FutureTask.run(FutureTask.java:266)
		at org.apache.tomcat.util.threads.InlineExecutorService.execute(InlineExecutorService.java:82)
		at java.util.concurrent.AbstractExecutorService.submit(AbstractExecutorService.java:112)
		at org.apache.catalina.startup.HostConfig.deployDirectories(HostConfig.java:1082)
		at org.apache.catalina.startup.HostConfig.deployApps(HostConfig.java:467)
		at org.apache.catalina.startup.HostConfig.start(HostConfig.java:1576)
		at org.apache.catalina.startup.HostConfig.lifecycleEvent(HostConfig.java:309)
		at org.apache.catalina.util.LifecycleBase.fireLifecycleEvent(LifecycleBase.java:109)
		at org.apache.catalina.util.LifecycleBase.setStateInternal(LifecycleBase.java:389)
		at org.apache.catalina.util.LifecycleBase.setState(LifecycleBase.java:336)
		at org.apache.catalina.core.ContainerBase.startInternal(ContainerBase.java:774)
		at org.apache.catalina.core.StandardHost.startInternal(StandardHost.java:726)
		at org.apache.catalina.util.LifecycleBase.start(LifecycleBase.java:164)
		at org.apache.catalina.core.ContainerBase$StartChild.call(ContainerBase.java:1201)
		at org.apache.catalina.core.ContainerBase$StartChild.call(ContainerBase.java:1191)
		at java.util.concurrent.FutureTask.run(FutureTask.java:266)
		at org.apache.tomcat.util.threads.InlineExecutorService.execute(InlineExecutorService.java:82)
		at java.util.concurrent.AbstractExecutorService.submit(AbstractExecutorService.java:134)
		at org.apache.catalina.core.ContainerBase.startInternal(ContainerBase.java:747)
		at org.apache.catalina.core.StandardEngine.startInternal(StandardEngine.java:209)
		at org.apache.catalina.util.LifecycleBase.start(LifecycleBase.java:164)
		at org.apache.catalina.core.StandardService.startInternal(StandardService.java:410)
		at org.apache.catalina.util.LifecycleBase.start(LifecycleBase.java:164)
		at org.apache.catalina.core.StandardServer.startInternal(StandardServer.java:872)
		at org.apache.catalina.util.LifecycleBase.start(LifecycleBase.java:164)
		at org.apache.catalina.startup.Catalina.start(Catalina.java:736)
		at sun.reflect.NativeMethodAccessorImpl.invoke0(Native Method)
		at sun.reflect.NativeMethodAccessorImpl.invoke(NativeMethodAccessorImpl.java:62)
		at sun.reflect.DelegatingMethodAccessorImpl.invoke(DelegatingMethodAccessorImpl.java:43)
		at java.lang.reflect.Method.invoke(Method.java:498)
		at org.apache.catalina.startup.Bootstrap.start(Bootstrap.java:342)
		at org.apache.catalina.startup.Bootstrap.main(Bootstrap.java:473)
	Caused by: org.springframework.beans.factory.UnsatisfiedDependencyException: Error creating bean with name 'employeeDAOWrapper': Unsatisfied dependency expressed through field 'employeeDAO'; nested exception is org.springframework.beans.factory.BeanCreationException: Error creating bean with name 'employeeDAO' defined in com.microservices.learn.dao.EmployeeDAO defined in : Invocation of init method failed; nested exception is org.springframework.data.repository.query.QueryCreationException: Could not create query for public abstract java.lang.Integer com.microservices.learn.dao.EmployeeDAO.updateEmployeeSalaryByName(java.lang.Double,java.lang.String); Reason: Failed to create query for method public abstract java.lang.Integer com.microservices.learn.dao.EmployeeDAO.updateEmployeeSalaryByName(java.lang.Double,java.lang.String)! No property 'updateEmployeeSalaryByName' found for type 'EmployeeEntity'; nested exception is java.lang.IllegalArgumentException: Failed to create query for method public abstract java.lang.Integer com.microservices.learn.dao.EmployeeDAO.updateEmployeeSalaryByName(java.lang.Double,java.lang.String)! No property 'updateEmployeeSalaryByName' found for type 'EmployeeEntity'
		at org.springframework.beans.factory.annotation.AutowiredAnnotationBeanPostProcessor$AutowiredFieldElement.resolveFieldValue(AutowiredAnnotationBeanPostProcessor.java:659)
		at org.springframework.beans.factory.annotation.AutowiredAnnotationBeanPostProcessor$AutowiredFieldElement.inject(AutowiredAnnotationBeanPostProcessor.java:639)
		at org.springframework.beans.factory.annotation.InjectionMetadata.inject(InjectionMetadata.java:119)
		at org.springframework.beans.factory.annotation.AutowiredAnnotationBeanPostProcessor.postProcessProperties(AutowiredAnnotationBeanPostProcessor.java:399)
		at org.springframework.beans.factory.support.AbstractAutowireCapableBeanFactory.populateBean(AbstractAutowireCapableBeanFactory.java:1431)
		at org.springframework.beans.factory.support.AbstractAutowireCapableBeanFactory.doCreateBean(AbstractAutowireCapableBeanFactory.java:619)
		at org.springframework.beans.factory.support.AbstractAutowireCapableBeanFactory.createBean(AbstractAutowireCapableBeanFactory.java:542)
		at org.springframework.beans.factory.support.AbstractBeanFactory.lambda$doGetBean$0(AbstractBeanFactory.java:335)
		at org.springframework.beans.factory.support.DefaultSingletonBeanRegistry.getSingleton(DefaultSingletonBeanRegistry.java:234)
		at org.springframework.beans.factory.support.AbstractBeanFactory.doGetBean(AbstractBeanFactory.java:333)
		at org.springframework.beans.factory.support.AbstractBeanFactory.getBean(AbstractBeanFactory.java:208)
		at org.springframework.beans.factory.config.DependencyDescriptor.resolveCandidate(DependencyDescriptor.java:276)
		at org.springframework.beans.factory.support.DefaultListableBeanFactory.doResolveDependency(DefaultListableBeanFactory.java:1391)
		at org.springframework.beans.factory.support.DefaultListableBeanFactory.resolveDependency(DefaultListableBeanFactory.java:1311)
		at org.springframework.beans.factory.annotation.AutowiredAnnotationBeanPostProcessor$AutowiredFieldElement.resolveFieldValue(AutowiredAnnotationBeanPostProcessor.java:656)
		... 57 more
	Caused by: org.springframework.beans.factory.BeanCreationException: Error creating bean with name 'employeeDAO' defined in com.microservices.learn.dao.EmployeeDAO defined in : Invocation of init method failed; nested exception is org.springframework.data.repository.query.QueryCreationException: Could not create query for public abstract java.lang.Integer com.microservices.learn.dao.EmployeeDAO.updateEmployeeSalaryByName(java.lang.Double,java.lang.String); Reason: Failed to create query for method public abstract java.lang.Integer com.microservices.learn.dao.EmployeeDAO.updateEmployeeSalaryByName(java.lang.Double,java.lang.String)! No property 'updateEmployeeSalaryByName' found for type 'EmployeeEntity'; nested exception is java.lang.IllegalArgumentException: Failed to create query for method public abstract java.lang.Integer com.microservices.learn.dao.EmployeeDAO.updateEmployeeSalaryByName(java.lang.Double,java.lang.String)! No property 'updateEmployeeSalaryByName' found for type 'EmployeeEntity'
		at org.springframework.beans.factory.support.AbstractAutowireCapableBeanFactory.initializeBean(AbstractAutowireCapableBeanFactory.java:1804)
		at org.springframework.beans.factory.support.AbstractAutowireCapableBeanFactory.doCreateBean(AbstractAutowireCapableBeanFactory.java:620)
		at org.springframework.beans.factory.support.AbstractAutowireCapableBeanFactory.createBean(AbstractAutowireCapableBeanFactory.java:542)
		at org.springframework.beans.factory.support.AbstractBeanFactory.lambda$doGetBean$0(AbstractBeanFactory.java:335)
		at org.springframework.beans.factory.support.DefaultSingletonBeanRegistry.getSingleton(DefaultSingletonBeanRegistry.java:234)
		at org.springframework.beans.factory.support.AbstractBeanFactory.doGetBean(AbstractBeanFactory.java:333)
		at org.springframework.beans.factory.support.AbstractBeanFactory.getBean(AbstractBeanFactory.java:208)
		at org.springframework.beans.factory.config.DependencyDescriptor.resolveCandidate(DependencyDescriptor.java:276)
		at org.springframework.beans.factory.support.DefaultListableBeanFactory.doResolveDependency(DefaultListableBeanFactory.java:1391)
		at org.springframework.beans.factory.support.DefaultListableBeanFactory.resolveDependency(DefaultListableBeanFactory.java:1311)
		at org.springframework.beans.factory.annotation.AutowiredAnnotationBeanPostProcessor$AutowiredFieldElement.resolveFieldValue(AutowiredAnnotationBeanPostProcessor.java:656)
		... 71 more
	Caused by: org.springframework.data.repository.query.QueryCreationException: Could not create query for public abstract java.lang.Integer com.microservices.learn.dao.EmployeeDAO.updateEmployeeSalaryByName(java.lang.Double,java.lang.String); Reason: Failed to create query for method public abstract java.lang.Integer com.microservices.learn.dao.EmployeeDAO.updateEmployeeSalaryByName(java.lang.Double,java.lang.String)! No property 'updateEmployeeSalaryByName' found for type 'EmployeeEntity'; nested exception is java.lang.IllegalArgumentException: Failed to create query for method public abstract java.lang.Integer com.microservices.learn.dao.EmployeeDAO.updateEmployeeSalaryByName(java.lang.Double,java.lang.String)! No property 'updateEmployeeSalaryByName' found for type 'EmployeeEntity'
		at org.springframework.data.repository.query.QueryCreationException.create(QueryCreationException.java:101)
		at org.springframework.data.repository.core.support.QueryExecutorMethodInterceptor.lookupQuery(QueryExecutorMethodInterceptor.java:107)
		at org.springframework.data.repository.core.support.QueryExecutorMethodInterceptor.lambda$mapMethodsToQuery$1(QueryExecutorMethodInterceptor.java:95)
		at java.util.stream.ReferencePipeline$3$1.accept(ReferencePipeline.java:193)
		at java.util.Iterator.forEachRemaining(Iterator.java:116)
		at java.util.Collections$UnmodifiableCollection$1.forEachRemaining(Collections.java:1051)
		at java.util.Spliterators$IteratorSpliterator.forEachRemaining(Spliterators.java:1801)
		at java.util.stream.AbstractPipeline.copyInto(AbstractPipeline.java:482)
		at java.util.stream.AbstractPipeline.wrapAndCopyInto(AbstractPipeline.java:472)
		at java.util.stream.ReduceOps$ReduceOp.evaluateSequential(ReduceOps.java:708)
		at java.util.stream.AbstractPipeline.evaluate(AbstractPipeline.java:234)
		at java.util.stream.ReferencePipeline.collect(ReferencePipeline.java:566)
		at org.springframework.data.repository.core.support.QueryExecutorMethodInterceptor.mapMethodsToQuery(QueryExecutorMethodInterceptor.java:97)
		at org.springframework.data.repository.core.support.QueryExecutorMethodInterceptor.lambda$new$0(QueryExecutorMethodInterceptor.java:87)
		at java.util.Optional.map(Optional.java:215)
		at org.springframework.data.repository.core.support.QueryExecutorMethodInterceptor.<init>(QueryExecutorMethodInterceptor.java:87)
		at org.springframework.data.repository.core.support.RepositoryFactorySupport.getRepository(RepositoryFactorySupport.java:365)
		at org.springframework.data.repository.core.support.RepositoryFactoryBeanSupport.lambda$afterPropertiesSet$5(RepositoryFactoryBeanSupport.java:323)
		at org.springframework.data.util.Lazy.getNullable(Lazy.java:231)
		at org.springframework.data.util.Lazy.get(Lazy.java:115)
		at org.springframework.data.repository.core.support.RepositoryFactoryBeanSupport.afterPropertiesSet(RepositoryFactoryBeanSupport.java:329)
		at org.springframework.data.jpa.repository.support.JpaRepositoryFactoryBean.afterPropertiesSet(JpaRepositoryFactoryBean.java:144)
		at org.springframework.beans.factory.support.AbstractAutowireCapableBeanFactory.invokeInitMethods(AbstractAutowireCapableBeanFactory.java:1863)
		at org.springframework.beans.factory.support.AbstractAutowireCapableBeanFactory.initializeBean(AbstractAutowireCapableBeanFactory.java:1800)
		... 81 more
	Caused by: java.lang.IllegalArgumentException: Failed to create query for method public abstract java.lang.Integer com.microservices.learn.dao.EmployeeDAO.updateEmployeeSalaryByName(java.lang.Double,java.lang.String)! No property 'updateEmployeeSalaryByName' found for type 'EmployeeEntity'
		at org.springframework.data.jpa.repository.query.PartTreeJpaQuery.<init>(PartTreeJpaQuery.java:96)
		at org.springframework.data.jpa.repository.query.JpaQueryLookupStrategy$CreateQueryLookupStrategy.resolveQuery(JpaQueryLookupStrategy.java:119)
		at org.springframework.data.jpa.repository.query.JpaQueryLookupStrategy$CreateIfNotFoundQueryLookupStrategy.resolveQuery(JpaQueryLookupStrategy.java:259)
		at org.springframework.data.jpa.repository.query.JpaQueryLookupStrategy$AbstractQueryLookupStrategy.resolveQuery(JpaQueryLookupStrategy.java:93)
		at org.springframework.data.repository.core.support.QueryExecutorMethodInterceptor.lookupQuery(QueryExecutorMethodInterceptor.java:103)
		... 103 more
	Caused by: org.springframework.data.mapping.PropertyReferenceException: No property 'updateEmployeeSalaryByName' found for type 'EmployeeEntity'
		at org.springframework.data.mapping.PropertyPath.<init>(PropertyPath.java:91)
		at org.springframework.data.mapping.PropertyPath.create(PropertyPath.java:438)
		at org.springframework.data.mapping.PropertyPath.create(PropertyPath.java:414)
		at org.springframework.data.mapping.PropertyPath.lambda$from$0(PropertyPath.java:367)
		at java.util.concurrent.ConcurrentMap.computeIfAbsent(ConcurrentMap.java:324)
		at org.springframework.data.mapping.PropertyPath.from(PropertyPath.java:349)
		at org.springframework.data.mapping.PropertyPath.from(PropertyPath.java:332)
		at org.springframework.data.repository.query.parser.Part.<init>(Part.java:81)
		at org.springframework.data.repository.query.parser.PartTree$OrPart.lambda$new$0(PartTree.java:250)
		at java.util.stream.ReferencePipeline$3$1.accept(ReferencePipeline.java:193)
		at java.util.stream.ReferencePipeline$2$1.accept(ReferencePipeline.java:175)
		at java.util.Spliterators$ArraySpliterator.forEachRemaining(Spliterators.java:948)
		at java.util.stream.AbstractPipeline.copyInto(AbstractPipeline.java:482)
		at java.util.stream.AbstractPipeline.wrapAndCopyInto(AbstractPipeline.java:472)
		at java.util.stream.ReduceOps$ReduceOp.evaluateSequential(ReduceOps.java:708)
		at java.util.stream.AbstractPipeline.evaluate(AbstractPipeline.java:234)
		at java.util.stream.ReferencePipeline.collect(ReferencePipeline.java:566)
		at org.springframework.data.repository.query.parser.PartTree$OrPart.<init>(PartTree.java:251)
		at org.springframework.data.repository.query.parser.PartTree$Predicate.lambda$new$0(PartTree.java:384)
		at java.util.stream.ReferencePipeline$3$1.accept(ReferencePipeline.java:193)
		at java.util.stream.ReferencePipeline$2$1.accept(ReferencePipeline.java:175)
		at java.util.Spliterators$ArraySpliterator.forEachRemaining(Spliterators.java:948)
		at java.util.stream.AbstractPipeline.copyInto(AbstractPipeline.java:482)
		at java.util.stream.AbstractPipeline.wrapAndCopyInto(AbstractPipeline.java:472)
		at java.util.stream.ReduceOps$ReduceOp.evaluateSequential(ReduceOps.java:708)
		at java.util.stream.AbstractPipeline.evaluate(AbstractPipeline.java:234)
		at java.util.stream.ReferencePipeline.collect(ReferencePipeline.java:566)
		at org.springframework.data.repository.query.parser.PartTree$Predicate.<init>(PartTree.java:385)
		at org.springframework.data.repository.query.parser.PartTree.<init>(PartTree.java:93)
		at org.springframework.data.jpa.repository.query.PartTreeJpaQuery.<init>(PartTreeJpaQuery.java:89)
		... 107 more
01-Apr-2026 02:04:28.524 SEVERE [main] org.apache.catalina.core.StandardContext.startInternal One or more listeners failed to start. Full details will be found in the appropriate container log file
01-Apr-2026 02:04:28.538 SEVERE [main] org.apache.catalina.core.StandardContext.startInternal Context [/employee-service] startup failed due to previous errors
01-Apr-2026 02:04:28.553 WARNING [main] org.apache.catalina.loader.WebappClassLoaderBase.clearReferencesJdbc The web application [employee-service] registered the JDBC driver [com.mysql.cj.jdbc.Driver] but failed to unregister it when the web application was stopped. To prevent a memory leak, the JDBC Driver has been forcibly unregistered.
01-Apr-2026 02:04:28.555 WARNING [main] org.apache.catalina.loader.WebappClassLoaderBase.clearReferencesThreads The web application [employee-service] appears to have started a thread named [mysql-cj-abandoned-connection-cleanup] but has failed to stop it. This is very likely to create a memory leak. Stack trace of thread:
 java.lang.Object.wait(Native Method)
 java.lang.ref.ReferenceQueue.remove(ReferenceQueue.java:144)
 com.mysql.cj.jdbc.AbandonedConnectionCleanupThread.run(AbandonedConnectionCleanupThread.java:91)
 java.util.concurrent.ThreadPoolExecutor.runWorker(ThreadPoolExecutor.java:1149)
 java.util.concurrent.ThreadPoolExecutor$Worker.run(ThreadPoolExecutor.java:624)
 java.lang.Thread.run(Thread.java:750)
01-Apr-2026 02:04:28.564 INFO [main] org.apache.catalina.startup.HostConfig.deployDirectory Deployment of web application directory [/Users/motocycopath/Desktop/java-full-stack-training/00-microservices-00/apache-tomcat-9.0.116/webapps/employee-service] has finished in [4,537] ms
01-Apr-2026 02:04:28.564 INFO [main] org.apache.catalina.startup.HostConfig.deployDirectory Deploying web application directory [/Users/motocycopath/Desktop/java-full-stack-training/00-microservices-00/apache-tomcat-9.0.116/webapps/docs]
01-Apr-2026 02:04:28.648 INFO [main] org.apache.catalina.startup.HostConfig.deployDirectory Deployment of web application directory [/Users/motocycopath/Desktop/java-full-stack-training/00-microservices-00/apache-tomcat-9.0.116/webapps/docs] has finished in [83] ms
01-Apr-2026 02:04:28.649 INFO [main] org.apache.catalina.startup.HostConfig.deployDirectory Deploying web application directory [/Users/motocycopath/Desktop/java-full-stack-training/00-microservices-00/apache-tomcat-9.0.116/webapps/manager]
01-Apr-2026 02:04:28.689 INFO [main] org.apache.catalina.startup.HostConfig.deployDirectory Deployment of web application directory [/Users/motocycopath/Desktop/java-full-stack-training/00-microservices-00/apache-tomcat-9.0.116/webapps/manager] has finished in [40] ms
01-Apr-2026 02:04:28.689 INFO [main] org.apache.catalina.startup.HostConfig.deployDirectory Deploying web application directory [/Users/motocycopath/Desktop/java-full-stack-training/00-microservices-00/apache-tomcat-9.0.116/webapps/examples]
01-Apr-2026 02:04:29.015 INFO [main] org.apache.catalina.startup.HostConfig.deployDirectory Deployment of web application directory [/Users/motocycopath/Desktop/java-full-stack-training/00-microservices-00/apache-tomcat-9.0.116/webapps/examples] has finished in [326] ms
01-Apr-2026 02:04:29.015 INFO [main] org.apache.catalina.startup.HostConfig.deployDirectory Deploying web application directory [/Users/motocycopath/Desktop/java-full-stack-training/00-microservices-00/apache-tomcat-9.0.116/webapps/ROOT]
01-Apr-2026 02:04:29.037 INFO [main] org.apache.catalina.startup.HostConfig.deployDirectory Deployment of web application directory [/Users/motocycopath/Desktop/java-full-stack-training/00-microservices-00/apache-tomcat-9.0.116/webapps/ROOT] has finished in [22] ms
01-Apr-2026 02:04:29.037 INFO [main] org.apache.catalina.startup.HostConfig.deployDirectory Deploying web application directory [/Users/motocycopath/Desktop/java-full-stack-training/00-microservices-00/apache-tomcat-9.0.116/webapps/host-manager]
01-Apr-2026 02:04:29.061 INFO [main] org.apache.catalina.startup.HostConfig.deployDirectory Deployment of web application directory [/Users/motocycopath/Desktop/java-full-stack-training/00-microservices-00/apache-tomcat-9.0.116/webapps/host-manager] has finished in [24] ms
01-Apr-2026 02:04:29.066 INFO [main] org.apache.coyote.AbstractProtocol.start Starting ProtocolHandler ["http-nio-8080"]
01-Apr-2026 02:04:29.079 INFO [main] org.apache.catalina.startup.Catalina.start Server startup in [5178] milliseconds
01-Apr-2026 02:04:31.528 INFO [mysql-cj-abandoned-connection-cleanup] org.apache.catalina.loader.WebappClassLoaderBase.checkStateForResourceLoading Illegal access: this web application instance has been stopped already. Could not load []. The following stack trace is thrown for debugging purposes as well as to attempt to terminate the thread which caused the illegal access.
	java.lang.IllegalStateException: Illegal access: this web application instance has been stopped already. Could not load []. The following stack trace is thrown for debugging purposes as well as to attempt to terminate the thread which caused the illegal access.
		at org.apache.catalina.loader.WebappClassLoaderBase.checkStateForResourceLoading(WebappClassLoaderBase.java:1370)
		at org.apache.catalina.loader.WebappClassLoaderBase.getResource(WebappClassLoaderBase.java:994)
		at com.mysql.cj.jdbc.AbandonedConnectionCleanupThread.checkThreadContextClassLoader(AbandonedConnectionCleanupThread.java:123)
		at com.mysql.cj.jdbc.AbandonedConnectionCleanupThread.run(AbandonedConnectionCleanupThread.java:90)
		at java.util.concurrent.ThreadPoolExecutor.runWorker(ThreadPoolExecutor.java:1149)
		at java.util.concurrent.ThreadPoolExecutor$Worker.run(ThreadPoolExecutor.java:624)
		at java.lang.Thread.run(Thread.java:750)
01-Apr-2026 02:06:01.882 INFO [main] org.apache.catalina.core.StandardServer.await A valid shutdown command was received via the shutdown port. Stopping the Server instance.
01-Apr-2026 02:06:01.888 INFO [main] org.apache.coyote.AbstractProtocol.pause Pausing ProtocolHandler ["http-nio-8080"]
01-Apr-2026 02:06:01.899 INFO [main] org.apache.catalina.core.StandardService.stopInternal Stopping service [Catalina]
01-Apr-2026 02:06:01.937 INFO [main] org.apache.coyote.AbstractProtocol.stop Stopping ProtocolHandler ["http-nio-8080"]
01-Apr-2026 02:06:01.954 INFO [main] org.apache.coyote.AbstractProtocol.destroy Destroying ProtocolHandler ["http-nio-8080"]
01-Apr-2026 02:06:08.794 INFO [main] org.apache.catalina.startup.VersionLoggerListener.log Server version name:   Apache Tomcat/9.0.116
01-Apr-2026 02:06:08.799 INFO [main] org.apache.catalina.startup.VersionLoggerListener.log Server built:          Mar 16 2026 15:05:42 UTC
01-Apr-2026 02:06:08.799 INFO [main] org.apache.catalina.startup.VersionLoggerListener.log Server version number: 9.0.116.0
01-Apr-2026 02:06:08.799 INFO [main] org.apache.catalina.startup.VersionLoggerListener.log OS Name:               Mac OS X
01-Apr-2026 02:06:08.799 INFO [main] org.apache.catalina.startup.VersionLoggerListener.log OS Version:            15.5
01-Apr-2026 02:06:08.799 INFO [main] org.apache.catalina.startup.VersionLoggerListener.log Architecture:          x86_64
01-Apr-2026 02:06:08.799 INFO [main] org.apache.catalina.startup.VersionLoggerListener.log Java Home:             /Library/Java/JavaVirtualMachines/temurin-8.jdk/Contents/Home/jre
01-Apr-2026 02:06:08.799 INFO [main] org.apache.catalina.startup.VersionLoggerListener.log JVM Version:           1.8.0_482-b08
01-Apr-2026 02:06:08.799 INFO [main] org.apache.catalina.startup.VersionLoggerListener.log JVM Vendor:            Temurin
01-Apr-2026 02:06:08.800 INFO [main] org.apache.catalina.startup.VersionLoggerListener.log CATALINA_BASE:         /Users/motocycopath/Desktop/java-full-stack-training/00-microservices-00/apache-tomcat-9.0.116
01-Apr-2026 02:06:08.800 INFO [main] org.apache.catalina.startup.VersionLoggerListener.log CATALINA_HOME:         /Users/motocycopath/Desktop/java-full-stack-training/00-microservices-00/apache-tomcat-9.0.116
01-Apr-2026 02:06:08.803 INFO [main] org.apache.catalina.startup.VersionLoggerListener.log Command line argument: -Djava.util.logging.config.file=/Users/motocycopath/Desktop/java-full-stack-training/00-microservices-00/apache-tomcat-9.0.116/conf/logging.properties
01-Apr-2026 02:06:08.803 INFO [main] org.apache.catalina.startup.VersionLoggerListener.log Command line argument: -Djava.util.logging.manager=org.apache.juli.ClassLoaderLogManager
01-Apr-2026 02:06:08.803 INFO [main] org.apache.catalina.startup.VersionLoggerListener.log Command line argument: -Djdk.tls.ephemeralDHKeySize=2048
01-Apr-2026 02:06:08.803 INFO [main] org.apache.catalina.startup.VersionLoggerListener.log Command line argument: -Djava.protocol.handler.pkgs=org.apache.catalina.webresources
01-Apr-2026 02:06:08.803 INFO [main] org.apache.catalina.startup.VersionLoggerListener.log Command line argument: -Dsun.io.useCanonCaches=false
01-Apr-2026 02:06:08.803 INFO [main] org.apache.catalina.startup.VersionLoggerListener.log Command line argument: -Dorg.apache.catalina.security.SecurityListener.UMASK=0027
01-Apr-2026 02:06:08.803 INFO [main] org.apache.catalina.startup.VersionLoggerListener.log Command line argument: -Dignore.endorsed.dirs=
01-Apr-2026 02:06:08.804 INFO [main] org.apache.catalina.startup.VersionLoggerListener.log Command line argument: -Dcatalina.base=/Users/motocycopath/Desktop/java-full-stack-training/00-microservices-00/apache-tomcat-9.0.116
01-Apr-2026 02:06:08.804 INFO [main] org.apache.catalina.startup.VersionLoggerListener.log Command line argument: -Dcatalina.home=/Users/motocycopath/Desktop/java-full-stack-training/00-microservices-00/apache-tomcat-9.0.116
01-Apr-2026 02:06:08.804 INFO [main] org.apache.catalina.startup.VersionLoggerListener.log Command line argument: -Djava.io.tmpdir=/Users/motocycopath/Desktop/java-full-stack-training/00-microservices-00/apache-tomcat-9.0.116/temp
01-Apr-2026 02:06:08.806 INFO [main] org.apache.catalina.core.AprLifecycleListener.lifecycleEvent The Apache Tomcat Native library which allows using OpenSSL was not found on the java.library.path: [/Users/motocycopath/Library/Java/Extensions:/Library/Java/Extensions:/Network/Library/Java/Extensions:/System/Library/Java/Extensions:/usr/lib/java:.]
01-Apr-2026 02:06:09.250 INFO [main] org.apache.coyote.AbstractProtocol.init Initializing ProtocolHandler ["http-nio-8080"]
01-Apr-2026 02:06:09.292 INFO [main] org.apache.catalina.startup.Catalina.load Server initialization in [663] milliseconds
01-Apr-2026 02:06:09.385 INFO [main] org.apache.catalina.core.StandardService.startInternal Starting service [Catalina]
01-Apr-2026 02:06:09.386 INFO [main] org.apache.catalina.core.StandardEngine.startInternal Starting Servlet engine: [Apache Tomcat/9.0.116]
01-Apr-2026 02:06:09.391 INFO [main] org.apache.catalina.startup.HostConfig.deployDirectory Deploying web application directory [/Users/motocycopath/Desktop/java-full-stack-training/00-microservices-00/apache-tomcat-9.0.116/webapps/employee-service]
01-Apr-2026 02:06:10.980 INFO [main] org.apache.jasper.servlet.TldScanner.scanJars At least one JAR was scanned for TLDs yet contained no TLDs. Enable debug logging for this logger for a complete list of JARs that were scanned but no TLDs were found in them. Skipping unneeded JARs during scanning can improve startup time and JSP compilation time.
01-Apr-2026 02:06:11.012 INFO [main] org.springframework.web.context.ContextLoader.initWebApplicationContext Root WebApplicationContext: initialization started
01-Apr-2026 02:06:11.511 INFO [main] org.springframework.data.repository.config.RepositoryConfigurationDelegate.registerRepositoriesIn Bootstrapping Spring Data JPA repositories in DEFAULT mode.
01-Apr-2026 02:06:11.625 INFO [main] org.springframework.data.repository.config.RepositoryConfigurationDelegate.registerRepositoriesIn Finished Spring Data repository scanning in 98 ms. Found 1 JPA repository interfaces.
01-Apr-2026 02:06:11.627 INFO [main] org.springframework.data.repository.config.RepositoryConfigurationDelegate.registerRepositoriesIn Bootstrapping Spring Data JPA repositories in DEFAULT mode.
01-Apr-2026 02:06:11.638 INFO [main] org.springframework.data.repository.config.RepositoryConfigurationDelegate.registerRepositoriesIn Finished Spring Data repository scanning in 10 ms. Found 1 JPA repository interfaces.
01-Apr-2026 02:06:12.009 INFO [main] org.hibernate.jpa.internal.util.LogHelper.logPersistenceUnitInformation HHH000204: Processing PersistenceUnitInfo [
	name: default
	...]
01-Apr-2026 02:06:12.079 INFO [main] org.hibernate.Version.logVersion HHH000412: Hibernate Core {5.2.8.Final}
01-Apr-2026 02:06:12.081 INFO [main] org.hibernate.cfg.Environment.<clinit> HHH000206: hibernate.properties not found
01-Apr-2026 02:06:12.120 INFO [main] org.hibernate.annotations.common.reflection.java.JavaReflectionManager.<clinit> HCANN000001: Hibernate Commons Annotations {5.0.1.Final}
01-Apr-2026 02:06:12.163 SEVERE [main] org.springframework.orm.jpa.AbstractEntityManagerFactoryBean.buildNativeEntityManagerFactory Failed to initialize JPA EntityManagerFactory: Unable to resolve explicitly named mapping-file : orm.xml : origin(orm.xml)
01-Apr-2026 02:06:12.166 WARNING [main] org.springframework.context.support.AbstractApplicationContext.refresh Exception encountered during context initialization - cancelling refresh attempt: org.springframework.beans.factory.BeanCreationException: Error creating bean with name 'entityManagerFactory' defined in ServletContext resource [/WEB-INF/cst_jpa_spring_config.xml]: Invocation of init method failed; nested exception is org.hibernate.boot.MappingException: Unable to resolve explicitly named mapping-file : orm.xml : origin(orm.xml)
01-Apr-2026 02:06:12.176 SEVERE [main] org.springframework.web.context.ContextLoader.initWebApplicationContext Context initialization failed
	org.springframework.beans.factory.BeanCreationException: Error creating bean with name 'entityManagerFactory' defined in ServletContext resource [/WEB-INF/cst_jpa_spring_config.xml]: Invocation of init method failed; nested exception is org.hibernate.boot.MappingException: Unable to resolve explicitly named mapping-file : orm.xml : origin(orm.xml)
		at org.springframework.beans.factory.support.AbstractAutowireCapableBeanFactory.initializeBean(AbstractAutowireCapableBeanFactory.java:1804)
		at org.springframework.beans.factory.support.AbstractAutowireCapableBeanFactory.doCreateBean(AbstractAutowireCapableBeanFactory.java:620)
		at org.springframework.beans.factory.support.AbstractAutowireCapableBeanFactory.createBean(AbstractAutowireCapableBeanFactory.java:542)
		at org.springframework.beans.factory.support.AbstractBeanFactory.lambda$doGetBean$0(AbstractBeanFactory.java:335)
		at org.springframework.beans.factory.support.DefaultSingletonBeanRegistry.getSingleton(DefaultSingletonBeanRegistry.java:234)
		at org.springframework.beans.factory.support.AbstractBeanFactory.doGetBean(AbstractBeanFactory.java:333)
		at org.springframework.beans.factory.support.AbstractBeanFactory.getBean(AbstractBeanFactory.java:208)
		at org.springframework.context.support.AbstractApplicationContext.getBean(AbstractApplicationContext.java:1154)
		at org.springframework.context.support.AbstractApplicationContext.finishBeanFactoryInitialization(AbstractApplicationContext.java:908)
		at org.springframework.context.support.AbstractApplicationContext.refresh(AbstractApplicationContext.java:583)
		at org.springframework.web.context.ContextLoader.configureAndRefreshWebApplicationContext(ContextLoader.java:401)
		at org.springframework.web.context.ContextLoader.initWebApplicationContext(ContextLoader.java:292)
		at org.springframework.web.context.ContextLoaderListener.contextInitialized(ContextLoaderListener.java:103)
		at org.apache.catalina.core.StandardContext.listenerStart(StandardContext.java:4047)
		at org.apache.catalina.core.StandardContext.startInternal(StandardContext.java:4489)
		at org.apache.catalina.util.LifecycleBase.start(LifecycleBase.java:164)
		at org.apache.catalina.core.ContainerBase.addChildInternal(ContainerBase.java:597)
		at org.apache.catalina.core.ContainerBase.addChild(ContainerBase.java:569)
		at org.apache.catalina.core.StandardHost.addChild(StandardHost.java:608)
		at org.apache.catalina.startup.HostConfig.deployDirectory(HostConfig.java:1171)
		at org.apache.catalina.startup.HostConfig$DeployDirectory.run(HostConfig.java:1880)
		at java.util.concurrent.Executors$RunnableAdapter.call(Executors.java:511)
		at java.util.concurrent.FutureTask.run(FutureTask.java:266)
		at org.apache.tomcat.util.threads.InlineExecutorService.execute(InlineExecutorService.java:82)
		at java.util.concurrent.AbstractExecutorService.submit(AbstractExecutorService.java:112)
		at org.apache.catalina.startup.HostConfig.deployDirectories(HostConfig.java:1082)
		at org.apache.catalina.startup.HostConfig.deployApps(HostConfig.java:467)
		at org.apache.catalina.startup.HostConfig.start(HostConfig.java:1576)
		at org.apache.catalina.startup.HostConfig.lifecycleEvent(HostConfig.java:309)
		at org.apache.catalina.util.LifecycleBase.fireLifecycleEvent(LifecycleBase.java:109)
		at org.apache.catalina.util.LifecycleBase.setStateInternal(LifecycleBase.java:389)
		at org.apache.catalina.util.LifecycleBase.setState(LifecycleBase.java:336)
		at org.apache.catalina.core.ContainerBase.startInternal(ContainerBase.java:774)
		at org.apache.catalina.core.StandardHost.startInternal(StandardHost.java:726)
		at org.apache.catalina.util.LifecycleBase.start(LifecycleBase.java:164)
		at org.apache.catalina.core.ContainerBase$StartChild.call(ContainerBase.java:1201)
		at org.apache.catalina.core.ContainerBase$StartChild.call(ContainerBase.java:1191)
		at java.util.concurrent.FutureTask.run(FutureTask.java:266)
		at org.apache.tomcat.util.threads.InlineExecutorService.execute(InlineExecutorService.java:82)
		at java.util.concurrent.AbstractExecutorService.submit(AbstractExecutorService.java:134)
		at org.apache.catalina.core.ContainerBase.startInternal(ContainerBase.java:747)
		at org.apache.catalina.core.StandardEngine.startInternal(StandardEngine.java:209)
		at org.apache.catalina.util.LifecycleBase.start(LifecycleBase.java:164)
		at org.apache.catalina.core.StandardService.startInternal(StandardService.java:410)
		at org.apache.catalina.util.LifecycleBase.start(LifecycleBase.java:164)
		at org.apache.catalina.core.StandardServer.startInternal(StandardServer.java:872)
		at org.apache.catalina.util.LifecycleBase.start(LifecycleBase.java:164)
		at org.apache.catalina.startup.Catalina.start(Catalina.java:736)
		at sun.reflect.NativeMethodAccessorImpl.invoke0(Native Method)
		at sun.reflect.NativeMethodAccessorImpl.invoke(NativeMethodAccessorImpl.java:62)
		at sun.reflect.DelegatingMethodAccessorImpl.invoke(DelegatingMethodAccessorImpl.java:43)
		at java.lang.reflect.Method.invoke(Method.java:498)
		at org.apache.catalina.startup.Bootstrap.start(Bootstrap.java:342)
		at org.apache.catalina.startup.Bootstrap.main(Bootstrap.java:473)
	Caused by: org.hibernate.boot.MappingException: Unable to resolve explicitly named mapping-file : orm.xml : origin(orm.xml)
		at org.hibernate.boot.model.process.internal.ScanningCoordinator.applyScanResultsToManagedResources(ScanningCoordinator.java:213)
		at org.hibernate.boot.model.process.internal.ScanningCoordinator.coordinateScan(ScanningCoordinator.java:81)
		at org.hibernate.boot.model.process.spi.MetadataBuildingProcess.prepare(MetadataBuildingProcess.java:98)
		at org.hibernate.jpa.boot.internal.EntityManagerFactoryBuilderImpl.<init>(EntityManagerFactoryBuilderImpl.java:228)
		at org.hibernate.jpa.boot.internal.EntityManagerFactoryBuilderImpl.<init>(EntityManagerFactoryBuilderImpl.java:163)
		at org.springframework.orm.jpa.vendor.SpringHibernateJpaPersistenceProvider.createContainerEntityManagerFactory(SpringHibernateJpaPersistenceProvider.java:52)
		at org.springframework.orm.jpa.LocalContainerEntityManagerFactoryBean.createNativeEntityManagerFactory(LocalContainerEntityManagerFactoryBean.java:365)
		at org.springframework.orm.jpa.AbstractEntityManagerFactoryBean.buildNativeEntityManagerFactory(AbstractEntityManagerFactoryBean.java:409)
		at org.springframework.orm.jpa.AbstractEntityManagerFactoryBean.afterPropertiesSet(AbstractEntityManagerFactoryBean.java:396)
		at org.springframework.orm.jpa.LocalContainerEntityManagerFactoryBean.afterPropertiesSet(LocalContainerEntityManagerFactoryBean.java:341)
		at org.springframework.beans.factory.support.AbstractAutowireCapableBeanFactory.invokeInitMethods(AbstractAutowireCapableBeanFactory.java:1863)
		at org.springframework.beans.factory.support.AbstractAutowireCapableBeanFactory.initializeBean(AbstractAutowireCapableBeanFactory.java:1800)
		... 53 more
01-Apr-2026 02:06:12.179 SEVERE [main] org.apache.catalina.core.StandardContext.startInternal One or more listeners failed to start. Full details will be found in the appropriate container log file
01-Apr-2026 02:06:12.201 SEVERE [main] org.apache.catalina.core.StandardContext.startInternal Context [/employee-service] startup failed due to previous errors
01-Apr-2026 02:06:12.225 WARNING [main] org.apache.catalina.loader.WebappClassLoaderBase.clearReferencesJdbc The web application [employee-service] registered the JDBC driver [com.mysql.cj.jdbc.Driver] but failed to unregister it when the web application was stopped. To prevent a memory leak, the JDBC Driver has been forcibly unregistered.
01-Apr-2026 02:06:12.227 WARNING [main] org.apache.catalina.loader.WebappClassLoaderBase.clearReferencesThreads The web application [employee-service] appears to have started a thread named [mysql-cj-abandoned-connection-cleanup] but has failed to stop it. This is very likely to create a memory leak. Stack trace of thread:
 java.lang.Object.wait(Native Method)
 java.lang.ref.ReferenceQueue.remove(ReferenceQueue.java:144)
 com.mysql.cj.jdbc.AbandonedConnectionCleanupThread.run(AbandonedConnectionCleanupThread.java:91)
 java.util.concurrent.ThreadPoolExecutor.runWorker(ThreadPoolExecutor.java:1149)
 java.util.concurrent.ThreadPoolExecutor$Worker.run(ThreadPoolExecutor.java:624)
 java.lang.Thread.run(Thread.java:750)
01-Apr-2026 02:06:12.236 INFO [main] org.apache.catalina.startup.HostConfig.deployDirectory Deployment of web application directory [/Users/motocycopath/Desktop/java-full-stack-training/00-microservices-00/apache-tomcat-9.0.116/webapps/employee-service] has finished in [2,844] ms
01-Apr-2026 02:06:12.238 INFO [main] org.apache.catalina.startup.HostConfig.deployDirectory Deploying web application directory [/Users/motocycopath/Desktop/java-full-stack-training/00-microservices-00/apache-tomcat-9.0.116/webapps/docs]
01-Apr-2026 02:06:12.353 INFO [main] org.apache.catalina.startup.HostConfig.deployDirectory Deployment of web application directory [/Users/motocycopath/Desktop/java-full-stack-training/00-microservices-00/apache-tomcat-9.0.116/webapps/docs] has finished in [116] ms
01-Apr-2026 02:06:12.354 INFO [main] org.apache.catalina.startup.HostConfig.deployDirectory Deploying web application directory [/Users/motocycopath/Desktop/java-full-stack-training/00-microservices-00/apache-tomcat-9.0.116/webapps/manager]
01-Apr-2026 02:06:12.398 INFO [main] org.apache.catalina.startup.HostConfig.deployDirectory Deployment of web application directory [/Users/motocycopath/Desktop/java-full-stack-training/00-microservices-00/apache-tomcat-9.0.116/webapps/manager] has finished in [44] ms
01-Apr-2026 02:06:12.399 INFO [main] org.apache.catalina.startup.HostConfig.deployDirectory Deploying web application directory [/Users/motocycopath/Desktop/java-full-stack-training/00-microservices-00/apache-tomcat-9.0.116/webapps/examples]
01-Apr-2026 02:06:12.680 INFO [main] org.apache.catalina.startup.HostConfig.deployDirectory Deployment of web application directory [/Users/motocycopath/Desktop/java-full-stack-training/00-microservices-00/apache-tomcat-9.0.116/webapps/examples] has finished in [281] ms
01-Apr-2026 02:06:12.681 INFO [main] org.apache.catalina.startup.HostConfig.deployDirectory Deploying web application directory [/Users/motocycopath/Desktop/java-full-stack-training/00-microservices-00/apache-tomcat-9.0.116/webapps/ROOT]
01-Apr-2026 02:06:12.701 INFO [main] org.apache.catalina.startup.HostConfig.deployDirectory Deployment of web application directory [/Users/motocycopath/Desktop/java-full-stack-training/00-microservices-00/apache-tomcat-9.0.116/webapps/ROOT] has finished in [19] ms
01-Apr-2026 02:06:12.701 INFO [main] org.apache.catalina.startup.HostConfig.deployDirectory Deploying web application directory [/Users/motocycopath/Desktop/java-full-stack-training/00-microservices-00/apache-tomcat-9.0.116/webapps/host-manager]
01-Apr-2026 02:06:12.733 INFO [main] org.apache.catalina.startup.HostConfig.deployDirectory Deployment of web application directory [/Users/motocycopath/Desktop/java-full-stack-training/00-microservices-00/apache-tomcat-9.0.116/webapps/host-manager] has finished in [32] ms
01-Apr-2026 02:06:12.736 INFO [main] org.apache.coyote.AbstractProtocol.start Starting ProtocolHandler ["http-nio-8080"]
01-Apr-2026 02:06:12.745 INFO [main] org.apache.catalina.startup.Catalina.start Server startup in [3452] milliseconds
01-Apr-2026 02:06:16.876 INFO [mysql-cj-abandoned-connection-cleanup] org.apache.catalina.loader.WebappClassLoaderBase.checkStateForResourceLoading Illegal access: this web application instance has been stopped already. Could not load []. The following stack trace is thrown for debugging purposes as well as to attempt to terminate the thread which caused the illegal access.
	java.lang.IllegalStateException: Illegal access: this web application instance has been stopped already. Could not load []. The following stack trace is thrown for debugging purposes as well as to attempt to terminate the thread which caused the illegal access.
		at org.apache.catalina.loader.WebappClassLoaderBase.checkStateForResourceLoading(WebappClassLoaderBase.java:1370)
		at org.apache.catalina.loader.WebappClassLoaderBase.getResource(WebappClassLoaderBase.java:994)
		at com.mysql.cj.jdbc.AbandonedConnectionCleanupThread.checkThreadContextClassLoader(AbandonedConnectionCleanupThread.java:123)
		at com.mysql.cj.jdbc.AbandonedConnectionCleanupThread.run(AbandonedConnectionCleanupThread.java:90)
		at java.util.concurrent.ThreadPoolExecutor.runWorker(ThreadPoolExecutor.java:1149)
		at java.util.concurrent.ThreadPoolExecutor$Worker.run(ThreadPoolExecutor.java:624)
		at java.lang.Thread.run(Thread.java:750)
01-Apr-2026 02:07:46.608 INFO [main] org.apache.catalina.core.StandardServer.await A valid shutdown command was received via the shutdown port. Stopping the Server instance.
01-Apr-2026 02:07:46.614 INFO [main] org.apache.coyote.AbstractProtocol.pause Pausing ProtocolHandler ["http-nio-8080"]
01-Apr-2026 02:07:46.626 INFO [main] org.apache.catalina.core.StandardService.stopInternal Stopping service [Catalina]
01-Apr-2026 02:07:46.664 INFO [main] org.apache.coyote.AbstractProtocol.stop Stopping ProtocolHandler ["http-nio-8080"]
01-Apr-2026 02:07:46.680 INFO [main] org.apache.coyote.AbstractProtocol.destroy Destroying ProtocolHandler ["http-nio-8080"]
01-Apr-2026 02:07:53.508 INFO [main] org.apache.catalina.startup.VersionLoggerListener.log Server version name:   Apache Tomcat/9.0.116
01-Apr-2026 02:07:53.512 INFO [main] org.apache.catalina.startup.VersionLoggerListener.log Server built:          Mar 16 2026 15:05:42 UTC
01-Apr-2026 02:07:53.512 INFO [main] org.apache.catalina.startup.VersionLoggerListener.log Server version number: 9.0.116.0
01-Apr-2026 02:07:53.512 INFO [main] org.apache.catalina.startup.VersionLoggerListener.log OS Name:               Mac OS X
01-Apr-2026 02:07:53.512 INFO [main] org.apache.catalina.startup.VersionLoggerListener.log OS Version:            15.5
01-Apr-2026 02:07:53.512 INFO [main] org.apache.catalina.startup.VersionLoggerListener.log Architecture:          x86_64
01-Apr-2026 02:07:53.513 INFO [main] org.apache.catalina.startup.VersionLoggerListener.log Java Home:             /Library/Java/JavaVirtualMachines/temurin-8.jdk/Contents/Home/jre
01-Apr-2026 02:07:53.513 INFO [main] org.apache.catalina.startup.VersionLoggerListener.log JVM Version:           1.8.0_482-b08
01-Apr-2026 02:07:53.513 INFO [main] org.apache.catalina.startup.VersionLoggerListener.log JVM Vendor:            Temurin
01-Apr-2026 02:07:53.513 INFO [main] org.apache.catalina.startup.VersionLoggerListener.log CATALINA_BASE:         /Users/motocycopath/Desktop/java-full-stack-training/00-microservices-00/apache-tomcat-9.0.116
01-Apr-2026 02:07:53.513 INFO [main] org.apache.catalina.startup.VersionLoggerListener.log CATALINA_HOME:         /Users/motocycopath/Desktop/java-full-stack-training/00-microservices-00/apache-tomcat-9.0.116
01-Apr-2026 02:07:53.515 INFO [main] org.apache.catalina.startup.VersionLoggerListener.log Command line argument: -Djava.util.logging.config.file=/Users/motocycopath/Desktop/java-full-stack-training/00-microservices-00/apache-tomcat-9.0.116/conf/logging.properties
01-Apr-2026 02:07:53.516 INFO [main] org.apache.catalina.startup.VersionLoggerListener.log Command line argument: -Djava.util.logging.manager=org.apache.juli.ClassLoaderLogManager
01-Apr-2026 02:07:53.516 INFO [main] org.apache.catalina.startup.VersionLoggerListener.log Command line argument: -Djdk.tls.ephemeralDHKeySize=2048
01-Apr-2026 02:07:53.516 INFO [main] org.apache.catalina.startup.VersionLoggerListener.log Command line argument: -Djava.protocol.handler.pkgs=org.apache.catalina.webresources
01-Apr-2026 02:07:53.516 INFO [main] org.apache.catalina.startup.VersionLoggerListener.log Command line argument: -Dsun.io.useCanonCaches=false
01-Apr-2026 02:07:53.516 INFO [main] org.apache.catalina.startup.VersionLoggerListener.log Command line argument: -Dorg.apache.catalina.security.SecurityListener.UMASK=0027
01-Apr-2026 02:07:53.516 INFO [main] org.apache.catalina.startup.VersionLoggerListener.log Command line argument: -Dignore.endorsed.dirs=
01-Apr-2026 02:07:53.516 INFO [main] org.apache.catalina.startup.VersionLoggerListener.log Command line argument: -Dcatalina.base=/Users/motocycopath/Desktop/java-full-stack-training/00-microservices-00/apache-tomcat-9.0.116
01-Apr-2026 02:07:53.516 INFO [main] org.apache.catalina.startup.VersionLoggerListener.log Command line argument: -Dcatalina.home=/Users/motocycopath/Desktop/java-full-stack-training/00-microservices-00/apache-tomcat-9.0.116
01-Apr-2026 02:07:53.516 INFO [main] org.apache.catalina.startup.VersionLoggerListener.log Command line argument: -Djava.io.tmpdir=/Users/motocycopath/Desktop/java-full-stack-training/00-microservices-00/apache-tomcat-9.0.116/temp
01-Apr-2026 02:07:53.519 INFO [main] org.apache.catalina.core.AprLifecycleListener.lifecycleEvent The Apache Tomcat Native library which allows using OpenSSL was not found on the java.library.path: [/Users/motocycopath/Library/Java/Extensions:/Library/Java/Extensions:/Network/Library/Java/Extensions:/System/Library/Java/Extensions:/usr/lib/java:.]
01-Apr-2026 02:07:53.949 INFO [main] org.apache.coyote.AbstractProtocol.init Initializing ProtocolHandler ["http-nio-8080"]
01-Apr-2026 02:07:53.989 INFO [main] org.apache.catalina.startup.Catalina.load Server initialization in [645] milliseconds
01-Apr-2026 02:07:54.078 INFO [main] org.apache.catalina.core.StandardService.startInternal Starting service [Catalina]
01-Apr-2026 02:07:54.078 INFO [main] org.apache.catalina.core.StandardEngine.startInternal Starting Servlet engine: [Apache Tomcat/9.0.116]
01-Apr-2026 02:07:54.083 INFO [main] org.apache.catalina.startup.HostConfig.deployDirectory Deploying web application directory [/Users/motocycopath/Desktop/java-full-stack-training/00-microservices-00/apache-tomcat-9.0.116/webapps/employee-service]
01-Apr-2026 02:07:55.699 INFO [main] org.apache.jasper.servlet.TldScanner.scanJars At least one JAR was scanned for TLDs yet contained no TLDs. Enable debug logging for this logger for a complete list of JARs that were scanned but no TLDs were found in them. Skipping unneeded JARs during scanning can improve startup time and JSP compilation time.
01-Apr-2026 02:07:55.730 INFO [main] org.springframework.web.context.ContextLoader.initWebApplicationContext Root WebApplicationContext: initialization started
01-Apr-2026 02:07:56.231 INFO [main] org.springframework.data.repository.config.RepositoryConfigurationDelegate.registerRepositoriesIn Bootstrapping Spring Data JPA repositories in DEFAULT mode.
01-Apr-2026 02:07:56.341 INFO [main] org.springframework.data.repository.config.RepositoryConfigurationDelegate.registerRepositoriesIn Finished Spring Data repository scanning in 93 ms. Found 1 JPA repository interfaces.
01-Apr-2026 02:07:56.342 INFO [main] org.springframework.data.repository.config.RepositoryConfigurationDelegate.registerRepositoriesIn Bootstrapping Spring Data JPA repositories in DEFAULT mode.
01-Apr-2026 02:07:56.349 INFO [main] org.springframework.data.repository.config.RepositoryConfigurationDelegate.registerRepositoriesIn Finished Spring Data repository scanning in 6 ms. Found 1 JPA repository interfaces.
01-Apr-2026 02:07:56.738 INFO [main] org.hibernate.jpa.internal.util.LogHelper.logPersistenceUnitInformation HHH000204: Processing PersistenceUnitInfo [
	name: default
	...]
01-Apr-2026 02:07:56.806 INFO [main] org.hibernate.Version.logVersion HHH000412: Hibernate Core {5.2.8.Final}
01-Apr-2026 02:07:56.807 INFO [main] org.hibernate.cfg.Environment.<clinit> HHH000206: hibernate.properties not found
01-Apr-2026 02:07:56.849 INFO [main] org.hibernate.annotations.common.reflection.java.JavaReflectionManager.<clinit> HCANN000001: Hibernate Commons Annotations {5.0.1.Final}
01-Apr-2026 02:07:57.354 INFO [main] org.hibernate.dialect.Dialect.<init> HHH000400: Using dialect: org.hibernate.dialect.MySQLDialect
01-Apr-2026 02:07:57.953 INFO [main] org.springframework.orm.jpa.AbstractEntityManagerFactoryBean.buildNativeEntityManagerFactory Initialized JPA EntityManagerFactory for persistence unit 'default'
01-Apr-2026 02:07:58.466 WARNING [main] org.springframework.context.support.AbstractApplicationContext.refresh Exception encountered during context initialization - cancelling refresh attempt: org.springframework.beans.factory.UnsatisfiedDependencyException: Error creating bean with name 'employeeServiceImpl': Unsatisfied dependency expressed through field 'employeeDAOWrapper'; nested exception is org.springframework.beans.factory.UnsatisfiedDependencyException: Error creating bean with name 'employeeDAOWrapper': Unsatisfied dependency expressed through field 'employeeDAO'; nested exception is org.springframework.beans.factory.BeanCreationException: Error creating bean with name 'employeeDAO' defined in com.microservices.learn.dao.EmployeeDAO defined in : Invocation of init method failed; nested exception is org.springframework.data.repository.query.QueryCreationException: Could not create query for public abstract java.lang.Integer com.microservices.learn.dao.EmployeeDAO.updateEmployeeSalaryByName(java.lang.Double,java.lang.String); Reason: Failed to create query for method public abstract java.lang.Integer com.microservices.learn.dao.EmployeeDAO.updateEmployeeSalaryByName(java.lang.Double,java.lang.String)! No property 'updateEmployeeSalaryByName' found for type 'EmployeeEntity'; nested exception is java.lang.IllegalArgumentException: Failed to create query for method public abstract java.lang.Integer com.microservices.learn.dao.EmployeeDAO.updateEmployeeSalaryByName(java.lang.Double,java.lang.String)! No property 'updateEmployeeSalaryByName' found for type 'EmployeeEntity'
01-Apr-2026 02:07:58.467 INFO [main] org.springframework.orm.jpa.AbstractEntityManagerFactoryBean.destroy Closing JPA EntityManagerFactory for persistence unit 'default'
01-Apr-2026 02:07:58.468 SEVERE [main] org.springframework.web.context.ContextLoader.initWebApplicationContext Context initialization failed
	org.springframework.beans.factory.UnsatisfiedDependencyException: Error creating bean with name 'employeeServiceImpl': Unsatisfied dependency expressed through field 'employeeDAOWrapper'; nested exception is org.springframework.beans.factory.UnsatisfiedDependencyException: Error creating bean with name 'employeeDAOWrapper': Unsatisfied dependency expressed through field 'employeeDAO'; nested exception is org.springframework.beans.factory.BeanCreationException: Error creating bean with name 'employeeDAO' defined in com.microservices.learn.dao.EmployeeDAO defined in : Invocation of init method failed; nested exception is org.springframework.data.repository.query.QueryCreationException: Could not create query for public abstract java.lang.Integer com.microservices.learn.dao.EmployeeDAO.updateEmployeeSalaryByName(java.lang.Double,java.lang.String); Reason: Failed to create query for method public abstract java.lang.Integer com.microservices.learn.dao.EmployeeDAO.updateEmployeeSalaryByName(java.lang.Double,java.lang.String)! No property 'updateEmployeeSalaryByName' found for type 'EmployeeEntity'; nested exception is java.lang.IllegalArgumentException: Failed to create query for method public abstract java.lang.Integer com.microservices.learn.dao.EmployeeDAO.updateEmployeeSalaryByName(java.lang.Double,java.lang.String)! No property 'updateEmployeeSalaryByName' found for type 'EmployeeEntity'
		at org.springframework.beans.factory.annotation.AutowiredAnnotationBeanPostProcessor$AutowiredFieldElement.resolveFieldValue(AutowiredAnnotationBeanPostProcessor.java:659)
		at org.springframework.beans.factory.annotation.AutowiredAnnotationBeanPostProcessor$AutowiredFieldElement.inject(AutowiredAnnotationBeanPostProcessor.java:639)
		at org.springframework.beans.factory.annotation.InjectionMetadata.inject(InjectionMetadata.java:119)
		at org.springframework.beans.factory.annotation.AutowiredAnnotationBeanPostProcessor.postProcessProperties(AutowiredAnnotationBeanPostProcessor.java:399)
		at org.springframework.beans.factory.support.AbstractAutowireCapableBeanFactory.populateBean(AbstractAutowireCapableBeanFactory.java:1431)
		at org.springframework.beans.factory.support.AbstractAutowireCapableBeanFactory.doCreateBean(AbstractAutowireCapableBeanFactory.java:619)
		at org.springframework.beans.factory.support.AbstractAutowireCapableBeanFactory.createBean(AbstractAutowireCapableBeanFactory.java:542)
		at org.springframework.beans.factory.support.AbstractBeanFactory.lambda$doGetBean$0(AbstractBeanFactory.java:335)
		at org.springframework.beans.factory.support.DefaultSingletonBeanRegistry.getSingleton(DefaultSingletonBeanRegistry.java:234)
		at org.springframework.beans.factory.support.AbstractBeanFactory.doGetBean(AbstractBeanFactory.java:333)
		at org.springframework.beans.factory.support.AbstractBeanFactory.getBean(AbstractBeanFactory.java:208)
		at org.springframework.beans.factory.support.DefaultListableBeanFactory.preInstantiateSingletons(DefaultListableBeanFactory.java:955)
		at org.springframework.context.support.AbstractApplicationContext.finishBeanFactoryInitialization(AbstractApplicationContext.java:918)
		at org.springframework.context.support.AbstractApplicationContext.refresh(AbstractApplicationContext.java:583)
		at org.springframework.web.context.ContextLoader.configureAndRefreshWebApplicationContext(ContextLoader.java:401)
		at org.springframework.web.context.ContextLoader.initWebApplicationContext(ContextLoader.java:292)
		at org.springframework.web.context.ContextLoaderListener.contextInitialized(ContextLoaderListener.java:103)
		at org.apache.catalina.core.StandardContext.listenerStart(StandardContext.java:4047)
		at org.apache.catalina.core.StandardContext.startInternal(StandardContext.java:4489)
		at org.apache.catalina.util.LifecycleBase.start(LifecycleBase.java:164)
		at org.apache.catalina.core.ContainerBase.addChildInternal(ContainerBase.java:597)
		at org.apache.catalina.core.ContainerBase.addChild(ContainerBase.java:569)
		at org.apache.catalina.core.StandardHost.addChild(StandardHost.java:608)
		at org.apache.catalina.startup.HostConfig.deployDirectory(HostConfig.java:1171)
		at org.apache.catalina.startup.HostConfig$DeployDirectory.run(HostConfig.java:1880)
		at java.util.concurrent.Executors$RunnableAdapter.call(Executors.java:511)
		at java.util.concurrent.FutureTask.run(FutureTask.java:266)
		at org.apache.tomcat.util.threads.InlineExecutorService.execute(InlineExecutorService.java:82)
		at java.util.concurrent.AbstractExecutorService.submit(AbstractExecutorService.java:112)
		at org.apache.catalina.startup.HostConfig.deployDirectories(HostConfig.java:1082)
		at org.apache.catalina.startup.HostConfig.deployApps(HostConfig.java:467)
		at org.apache.catalina.startup.HostConfig.start(HostConfig.java:1576)
		at org.apache.catalina.startup.HostConfig.lifecycleEvent(HostConfig.java:309)
		at org.apache.catalina.util.LifecycleBase.fireLifecycleEvent(LifecycleBase.java:109)
		at org.apache.catalina.util.LifecycleBase.setStateInternal(LifecycleBase.java:389)
		at org.apache.catalina.util.LifecycleBase.setState(LifecycleBase.java:336)
		at org.apache.catalina.core.ContainerBase.startInternal(ContainerBase.java:774)
		at org.apache.catalina.core.StandardHost.startInternal(StandardHost.java:726)
		at org.apache.catalina.util.LifecycleBase.start(LifecycleBase.java:164)
		at org.apache.catalina.core.ContainerBase$StartChild.call(ContainerBase.java:1201)
		at org.apache.catalina.core.ContainerBase$StartChild.call(ContainerBase.java:1191)
		at java.util.concurrent.FutureTask.run(FutureTask.java:266)
		at org.apache.tomcat.util.threads.InlineExecutorService.execute(InlineExecutorService.java:82)
		at java.util.concurrent.AbstractExecutorService.submit(AbstractExecutorService.java:134)
		at org.apache.catalina.core.ContainerBase.startInternal(ContainerBase.java:747)
		at org.apache.catalina.core.StandardEngine.startInternal(StandardEngine.java:209)
		at org.apache.catalina.util.LifecycleBase.start(LifecycleBase.java:164)
		at org.apache.catalina.core.StandardService.startInternal(StandardService.java:410)
		at org.apache.catalina.util.LifecycleBase.start(LifecycleBase.java:164)
		at org.apache.catalina.core.StandardServer.startInternal(StandardServer.java:872)
		at org.apache.catalina.util.LifecycleBase.start(LifecycleBase.java:164)
		at org.apache.catalina.startup.Catalina.start(Catalina.java:736)
		at sun.reflect.NativeMethodAccessorImpl.invoke0(Native Method)
		at sun.reflect.NativeMethodAccessorImpl.invoke(NativeMethodAccessorImpl.java:62)
		at sun.reflect.DelegatingMethodAccessorImpl.invoke(DelegatingMethodAccessorImpl.java:43)
		at java.lang.reflect.Method.invoke(Method.java:498)
		at org.apache.catalina.startup.Bootstrap.start(Bootstrap.java:342)
		at org.apache.catalina.startup.Bootstrap.main(Bootstrap.java:473)
	Caused by: org.springframework.beans.factory.UnsatisfiedDependencyException: Error creating bean with name 'employeeDAOWrapper': Unsatisfied dependency expressed through field 'employeeDAO'; nested exception is org.springframework.beans.factory.BeanCreationException: Error creating bean with name 'employeeDAO' defined in com.microservices.learn.dao.EmployeeDAO defined in : Invocation of init method failed; nested exception is org.springframework.data.repository.query.QueryCreationException: Could not create query for public abstract java.lang.Integer com.microservices.learn.dao.EmployeeDAO.updateEmployeeSalaryByName(java.lang.Double,java.lang.String); Reason: Failed to create query for method public abstract java.lang.Integer com.microservices.learn.dao.EmployeeDAO.updateEmployeeSalaryByName(java.lang.Double,java.lang.String)! No property 'updateEmployeeSalaryByName' found for type 'EmployeeEntity'; nested exception is java.lang.IllegalArgumentException: Failed to create query for method public abstract java.lang.Integer com.microservices.learn.dao.EmployeeDAO.updateEmployeeSalaryByName(java.lang.Double,java.lang.String)! No property 'updateEmployeeSalaryByName' found for type 'EmployeeEntity'
		at org.springframework.beans.factory.annotation.AutowiredAnnotationBeanPostProcessor$AutowiredFieldElement.resolveFieldValue(AutowiredAnnotationBeanPostProcessor.java:659)
		at org.springframework.beans.factory.annotation.AutowiredAnnotationBeanPostProcessor$AutowiredFieldElement.inject(AutowiredAnnotationBeanPostProcessor.java:639)
		at org.springframework.beans.factory.annotation.InjectionMetadata.inject(InjectionMetadata.java:119)
		at org.springframework.beans.factory.annotation.AutowiredAnnotationBeanPostProcessor.postProcessProperties(AutowiredAnnotationBeanPostProcessor.java:399)
		at org.springframework.beans.factory.support.AbstractAutowireCapableBeanFactory.populateBean(AbstractAutowireCapableBeanFactory.java:1431)
		at org.springframework.beans.factory.support.AbstractAutowireCapableBeanFactory.doCreateBean(AbstractAutowireCapableBeanFactory.java:619)
		at org.springframework.beans.factory.support.AbstractAutowireCapableBeanFactory.createBean(AbstractAutowireCapableBeanFactory.java:542)
		at org.springframework.beans.factory.support.AbstractBeanFactory.lambda$doGetBean$0(AbstractBeanFactory.java:335)
		at org.springframework.beans.factory.support.DefaultSingletonBeanRegistry.getSingleton(DefaultSingletonBeanRegistry.java:234)
		at org.springframework.beans.factory.support.AbstractBeanFactory.doGetBean(AbstractBeanFactory.java:333)
		at org.springframework.beans.factory.support.AbstractBeanFactory.getBean(AbstractBeanFactory.java:208)
		at org.springframework.beans.factory.config.DependencyDescriptor.resolveCandidate(DependencyDescriptor.java:276)
		at org.springframework.beans.factory.support.DefaultListableBeanFactory.doResolveDependency(DefaultListableBeanFactory.java:1391)
		at org.springframework.beans.factory.support.DefaultListableBeanFactory.resolveDependency(DefaultListableBeanFactory.java:1311)
		at org.springframework.beans.factory.annotation.AutowiredAnnotationBeanPostProcessor$AutowiredFieldElement.resolveFieldValue(AutowiredAnnotationBeanPostProcessor.java:656)
		... 57 more
	Caused by: org.springframework.beans.factory.BeanCreationException: Error creating bean with name 'employeeDAO' defined in com.microservices.learn.dao.EmployeeDAO defined in : Invocation of init method failed; nested exception is org.springframework.data.repository.query.QueryCreationException: Could not create query for public abstract java.lang.Integer com.microservices.learn.dao.EmployeeDAO.updateEmployeeSalaryByName(java.lang.Double,java.lang.String); Reason: Failed to create query for method public abstract java.lang.Integer com.microservices.learn.dao.EmployeeDAO.updateEmployeeSalaryByName(java.lang.Double,java.lang.String)! No property 'updateEmployeeSalaryByName' found for type 'EmployeeEntity'; nested exception is java.lang.IllegalArgumentException: Failed to create query for method public abstract java.lang.Integer com.microservices.learn.dao.EmployeeDAO.updateEmployeeSalaryByName(java.lang.Double,java.lang.String)! No property 'updateEmployeeSalaryByName' found for type 'EmployeeEntity'
		at org.springframework.beans.factory.support.AbstractAutowireCapableBeanFactory.initializeBean(AbstractAutowireCapableBeanFactory.java:1804)
		at org.springframework.beans.factory.support.AbstractAutowireCapableBeanFactory.doCreateBean(AbstractAutowireCapableBeanFactory.java:620)
		at org.springframework.beans.factory.support.AbstractAutowireCapableBeanFactory.createBean(AbstractAutowireCapableBeanFactory.java:542)
		at org.springframework.beans.factory.support.AbstractBeanFactory.lambda$doGetBean$0(AbstractBeanFactory.java:335)
		at org.springframework.beans.factory.support.DefaultSingletonBeanRegistry.getSingleton(DefaultSingletonBeanRegistry.java:234)
		at org.springframework.beans.factory.support.AbstractBeanFactory.doGetBean(AbstractBeanFactory.java:333)
		at org.springframework.beans.factory.support.AbstractBeanFactory.getBean(AbstractBeanFactory.java:208)
		at org.springframework.beans.factory.config.DependencyDescriptor.resolveCandidate(DependencyDescriptor.java:276)
		at org.springframework.beans.factory.support.DefaultListableBeanFactory.doResolveDependency(DefaultListableBeanFactory.java:1391)
		at org.springframework.beans.factory.support.DefaultListableBeanFactory.resolveDependency(DefaultListableBeanFactory.java:1311)
		at org.springframework.beans.factory.annotation.AutowiredAnnotationBeanPostProcessor$AutowiredFieldElement.resolveFieldValue(AutowiredAnnotationBeanPostProcessor.java:656)
		... 71 more
	Caused by: org.springframework.data.repository.query.QueryCreationException: Could not create query for public abstract java.lang.Integer com.microservices.learn.dao.EmployeeDAO.updateEmployeeSalaryByName(java.lang.Double,java.lang.String); Reason: Failed to create query for method public abstract java.lang.Integer com.microservices.learn.dao.EmployeeDAO.updateEmployeeSalaryByName(java.lang.Double,java.lang.String)! No property 'updateEmployeeSalaryByName' found for type 'EmployeeEntity'; nested exception is java.lang.IllegalArgumentException: Failed to create query for method public abstract java.lang.Integer com.microservices.learn.dao.EmployeeDAO.updateEmployeeSalaryByName(java.lang.Double,java.lang.String)! No property 'updateEmployeeSalaryByName' found for type 'EmployeeEntity'
		at org.springframework.data.repository.query.QueryCreationException.create(QueryCreationException.java:101)
		at org.springframework.data.repository.core.support.QueryExecutorMethodInterceptor.lookupQuery(QueryExecutorMethodInterceptor.java:107)
		at org.springframework.data.repository.core.support.QueryExecutorMethodInterceptor.lambda$mapMethodsToQuery$1(QueryExecutorMethodInterceptor.java:95)
		at java.util.stream.ReferencePipeline$3$1.accept(ReferencePipeline.java:193)
		at java.util.Iterator.forEachRemaining(Iterator.java:116)
		at java.util.Collections$UnmodifiableCollection$1.forEachRemaining(Collections.java:1051)
		at java.util.Spliterators$IteratorSpliterator.forEachRemaining(Spliterators.java:1801)
		at java.util.stream.AbstractPipeline.copyInto(AbstractPipeline.java:482)
		at java.util.stream.AbstractPipeline.wrapAndCopyInto(AbstractPipeline.java:472)
		at java.util.stream.ReduceOps$ReduceOp.evaluateSequential(ReduceOps.java:708)
		at java.util.stream.AbstractPipeline.evaluate(AbstractPipeline.java:234)
		at java.util.stream.ReferencePipeline.collect(ReferencePipeline.java:566)
		at org.springframework.data.repository.core.support.QueryExecutorMethodInterceptor.mapMethodsToQuery(QueryExecutorMethodInterceptor.java:97)
		at org.springframework.data.repository.core.support.QueryExecutorMethodInterceptor.lambda$new$0(QueryExecutorMethodInterceptor.java:87)
		at java.util.Optional.map(Optional.java:215)
		at org.springframework.data.repository.core.support.QueryExecutorMethodInterceptor.<init>(QueryExecutorMethodInterceptor.java:87)
		at org.springframework.data.repository.core.support.RepositoryFactorySupport.getRepository(RepositoryFactorySupport.java:365)
		at org.springframework.data.repository.core.support.RepositoryFactoryBeanSupport.lambda$afterPropertiesSet$5(RepositoryFactoryBeanSupport.java:323)
		at org.springframework.data.util.Lazy.getNullable(Lazy.java:231)
		at org.springframework.data.util.Lazy.get(Lazy.java:115)
		at org.springframework.data.repository.core.support.RepositoryFactoryBeanSupport.afterPropertiesSet(RepositoryFactoryBeanSupport.java:329)
		at org.springframework.data.jpa.repository.support.JpaRepositoryFactoryBean.afterPropertiesSet(JpaRepositoryFactoryBean.java:144)
		at org.springframework.beans.factory.support.AbstractAutowireCapableBeanFactory.invokeInitMethods(AbstractAutowireCapableBeanFactory.java:1863)
		at org.springframework.beans.factory.support.AbstractAutowireCapableBeanFactory.initializeBean(AbstractAutowireCapableBeanFactory.java:1800)
		... 81 more
	Caused by: java.lang.IllegalArgumentException: Failed to create query for method public abstract java.lang.Integer com.microservices.learn.dao.EmployeeDAO.updateEmployeeSalaryByName(java.lang.Double,java.lang.String)! No property 'updateEmployeeSalaryByName' found for type 'EmployeeEntity'
		at org.springframework.data.jpa.repository.query.PartTreeJpaQuery.<init>(PartTreeJpaQuery.java:96)
		at org.springframework.data.jpa.repository.query.JpaQueryLookupStrategy$CreateQueryLookupStrategy.resolveQuery(JpaQueryLookupStrategy.java:119)
		at org.springframework.data.jpa.repository.query.JpaQueryLookupStrategy$CreateIfNotFoundQueryLookupStrategy.resolveQuery(JpaQueryLookupStrategy.java:259)
		at org.springframework.data.jpa.repository.query.JpaQueryLookupStrategy$AbstractQueryLookupStrategy.resolveQuery(JpaQueryLookupStrategy.java:93)
		at org.springframework.data.repository.core.support.QueryExecutorMethodInterceptor.lookupQuery(QueryExecutorMethodInterceptor.java:103)
		... 103 more
	Caused by: org.springframework.data.mapping.PropertyReferenceException: No property 'updateEmployeeSalaryByName' found for type 'EmployeeEntity'
		at org.springframework.data.mapping.PropertyPath.<init>(PropertyPath.java:91)
		at org.springframework.data.mapping.PropertyPath.create(PropertyPath.java:438)
		at org.springframework.data.mapping.PropertyPath.create(PropertyPath.java:414)
		at org.springframework.data.mapping.PropertyPath.lambda$from$0(PropertyPath.java:367)
		at java.util.concurrent.ConcurrentMap.computeIfAbsent(ConcurrentMap.java:324)
		at org.springframework.data.mapping.PropertyPath.from(PropertyPath.java:349)
		at org.springframework.data.mapping.PropertyPath.from(PropertyPath.java:332)
		at org.springframework.data.repository.query.parser.Part.<init>(Part.java:81)
		at org.springframework.data.repository.query.parser.PartTree$OrPart.lambda$new$0(PartTree.java:250)
		at java.util.stream.ReferencePipeline$3$1.accept(ReferencePipeline.java:193)
		at java.util.stream.ReferencePipeline$2$1.accept(ReferencePipeline.java:175)
		at java.util.Spliterators$ArraySpliterator.forEachRemaining(Spliterators.java:948)
		at java.util.stream.AbstractPipeline.copyInto(AbstractPipeline.java:482)
		at java.util.stream.AbstractPipeline.wrapAndCopyInto(AbstractPipeline.java:472)
		at java.util.stream.ReduceOps$ReduceOp.evaluateSequential(ReduceOps.java:708)
		at java.util.stream.AbstractPipeline.evaluate(AbstractPipeline.java:234)
		at java.util.stream.ReferencePipeline.collect(ReferencePipeline.java:566)
		at org.springframework.data.repository.query.parser.PartTree$OrPart.<init>(PartTree.java:251)
		at org.springframework.data.repository.query.parser.PartTree$Predicate.lambda$new$0(PartTree.java:384)
		at java.util.stream.ReferencePipeline$3$1.accept(ReferencePipeline.java:193)
		at java.util.stream.ReferencePipeline$2$1.accept(ReferencePipeline.java:175)
		at java.util.Spliterators$ArraySpliterator.forEachRemaining(Spliterators.java:948)
		at java.util.stream.AbstractPipeline.copyInto(AbstractPipeline.java:482)
		at java.util.stream.AbstractPipeline.wrapAndCopyInto(AbstractPipeline.java:472)
		at java.util.stream.ReduceOps$ReduceOp.evaluateSequential(ReduceOps.java:708)
		at java.util.stream.AbstractPipeline.evaluate(AbstractPipeline.java:234)
		at java.util.stream.ReferencePipeline.collect(ReferencePipeline.java:566)
		at org.springframework.data.repository.query.parser.PartTree$Predicate.<init>(PartTree.java:385)
		at org.springframework.data.repository.query.parser.PartTree.<init>(PartTree.java:93)
		at org.springframework.data.jpa.repository.query.PartTreeJpaQuery.<init>(PartTreeJpaQuery.java:89)
		... 107 more
01-Apr-2026 02:07:58.482 SEVERE [main] org.apache.catalina.core.StandardContext.startInternal One or more listeners failed to start. Full details will be found in the appropriate container log file
01-Apr-2026 02:07:58.496 SEVERE [main] org.apache.catalina.core.StandardContext.startInternal Context [/employee-service] startup failed due to previous errors
01-Apr-2026 02:07:58.517 WARNING [main] org.apache.catalina.loader.WebappClassLoaderBase.clearReferencesJdbc The web application [employee-service] registered the JDBC driver [com.mysql.cj.jdbc.Driver] but failed to unregister it when the web application was stopped. To prevent a memory leak, the JDBC Driver has been forcibly unregistered.
01-Apr-2026 02:07:58.522 WARNING [main] org.apache.catalina.loader.WebappClassLoaderBase.clearReferencesThreads The web application [employee-service] appears to have started a thread named [mysql-cj-abandoned-connection-cleanup] but has failed to stop it. This is very likely to create a memory leak. Stack trace of thread:
 java.lang.Object.wait(Native Method)
 java.lang.ref.ReferenceQueue.remove(ReferenceQueue.java:144)
 com.mysql.cj.jdbc.AbandonedConnectionCleanupThread.run(AbandonedConnectionCleanupThread.java:91)
 java.util.concurrent.ThreadPoolExecutor.runWorker(ThreadPoolExecutor.java:1149)
 java.util.concurrent.ThreadPoolExecutor$Worker.run(ThreadPoolExecutor.java:624)
 java.lang.Thread.run(Thread.java:750)
01-Apr-2026 02:07:58.535 INFO [main] org.apache.catalina.startup.HostConfig.deployDirectory Deployment of web application directory [/Users/motocycopath/Desktop/java-full-stack-training/00-microservices-00/apache-tomcat-9.0.116/webapps/employee-service] has finished in [4,450] ms
01-Apr-2026 02:07:58.536 INFO [main] org.apache.catalina.startup.HostConfig.deployDirectory Deploying web application directory [/Users/motocycopath/Desktop/java-full-stack-training/00-microservices-00/apache-tomcat-9.0.116/webapps/docs]
01-Apr-2026 02:07:58.646 INFO [main] org.apache.catalina.startup.HostConfig.deployDirectory Deployment of web application directory [/Users/motocycopath/Desktop/java-full-stack-training/00-microservices-00/apache-tomcat-9.0.116/webapps/docs] has finished in [108] ms
01-Apr-2026 02:07:58.646 INFO [main] org.apache.catalina.startup.HostConfig.deployDirectory Deploying web application directory [/Users/motocycopath/Desktop/java-full-stack-training/00-microservices-00/apache-tomcat-9.0.116/webapps/manager]
01-Apr-2026 02:07:58.678 INFO [main] org.apache.catalina.startup.HostConfig.deployDirectory Deployment of web application directory [/Users/motocycopath/Desktop/java-full-stack-training/00-microservices-00/apache-tomcat-9.0.116/webapps/manager] has finished in [32] ms
01-Apr-2026 02:07:58.678 INFO [main] org.apache.catalina.startup.HostConfig.deployDirectory Deploying web application directory [/Users/motocycopath/Desktop/java-full-stack-training/00-microservices-00/apache-tomcat-9.0.116/webapps/examples]
01-Apr-2026 02:07:58.962 INFO [main] org.apache.catalina.startup.HostConfig.deployDirectory Deployment of web application directory [/Users/motocycopath/Desktop/java-full-stack-training/00-microservices-00/apache-tomcat-9.0.116/webapps/examples] has finished in [284] ms
01-Apr-2026 02:07:58.963 INFO [main] org.apache.catalina.startup.HostConfig.deployDirectory Deploying web application directory [/Users/motocycopath/Desktop/java-full-stack-training/00-microservices-00/apache-tomcat-9.0.116/webapps/ROOT]
01-Apr-2026 02:07:58.979 INFO [main] org.apache.catalina.startup.HostConfig.deployDirectory Deployment of web application directory [/Users/motocycopath/Desktop/java-full-stack-training/00-microservices-00/apache-tomcat-9.0.116/webapps/ROOT] has finished in [16] ms
01-Apr-2026 02:07:58.980 INFO [main] org.apache.catalina.startup.HostConfig.deployDirectory Deploying web application directory [/Users/motocycopath/Desktop/java-full-stack-training/00-microservices-00/apache-tomcat-9.0.116/webapps/host-manager]
01-Apr-2026 02:07:59.012 INFO [main] org.apache.catalina.startup.HostConfig.deployDirectory Deployment of web application directory [/Users/motocycopath/Desktop/java-full-stack-training/00-microservices-00/apache-tomcat-9.0.116/webapps/host-manager] has finished in [32] ms
01-Apr-2026 02:07:59.015 INFO [main] org.apache.coyote.AbstractProtocol.start Starting ProtocolHandler ["http-nio-8080"]
01-Apr-2026 02:07:59.028 INFO [main] org.apache.catalina.startup.Catalina.start Server startup in [5038] milliseconds
01-Apr-2026 02:08:01.597 INFO [mysql-cj-abandoned-connection-cleanup] org.apache.catalina.loader.WebappClassLoaderBase.checkStateForResourceLoading Illegal access: this web application instance has been stopped already. Could not load []. The following stack trace is thrown for debugging purposes as well as to attempt to terminate the thread which caused the illegal access.
	java.lang.IllegalStateException: Illegal access: this web application instance has been stopped already. Could not load []. The following stack trace is thrown for debugging purposes as well as to attempt to terminate the thread which caused the illegal access.
		at org.apache.catalina.loader.WebappClassLoaderBase.checkStateForResourceLoading(WebappClassLoaderBase.java:1370)
		at org.apache.catalina.loader.WebappClassLoaderBase.getResource(WebappClassLoaderBase.java:994)
		at com.mysql.cj.jdbc.AbandonedConnectionCleanupThread.checkThreadContextClassLoader(AbandonedConnectionCleanupThread.java:123)
		at com.mysql.cj.jdbc.AbandonedConnectionCleanupThread.run(AbandonedConnectionCleanupThread.java:90)
		at java.util.concurrent.ThreadPoolExecutor.runWorker(ThreadPoolExecutor.java:1149)
		at java.util.concurrent.ThreadPoolExecutor$Worker.run(ThreadPoolExecutor.java:624)
		at java.lang.Thread.run(Thread.java:750)
01-Apr-2026 02:12:23.975 INFO [main] org.apache.catalina.core.StandardServer.await A valid shutdown command was received via the shutdown port. Stopping the Server instance.
01-Apr-2026 02:12:23.982 INFO [main] org.apache.coyote.AbstractProtocol.pause Pausing ProtocolHandler ["http-nio-8080"]
01-Apr-2026 02:12:23.997 INFO [main] org.apache.catalina.core.StandardService.stopInternal Stopping service [Catalina]
01-Apr-2026 02:12:24.047 INFO [main] org.apache.coyote.AbstractProtocol.stop Stopping ProtocolHandler ["http-nio-8080"]
01-Apr-2026 02:12:24.068 INFO [main] org.apache.coyote.AbstractProtocol.destroy Destroying ProtocolHandler ["http-nio-8080"]
01-Apr-2026 02:12:30.905 INFO [main] org.apache.catalina.startup.VersionLoggerListener.log Server version name:   Apache Tomcat/9.0.116
01-Apr-2026 02:12:30.910 INFO [main] org.apache.catalina.startup.VersionLoggerListener.log Server built:          Mar 16 2026 15:05:42 UTC
01-Apr-2026 02:12:30.910 INFO [main] org.apache.catalina.startup.VersionLoggerListener.log Server version number: 9.0.116.0
01-Apr-2026 02:12:30.910 INFO [main] org.apache.catalina.startup.VersionLoggerListener.log OS Name:               Mac OS X
01-Apr-2026 02:12:30.910 INFO [main] org.apache.catalina.startup.VersionLoggerListener.log OS Version:            15.5
01-Apr-2026 02:12:30.910 INFO [main] org.apache.catalina.startup.VersionLoggerListener.log Architecture:          x86_64
01-Apr-2026 02:12:30.911 INFO [main] org.apache.catalina.startup.VersionLoggerListener.log Java Home:             /Library/Java/JavaVirtualMachines/temurin-8.jdk/Contents/Home/jre
01-Apr-2026 02:12:30.911 INFO [main] org.apache.catalina.startup.VersionLoggerListener.log JVM Version:           1.8.0_482-b08
01-Apr-2026 02:12:30.911 INFO [main] org.apache.catalina.startup.VersionLoggerListener.log JVM Vendor:            Temurin
01-Apr-2026 02:12:30.911 INFO [main] org.apache.catalina.startup.VersionLoggerListener.log CATALINA_BASE:         /Users/motocycopath/Desktop/java-full-stack-training/00-microservices-00/apache-tomcat-9.0.116
01-Apr-2026 02:12:30.911 INFO [main] org.apache.catalina.startup.VersionLoggerListener.log CATALINA_HOME:         /Users/motocycopath/Desktop/java-full-stack-training/00-microservices-00/apache-tomcat-9.0.116
01-Apr-2026 02:12:30.915 INFO [main] org.apache.catalina.startup.VersionLoggerListener.log Command line argument: -Djava.util.logging.config.file=/Users/motocycopath/Desktop/java-full-stack-training/00-microservices-00/apache-tomcat-9.0.116/conf/logging.properties
01-Apr-2026 02:12:30.915 INFO [main] org.apache.catalina.startup.VersionLoggerListener.log Command line argument: -Djava.util.logging.manager=org.apache.juli.ClassLoaderLogManager
01-Apr-2026 02:12:30.915 INFO [main] org.apache.catalina.startup.VersionLoggerListener.log Command line argument: -Djdk.tls.ephemeralDHKeySize=2048
01-Apr-2026 02:12:30.915 INFO [main] org.apache.catalina.startup.VersionLoggerListener.log Command line argument: -Djava.protocol.handler.pkgs=org.apache.catalina.webresources
01-Apr-2026 02:12:30.915 INFO [main] org.apache.catalina.startup.VersionLoggerListener.log Command line argument: -Dsun.io.useCanonCaches=false
01-Apr-2026 02:12:30.915 INFO [main] org.apache.catalina.startup.VersionLoggerListener.log Command line argument: -Dorg.apache.catalina.security.SecurityListener.UMASK=0027
01-Apr-2026 02:12:30.915 INFO [main] org.apache.catalina.startup.VersionLoggerListener.log Command line argument: -Dignore.endorsed.dirs=
01-Apr-2026 02:12:30.915 INFO [main] org.apache.catalina.startup.VersionLoggerListener.log Command line argument: -Dcatalina.base=/Users/motocycopath/Desktop/java-full-stack-training/00-microservices-00/apache-tomcat-9.0.116
01-Apr-2026 02:12:30.915 INFO [main] org.apache.catalina.startup.VersionLoggerListener.log Command line argument: -Dcatalina.home=/Users/motocycopath/Desktop/java-full-stack-training/00-microservices-00/apache-tomcat-9.0.116
01-Apr-2026 02:12:30.916 INFO [main] org.apache.catalina.startup.VersionLoggerListener.log Command line argument: -Djava.io.tmpdir=/Users/motocycopath/Desktop/java-full-stack-training/00-microservices-00/apache-tomcat-9.0.116/temp
01-Apr-2026 02:12:30.917 INFO [main] org.apache.catalina.core.AprLifecycleListener.lifecycleEvent The Apache Tomcat Native library which allows using OpenSSL was not found on the java.library.path: [/Users/motocycopath/Library/Java/Extensions:/Library/Java/Extensions:/Network/Library/Java/Extensions:/System/Library/Java/Extensions:/usr/lib/java:.]
01-Apr-2026 02:12:31.339 INFO [main] org.apache.coyote.AbstractProtocol.init Initializing ProtocolHandler ["http-nio-8080"]
01-Apr-2026 02:12:31.382 INFO [main] org.apache.catalina.startup.Catalina.load Server initialization in [641] milliseconds
01-Apr-2026 02:12:31.470 INFO [main] org.apache.catalina.core.StandardService.startInternal Starting service [Catalina]
01-Apr-2026 02:12:31.471 INFO [main] org.apache.catalina.core.StandardEngine.startInternal Starting Servlet engine: [Apache Tomcat/9.0.116]
01-Apr-2026 02:12:31.476 INFO [main] org.apache.catalina.startup.HostConfig.deployDirectory Deploying web application directory [/Users/motocycopath/Desktop/java-full-stack-training/00-microservices-00/apache-tomcat-9.0.116/webapps/employee-service]
01-Apr-2026 02:12:33.020 INFO [main] org.apache.jasper.servlet.TldScanner.scanJars At least one JAR was scanned for TLDs yet contained no TLDs. Enable debug logging for this logger for a complete list of JARs that were scanned but no TLDs were found in them. Skipping unneeded JARs during scanning can improve startup time and JSP compilation time.
01-Apr-2026 02:12:33.055 INFO [main] org.springframework.web.context.ContextLoader.initWebApplicationContext Root WebApplicationContext: initialization started
01-Apr-2026 02:12:33.538 INFO [main] org.springframework.data.repository.config.RepositoryConfigurationDelegate.registerRepositoriesIn Bootstrapping Spring Data JPA repositories in DEFAULT mode.
01-Apr-2026 02:12:33.657 INFO [main] org.springframework.data.repository.config.RepositoryConfigurationDelegate.registerRepositoriesIn Finished Spring Data repository scanning in 103 ms. Found 1 JPA repository interfaces.
01-Apr-2026 02:12:33.659 INFO [main] org.springframework.data.repository.config.RepositoryConfigurationDelegate.registerRepositoriesIn Bootstrapping Spring Data JPA repositories in DEFAULT mode.
01-Apr-2026 02:12:33.668 INFO [main] org.springframework.data.repository.config.RepositoryConfigurationDelegate.registerRepositoriesIn Finished Spring Data repository scanning in 8 ms. Found 1 JPA repository interfaces.
01-Apr-2026 02:12:34.031 INFO [main] org.hibernate.jpa.internal.util.LogHelper.logPersistenceUnitInformation HHH000204: Processing PersistenceUnitInfo [
	name: default
	...]
01-Apr-2026 02:12:34.099 INFO [main] org.hibernate.Version.logVersion HHH000412: Hibernate Core {5.2.8.Final}
01-Apr-2026 02:12:34.101 INFO [main] org.hibernate.cfg.Environment.<clinit> HHH000206: hibernate.properties not found
01-Apr-2026 02:12:34.145 INFO [main] org.hibernate.annotations.common.reflection.java.JavaReflectionManager.<clinit> HCANN000001: Hibernate Commons Annotations {5.0.1.Final}
01-Apr-2026 02:12:34.691 INFO [main] org.hibernate.dialect.Dialect.<init> HHH000400: Using dialect: org.hibernate.dialect.MySQLDialect
01-Apr-2026 02:12:35.312 INFO [main] org.springframework.orm.jpa.AbstractEntityManagerFactoryBean.buildNativeEntityManagerFactory Initialized JPA EntityManagerFactory for persistence unit 'default'
01-Apr-2026 02:12:35.834 WARNING [main] org.springframework.context.support.AbstractApplicationContext.refresh Exception encountered during context initialization - cancelling refresh attempt: org.springframework.beans.factory.UnsatisfiedDependencyException: Error creating bean with name 'employeeServiceImpl': Unsatisfied dependency expressed through field 'employeeDAOWrapper'; nested exception is org.springframework.beans.factory.UnsatisfiedDependencyException: Error creating bean with name 'employeeDAOWrapper': Unsatisfied dependency expressed through field 'employeeDAO'; nested exception is org.springframework.beans.factory.BeanCreationException: Error creating bean with name 'employeeDAO' defined in com.microservices.learn.dao.EmployeeDAO defined in : Invocation of init method failed; nested exception is org.springframework.data.repository.query.QueryCreationException: Could not create query for public abstract java.lang.Integer com.microservices.learn.dao.EmployeeDAO.updateEmployeeSalaryByName(java.lang.Double,java.lang.String); Reason: Failed to create query for method public abstract java.lang.Integer com.microservices.learn.dao.EmployeeDAO.updateEmployeeSalaryByName(java.lang.Double,java.lang.String)! No property 'updateEmployeeSalaryByName' found for type 'EmployeeEntity'; nested exception is java.lang.IllegalArgumentException: Failed to create query for method public abstract java.lang.Integer com.microservices.learn.dao.EmployeeDAO.updateEmployeeSalaryByName(java.lang.Double,java.lang.String)! No property 'updateEmployeeSalaryByName' found for type 'EmployeeEntity'
01-Apr-2026 02:12:35.835 INFO [main] org.springframework.orm.jpa.AbstractEntityManagerFactoryBean.destroy Closing JPA EntityManagerFactory for persistence unit 'default'
01-Apr-2026 02:12:35.837 SEVERE [main] org.springframework.web.context.ContextLoader.initWebApplicationContext Context initialization failed
	org.springframework.beans.factory.UnsatisfiedDependencyException: Error creating bean with name 'employeeServiceImpl': Unsatisfied dependency expressed through field 'employeeDAOWrapper'; nested exception is org.springframework.beans.factory.UnsatisfiedDependencyException: Error creating bean with name 'employeeDAOWrapper': Unsatisfied dependency expressed through field 'employeeDAO'; nested exception is org.springframework.beans.factory.BeanCreationException: Error creating bean with name 'employeeDAO' defined in com.microservices.learn.dao.EmployeeDAO defined in : Invocation of init method failed; nested exception is org.springframework.data.repository.query.QueryCreationException: Could not create query for public abstract java.lang.Integer com.microservices.learn.dao.EmployeeDAO.updateEmployeeSalaryByName(java.lang.Double,java.lang.String); Reason: Failed to create query for method public abstract java.lang.Integer com.microservices.learn.dao.EmployeeDAO.updateEmployeeSalaryByName(java.lang.Double,java.lang.String)! No property 'updateEmployeeSalaryByName' found for type 'EmployeeEntity'; nested exception is java.lang.IllegalArgumentException: Failed to create query for method public abstract java.lang.Integer com.microservices.learn.dao.EmployeeDAO.updateEmployeeSalaryByName(java.lang.Double,java.lang.String)! No property 'updateEmployeeSalaryByName' found for type 'EmployeeEntity'
		at org.springframework.beans.factory.annotation.AutowiredAnnotationBeanPostProcessor$AutowiredFieldElement.resolveFieldValue(AutowiredAnnotationBeanPostProcessor.java:659)
		at org.springframework.beans.factory.annotation.AutowiredAnnotationBeanPostProcessor$AutowiredFieldElement.inject(AutowiredAnnotationBeanPostProcessor.java:639)
		at org.springframework.beans.factory.annotation.InjectionMetadata.inject(InjectionMetadata.java:119)
		at org.springframework.beans.factory.annotation.AutowiredAnnotationBeanPostProcessor.postProcessProperties(AutowiredAnnotationBeanPostProcessor.java:399)
		at org.springframework.beans.factory.support.AbstractAutowireCapableBeanFactory.populateBean(AbstractAutowireCapableBeanFactory.java:1431)
		at org.springframework.beans.factory.support.AbstractAutowireCapableBeanFactory.doCreateBean(AbstractAutowireCapableBeanFactory.java:619)
		at org.springframework.beans.factory.support.AbstractAutowireCapableBeanFactory.createBean(AbstractAutowireCapableBeanFactory.java:542)
		at org.springframework.beans.factory.support.AbstractBeanFactory.lambda$doGetBean$0(AbstractBeanFactory.java:335)
		at org.springframework.beans.factory.support.DefaultSingletonBeanRegistry.getSingleton(DefaultSingletonBeanRegistry.java:234)
		at org.springframework.beans.factory.support.AbstractBeanFactory.doGetBean(AbstractBeanFactory.java:333)
		at org.springframework.beans.factory.support.AbstractBeanFactory.getBean(AbstractBeanFactory.java:208)
		at org.springframework.beans.factory.support.DefaultListableBeanFactory.preInstantiateSingletons(DefaultListableBeanFactory.java:955)
		at org.springframework.context.support.AbstractApplicationContext.finishBeanFactoryInitialization(AbstractApplicationContext.java:918)
		at org.springframework.context.support.AbstractApplicationContext.refresh(AbstractApplicationContext.java:583)
		at org.springframework.web.context.ContextLoader.configureAndRefreshWebApplicationContext(ContextLoader.java:401)
		at org.springframework.web.context.ContextLoader.initWebApplicationContext(ContextLoader.java:292)
		at org.springframework.web.context.ContextLoaderListener.contextInitialized(ContextLoaderListener.java:103)
		at org.apache.catalina.core.StandardContext.listenerStart(StandardContext.java:4047)
		at org.apache.catalina.core.StandardContext.startInternal(StandardContext.java:4489)
		at org.apache.catalina.util.LifecycleBase.start(LifecycleBase.java:164)
		at org.apache.catalina.core.ContainerBase.addChildInternal(ContainerBase.java:597)
		at org.apache.catalina.core.ContainerBase.addChild(ContainerBase.java:569)
		at org.apache.catalina.core.StandardHost.addChild(StandardHost.java:608)
		at org.apache.catalina.startup.HostConfig.deployDirectory(HostConfig.java:1171)
		at org.apache.catalina.startup.HostConfig$DeployDirectory.run(HostConfig.java:1880)
		at java.util.concurrent.Executors$RunnableAdapter.call(Executors.java:511)
		at java.util.concurrent.FutureTask.run(FutureTask.java:266)
		at org.apache.tomcat.util.threads.InlineExecutorService.execute(InlineExecutorService.java:82)
		at java.util.concurrent.AbstractExecutorService.submit(AbstractExecutorService.java:112)
		at org.apache.catalina.startup.HostConfig.deployDirectories(HostConfig.java:1082)
		at org.apache.catalina.startup.HostConfig.deployApps(HostConfig.java:467)
		at org.apache.catalina.startup.HostConfig.start(HostConfig.java:1576)
		at org.apache.catalina.startup.HostConfig.lifecycleEvent(HostConfig.java:309)
		at org.apache.catalina.util.LifecycleBase.fireLifecycleEvent(LifecycleBase.java:109)
		at org.apache.catalina.util.LifecycleBase.setStateInternal(LifecycleBase.java:389)
		at org.apache.catalina.util.LifecycleBase.setState(LifecycleBase.java:336)
		at org.apache.catalina.core.ContainerBase.startInternal(ContainerBase.java:774)
		at org.apache.catalina.core.StandardHost.startInternal(StandardHost.java:726)
		at org.apache.catalina.util.LifecycleBase.start(LifecycleBase.java:164)
		at org.apache.catalina.core.ContainerBase$StartChild.call(ContainerBase.java:1201)
		at org.apache.catalina.core.ContainerBase$StartChild.call(ContainerBase.java:1191)
		at java.util.concurrent.FutureTask.run(FutureTask.java:266)
		at org.apache.tomcat.util.threads.InlineExecutorService.execute(InlineExecutorService.java:82)
		at java.util.concurrent.AbstractExecutorService.submit(AbstractExecutorService.java:134)
		at org.apache.catalina.core.ContainerBase.startInternal(ContainerBase.java:747)
		at org.apache.catalina.core.StandardEngine.startInternal(StandardEngine.java:209)
		at org.apache.catalina.util.LifecycleBase.start(LifecycleBase.java:164)
		at org.apache.catalina.core.StandardService.startInternal(StandardService.java:410)
		at org.apache.catalina.util.LifecycleBase.start(LifecycleBase.java:164)
		at org.apache.catalina.core.StandardServer.startInternal(StandardServer.java:872)
		at org.apache.catalina.util.LifecycleBase.start(LifecycleBase.java:164)
		at org.apache.catalina.startup.Catalina.start(Catalina.java:736)
		at sun.reflect.NativeMethodAccessorImpl.invoke0(Native Method)
		at sun.reflect.NativeMethodAccessorImpl.invoke(NativeMethodAccessorImpl.java:62)
		at sun.reflect.DelegatingMethodAccessorImpl.invoke(DelegatingMethodAccessorImpl.java:43)
		at java.lang.reflect.Method.invoke(Method.java:498)
		at org.apache.catalina.startup.Bootstrap.start(Bootstrap.java:342)
		at org.apache.catalina.startup.Bootstrap.main(Bootstrap.java:473)
	Caused by: org.springframework.beans.factory.UnsatisfiedDependencyException: Error creating bean with name 'employeeDAOWrapper': Unsatisfied dependency expressed through field 'employeeDAO'; nested exception is org.springframework.beans.factory.BeanCreationException: Error creating bean with name 'employeeDAO' defined in com.microservices.learn.dao.EmployeeDAO defined in : Invocation of init method failed; nested exception is org.springframework.data.repository.query.QueryCreationException: Could not create query for public abstract java.lang.Integer com.microservices.learn.dao.EmployeeDAO.updateEmployeeSalaryByName(java.lang.Double,java.lang.String); Reason: Failed to create query for method public abstract java.lang.Integer com.microservices.learn.dao.EmployeeDAO.updateEmployeeSalaryByName(java.lang.Double,java.lang.String)! No property 'updateEmployeeSalaryByName' found for type 'EmployeeEntity'; nested exception is java.lang.IllegalArgumentException: Failed to create query for method public abstract java.lang.Integer com.microservices.learn.dao.EmployeeDAO.updateEmployeeSalaryByName(java.lang.Double,java.lang.String)! No property 'updateEmployeeSalaryByName' found for type 'EmployeeEntity'
		at org.springframework.beans.factory.annotation.AutowiredAnnotationBeanPostProcessor$AutowiredFieldElement.resolveFieldValue(AutowiredAnnotationBeanPostProcessor.java:659)
		at org.springframework.beans.factory.annotation.AutowiredAnnotationBeanPostProcessor$AutowiredFieldElement.inject(AutowiredAnnotationBeanPostProcessor.java:639)
		at org.springframework.beans.factory.annotation.InjectionMetadata.inject(InjectionMetadata.java:119)
		at org.springframework.beans.factory.annotation.AutowiredAnnotationBeanPostProcessor.postProcessProperties(AutowiredAnnotationBeanPostProcessor.java:399)
		at org.springframework.beans.factory.support.AbstractAutowireCapableBeanFactory.populateBean(AbstractAutowireCapableBeanFactory.java:1431)
		at org.springframework.beans.factory.support.AbstractAutowireCapableBeanFactory.doCreateBean(AbstractAutowireCapableBeanFactory.java:619)
		at org.springframework.beans.factory.support.AbstractAutowireCapableBeanFactory.createBean(AbstractAutowireCapableBeanFactory.java:542)
		at org.springframework.beans.factory.support.AbstractBeanFactory.lambda$doGetBean$0(AbstractBeanFactory.java:335)
		at org.springframework.beans.factory.support.DefaultSingletonBeanRegistry.getSingleton(DefaultSingletonBeanRegistry.java:234)
		at org.springframework.beans.factory.support.AbstractBeanFactory.doGetBean(AbstractBeanFactory.java:333)
		at org.springframework.beans.factory.support.AbstractBeanFactory.getBean(AbstractBeanFactory.java:208)
		at org.springframework.beans.factory.config.DependencyDescriptor.resolveCandidate(DependencyDescriptor.java:276)
		at org.springframework.beans.factory.support.DefaultListableBeanFactory.doResolveDependency(DefaultListableBeanFactory.java:1391)
		at org.springframework.beans.factory.support.DefaultListableBeanFactory.resolveDependency(DefaultListableBeanFactory.java:1311)
		at org.springframework.beans.factory.annotation.AutowiredAnnotationBeanPostProcessor$AutowiredFieldElement.resolveFieldValue(AutowiredAnnotationBeanPostProcessor.java:656)
		... 57 more
	Caused by: org.springframework.beans.factory.BeanCreationException: Error creating bean with name 'employeeDAO' defined in com.microservices.learn.dao.EmployeeDAO defined in : Invocation of init method failed; nested exception is org.springframework.data.repository.query.QueryCreationException: Could not create query for public abstract java.lang.Integer com.microservices.learn.dao.EmployeeDAO.updateEmployeeSalaryByName(java.lang.Double,java.lang.String); Reason: Failed to create query for method public abstract java.lang.Integer com.microservices.learn.dao.EmployeeDAO.updateEmployeeSalaryByName(java.lang.Double,java.lang.String)! No property 'updateEmployeeSalaryByName' found for type 'EmployeeEntity'; nested exception is java.lang.IllegalArgumentException: Failed to create query for method public abstract java.lang.Integer com.microservices.learn.dao.EmployeeDAO.updateEmployeeSalaryByName(java.lang.Double,java.lang.String)! No property 'updateEmployeeSalaryByName' found for type 'EmployeeEntity'
		at org.springframework.beans.factory.support.AbstractAutowireCapableBeanFactory.initializeBean(AbstractAutowireCapableBeanFactory.java:1804)
		at org.springframework.beans.factory.support.AbstractAutowireCapableBeanFactory.doCreateBean(AbstractAutowireCapableBeanFactory.java:620)
		at org.springframework.beans.factory.support.AbstractAutowireCapableBeanFactory.createBean(AbstractAutowireCapableBeanFactory.java:542)
		at org.springframework.beans.factory.support.AbstractBeanFactory.lambda$doGetBean$0(AbstractBeanFactory.java:335)
		at org.springframework.beans.factory.support.DefaultSingletonBeanRegistry.getSingleton(DefaultSingletonBeanRegistry.java:234)
		at org.springframework.beans.factory.support.AbstractBeanFactory.doGetBean(AbstractBeanFactory.java:333)
		at org.springframework.beans.factory.support.AbstractBeanFactory.getBean(AbstractBeanFactory.java:208)
		at org.springframework.beans.factory.config.DependencyDescriptor.resolveCandidate(DependencyDescriptor.java:276)
		at org.springframework.beans.factory.support.DefaultListableBeanFactory.doResolveDependency(DefaultListableBeanFactory.java:1391)
		at org.springframework.beans.factory.support.DefaultListableBeanFactory.resolveDependency(DefaultListableBeanFactory.java:1311)
		at org.springframework.beans.factory.annotation.AutowiredAnnotationBeanPostProcessor$AutowiredFieldElement.resolveFieldValue(AutowiredAnnotationBeanPostProcessor.java:656)
		... 71 more
	Caused by: org.springframework.data.repository.query.QueryCreationException: Could not create query for public abstract java.lang.Integer com.microservices.learn.dao.EmployeeDAO.updateEmployeeSalaryByName(java.lang.Double,java.lang.String); Reason: Failed to create query for method public abstract java.lang.Integer com.microservices.learn.dao.EmployeeDAO.updateEmployeeSalaryByName(java.lang.Double,java.lang.String)! No property 'updateEmployeeSalaryByName' found for type 'EmployeeEntity'; nested exception is java.lang.IllegalArgumentException: Failed to create query for method public abstract java.lang.Integer com.microservices.learn.dao.EmployeeDAO.updateEmployeeSalaryByName(java.lang.Double,java.lang.String)! No property 'updateEmployeeSalaryByName' found for type 'EmployeeEntity'
		at org.springframework.data.repository.query.QueryCreationException.create(QueryCreationException.java:101)
		at org.springframework.data.repository.core.support.QueryExecutorMethodInterceptor.lookupQuery(QueryExecutorMethodInterceptor.java:107)
		at org.springframework.data.repository.core.support.QueryExecutorMethodInterceptor.lambda$mapMethodsToQuery$1(QueryExecutorMethodInterceptor.java:95)
		at java.util.stream.ReferencePipeline$3$1.accept(ReferencePipeline.java:193)
		at java.util.Iterator.forEachRemaining(Iterator.java:116)
		at java.util.Collections$UnmodifiableCollection$1.forEachRemaining(Collections.java:1051)
		at java.util.Spliterators$IteratorSpliterator.forEachRemaining(Spliterators.java:1801)
		at java.util.stream.AbstractPipeline.copyInto(AbstractPipeline.java:482)
		at java.util.stream.AbstractPipeline.wrapAndCopyInto(AbstractPipeline.java:472)
		at java.util.stream.ReduceOps$ReduceOp.evaluateSequential(ReduceOps.java:708)
		at java.util.stream.AbstractPipeline.evaluate(AbstractPipeline.java:234)
		at java.util.stream.ReferencePipeline.collect(ReferencePipeline.java:566)
		at org.springframework.data.repository.core.support.QueryExecutorMethodInterceptor.mapMethodsToQuery(QueryExecutorMethodInterceptor.java:97)
		at org.springframework.data.repository.core.support.QueryExecutorMethodInterceptor.lambda$new$0(QueryExecutorMethodInterceptor.java:87)
		at java.util.Optional.map(Optional.java:215)
		at org.springframework.data.repository.core.support.QueryExecutorMethodInterceptor.<init>(QueryExecutorMethodInterceptor.java:87)
		at org.springframework.data.repository.core.support.RepositoryFactorySupport.getRepository(RepositoryFactorySupport.java:365)
		at org.springframework.data.repository.core.support.RepositoryFactoryBeanSupport.lambda$afterPropertiesSet$5(RepositoryFactoryBeanSupport.java:323)
		at org.springframework.data.util.Lazy.getNullable(Lazy.java:231)
		at org.springframework.data.util.Lazy.get(Lazy.java:115)
		at org.springframework.data.repository.core.support.RepositoryFactoryBeanSupport.afterPropertiesSet(RepositoryFactoryBeanSupport.java:329)
		at org.springframework.data.jpa.repository.support.JpaRepositoryFactoryBean.afterPropertiesSet(JpaRepositoryFactoryBean.java:144)
		at org.springframework.beans.factory.support.AbstractAutowireCapableBeanFactory.invokeInitMethods(AbstractAutowireCapableBeanFactory.java:1863)
		at org.springframework.beans.factory.support.AbstractAutowireCapableBeanFactory.initializeBean(AbstractAutowireCapableBeanFactory.java:1800)
		... 81 more
	Caused by: java.lang.IllegalArgumentException: Failed to create query for method public abstract java.lang.Integer com.microservices.learn.dao.EmployeeDAO.updateEmployeeSalaryByName(java.lang.Double,java.lang.String)! No property 'updateEmployeeSalaryByName' found for type 'EmployeeEntity'
		at org.springframework.data.jpa.repository.query.PartTreeJpaQuery.<init>(PartTreeJpaQuery.java:96)
		at org.springframework.data.jpa.repository.query.JpaQueryLookupStrategy$CreateQueryLookupStrategy.resolveQuery(JpaQueryLookupStrategy.java:119)
		at org.springframework.data.jpa.repository.query.JpaQueryLookupStrategy$CreateIfNotFoundQueryLookupStrategy.resolveQuery(JpaQueryLookupStrategy.java:259)
		at org.springframework.data.jpa.repository.query.JpaQueryLookupStrategy$AbstractQueryLookupStrategy.resolveQuery(JpaQueryLookupStrategy.java:93)
		at org.springframework.data.repository.core.support.QueryExecutorMethodInterceptor.lookupQuery(QueryExecutorMethodInterceptor.java:103)
		... 103 more
	Caused by: org.springframework.data.mapping.PropertyReferenceException: No property 'updateEmployeeSalaryByName' found for type 'EmployeeEntity'
		at org.springframework.data.mapping.PropertyPath.<init>(PropertyPath.java:91)
		at org.springframework.data.mapping.PropertyPath.create(PropertyPath.java:438)
		at org.springframework.data.mapping.PropertyPath.create(PropertyPath.java:414)
		at org.springframework.data.mapping.PropertyPath.lambda$from$0(PropertyPath.java:367)
		at java.util.concurrent.ConcurrentMap.computeIfAbsent(ConcurrentMap.java:324)
		at org.springframework.data.mapping.PropertyPath.from(PropertyPath.java:349)
		at org.springframework.data.mapping.PropertyPath.from(PropertyPath.java:332)
		at org.springframework.data.repository.query.parser.Part.<init>(Part.java:81)
		at org.springframework.data.repository.query.parser.PartTree$OrPart.lambda$new$0(PartTree.java:250)
		at java.util.stream.ReferencePipeline$3$1.accept(ReferencePipeline.java:193)
		at java.util.stream.ReferencePipeline$2$1.accept(ReferencePipeline.java:175)
		at java.util.Spliterators$ArraySpliterator.forEachRemaining(Spliterators.java:948)
		at java.util.stream.AbstractPipeline.copyInto(AbstractPipeline.java:482)
		at java.util.stream.AbstractPipeline.wrapAndCopyInto(AbstractPipeline.java:472)
		at java.util.stream.ReduceOps$ReduceOp.evaluateSequential(ReduceOps.java:708)
		at java.util.stream.AbstractPipeline.evaluate(AbstractPipeline.java:234)
		at java.util.stream.ReferencePipeline.collect(ReferencePipeline.java:566)
		at org.springframework.data.repository.query.parser.PartTree$OrPart.<init>(PartTree.java:251)
		at org.springframework.data.repository.query.parser.PartTree$Predicate.lambda$new$0(PartTree.java:384)
		at java.util.stream.ReferencePipeline$3$1.accept(ReferencePipeline.java:193)
		at java.util.stream.ReferencePipeline$2$1.accept(ReferencePipeline.java:175)
		at java.util.Spliterators$ArraySpliterator.forEachRemaining(Spliterators.java:948)
		at java.util.stream.AbstractPipeline.copyInto(AbstractPipeline.java:482)
		at java.util.stream.AbstractPipeline.wrapAndCopyInto(AbstractPipeline.java:472)
		at java.util.stream.ReduceOps$ReduceOp.evaluateSequential(ReduceOps.java:708)
		at java.util.stream.AbstractPipeline.evaluate(AbstractPipeline.java:234)
		at java.util.stream.ReferencePipeline.collect(ReferencePipeline.java:566)
		at org.springframework.data.repository.query.parser.PartTree$Predicate.<init>(PartTree.java:385)
		at org.springframework.data.repository.query.parser.PartTree.<init>(PartTree.java:93)
		at org.springframework.data.jpa.repository.query.PartTreeJpaQuery.<init>(PartTreeJpaQuery.java:89)
		... 107 more
01-Apr-2026 02:12:35.845 SEVERE [main] org.apache.catalina.core.StandardContext.startInternal One or more listeners failed to start. Full details will be found in the appropriate container log file
01-Apr-2026 02:12:35.859 SEVERE [main] org.apache.catalina.core.StandardContext.startInternal Context [/employee-service] startup failed due to previous errors
01-Apr-2026 02:12:35.873 WARNING [main] org.apache.catalina.loader.WebappClassLoaderBase.clearReferencesJdbc The web application [employee-service] registered the JDBC driver [com.mysql.cj.jdbc.Driver] but failed to unregister it when the web application was stopped. To prevent a memory leak, the JDBC Driver has been forcibly unregistered.
01-Apr-2026 02:12:35.874 WARNING [main] org.apache.catalina.loader.WebappClassLoaderBase.clearReferencesThreads The web application [employee-service] appears to have started a thread named [mysql-cj-abandoned-connection-cleanup] but has failed to stop it. This is very likely to create a memory leak. Stack trace of thread:
 java.lang.Object.wait(Native Method)
 java.lang.ref.ReferenceQueue.remove(ReferenceQueue.java:144)
 com.mysql.cj.jdbc.AbandonedConnectionCleanupThread.run(AbandonedConnectionCleanupThread.java:91)
 java.util.concurrent.ThreadPoolExecutor.runWorker(ThreadPoolExecutor.java:1149)
 java.util.concurrent.ThreadPoolExecutor$Worker.run(ThreadPoolExecutor.java:624)
 java.lang.Thread.run(Thread.java:750)
01-Apr-2026 02:12:35.882 INFO [main] org.apache.catalina.startup.HostConfig.deployDirectory Deployment of web application directory [/Users/motocycopath/Desktop/java-full-stack-training/00-microservices-00/apache-tomcat-9.0.116/webapps/employee-service] has finished in [4,405] ms
01-Apr-2026 02:12:35.883 INFO [main] org.apache.catalina.startup.HostConfig.deployDirectory Deploying web application directory [/Users/motocycopath/Desktop/java-full-stack-training/00-microservices-00/apache-tomcat-9.0.116/webapps/docs]
01-Apr-2026 02:12:35.976 INFO [main] org.apache.catalina.startup.HostConfig.deployDirectory Deployment of web application directory [/Users/motocycopath/Desktop/java-full-stack-training/00-microservices-00/apache-tomcat-9.0.116/webapps/docs] has finished in [93] ms
01-Apr-2026 02:12:35.977 INFO [main] org.apache.catalina.startup.HostConfig.deployDirectory Deploying web application directory [/Users/motocycopath/Desktop/java-full-stack-training/00-microservices-00/apache-tomcat-9.0.116/webapps/manager]
01-Apr-2026 02:12:36.015 INFO [main] org.apache.catalina.startup.HostConfig.deployDirectory Deployment of web application directory [/Users/motocycopath/Desktop/java-full-stack-training/00-microservices-00/apache-tomcat-9.0.116/webapps/manager] has finished in [39] ms
01-Apr-2026 02:12:36.016 INFO [main] org.apache.catalina.startup.HostConfig.deployDirectory Deploying web application directory [/Users/motocycopath/Desktop/java-full-stack-training/00-microservices-00/apache-tomcat-9.0.116/webapps/examples]
01-Apr-2026 02:12:36.372 INFO [main] org.apache.catalina.startup.HostConfig.deployDirectory Deployment of web application directory [/Users/motocycopath/Desktop/java-full-stack-training/00-microservices-00/apache-tomcat-9.0.116/webapps/examples] has finished in [355] ms
01-Apr-2026 02:12:36.372 INFO [main] org.apache.catalina.startup.HostConfig.deployDirectory Deploying web application directory [/Users/motocycopath/Desktop/java-full-stack-training/00-microservices-00/apache-tomcat-9.0.116/webapps/ROOT]
01-Apr-2026 02:12:36.391 INFO [main] org.apache.catalina.startup.HostConfig.deployDirectory Deployment of web application directory [/Users/motocycopath/Desktop/java-full-stack-training/00-microservices-00/apache-tomcat-9.0.116/webapps/ROOT] has finished in [19] ms
01-Apr-2026 02:12:36.391 INFO [main] org.apache.catalina.startup.HostConfig.deployDirectory Deploying web application directory [/Users/motocycopath/Desktop/java-full-stack-training/00-microservices-00/apache-tomcat-9.0.116/webapps/host-manager]
01-Apr-2026 02:12:36.418 INFO [main] org.apache.catalina.startup.HostConfig.deployDirectory Deployment of web application directory [/Users/motocycopath/Desktop/java-full-stack-training/00-microservices-00/apache-tomcat-9.0.116/webapps/host-manager] has finished in [27] ms
01-Apr-2026 02:12:36.422 INFO [main] org.apache.coyote.AbstractProtocol.start Starting ProtocolHandler ["http-nio-8080"]
01-Apr-2026 02:12:36.434 INFO [main] org.apache.catalina.startup.Catalina.start Server startup in [5051] milliseconds
01-Apr-2026 02:12:38.898 INFO [mysql-cj-abandoned-connection-cleanup] org.apache.catalina.loader.WebappClassLoaderBase.checkStateForResourceLoading Illegal access: this web application instance has been stopped already. Could not load []. The following stack trace is thrown for debugging purposes as well as to attempt to terminate the thread which caused the illegal access.
	java.lang.IllegalStateException: Illegal access: this web application instance has been stopped already. Could not load []. The following stack trace is thrown for debugging purposes as well as to attempt to terminate the thread which caused the illegal access.
		at org.apache.catalina.loader.WebappClassLoaderBase.checkStateForResourceLoading(WebappClassLoaderBase.java:1370)
		at org.apache.catalina.loader.WebappClassLoaderBase.getResource(WebappClassLoaderBase.java:994)
		at com.mysql.cj.jdbc.AbandonedConnectionCleanupThread.checkThreadContextClassLoader(AbandonedConnectionCleanupThread.java:123)
		at com.mysql.cj.jdbc.AbandonedConnectionCleanupThread.run(AbandonedConnectionCleanupThread.java:90)
		at java.util.concurrent.ThreadPoolExecutor.runWorker(ThreadPoolExecutor.java:1149)
		at java.util.concurrent.ThreadPoolExecutor$Worker.run(ThreadPoolExecutor.java:624)
		at java.lang.Thread.run(Thread.java:750)
01-Apr-2026 02:21:42.353 INFO [main] org.apache.catalina.core.StandardServer.await A valid shutdown command was received via the shutdown port. Stopping the Server instance.
01-Apr-2026 02:21:42.362 INFO [main] org.apache.coyote.AbstractProtocol.pause Pausing ProtocolHandler ["http-nio-8080"]
01-Apr-2026 02:21:42.378 INFO [main] org.apache.catalina.core.StandardService.stopInternal Stopping service [Catalina]
01-Apr-2026 02:21:42.422 INFO [main] org.apache.coyote.AbstractProtocol.stop Stopping ProtocolHandler ["http-nio-8080"]
01-Apr-2026 02:21:42.434 INFO [main] org.apache.coyote.AbstractProtocol.destroy Destroying ProtocolHandler ["http-nio-8080"]
01-Apr-2026 02:21:49.250 INFO [main] org.apache.catalina.startup.VersionLoggerListener.log Server version name:   Apache Tomcat/9.0.116
01-Apr-2026 02:21:49.257 INFO [main] org.apache.catalina.startup.VersionLoggerListener.log Server built:          Mar 16 2026 15:05:42 UTC
01-Apr-2026 02:21:49.257 INFO [main] org.apache.catalina.startup.VersionLoggerListener.log Server version number: 9.0.116.0
01-Apr-2026 02:21:49.257 INFO [main] org.apache.catalina.startup.VersionLoggerListener.log OS Name:               Mac OS X
01-Apr-2026 02:21:49.257 INFO [main] org.apache.catalina.startup.VersionLoggerListener.log OS Version:            15.5
01-Apr-2026 02:21:49.257 INFO [main] org.apache.catalina.startup.VersionLoggerListener.log Architecture:          x86_64
01-Apr-2026 02:21:49.257 INFO [main] org.apache.catalina.startup.VersionLoggerListener.log Java Home:             /Library/Java/JavaVirtualMachines/temurin-8.jdk/Contents/Home/jre
01-Apr-2026 02:21:49.257 INFO [main] org.apache.catalina.startup.VersionLoggerListener.log JVM Version:           1.8.0_482-b08
01-Apr-2026 02:21:49.257 INFO [main] org.apache.catalina.startup.VersionLoggerListener.log JVM Vendor:            Temurin
01-Apr-2026 02:21:49.257 INFO [main] org.apache.catalina.startup.VersionLoggerListener.log CATALINA_BASE:         /Users/motocycopath/Desktop/java-full-stack-training/00-microservices-00/apache-tomcat-9.0.116
01-Apr-2026 02:21:49.257 INFO [main] org.apache.catalina.startup.VersionLoggerListener.log CATALINA_HOME:         /Users/motocycopath/Desktop/java-full-stack-training/00-microservices-00/apache-tomcat-9.0.116
01-Apr-2026 02:21:49.260 INFO [main] org.apache.catalina.startup.VersionLoggerListener.log Command line argument: -Djava.util.logging.config.file=/Users/motocycopath/Desktop/java-full-stack-training/00-microservices-00/apache-tomcat-9.0.116/conf/logging.properties
01-Apr-2026 02:21:49.260 INFO [main] org.apache.catalina.startup.VersionLoggerListener.log Command line argument: -Djava.util.logging.manager=org.apache.juli.ClassLoaderLogManager
01-Apr-2026 02:21:49.260 INFO [main] org.apache.catalina.startup.VersionLoggerListener.log Command line argument: -Djdk.tls.ephemeralDHKeySize=2048
01-Apr-2026 02:21:49.260 INFO [main] org.apache.catalina.startup.VersionLoggerListener.log Command line argument: -Djava.protocol.handler.pkgs=org.apache.catalina.webresources
01-Apr-2026 02:21:49.260 INFO [main] org.apache.catalina.startup.VersionLoggerListener.log Command line argument: -Dsun.io.useCanonCaches=false
01-Apr-2026 02:21:49.260 INFO [main] org.apache.catalina.startup.VersionLoggerListener.log Command line argument: -Dorg.apache.catalina.security.SecurityListener.UMASK=0027
01-Apr-2026 02:21:49.260 INFO [main] org.apache.catalina.startup.VersionLoggerListener.log Command line argument: -Dignore.endorsed.dirs=
01-Apr-2026 02:21:49.260 INFO [main] org.apache.catalina.startup.VersionLoggerListener.log Command line argument: -Dcatalina.base=/Users/motocycopath/Desktop/java-full-stack-training/00-microservices-00/apache-tomcat-9.0.116
01-Apr-2026 02:21:49.261 INFO [main] org.apache.catalina.startup.VersionLoggerListener.log Command line argument: -Dcatalina.home=/Users/motocycopath/Desktop/java-full-stack-training/00-microservices-00/apache-tomcat-9.0.116
01-Apr-2026 02:21:49.261 INFO [main] org.apache.catalina.startup.VersionLoggerListener.log Command line argument: -Djava.io.tmpdir=/Users/motocycopath/Desktop/java-full-stack-training/00-microservices-00/apache-tomcat-9.0.116/temp
01-Apr-2026 02:21:49.262 INFO [main] org.apache.catalina.core.AprLifecycleListener.lifecycleEvent The Apache Tomcat Native library which allows using OpenSSL was not found on the java.library.path: [/Users/motocycopath/Library/Java/Extensions:/Library/Java/Extensions:/Network/Library/Java/Extensions:/System/Library/Java/Extensions:/usr/lib/java:.]
01-Apr-2026 02:21:49.679 INFO [main] org.apache.coyote.AbstractProtocol.init Initializing ProtocolHandler ["http-nio-8080"]
01-Apr-2026 02:21:49.722 INFO [main] org.apache.catalina.startup.Catalina.load Server initialization in [632] milliseconds
01-Apr-2026 02:21:49.814 INFO [main] org.apache.catalina.core.StandardService.startInternal Starting service [Catalina]
01-Apr-2026 02:21:49.814 INFO [main] org.apache.catalina.core.StandardEngine.startInternal Starting Servlet engine: [Apache Tomcat/9.0.116]
01-Apr-2026 02:21:49.819 INFO [main] org.apache.catalina.startup.HostConfig.deployDirectory Deploying web application directory [/Users/motocycopath/Desktop/java-full-stack-training/00-microservices-00/apache-tomcat-9.0.116/webapps/employee-service]
01-Apr-2026 02:21:51.392 INFO [main] org.apache.jasper.servlet.TldScanner.scanJars At least one JAR was scanned for TLDs yet contained no TLDs. Enable debug logging for this logger for a complete list of JARs that were scanned but no TLDs were found in them. Skipping unneeded JARs during scanning can improve startup time and JSP compilation time.
01-Apr-2026 02:21:51.423 INFO [main] org.springframework.web.context.ContextLoader.initWebApplicationContext Root WebApplicationContext: initialization started
01-Apr-2026 02:21:51.869 INFO [main] org.springframework.data.repository.config.RepositoryConfigurationDelegate.registerRepositoriesIn Bootstrapping Spring Data JPA repositories in DEFAULT mode.
01-Apr-2026 02:21:51.992 INFO [main] org.springframework.data.repository.config.RepositoryConfigurationDelegate.registerRepositoriesIn Finished Spring Data repository scanning in 106 ms. Found 1 JPA repository interfaces.
01-Apr-2026 02:21:51.994 INFO [main] org.springframework.data.repository.config.RepositoryConfigurationDelegate.registerRepositoriesIn Bootstrapping Spring Data JPA repositories in DEFAULT mode.
01-Apr-2026 02:21:52.003 INFO [main] org.springframework.data.repository.config.RepositoryConfigurationDelegate.registerRepositoriesIn Finished Spring Data repository scanning in 7 ms. Found 1 JPA repository interfaces.
01-Apr-2026 02:21:52.360 INFO [main] org.hibernate.jpa.internal.util.LogHelper.logPersistenceUnitInformation HHH000204: Processing PersistenceUnitInfo [
	name: default
	...]
01-Apr-2026 02:21:52.441 INFO [main] org.hibernate.Version.logVersion HHH000412: Hibernate Core {5.2.8.Final}
01-Apr-2026 02:21:52.445 INFO [main] org.hibernate.cfg.Environment.<clinit> HHH000206: hibernate.properties not found
01-Apr-2026 02:21:52.487 INFO [main] org.hibernate.annotations.common.reflection.java.JavaReflectionManager.<clinit> HCANN000001: Hibernate Commons Annotations {5.0.1.Final}
01-Apr-2026 02:21:53.091 INFO [main] org.hibernate.dialect.Dialect.<init> HHH000400: Using dialect: org.hibernate.dialect.MySQLDialect
01-Apr-2026 02:21:53.738 INFO [main] org.springframework.orm.jpa.AbstractEntityManagerFactoryBean.buildNativeEntityManagerFactory Initialized JPA EntityManagerFactory for persistence unit 'default'
01-Apr-2026 02:21:54.277 WARNING [main] org.springframework.context.support.AbstractApplicationContext.refresh Exception encountered during context initialization - cancelling refresh attempt: org.springframework.beans.factory.UnsatisfiedDependencyException: Error creating bean with name 'employeeServiceImpl': Unsatisfied dependency expressed through field 'employeeDAOWrapper'; nested exception is org.springframework.beans.factory.UnsatisfiedDependencyException: Error creating bean with name 'employeeDAOWrapper': Unsatisfied dependency expressed through field 'employeeDAO'; nested exception is org.springframework.beans.factory.BeanCreationException: Error creating bean with name 'employeeDAO' defined in com.microservices.learn.dao.EmployeeDAO defined in : Invocation of init method failed; nested exception is org.springframework.data.repository.query.QueryCreationException: Could not create query for public abstract java.lang.Integer com.microservices.learn.dao.EmployeeDAO.updateEmployeeSalaryByName(java.lang.Double,java.lang.String); Reason: Failed to create query for method public abstract java.lang.Integer com.microservices.learn.dao.EmployeeDAO.updateEmployeeSalaryByName(java.lang.Double,java.lang.String)! No property 'updateEmployeeSalaryByName' found for type 'EmployeeEntity'; nested exception is java.lang.IllegalArgumentException: Failed to create query for method public abstract java.lang.Integer com.microservices.learn.dao.EmployeeDAO.updateEmployeeSalaryByName(java.lang.Double,java.lang.String)! No property 'updateEmployeeSalaryByName' found for type 'EmployeeEntity'
01-Apr-2026 02:21:54.278 INFO [main] org.springframework.orm.jpa.AbstractEntityManagerFactoryBean.destroy Closing JPA EntityManagerFactory for persistence unit 'default'
01-Apr-2026 02:21:54.280 SEVERE [main] org.springframework.web.context.ContextLoader.initWebApplicationContext Context initialization failed
	org.springframework.beans.factory.UnsatisfiedDependencyException: Error creating bean with name 'employeeServiceImpl': Unsatisfied dependency expressed through field 'employeeDAOWrapper'; nested exception is org.springframework.beans.factory.UnsatisfiedDependencyException: Error creating bean with name 'employeeDAOWrapper': Unsatisfied dependency expressed through field 'employeeDAO'; nested exception is org.springframework.beans.factory.BeanCreationException: Error creating bean with name 'employeeDAO' defined in com.microservices.learn.dao.EmployeeDAO defined in : Invocation of init method failed; nested exception is org.springframework.data.repository.query.QueryCreationException: Could not create query for public abstract java.lang.Integer com.microservices.learn.dao.EmployeeDAO.updateEmployeeSalaryByName(java.lang.Double,java.lang.String); Reason: Failed to create query for method public abstract java.lang.Integer com.microservices.learn.dao.EmployeeDAO.updateEmployeeSalaryByName(java.lang.Double,java.lang.String)! No property 'updateEmployeeSalaryByName' found for type 'EmployeeEntity'; nested exception is java.lang.IllegalArgumentException: Failed to create query for method public abstract java.lang.Integer com.microservices.learn.dao.EmployeeDAO.updateEmployeeSalaryByName(java.lang.Double,java.lang.String)! No property 'updateEmployeeSalaryByName' found for type 'EmployeeEntity'
		at org.springframework.beans.factory.annotation.AutowiredAnnotationBeanPostProcessor$AutowiredFieldElement.resolveFieldValue(AutowiredAnnotationBeanPostProcessor.java:659)
		at org.springframework.beans.factory.annotation.AutowiredAnnotationBeanPostProcessor$AutowiredFieldElement.inject(AutowiredAnnotationBeanPostProcessor.java:639)
		at org.springframework.beans.factory.annotation.InjectionMetadata.inject(InjectionMetadata.java:119)
		at org.springframework.beans.factory.annotation.AutowiredAnnotationBeanPostProcessor.postProcessProperties(AutowiredAnnotationBeanPostProcessor.java:399)
		at org.springframework.beans.factory.support.AbstractAutowireCapableBeanFactory.populateBean(AbstractAutowireCapableBeanFactory.java:1431)
		at org.springframework.beans.factory.support.AbstractAutowireCapableBeanFactory.doCreateBean(AbstractAutowireCapableBeanFactory.java:619)
		at org.springframework.beans.factory.support.AbstractAutowireCapableBeanFactory.createBean(AbstractAutowireCapableBeanFactory.java:542)
		at org.springframework.beans.factory.support.AbstractBeanFactory.lambda$doGetBean$0(AbstractBeanFactory.java:335)
		at org.springframework.beans.factory.support.DefaultSingletonBeanRegistry.getSingleton(DefaultSingletonBeanRegistry.java:234)
		at org.springframework.beans.factory.support.AbstractBeanFactory.doGetBean(AbstractBeanFactory.java:333)
		at org.springframework.beans.factory.support.AbstractBeanFactory.getBean(AbstractBeanFactory.java:208)
		at org.springframework.beans.factory.support.DefaultListableBeanFactory.preInstantiateSingletons(DefaultListableBeanFactory.java:955)
		at org.springframework.context.support.AbstractApplicationContext.finishBeanFactoryInitialization(AbstractApplicationContext.java:918)
		at org.springframework.context.support.AbstractApplicationContext.refresh(AbstractApplicationContext.java:583)
		at org.springframework.web.context.ContextLoader.configureAndRefreshWebApplicationContext(ContextLoader.java:401)
		at org.springframework.web.context.ContextLoader.initWebApplicationContext(ContextLoader.java:292)
		at org.springframework.web.context.ContextLoaderListener.contextInitialized(ContextLoaderListener.java:103)
		at org.apache.catalina.core.StandardContext.listenerStart(StandardContext.java:4047)
		at org.apache.catalina.core.StandardContext.startInternal(StandardContext.java:4489)
		at org.apache.catalina.util.LifecycleBase.start(LifecycleBase.java:164)
		at org.apache.catalina.core.ContainerBase.addChildInternal(ContainerBase.java:597)
		at org.apache.catalina.core.ContainerBase.addChild(ContainerBase.java:569)
		at org.apache.catalina.core.StandardHost.addChild(StandardHost.java:608)
		at org.apache.catalina.startup.HostConfig.deployDirectory(HostConfig.java:1171)
		at org.apache.catalina.startup.HostConfig$DeployDirectory.run(HostConfig.java:1880)
		at java.util.concurrent.Executors$RunnableAdapter.call(Executors.java:511)
		at java.util.concurrent.FutureTask.run(FutureTask.java:266)
		at org.apache.tomcat.util.threads.InlineExecutorService.execute(InlineExecutorService.java:82)
		at java.util.concurrent.AbstractExecutorService.submit(AbstractExecutorService.java:112)
		at org.apache.catalina.startup.HostConfig.deployDirectories(HostConfig.java:1082)
		at org.apache.catalina.startup.HostConfig.deployApps(HostConfig.java:467)
		at org.apache.catalina.startup.HostConfig.start(HostConfig.java:1576)
		at org.apache.catalina.startup.HostConfig.lifecycleEvent(HostConfig.java:309)
		at org.apache.catalina.util.LifecycleBase.fireLifecycleEvent(LifecycleBase.java:109)
		at org.apache.catalina.util.LifecycleBase.setStateInternal(LifecycleBase.java:389)
		at org.apache.catalina.util.LifecycleBase.setState(LifecycleBase.java:336)
		at org.apache.catalina.core.ContainerBase.startInternal(ContainerBase.java:774)
		at org.apache.catalina.core.StandardHost.startInternal(StandardHost.java:726)
		at org.apache.catalina.util.LifecycleBase.start(LifecycleBase.java:164)
		at org.apache.catalina.core.ContainerBase$StartChild.call(ContainerBase.java:1201)
		at org.apache.catalina.core.ContainerBase$StartChild.call(ContainerBase.java:1191)
		at java.util.concurrent.FutureTask.run(FutureTask.java:266)
		at org.apache.tomcat.util.threads.InlineExecutorService.execute(InlineExecutorService.java:82)
		at java.util.concurrent.AbstractExecutorService.submit(AbstractExecutorService.java:134)
		at org.apache.catalina.core.ContainerBase.startInternal(ContainerBase.java:747)
		at org.apache.catalina.core.StandardEngine.startInternal(StandardEngine.java:209)
		at org.apache.catalina.util.LifecycleBase.start(LifecycleBase.java:164)
		at org.apache.catalina.core.StandardService.startInternal(StandardService.java:410)
		at org.apache.catalina.util.LifecycleBase.start(LifecycleBase.java:164)
		at org.apache.catalina.core.StandardServer.startInternal(StandardServer.java:872)
		at org.apache.catalina.util.LifecycleBase.start(LifecycleBase.java:164)
		at org.apache.catalina.startup.Catalina.start(Catalina.java:736)
		at sun.reflect.NativeMethodAccessorImpl.invoke0(Native Method)
		at sun.reflect.NativeMethodAccessorImpl.invoke(NativeMethodAccessorImpl.java:62)
		at sun.reflect.DelegatingMethodAccessorImpl.invoke(DelegatingMethodAccessorImpl.java:43)
		at java.lang.reflect.Method.invoke(Method.java:498)
		at org.apache.catalina.startup.Bootstrap.start(Bootstrap.java:342)
		at org.apache.catalina.startup.Bootstrap.main(Bootstrap.java:473)
	Caused by: org.springframework.beans.factory.UnsatisfiedDependencyException: Error creating bean with name 'employeeDAOWrapper': Unsatisfied dependency expressed through field 'employeeDAO'; nested exception is org.springframework.beans.factory.BeanCreationException: Error creating bean with name 'employeeDAO' defined in com.microservices.learn.dao.EmployeeDAO defined in : Invocation of init method failed; nested exception is org.springframework.data.repository.query.QueryCreationException: Could not create query for public abstract java.lang.Integer com.microservices.learn.dao.EmployeeDAO.updateEmployeeSalaryByName(java.lang.Double,java.lang.String); Reason: Failed to create query for method public abstract java.lang.Integer com.microservices.learn.dao.EmployeeDAO.updateEmployeeSalaryByName(java.lang.Double,java.lang.String)! No property 'updateEmployeeSalaryByName' found for type 'EmployeeEntity'; nested exception is java.lang.IllegalArgumentException: Failed to create query for method public abstract java.lang.Integer com.microservices.learn.dao.EmployeeDAO.updateEmployeeSalaryByName(java.lang.Double,java.lang.String)! No property 'updateEmployeeSalaryByName' found for type 'EmployeeEntity'
		at org.springframework.beans.factory.annotation.AutowiredAnnotationBeanPostProcessor$AutowiredFieldElement.resolveFieldValue(AutowiredAnnotationBeanPostProcessor.java:659)
		at org.springframework.beans.factory.annotation.AutowiredAnnotationBeanPostProcessor$AutowiredFieldElement.inject(AutowiredAnnotationBeanPostProcessor.java:639)
		at org.springframework.beans.factory.annotation.InjectionMetadata.inject(InjectionMetadata.java:119)
		at org.springframework.beans.factory.annotation.AutowiredAnnotationBeanPostProcessor.postProcessProperties(AutowiredAnnotationBeanPostProcessor.java:399)
		at org.springframework.beans.factory.support.AbstractAutowireCapableBeanFactory.populateBean(AbstractAutowireCapableBeanFactory.java:1431)
		at org.springframework.beans.factory.support.AbstractAutowireCapableBeanFactory.doCreateBean(AbstractAutowireCapableBeanFactory.java:619)
		at org.springframework.beans.factory.support.AbstractAutowireCapableBeanFactory.createBean(AbstractAutowireCapableBeanFactory.java:542)
		at org.springframework.beans.factory.support.AbstractBeanFactory.lambda$doGetBean$0(AbstractBeanFactory.java:335)
		at org.springframework.beans.factory.support.DefaultSingletonBeanRegistry.getSingleton(DefaultSingletonBeanRegistry.java:234)
		at org.springframework.beans.factory.support.AbstractBeanFactory.doGetBean(AbstractBeanFactory.java:333)
		at org.springframework.beans.factory.support.AbstractBeanFactory.getBean(AbstractBeanFactory.java:208)
		at org.springframework.beans.factory.config.DependencyDescriptor.resolveCandidate(DependencyDescriptor.java:276)
		at org.springframework.beans.factory.support.DefaultListableBeanFactory.doResolveDependency(DefaultListableBeanFactory.java:1391)
		at org.springframework.beans.factory.support.DefaultListableBeanFactory.resolveDependency(DefaultListableBeanFactory.java:1311)
		at org.springframework.beans.factory.annotation.AutowiredAnnotationBeanPostProcessor$AutowiredFieldElement.resolveFieldValue(AutowiredAnnotationBeanPostProcessor.java:656)
		... 57 more
	Caused by: org.springframework.beans.factory.BeanCreationException: Error creating bean with name 'employeeDAO' defined in com.microservices.learn.dao.EmployeeDAO defined in : Invocation of init method failed; nested exception is org.springframework.data.repository.query.QueryCreationException: Could not create query for public abstract java.lang.Integer com.microservices.learn.dao.EmployeeDAO.updateEmployeeSalaryByName(java.lang.Double,java.lang.String); Reason: Failed to create query for method public abstract java.lang.Integer com.microservices.learn.dao.EmployeeDAO.updateEmployeeSalaryByName(java.lang.Double,java.lang.String)! No property 'updateEmployeeSalaryByName' found for type 'EmployeeEntity'; nested exception is java.lang.IllegalArgumentException: Failed to create query for method public abstract java.lang.Integer com.microservices.learn.dao.EmployeeDAO.updateEmployeeSalaryByName(java.lang.Double,java.lang.String)! No property 'updateEmployeeSalaryByName' found for type 'EmployeeEntity'
		at org.springframework.beans.factory.support.AbstractAutowireCapableBeanFactory.initializeBean(AbstractAutowireCapableBeanFactory.java:1804)
		at org.springframework.beans.factory.support.AbstractAutowireCapableBeanFactory.doCreateBean(AbstractAutowireCapableBeanFactory.java:620)
		at org.springframework.beans.factory.support.AbstractAutowireCapableBeanFactory.createBean(AbstractAutowireCapableBeanFactory.java:542)
		at org.springframework.beans.factory.support.AbstractBeanFactory.lambda$doGetBean$0(AbstractBeanFactory.java:335)
		at org.springframework.beans.factory.support.DefaultSingletonBeanRegistry.getSingleton(DefaultSingletonBeanRegistry.java:234)
		at org.springframework.beans.factory.support.AbstractBeanFactory.doGetBean(AbstractBeanFactory.java:333)
		at org.springframework.beans.factory.support.AbstractBeanFactory.getBean(AbstractBeanFactory.java:208)
		at org.springframework.beans.factory.config.DependencyDescriptor.resolveCandidate(DependencyDescriptor.java:276)
		at org.springframework.beans.factory.support.DefaultListableBeanFactory.doResolveDependency(DefaultListableBeanFactory.java:1391)
		at org.springframework.beans.factory.support.DefaultListableBeanFactory.resolveDependency(DefaultListableBeanFactory.java:1311)
		at org.springframework.beans.factory.annotation.AutowiredAnnotationBeanPostProcessor$AutowiredFieldElement.resolveFieldValue(AutowiredAnnotationBeanPostProcessor.java:656)
		... 71 more
	Caused by: org.springframework.data.repository.query.QueryCreationException: Could not create query for public abstract java.lang.Integer com.microservices.learn.dao.EmployeeDAO.updateEmployeeSalaryByName(java.lang.Double,java.lang.String); Reason: Failed to create query for method public abstract java.lang.Integer com.microservices.learn.dao.EmployeeDAO.updateEmployeeSalaryByName(java.lang.Double,java.lang.String)! No property 'updateEmployeeSalaryByName' found for type 'EmployeeEntity'; nested exception is java.lang.IllegalArgumentException: Failed to create query for method public abstract java.lang.Integer com.microservices.learn.dao.EmployeeDAO.updateEmployeeSalaryByName(java.lang.Double,java.lang.String)! No property 'updateEmployeeSalaryByName' found for type 'EmployeeEntity'
		at org.springframework.data.repository.query.QueryCreationException.create(QueryCreationException.java:101)
		at org.springframework.data.repository.core.support.QueryExecutorMethodInterceptor.lookupQuery(QueryExecutorMethodInterceptor.java:107)
		at org.springframework.data.repository.core.support.QueryExecutorMethodInterceptor.lambda$mapMethodsToQuery$1(QueryExecutorMethodInterceptor.java:95)
		at java.util.stream.ReferencePipeline$3$1.accept(ReferencePipeline.java:193)
		at java.util.Iterator.forEachRemaining(Iterator.java:116)
		at java.util.Collections$UnmodifiableCollection$1.forEachRemaining(Collections.java:1051)
		at java.util.Spliterators$IteratorSpliterator.forEachRemaining(Spliterators.java:1801)
		at java.util.stream.AbstractPipeline.copyInto(AbstractPipeline.java:482)
		at java.util.stream.AbstractPipeline.wrapAndCopyInto(AbstractPipeline.java:472)
		at java.util.stream.ReduceOps$ReduceOp.evaluateSequential(ReduceOps.java:708)
		at java.util.stream.AbstractPipeline.evaluate(AbstractPipeline.java:234)
		at java.util.stream.ReferencePipeline.collect(ReferencePipeline.java:566)
		at org.springframework.data.repository.core.support.QueryExecutorMethodInterceptor.mapMethodsToQuery(QueryExecutorMethodInterceptor.java:97)
		at org.springframework.data.repository.core.support.QueryExecutorMethodInterceptor.lambda$new$0(QueryExecutorMethodInterceptor.java:87)
		at java.util.Optional.map(Optional.java:215)
		at org.springframework.data.repository.core.support.QueryExecutorMethodInterceptor.<init>(QueryExecutorMethodInterceptor.java:87)
		at org.springframework.data.repository.core.support.RepositoryFactorySupport.getRepository(RepositoryFactorySupport.java:365)
		at org.springframework.data.repository.core.support.RepositoryFactoryBeanSupport.lambda$afterPropertiesSet$5(RepositoryFactoryBeanSupport.java:323)
		at org.springframework.data.util.Lazy.getNullable(Lazy.java:231)
		at org.springframework.data.util.Lazy.get(Lazy.java:115)
		at org.springframework.data.repository.core.support.RepositoryFactoryBeanSupport.afterPropertiesSet(RepositoryFactoryBeanSupport.java:329)
		at org.springframework.data.jpa.repository.support.JpaRepositoryFactoryBean.afterPropertiesSet(JpaRepositoryFactoryBean.java:144)
		at org.springframework.beans.factory.support.AbstractAutowireCapableBeanFactory.invokeInitMethods(AbstractAutowireCapableBeanFactory.java:1863)
		at org.springframework.beans.factory.support.AbstractAutowireCapableBeanFactory.initializeBean(AbstractAutowireCapableBeanFactory.java:1800)
		... 81 more
	Caused by: java.lang.IllegalArgumentException: Failed to create query for method public abstract java.lang.Integer com.microservices.learn.dao.EmployeeDAO.updateEmployeeSalaryByName(java.lang.Double,java.lang.String)! No property 'updateEmployeeSalaryByName' found for type 'EmployeeEntity'
		at org.springframework.data.jpa.repository.query.PartTreeJpaQuery.<init>(PartTreeJpaQuery.java:96)
		at org.springframework.data.jpa.repository.query.JpaQueryLookupStrategy$CreateQueryLookupStrategy.resolveQuery(JpaQueryLookupStrategy.java:119)
		at org.springframework.data.jpa.repository.query.JpaQueryLookupStrategy$CreateIfNotFoundQueryLookupStrategy.resolveQuery(JpaQueryLookupStrategy.java:259)
		at org.springframework.data.jpa.repository.query.JpaQueryLookupStrategy$AbstractQueryLookupStrategy.resolveQuery(JpaQueryLookupStrategy.java:93)
		at org.springframework.data.repository.core.support.QueryExecutorMethodInterceptor.lookupQuery(QueryExecutorMethodInterceptor.java:103)
		... 103 more
	Caused by: org.springframework.data.mapping.PropertyReferenceException: No property 'updateEmployeeSalaryByName' found for type 'EmployeeEntity'
		at org.springframework.data.mapping.PropertyPath.<init>(PropertyPath.java:91)
		at org.springframework.data.mapping.PropertyPath.create(PropertyPath.java:438)
		at org.springframework.data.mapping.PropertyPath.create(PropertyPath.java:414)
		at org.springframework.data.mapping.PropertyPath.lambda$from$0(PropertyPath.java:367)
		at java.util.concurrent.ConcurrentMap.computeIfAbsent(ConcurrentMap.java:324)
		at org.springframework.data.mapping.PropertyPath.from(PropertyPath.java:349)
		at org.springframework.data.mapping.PropertyPath.from(PropertyPath.java:332)
		at org.springframework.data.repository.query.parser.Part.<init>(Part.java:81)
		at org.springframework.data.repository.query.parser.PartTree$OrPart.lambda$new$0(PartTree.java:250)
		at java.util.stream.ReferencePipeline$3$1.accept(ReferencePipeline.java:193)
		at java.util.stream.ReferencePipeline$2$1.accept(ReferencePipeline.java:175)
		at java.util.Spliterators$ArraySpliterator.forEachRemaining(Spliterators.java:948)
		at java.util.stream.AbstractPipeline.copyInto(AbstractPipeline.java:482)
		at java.util.stream.AbstractPipeline.wrapAndCopyInto(AbstractPipeline.java:472)
		at java.util.stream.ReduceOps$ReduceOp.evaluateSequential(ReduceOps.java:708)
		at java.util.stream.AbstractPipeline.evaluate(AbstractPipeline.java:234)
		at java.util.stream.ReferencePipeline.collect(ReferencePipeline.java:566)
		at org.springframework.data.repository.query.parser.PartTree$OrPart.<init>(PartTree.java:251)
		at org.springframework.data.repository.query.parser.PartTree$Predicate.lambda$new$0(PartTree.java:384)
		at java.util.stream.ReferencePipeline$3$1.accept(ReferencePipeline.java:193)
		at java.util.stream.ReferencePipeline$2$1.accept(ReferencePipeline.java:175)
		at java.util.Spliterators$ArraySpliterator.forEachRemaining(Spliterators.java:948)
		at java.util.stream.AbstractPipeline.copyInto(AbstractPipeline.java:482)
		at java.util.stream.AbstractPipeline.wrapAndCopyInto(AbstractPipeline.java:472)
		at java.util.stream.ReduceOps$ReduceOp.evaluateSequential(ReduceOps.java:708)
		at java.util.stream.AbstractPipeline.evaluate(AbstractPipeline.java:234)
		at java.util.stream.ReferencePipeline.collect(ReferencePipeline.java:566)
		at org.springframework.data.repository.query.parser.PartTree$Predicate.<init>(PartTree.java:385)
		at org.springframework.data.repository.query.parser.PartTree.<init>(PartTree.java:93)
		at org.springframework.data.jpa.repository.query.PartTreeJpaQuery.<init>(PartTreeJpaQuery.java:89)
		... 107 more
01-Apr-2026 02:21:54.290 SEVERE [main] org.apache.catalina.core.StandardContext.startInternal One or more listeners failed to start. Full details will be found in the appropriate container log file
01-Apr-2026 02:21:54.302 SEVERE [main] org.apache.catalina.core.StandardContext.startInternal Context [/employee-service] startup failed due to previous errors
01-Apr-2026 02:21:54.316 WARNING [main] org.apache.catalina.loader.WebappClassLoaderBase.clearReferencesJdbc The web application [employee-service] registered the JDBC driver [com.mysql.cj.jdbc.Driver] but failed to unregister it when the web application was stopped. To prevent a memory leak, the JDBC Driver has been forcibly unregistered.
01-Apr-2026 02:21:54.319 WARNING [main] org.apache.catalina.loader.WebappClassLoaderBase.clearReferencesThreads The web application [employee-service] appears to have started a thread named [mysql-cj-abandoned-connection-cleanup] but has failed to stop it. This is very likely to create a memory leak. Stack trace of thread:
 java.lang.Object.wait(Native Method)
 java.lang.ref.ReferenceQueue.remove(ReferenceQueue.java:144)
 com.mysql.cj.jdbc.AbandonedConnectionCleanupThread.run(AbandonedConnectionCleanupThread.java:91)
 java.util.concurrent.ThreadPoolExecutor.runWorker(ThreadPoolExecutor.java:1149)
 java.util.concurrent.ThreadPoolExecutor$Worker.run(ThreadPoolExecutor.java:624)
 java.lang.Thread.run(Thread.java:750)
01-Apr-2026 02:21:54.330 INFO [main] org.apache.catalina.startup.HostConfig.deployDirectory Deployment of web application directory [/Users/motocycopath/Desktop/java-full-stack-training/00-microservices-00/apache-tomcat-9.0.116/webapps/employee-service] has finished in [4,509] ms
01-Apr-2026 02:21:54.331 INFO [main] org.apache.catalina.startup.HostConfig.deployDirectory Deploying web application directory [/Users/motocycopath/Desktop/java-full-stack-training/00-microservices-00/apache-tomcat-9.0.116/webapps/docs]
01-Apr-2026 02:21:54.423 INFO [main] org.apache.catalina.startup.HostConfig.deployDirectory Deployment of web application directory [/Users/motocycopath/Desktop/java-full-stack-training/00-microservices-00/apache-tomcat-9.0.116/webapps/docs] has finished in [91] ms
01-Apr-2026 02:21:54.424 INFO [main] org.apache.catalina.startup.HostConfig.deployDirectory Deploying web application directory [/Users/motocycopath/Desktop/java-full-stack-training/00-microservices-00/apache-tomcat-9.0.116/webapps/manager]
01-Apr-2026 02:21:54.463 INFO [main] org.apache.catalina.startup.HostConfig.deployDirectory Deployment of web application directory [/Users/motocycopath/Desktop/java-full-stack-training/00-microservices-00/apache-tomcat-9.0.116/webapps/manager] has finished in [39] ms
01-Apr-2026 02:21:54.463 INFO [main] org.apache.catalina.startup.HostConfig.deployDirectory Deploying web application directory [/Users/motocycopath/Desktop/java-full-stack-training/00-microservices-00/apache-tomcat-9.0.116/webapps/examples]
01-Apr-2026 02:21:54.829 INFO [main] org.apache.catalina.startup.HostConfig.deployDirectory Deployment of web application directory [/Users/motocycopath/Desktop/java-full-stack-training/00-microservices-00/apache-tomcat-9.0.116/webapps/examples] has finished in [366] ms
01-Apr-2026 02:21:54.830 INFO [main] org.apache.catalina.startup.HostConfig.deployDirectory Deploying web application directory [/Users/motocycopath/Desktop/java-full-stack-training/00-microservices-00/apache-tomcat-9.0.116/webapps/ROOT]
01-Apr-2026 02:21:54.860 INFO [main] org.apache.catalina.startup.HostConfig.deployDirectory Deployment of web application directory [/Users/motocycopath/Desktop/java-full-stack-training/00-microservices-00/apache-tomcat-9.0.116/webapps/ROOT] has finished in [30] ms
01-Apr-2026 02:21:54.860 INFO [main] org.apache.catalina.startup.HostConfig.deployDirectory Deploying web application directory [/Users/motocycopath/Desktop/java-full-stack-training/00-microservices-00/apache-tomcat-9.0.116/webapps/host-manager]
01-Apr-2026 02:21:54.897 INFO [main] org.apache.catalina.startup.HostConfig.deployDirectory Deployment of web application directory [/Users/motocycopath/Desktop/java-full-stack-training/00-microservices-00/apache-tomcat-9.0.116/webapps/host-manager] has finished in [37] ms
01-Apr-2026 02:21:54.902 INFO [main] org.apache.coyote.AbstractProtocol.start Starting ProtocolHandler ["http-nio-8080"]
01-Apr-2026 02:21:54.919 INFO [main] org.apache.catalina.startup.Catalina.start Server startup in [5196] milliseconds
01-Apr-2026 02:21:57.248 INFO [mysql-cj-abandoned-connection-cleanup] org.apache.catalina.loader.WebappClassLoaderBase.checkStateForResourceLoading Illegal access: this web application instance has been stopped already. Could not load []. The following stack trace is thrown for debugging purposes as well as to attempt to terminate the thread which caused the illegal access.
	java.lang.IllegalStateException: Illegal access: this web application instance has been stopped already. Could not load []. The following stack trace is thrown for debugging purposes as well as to attempt to terminate the thread which caused the illegal access.
		at org.apache.catalina.loader.WebappClassLoaderBase.checkStateForResourceLoading(WebappClassLoaderBase.java:1370)
		at org.apache.catalina.loader.WebappClassLoaderBase.getResource(WebappClassLoaderBase.java:994)
		at com.mysql.cj.jdbc.AbandonedConnectionCleanupThread.checkThreadContextClassLoader(AbandonedConnectionCleanupThread.java:123)
		at com.mysql.cj.jdbc.AbandonedConnectionCleanupThread.run(AbandonedConnectionCleanupThread.java:90)
		at java.util.concurrent.ThreadPoolExecutor.runWorker(ThreadPoolExecutor.java:1149)
		at java.util.concurrent.ThreadPoolExecutor$Worker.run(ThreadPoolExecutor.java:624)
		at java.lang.Thread.run(Thread.java:750)
01-Apr-2026 02:25:24.254 INFO [main] org.apache.catalina.core.StandardServer.await A valid shutdown command was received via the shutdown port. Stopping the Server instance.
01-Apr-2026 02:25:24.261 INFO [main] org.apache.coyote.AbstractProtocol.pause Pausing ProtocolHandler ["http-nio-8080"]
01-Apr-2026 02:25:24.271 INFO [main] org.apache.catalina.core.StandardService.stopInternal Stopping service [Catalina]
01-Apr-2026 02:25:24.307 INFO [main] org.apache.coyote.AbstractProtocol.stop Stopping ProtocolHandler ["http-nio-8080"]
01-Apr-2026 02:25:24.328 INFO [main] org.apache.coyote.AbstractProtocol.destroy Destroying ProtocolHandler ["http-nio-8080"]
01-Apr-2026 02:25:31.220 INFO [main] org.apache.catalina.startup.VersionLoggerListener.log Server version name:   Apache Tomcat/9.0.116
01-Apr-2026 02:25:31.225 INFO [main] org.apache.catalina.startup.VersionLoggerListener.log Server built:          Mar 16 2026 15:05:42 UTC
01-Apr-2026 02:25:31.225 INFO [main] org.apache.catalina.startup.VersionLoggerListener.log Server version number: 9.0.116.0
01-Apr-2026 02:25:31.225 INFO [main] org.apache.catalina.startup.VersionLoggerListener.log OS Name:               Mac OS X
01-Apr-2026 02:25:31.225 INFO [main] org.apache.catalina.startup.VersionLoggerListener.log OS Version:            15.5
01-Apr-2026 02:25:31.225 INFO [main] org.apache.catalina.startup.VersionLoggerListener.log Architecture:          x86_64
01-Apr-2026 02:25:31.225 INFO [main] org.apache.catalina.startup.VersionLoggerListener.log Java Home:             /Library/Java/JavaVirtualMachines/temurin-8.jdk/Contents/Home/jre
01-Apr-2026 02:25:31.225 INFO [main] org.apache.catalina.startup.VersionLoggerListener.log JVM Version:           1.8.0_482-b08
01-Apr-2026 02:25:31.225 INFO [main] org.apache.catalina.startup.VersionLoggerListener.log JVM Vendor:            Temurin
01-Apr-2026 02:25:31.225 INFO [main] org.apache.catalina.startup.VersionLoggerListener.log CATALINA_BASE:         /Users/motocycopath/Desktop/java-full-stack-training/00-microservices-00/apache-tomcat-9.0.116
01-Apr-2026 02:25:31.225 INFO [main] org.apache.catalina.startup.VersionLoggerListener.log CATALINA_HOME:         /Users/motocycopath/Desktop/java-full-stack-training/00-microservices-00/apache-tomcat-9.0.116
01-Apr-2026 02:25:31.228 INFO [main] org.apache.catalina.startup.VersionLoggerListener.log Command line argument: -Djava.util.logging.config.file=/Users/motocycopath/Desktop/java-full-stack-training/00-microservices-00/apache-tomcat-9.0.116/conf/logging.properties
01-Apr-2026 02:25:31.229 INFO [main] org.apache.catalina.startup.VersionLoggerListener.log Command line argument: -Djava.util.logging.manager=org.apache.juli.ClassLoaderLogManager
01-Apr-2026 02:25:31.229 INFO [main] org.apache.catalina.startup.VersionLoggerListener.log Command line argument: -Djdk.tls.ephemeralDHKeySize=2048
01-Apr-2026 02:25:31.229 INFO [main] org.apache.catalina.startup.VersionLoggerListener.log Command line argument: -Djava.protocol.handler.pkgs=org.apache.catalina.webresources
01-Apr-2026 02:25:31.229 INFO [main] org.apache.catalina.startup.VersionLoggerListener.log Command line argument: -Dsun.io.useCanonCaches=false
01-Apr-2026 02:25:31.229 INFO [main] org.apache.catalina.startup.VersionLoggerListener.log Command line argument: -Dorg.apache.catalina.security.SecurityListener.UMASK=0027
01-Apr-2026 02:25:31.229 INFO [main] org.apache.catalina.startup.VersionLoggerListener.log Command line argument: -Dignore.endorsed.dirs=
01-Apr-2026 02:25:31.229 INFO [main] org.apache.catalina.startup.VersionLoggerListener.log Command line argument: -Dcatalina.base=/Users/motocycopath/Desktop/java-full-stack-training/00-microservices-00/apache-tomcat-9.0.116
01-Apr-2026 02:25:31.229 INFO [main] org.apache.catalina.startup.VersionLoggerListener.log Command line argument: -Dcatalina.home=/Users/motocycopath/Desktop/java-full-stack-training/00-microservices-00/apache-tomcat-9.0.116
01-Apr-2026 02:25:31.229 INFO [main] org.apache.catalina.startup.VersionLoggerListener.log Command line argument: -Djava.io.tmpdir=/Users/motocycopath/Desktop/java-full-stack-training/00-microservices-00/apache-tomcat-9.0.116/temp
01-Apr-2026 02:25:31.232 INFO [main] org.apache.catalina.core.AprLifecycleListener.lifecycleEvent The Apache Tomcat Native library which allows using OpenSSL was not found on the java.library.path: [/Users/motocycopath/Library/Java/Extensions:/Library/Java/Extensions:/Network/Library/Java/Extensions:/System/Library/Java/Extensions:/usr/lib/java:.]
01-Apr-2026 02:25:31.664 INFO [main] org.apache.coyote.AbstractProtocol.init Initializing ProtocolHandler ["http-nio-8080"]
01-Apr-2026 02:25:31.702 INFO [main] org.apache.catalina.startup.Catalina.load Server initialization in [649] milliseconds
01-Apr-2026 02:25:31.793 INFO [main] org.apache.catalina.core.StandardService.startInternal Starting service [Catalina]
01-Apr-2026 02:25:31.793 INFO [main] org.apache.catalina.core.StandardEngine.startInternal Starting Servlet engine: [Apache Tomcat/9.0.116]
01-Apr-2026 02:25:31.800 INFO [main] org.apache.catalina.startup.HostConfig.deployDirectory Deploying web application directory [/Users/motocycopath/Desktop/java-full-stack-training/00-microservices-00/apache-tomcat-9.0.116/webapps/employee-service]
01-Apr-2026 02:25:33.420 INFO [main] org.apache.jasper.servlet.TldScanner.scanJars At least one JAR was scanned for TLDs yet contained no TLDs. Enable debug logging for this logger for a complete list of JARs that were scanned but no TLDs were found in them. Skipping unneeded JARs during scanning can improve startup time and JSP compilation time.
01-Apr-2026 02:25:33.451 INFO [main] org.springframework.web.context.ContextLoader.initWebApplicationContext Root WebApplicationContext: initialization started
01-Apr-2026 02:25:33.946 INFO [main] org.springframework.data.repository.config.RepositoryConfigurationDelegate.registerRepositoriesIn Bootstrapping Spring Data JPA repositories in DEFAULT mode.
01-Apr-2026 02:25:34.071 INFO [main] org.springframework.data.repository.config.RepositoryConfigurationDelegate.registerRepositoriesIn Finished Spring Data repository scanning in 107 ms. Found 1 JPA repository interfaces.
01-Apr-2026 02:25:34.075 INFO [main] org.springframework.data.repository.config.RepositoryConfigurationDelegate.registerRepositoriesIn Bootstrapping Spring Data JPA repositories in DEFAULT mode.
01-Apr-2026 02:25:34.082 INFO [main] org.springframework.data.repository.config.RepositoryConfigurationDelegate.registerRepositoriesIn Finished Spring Data repository scanning in 7 ms. Found 1 JPA repository interfaces.
01-Apr-2026 02:25:34.468 INFO [main] org.hibernate.jpa.internal.util.LogHelper.logPersistenceUnitInformation HHH000204: Processing PersistenceUnitInfo [
	name: default
	...]
01-Apr-2026 02:25:34.540 INFO [main] org.hibernate.Version.logVersion HHH000412: Hibernate Core {5.2.8.Final}
01-Apr-2026 02:25:34.543 INFO [main] org.hibernate.cfg.Environment.<clinit> HHH000206: hibernate.properties not found
01-Apr-2026 02:25:34.596 INFO [main] org.hibernate.annotations.common.reflection.java.JavaReflectionManager.<clinit> HCANN000001: Hibernate Commons Annotations {5.0.1.Final}
01-Apr-2026 02:25:35.058 INFO [main] org.hibernate.dialect.Dialect.<init> HHH000400: Using dialect: org.hibernate.dialect.MySQLDialect
01-Apr-2026 02:25:35.610 INFO [main] org.springframework.orm.jpa.AbstractEntityManagerFactoryBean.buildNativeEntityManagerFactory Initialized JPA EntityManagerFactory for persistence unit 'default'
01-Apr-2026 02:25:36.141 WARNING [main] org.springframework.context.support.AbstractApplicationContext.refresh Exception encountered during context initialization - cancelling refresh attempt: org.springframework.beans.factory.UnsatisfiedDependencyException: Error creating bean with name 'employeeServiceImpl': Unsatisfied dependency expressed through field 'employeeDAOWrapper'; nested exception is org.springframework.beans.factory.UnsatisfiedDependencyException: Error creating bean with name 'employeeDAOWrapper': Unsatisfied dependency expressed through field 'employeeDAO'; nested exception is org.springframework.beans.factory.BeanCreationException: Error creating bean with name 'employeeDAO' defined in com.microservices.learn.dao.EmployeeDAO defined in : Invocation of init method failed; nested exception is org.springframework.data.repository.query.QueryCreationException: Could not create query for public abstract int com.microservices.learn.dao.EmployeeDAO.updateEmployeeSalaryByName(java.lang.Double,java.lang.String); Reason: Failed to create query for method public abstract int com.microservices.learn.dao.EmployeeDAO.updateEmployeeSalaryByName(java.lang.Double,java.lang.String)! No property 'updateEmployeeSalaryByName' found for type 'EmployeeEntity'; nested exception is java.lang.IllegalArgumentException: Failed to create query for method public abstract int com.microservices.learn.dao.EmployeeDAO.updateEmployeeSalaryByName(java.lang.Double,java.lang.String)! No property 'updateEmployeeSalaryByName' found for type 'EmployeeEntity'
01-Apr-2026 02:25:36.143 INFO [main] org.springframework.orm.jpa.AbstractEntityManagerFactoryBean.destroy Closing JPA EntityManagerFactory for persistence unit 'default'
01-Apr-2026 02:25:36.144 SEVERE [main] org.springframework.web.context.ContextLoader.initWebApplicationContext Context initialization failed
	org.springframework.beans.factory.UnsatisfiedDependencyException: Error creating bean with name 'employeeServiceImpl': Unsatisfied dependency expressed through field 'employeeDAOWrapper'; nested exception is org.springframework.beans.factory.UnsatisfiedDependencyException: Error creating bean with name 'employeeDAOWrapper': Unsatisfied dependency expressed through field 'employeeDAO'; nested exception is org.springframework.beans.factory.BeanCreationException: Error creating bean with name 'employeeDAO' defined in com.microservices.learn.dao.EmployeeDAO defined in : Invocation of init method failed; nested exception is org.springframework.data.repository.query.QueryCreationException: Could not create query for public abstract int com.microservices.learn.dao.EmployeeDAO.updateEmployeeSalaryByName(java.lang.Double,java.lang.String); Reason: Failed to create query for method public abstract int com.microservices.learn.dao.EmployeeDAO.updateEmployeeSalaryByName(java.lang.Double,java.lang.String)! No property 'updateEmployeeSalaryByName' found for type 'EmployeeEntity'; nested exception is java.lang.IllegalArgumentException: Failed to create query for method public abstract int com.microservices.learn.dao.EmployeeDAO.updateEmployeeSalaryByName(java.lang.Double,java.lang.String)! No property 'updateEmployeeSalaryByName' found for type 'EmployeeEntity'
		at org.springframework.beans.factory.annotation.AutowiredAnnotationBeanPostProcessor$AutowiredFieldElement.resolveFieldValue(AutowiredAnnotationBeanPostProcessor.java:659)
		at org.springframework.beans.factory.annotation.AutowiredAnnotationBeanPostProcessor$AutowiredFieldElement.inject(AutowiredAnnotationBeanPostProcessor.java:639)
		at org.springframework.beans.factory.annotation.InjectionMetadata.inject(InjectionMetadata.java:119)
		at org.springframework.beans.factory.annotation.AutowiredAnnotationBeanPostProcessor.postProcessProperties(AutowiredAnnotationBeanPostProcessor.java:399)
		at org.springframework.beans.factory.support.AbstractAutowireCapableBeanFactory.populateBean(AbstractAutowireCapableBeanFactory.java:1431)
		at org.springframework.beans.factory.support.AbstractAutowireCapableBeanFactory.doCreateBean(AbstractAutowireCapableBeanFactory.java:619)
		at org.springframework.beans.factory.support.AbstractAutowireCapableBeanFactory.createBean(AbstractAutowireCapableBeanFactory.java:542)
		at org.springframework.beans.factory.support.AbstractBeanFactory.lambda$doGetBean$0(AbstractBeanFactory.java:335)
		at org.springframework.beans.factory.support.DefaultSingletonBeanRegistry.getSingleton(DefaultSingletonBeanRegistry.java:234)
		at org.springframework.beans.factory.support.AbstractBeanFactory.doGetBean(AbstractBeanFactory.java:333)
		at org.springframework.beans.factory.support.AbstractBeanFactory.getBean(AbstractBeanFactory.java:208)
		at org.springframework.beans.factory.support.DefaultListableBeanFactory.preInstantiateSingletons(DefaultListableBeanFactory.java:955)
		at org.springframework.context.support.AbstractApplicationContext.finishBeanFactoryInitialization(AbstractApplicationContext.java:918)
		at org.springframework.context.support.AbstractApplicationContext.refresh(AbstractApplicationContext.java:583)
		at org.springframework.web.context.ContextLoader.configureAndRefreshWebApplicationContext(ContextLoader.java:401)
		at org.springframework.web.context.ContextLoader.initWebApplicationContext(ContextLoader.java:292)
		at org.springframework.web.context.ContextLoaderListener.contextInitialized(ContextLoaderListener.java:103)
		at org.apache.catalina.core.StandardContext.listenerStart(StandardContext.java:4047)
		at org.apache.catalina.core.StandardContext.startInternal(StandardContext.java:4489)
		at org.apache.catalina.util.LifecycleBase.start(LifecycleBase.java:164)
		at org.apache.catalina.core.ContainerBase.addChildInternal(ContainerBase.java:597)
		at org.apache.catalina.core.ContainerBase.addChild(ContainerBase.java:569)
		at org.apache.catalina.core.StandardHost.addChild(StandardHost.java:608)
		at org.apache.catalina.startup.HostConfig.deployDirectory(HostConfig.java:1171)
		at org.apache.catalina.startup.HostConfig$DeployDirectory.run(HostConfig.java:1880)
		at java.util.concurrent.Executors$RunnableAdapter.call(Executors.java:511)
		at java.util.concurrent.FutureTask.run(FutureTask.java:266)
		at org.apache.tomcat.util.threads.InlineExecutorService.execute(InlineExecutorService.java:82)
		at java.util.concurrent.AbstractExecutorService.submit(AbstractExecutorService.java:112)
		at org.apache.catalina.startup.HostConfig.deployDirectories(HostConfig.java:1082)
		at org.apache.catalina.startup.HostConfig.deployApps(HostConfig.java:467)
		at org.apache.catalina.startup.HostConfig.start(HostConfig.java:1576)
		at org.apache.catalina.startup.HostConfig.lifecycleEvent(HostConfig.java:309)
		at org.apache.catalina.util.LifecycleBase.fireLifecycleEvent(LifecycleBase.java:109)
		at org.apache.catalina.util.LifecycleBase.setStateInternal(LifecycleBase.java:389)
		at org.apache.catalina.util.LifecycleBase.setState(LifecycleBase.java:336)
		at org.apache.catalina.core.ContainerBase.startInternal(ContainerBase.java:774)
		at org.apache.catalina.core.StandardHost.startInternal(StandardHost.java:726)
		at org.apache.catalina.util.LifecycleBase.start(LifecycleBase.java:164)
		at org.apache.catalina.core.ContainerBase$StartChild.call(ContainerBase.java:1201)
		at org.apache.catalina.core.ContainerBase$StartChild.call(ContainerBase.java:1191)
		at java.util.concurrent.FutureTask.run(FutureTask.java:266)
		at org.apache.tomcat.util.threads.InlineExecutorService.execute(InlineExecutorService.java:82)
		at java.util.concurrent.AbstractExecutorService.submit(AbstractExecutorService.java:134)
		at org.apache.catalina.core.ContainerBase.startInternal(ContainerBase.java:747)
		at org.apache.catalina.core.StandardEngine.startInternal(StandardEngine.java:209)
		at org.apache.catalina.util.LifecycleBase.start(LifecycleBase.java:164)
		at org.apache.catalina.core.StandardService.startInternal(StandardService.java:410)
		at org.apache.catalina.util.LifecycleBase.start(LifecycleBase.java:164)
		at org.apache.catalina.core.StandardServer.startInternal(StandardServer.java:872)
		at org.apache.catalina.util.LifecycleBase.start(LifecycleBase.java:164)
		at org.apache.catalina.startup.Catalina.start(Catalina.java:736)
		at sun.reflect.NativeMethodAccessorImpl.invoke0(Native Method)
		at sun.reflect.NativeMethodAccessorImpl.invoke(NativeMethodAccessorImpl.java:62)
		at sun.reflect.DelegatingMethodAccessorImpl.invoke(DelegatingMethodAccessorImpl.java:43)
		at java.lang.reflect.Method.invoke(Method.java:498)
		at org.apache.catalina.startup.Bootstrap.start(Bootstrap.java:342)
		at org.apache.catalina.startup.Bootstrap.main(Bootstrap.java:473)
	Caused by: org.springframework.beans.factory.UnsatisfiedDependencyException: Error creating bean with name 'employeeDAOWrapper': Unsatisfied dependency expressed through field 'employeeDAO'; nested exception is org.springframework.beans.factory.BeanCreationException: Error creating bean with name 'employeeDAO' defined in com.microservices.learn.dao.EmployeeDAO defined in : Invocation of init method failed; nested exception is org.springframework.data.repository.query.QueryCreationException: Could not create query for public abstract int com.microservices.learn.dao.EmployeeDAO.updateEmployeeSalaryByName(java.lang.Double,java.lang.String); Reason: Failed to create query for method public abstract int com.microservices.learn.dao.EmployeeDAO.updateEmployeeSalaryByName(java.lang.Double,java.lang.String)! No property 'updateEmployeeSalaryByName' found for type 'EmployeeEntity'; nested exception is java.lang.IllegalArgumentException: Failed to create query for method public abstract int com.microservices.learn.dao.EmployeeDAO.updateEmployeeSalaryByName(java.lang.Double,java.lang.String)! No property 'updateEmployeeSalaryByName' found for type 'EmployeeEntity'
		at org.springframework.beans.factory.annotation.AutowiredAnnotationBeanPostProcessor$AutowiredFieldElement.resolveFieldValue(AutowiredAnnotationBeanPostProcessor.java:659)
		at org.springframework.beans.factory.annotation.AutowiredAnnotationBeanPostProcessor$AutowiredFieldElement.inject(AutowiredAnnotationBeanPostProcessor.java:639)
		at org.springframework.beans.factory.annotation.InjectionMetadata.inject(InjectionMetadata.java:119)
		at org.springframework.beans.factory.annotation.AutowiredAnnotationBeanPostProcessor.postProcessProperties(AutowiredAnnotationBeanPostProcessor.java:399)
		at org.springframework.beans.factory.support.AbstractAutowireCapableBeanFactory.populateBean(AbstractAutowireCapableBeanFactory.java:1431)
		at org.springframework.beans.factory.support.AbstractAutowireCapableBeanFactory.doCreateBean(AbstractAutowireCapableBeanFactory.java:619)
		at org.springframework.beans.factory.support.AbstractAutowireCapableBeanFactory.createBean(AbstractAutowireCapableBeanFactory.java:542)
		at org.springframework.beans.factory.support.AbstractBeanFactory.lambda$doGetBean$0(AbstractBeanFactory.java:335)
		at org.springframework.beans.factory.support.DefaultSingletonBeanRegistry.getSingleton(DefaultSingletonBeanRegistry.java:234)
		at org.springframework.beans.factory.support.AbstractBeanFactory.doGetBean(AbstractBeanFactory.java:333)
		at org.springframework.beans.factory.support.AbstractBeanFactory.getBean(AbstractBeanFactory.java:208)
		at org.springframework.beans.factory.config.DependencyDescriptor.resolveCandidate(DependencyDescriptor.java:276)
		at org.springframework.beans.factory.support.DefaultListableBeanFactory.doResolveDependency(DefaultListableBeanFactory.java:1391)
		at org.springframework.beans.factory.support.DefaultListableBeanFactory.resolveDependency(DefaultListableBeanFactory.java:1311)
		at org.springframework.beans.factory.annotation.AutowiredAnnotationBeanPostProcessor$AutowiredFieldElement.resolveFieldValue(AutowiredAnnotationBeanPostProcessor.java:656)
		... 57 more
	Caused by: org.springframework.beans.factory.BeanCreationException: Error creating bean with name 'employeeDAO' defined in com.microservices.learn.dao.EmployeeDAO defined in : Invocation of init method failed; nested exception is org.springframework.data.repository.query.QueryCreationException: Could not create query for public abstract int com.microservices.learn.dao.EmployeeDAO.updateEmployeeSalaryByName(java.lang.Double,java.lang.String); Reason: Failed to create query for method public abstract int com.microservices.learn.dao.EmployeeDAO.updateEmployeeSalaryByName(java.lang.Double,java.lang.String)! No property 'updateEmployeeSalaryByName' found for type 'EmployeeEntity'; nested exception is java.lang.IllegalArgumentException: Failed to create query for method public abstract int com.microservices.learn.dao.EmployeeDAO.updateEmployeeSalaryByName(java.lang.Double,java.lang.String)! No property 'updateEmployeeSalaryByName' found for type 'EmployeeEntity'
		at org.springframework.beans.factory.support.AbstractAutowireCapableBeanFactory.initializeBean(AbstractAutowireCapableBeanFactory.java:1804)
		at org.springframework.beans.factory.support.AbstractAutowireCapableBeanFactory.doCreateBean(AbstractAutowireCapableBeanFactory.java:620)
		at org.springframework.beans.factory.support.AbstractAutowireCapableBeanFactory.createBean(AbstractAutowireCapableBeanFactory.java:542)
		at org.springframework.beans.factory.support.AbstractBeanFactory.lambda$doGetBean$0(AbstractBeanFactory.java:335)
		at org.springframework.beans.factory.support.DefaultSingletonBeanRegistry.getSingleton(DefaultSingletonBeanRegistry.java:234)
		at org.springframework.beans.factory.support.AbstractBeanFactory.doGetBean(AbstractBeanFactory.java:333)
		at org.springframework.beans.factory.support.AbstractBeanFactory.getBean(AbstractBeanFactory.java:208)
		at org.springframework.beans.factory.config.DependencyDescriptor.resolveCandidate(DependencyDescriptor.java:276)
		at org.springframework.beans.factory.support.DefaultListableBeanFactory.doResolveDependency(DefaultListableBeanFactory.java:1391)
		at org.springframework.beans.factory.support.DefaultListableBeanFactory.resolveDependency(DefaultListableBeanFactory.java:1311)
		at org.springframework.beans.factory.annotation.AutowiredAnnotationBeanPostProcessor$AutowiredFieldElement.resolveFieldValue(AutowiredAnnotationBeanPostProcessor.java:656)
		... 71 more
	Caused by: org.springframework.data.repository.query.QueryCreationException: Could not create query for public abstract int com.microservices.learn.dao.EmployeeDAO.updateEmployeeSalaryByName(java.lang.Double,java.lang.String); Reason: Failed to create query for method public abstract int com.microservices.learn.dao.EmployeeDAO.updateEmployeeSalaryByName(java.lang.Double,java.lang.String)! No property 'updateEmployeeSalaryByName' found for type 'EmployeeEntity'; nested exception is java.lang.IllegalArgumentException: Failed to create query for method public abstract int com.microservices.learn.dao.EmployeeDAO.updateEmployeeSalaryByName(java.lang.Double,java.lang.String)! No property 'updateEmployeeSalaryByName' found for type 'EmployeeEntity'
		at org.springframework.data.repository.query.QueryCreationException.create(QueryCreationException.java:101)
		at org.springframework.data.repository.core.support.QueryExecutorMethodInterceptor.lookupQuery(QueryExecutorMethodInterceptor.java:107)
		at org.springframework.data.repository.core.support.QueryExecutorMethodInterceptor.lambda$mapMethodsToQuery$1(QueryExecutorMethodInterceptor.java:95)
		at java.util.stream.ReferencePipeline$3$1.accept(ReferencePipeline.java:193)
		at java.util.Iterator.forEachRemaining(Iterator.java:116)
		at java.util.Collections$UnmodifiableCollection$1.forEachRemaining(Collections.java:1051)
		at java.util.Spliterators$IteratorSpliterator.forEachRemaining(Spliterators.java:1801)
		at java.util.stream.AbstractPipeline.copyInto(AbstractPipeline.java:482)
		at java.util.stream.AbstractPipeline.wrapAndCopyInto(AbstractPipeline.java:472)
		at java.util.stream.ReduceOps$ReduceOp.evaluateSequential(ReduceOps.java:708)
		at java.util.stream.AbstractPipeline.evaluate(AbstractPipeline.java:234)
		at java.util.stream.ReferencePipeline.collect(ReferencePipeline.java:566)
		at org.springframework.data.repository.core.support.QueryExecutorMethodInterceptor.mapMethodsToQuery(QueryExecutorMethodInterceptor.java:97)
		at org.springframework.data.repository.core.support.QueryExecutorMethodInterceptor.lambda$new$0(QueryExecutorMethodInterceptor.java:87)
		at java.util.Optional.map(Optional.java:215)
		at org.springframework.data.repository.core.support.QueryExecutorMethodInterceptor.<init>(QueryExecutorMethodInterceptor.java:87)
		at org.springframework.data.repository.core.support.RepositoryFactorySupport.getRepository(RepositoryFactorySupport.java:365)
		at org.springframework.data.repository.core.support.RepositoryFactoryBeanSupport.lambda$afterPropertiesSet$5(RepositoryFactoryBeanSupport.java:323)
		at org.springframework.data.util.Lazy.getNullable(Lazy.java:231)
		at org.springframework.data.util.Lazy.get(Lazy.java:115)
		at org.springframework.data.repository.core.support.RepositoryFactoryBeanSupport.afterPropertiesSet(RepositoryFactoryBeanSupport.java:329)
		at org.springframework.data.jpa.repository.support.JpaRepositoryFactoryBean.afterPropertiesSet(JpaRepositoryFactoryBean.java:144)
		at org.springframework.beans.factory.support.AbstractAutowireCapableBeanFactory.invokeInitMethods(AbstractAutowireCapableBeanFactory.java:1863)
		at org.springframework.beans.factory.support.AbstractAutowireCapableBeanFactory.initializeBean(AbstractAutowireCapableBeanFactory.java:1800)
		... 81 more
	Caused by: java.lang.IllegalArgumentException: Failed to create query for method public abstract int com.microservices.learn.dao.EmployeeDAO.updateEmployeeSalaryByName(java.lang.Double,java.lang.String)! No property 'updateEmployeeSalaryByName' found for type 'EmployeeEntity'
		at org.springframework.data.jpa.repository.query.PartTreeJpaQuery.<init>(PartTreeJpaQuery.java:96)
		at org.springframework.data.jpa.repository.query.JpaQueryLookupStrategy$CreateQueryLookupStrategy.resolveQuery(JpaQueryLookupStrategy.java:119)
		at org.springframework.data.jpa.repository.query.JpaQueryLookupStrategy$CreateIfNotFoundQueryLookupStrategy.resolveQuery(JpaQueryLookupStrategy.java:259)
		at org.springframework.data.jpa.repository.query.JpaQueryLookupStrategy$AbstractQueryLookupStrategy.resolveQuery(JpaQueryLookupStrategy.java:93)
		at org.springframework.data.repository.core.support.QueryExecutorMethodInterceptor.lookupQuery(QueryExecutorMethodInterceptor.java:103)
		... 103 more
	Caused by: org.springframework.data.mapping.PropertyReferenceException: No property 'updateEmployeeSalaryByName' found for type 'EmployeeEntity'
		at org.springframework.data.mapping.PropertyPath.<init>(PropertyPath.java:91)
		at org.springframework.data.mapping.PropertyPath.create(PropertyPath.java:438)
		at org.springframework.data.mapping.PropertyPath.create(PropertyPath.java:414)
		at org.springframework.data.mapping.PropertyPath.lambda$from$0(PropertyPath.java:367)
		at java.util.concurrent.ConcurrentMap.computeIfAbsent(ConcurrentMap.java:324)
		at org.springframework.data.mapping.PropertyPath.from(PropertyPath.java:349)
		at org.springframework.data.mapping.PropertyPath.from(PropertyPath.java:332)
		at org.springframework.data.repository.query.parser.Part.<init>(Part.java:81)
		at org.springframework.data.repository.query.parser.PartTree$OrPart.lambda$new$0(PartTree.java:250)
		at java.util.stream.ReferencePipeline$3$1.accept(ReferencePipeline.java:193)
		at java.util.stream.ReferencePipeline$2$1.accept(ReferencePipeline.java:175)
		at java.util.Spliterators$ArraySpliterator.forEachRemaining(Spliterators.java:948)
		at java.util.stream.AbstractPipeline.copyInto(AbstractPipeline.java:482)
		at java.util.stream.AbstractPipeline.wrapAndCopyInto(AbstractPipeline.java:472)
		at java.util.stream.ReduceOps$ReduceOp.evaluateSequential(ReduceOps.java:708)
		at java.util.stream.AbstractPipeline.evaluate(AbstractPipeline.java:234)
		at java.util.stream.ReferencePipeline.collect(ReferencePipeline.java:566)
		at org.springframework.data.repository.query.parser.PartTree$OrPart.<init>(PartTree.java:251)
		at org.springframework.data.repository.query.parser.PartTree$Predicate.lambda$new$0(PartTree.java:384)
		at java.util.stream.ReferencePipeline$3$1.accept(ReferencePipeline.java:193)
		at java.util.stream.ReferencePipeline$2$1.accept(ReferencePipeline.java:175)
		at java.util.Spliterators$ArraySpliterator.forEachRemaining(Spliterators.java:948)
		at java.util.stream.AbstractPipeline.copyInto(AbstractPipeline.java:482)
		at java.util.stream.AbstractPipeline.wrapAndCopyInto(AbstractPipeline.java:472)
		at java.util.stream.ReduceOps$ReduceOp.evaluateSequential(ReduceOps.java:708)
		at java.util.stream.AbstractPipeline.evaluate(AbstractPipeline.java:234)
		at java.util.stream.ReferencePipeline.collect(ReferencePipeline.java:566)
		at org.springframework.data.repository.query.parser.PartTree$Predicate.<init>(PartTree.java:385)
		at org.springframework.data.repository.query.parser.PartTree.<init>(PartTree.java:93)
		at org.springframework.data.jpa.repository.query.PartTreeJpaQuery.<init>(PartTreeJpaQuery.java:89)
		... 107 more
01-Apr-2026 02:25:36.155 SEVERE [main] org.apache.catalina.core.StandardContext.startInternal One or more listeners failed to start. Full details will be found in the appropriate container log file
01-Apr-2026 02:25:36.169 SEVERE [main] org.apache.catalina.core.StandardContext.startInternal Context [/employee-service] startup failed due to previous errors
01-Apr-2026 02:25:36.193 WARNING [main] org.apache.catalina.loader.WebappClassLoaderBase.clearReferencesJdbc The web application [employee-service] registered the JDBC driver [com.mysql.cj.jdbc.Driver] but failed to unregister it when the web application was stopped. To prevent a memory leak, the JDBC Driver has been forcibly unregistered.
01-Apr-2026 02:25:36.196 WARNING [main] org.apache.catalina.loader.WebappClassLoaderBase.clearReferencesThreads The web application [employee-service] appears to have started a thread named [mysql-cj-abandoned-connection-cleanup] but has failed to stop it. This is very likely to create a memory leak. Stack trace of thread:
 java.lang.Object.wait(Native Method)
 java.lang.ref.ReferenceQueue.remove(ReferenceQueue.java:144)
 com.mysql.cj.jdbc.AbandonedConnectionCleanupThread.run(AbandonedConnectionCleanupThread.java:91)
 java.util.concurrent.ThreadPoolExecutor.runWorker(ThreadPoolExecutor.java:1149)
 java.util.concurrent.ThreadPoolExecutor$Worker.run(ThreadPoolExecutor.java:624)
 java.lang.Thread.run(Thread.java:750)
01-Apr-2026 02:25:36.208 INFO [main] org.apache.catalina.startup.HostConfig.deployDirectory Deployment of web application directory [/Users/motocycopath/Desktop/java-full-stack-training/00-microservices-00/apache-tomcat-9.0.116/webapps/employee-service] has finished in [4,407] ms
01-Apr-2026 02:25:36.209 INFO [main] org.apache.catalina.startup.HostConfig.deployDirectory Deploying web application directory [/Users/motocycopath/Desktop/java-full-stack-training/00-microservices-00/apache-tomcat-9.0.116/webapps/docs]
01-Apr-2026 02:25:36.321 INFO [main] org.apache.catalina.startup.HostConfig.deployDirectory Deployment of web application directory [/Users/motocycopath/Desktop/java-full-stack-training/00-microservices-00/apache-tomcat-9.0.116/webapps/docs] has finished in [111] ms
01-Apr-2026 02:25:36.322 INFO [main] org.apache.catalina.startup.HostConfig.deployDirectory Deploying web application directory [/Users/motocycopath/Desktop/java-full-stack-training/00-microservices-00/apache-tomcat-9.0.116/webapps/manager]
01-Apr-2026 02:25:36.362 INFO [main] org.apache.catalina.startup.HostConfig.deployDirectory Deployment of web application directory [/Users/motocycopath/Desktop/java-full-stack-training/00-microservices-00/apache-tomcat-9.0.116/webapps/manager] has finished in [39] ms
01-Apr-2026 02:25:36.362 INFO [main] org.apache.catalina.startup.HostConfig.deployDirectory Deploying web application directory [/Users/motocycopath/Desktop/java-full-stack-training/00-microservices-00/apache-tomcat-9.0.116/webapps/examples]
01-Apr-2026 02:25:36.626 INFO [main] org.apache.catalina.startup.HostConfig.deployDirectory Deployment of web application directory [/Users/motocycopath/Desktop/java-full-stack-training/00-microservices-00/apache-tomcat-9.0.116/webapps/examples] has finished in [264] ms
01-Apr-2026 02:25:36.627 INFO [main] org.apache.catalina.startup.HostConfig.deployDirectory Deploying web application directory [/Users/motocycopath/Desktop/java-full-stack-training/00-microservices-00/apache-tomcat-9.0.116/webapps/ROOT]
01-Apr-2026 02:25:36.654 INFO [main] org.apache.catalina.startup.HostConfig.deployDirectory Deployment of web application directory [/Users/motocycopath/Desktop/java-full-stack-training/00-microservices-00/apache-tomcat-9.0.116/webapps/ROOT] has finished in [26] ms
01-Apr-2026 02:25:36.654 INFO [main] org.apache.catalina.startup.HostConfig.deployDirectory Deploying web application directory [/Users/motocycopath/Desktop/java-full-stack-training/00-microservices-00/apache-tomcat-9.0.116/webapps/host-manager]
01-Apr-2026 02:25:36.684 INFO [main] org.apache.catalina.startup.HostConfig.deployDirectory Deployment of web application directory [/Users/motocycopath/Desktop/java-full-stack-training/00-microservices-00/apache-tomcat-9.0.116/webapps/host-manager] has finished in [30] ms
01-Apr-2026 02:25:36.686 INFO [main] org.apache.coyote.AbstractProtocol.start Starting ProtocolHandler ["http-nio-8080"]
01-Apr-2026 02:25:36.702 INFO [main] org.apache.catalina.startup.Catalina.start Server startup in [4999] milliseconds
01-Apr-2026 02:25:39.338 INFO [mysql-cj-abandoned-connection-cleanup] org.apache.catalina.loader.WebappClassLoaderBase.checkStateForResourceLoading Illegal access: this web application instance has been stopped already. Could not load []. The following stack trace is thrown for debugging purposes as well as to attempt to terminate the thread which caused the illegal access.
	java.lang.IllegalStateException: Illegal access: this web application instance has been stopped already. Could not load []. The following stack trace is thrown for debugging purposes as well as to attempt to terminate the thread which caused the illegal access.
		at org.apache.catalina.loader.WebappClassLoaderBase.checkStateForResourceLoading(WebappClassLoaderBase.java:1370)
		at org.apache.catalina.loader.WebappClassLoaderBase.getResource(WebappClassLoaderBase.java:994)
		at com.mysql.cj.jdbc.AbandonedConnectionCleanupThread.checkThreadContextClassLoader(AbandonedConnectionCleanupThread.java:123)
		at com.mysql.cj.jdbc.AbandonedConnectionCleanupThread.run(AbandonedConnectionCleanupThread.java:90)
		at java.util.concurrent.ThreadPoolExecutor.runWorker(ThreadPoolExecutor.java:1149)
		at java.util.concurrent.ThreadPoolExecutor$Worker.run(ThreadPoolExecutor.java:624)
		at java.lang.Thread.run(Thread.java:750)
01-Apr-2026 02:28:08.768 INFO [main] org.apache.catalina.core.StandardServer.await A valid shutdown command was received via the shutdown port. Stopping the Server instance.
01-Apr-2026 02:28:08.774 INFO [main] org.apache.coyote.AbstractProtocol.pause Pausing ProtocolHandler ["http-nio-8080"]
01-Apr-2026 02:28:08.786 INFO [main] org.apache.catalina.core.StandardService.stopInternal Stopping service [Catalina]
01-Apr-2026 02:28:08.823 INFO [main] org.apache.coyote.AbstractProtocol.stop Stopping ProtocolHandler ["http-nio-8080"]
01-Apr-2026 02:28:08.842 INFO [main] org.apache.coyote.AbstractProtocol.destroy Destroying ProtocolHandler ["http-nio-8080"]
01-Apr-2026 02:28:15.683 INFO [main] org.apache.catalina.startup.VersionLoggerListener.log Server version name:   Apache Tomcat/9.0.116
01-Apr-2026 02:28:15.688 INFO [main] org.apache.catalina.startup.VersionLoggerListener.log Server built:          Mar 16 2026 15:05:42 UTC
01-Apr-2026 02:28:15.688 INFO [main] org.apache.catalina.startup.VersionLoggerListener.log Server version number: 9.0.116.0
01-Apr-2026 02:28:15.689 INFO [main] org.apache.catalina.startup.VersionLoggerListener.log OS Name:               Mac OS X
01-Apr-2026 02:28:15.689 INFO [main] org.apache.catalina.startup.VersionLoggerListener.log OS Version:            15.5
01-Apr-2026 02:28:15.689 INFO [main] org.apache.catalina.startup.VersionLoggerListener.log Architecture:          x86_64
01-Apr-2026 02:28:15.689 INFO [main] org.apache.catalina.startup.VersionLoggerListener.log Java Home:             /Library/Java/JavaVirtualMachines/temurin-8.jdk/Contents/Home/jre
01-Apr-2026 02:28:15.689 INFO [main] org.apache.catalina.startup.VersionLoggerListener.log JVM Version:           1.8.0_482-b08
01-Apr-2026 02:28:15.689 INFO [main] org.apache.catalina.startup.VersionLoggerListener.log JVM Vendor:            Temurin
01-Apr-2026 02:28:15.689 INFO [main] org.apache.catalina.startup.VersionLoggerListener.log CATALINA_BASE:         /Users/motocycopath/Desktop/java-full-stack-training/00-microservices-00/apache-tomcat-9.0.116
01-Apr-2026 02:28:15.689 INFO [main] org.apache.catalina.startup.VersionLoggerListener.log CATALINA_HOME:         /Users/motocycopath/Desktop/java-full-stack-training/00-microservices-00/apache-tomcat-9.0.116
01-Apr-2026 02:28:15.693 INFO [main] org.apache.catalina.startup.VersionLoggerListener.log Command line argument: -Djava.util.logging.config.file=/Users/motocycopath/Desktop/java-full-stack-training/00-microservices-00/apache-tomcat-9.0.116/conf/logging.properties
01-Apr-2026 02:28:15.693 INFO [main] org.apache.catalina.startup.VersionLoggerListener.log Command line argument: -Djava.util.logging.manager=org.apache.juli.ClassLoaderLogManager
01-Apr-2026 02:28:15.693 INFO [main] org.apache.catalina.startup.VersionLoggerListener.log Command line argument: -Djdk.tls.ephemeralDHKeySize=2048
01-Apr-2026 02:28:15.693 INFO [main] org.apache.catalina.startup.VersionLoggerListener.log Command line argument: -Djava.protocol.handler.pkgs=org.apache.catalina.webresources
01-Apr-2026 02:28:15.693 INFO [main] org.apache.catalina.startup.VersionLoggerListener.log Command line argument: -Dsun.io.useCanonCaches=false
01-Apr-2026 02:28:15.693 INFO [main] org.apache.catalina.startup.VersionLoggerListener.log Command line argument: -Dorg.apache.catalina.security.SecurityListener.UMASK=0027
01-Apr-2026 02:28:15.693 INFO [main] org.apache.catalina.startup.VersionLoggerListener.log Command line argument: -Dignore.endorsed.dirs=
01-Apr-2026 02:28:15.693 INFO [main] org.apache.catalina.startup.VersionLoggerListener.log Command line argument: -Dcatalina.base=/Users/motocycopath/Desktop/java-full-stack-training/00-microservices-00/apache-tomcat-9.0.116
01-Apr-2026 02:28:15.693 INFO [main] org.apache.catalina.startup.VersionLoggerListener.log Command line argument: -Dcatalina.home=/Users/motocycopath/Desktop/java-full-stack-training/00-microservices-00/apache-tomcat-9.0.116
01-Apr-2026 02:28:15.693 INFO [main] org.apache.catalina.startup.VersionLoggerListener.log Command line argument: -Djava.io.tmpdir=/Users/motocycopath/Desktop/java-full-stack-training/00-microservices-00/apache-tomcat-9.0.116/temp
01-Apr-2026 02:28:15.695 INFO [main] org.apache.catalina.core.AprLifecycleListener.lifecycleEvent The Apache Tomcat Native library which allows using OpenSSL was not found on the java.library.path: [/Users/motocycopath/Library/Java/Extensions:/Library/Java/Extensions:/Network/Library/Java/Extensions:/System/Library/Java/Extensions:/usr/lib/java:.]
01-Apr-2026 02:28:16.135 INFO [main] org.apache.coyote.AbstractProtocol.init Initializing ProtocolHandler ["http-nio-8080"]
01-Apr-2026 02:28:16.173 INFO [main] org.apache.catalina.startup.Catalina.load Server initialization in [657] milliseconds
01-Apr-2026 02:28:16.260 INFO [main] org.apache.catalina.core.StandardService.startInternal Starting service [Catalina]
01-Apr-2026 02:28:16.260 INFO [main] org.apache.catalina.core.StandardEngine.startInternal Starting Servlet engine: [Apache Tomcat/9.0.116]
01-Apr-2026 02:28:16.266 INFO [main] org.apache.catalina.startup.HostConfig.deployDirectory Deploying web application directory [/Users/motocycopath/Desktop/java-full-stack-training/00-microservices-00/apache-tomcat-9.0.116/webapps/employee-service]
01-Apr-2026 02:28:17.817 INFO [main] org.apache.jasper.servlet.TldScanner.scanJars At least one JAR was scanned for TLDs yet contained no TLDs. Enable debug logging for this logger for a complete list of JARs that were scanned but no TLDs were found in them. Skipping unneeded JARs during scanning can improve startup time and JSP compilation time.
01-Apr-2026 02:28:17.848 INFO [main] org.springframework.web.context.ContextLoader.initWebApplicationContext Root WebApplicationContext: initialization started
01-Apr-2026 02:28:18.327 INFO [main] org.springframework.data.repository.config.RepositoryConfigurationDelegate.registerRepositoriesIn Bootstrapping Spring Data JPA repositories in DEFAULT mode.
01-Apr-2026 02:28:18.445 INFO [main] org.springframework.data.repository.config.RepositoryConfigurationDelegate.registerRepositoriesIn Finished Spring Data repository scanning in 102 ms. Found 1 JPA repository interfaces.
01-Apr-2026 02:28:18.447 INFO [main] org.springframework.data.repository.config.RepositoryConfigurationDelegate.registerRepositoriesIn Bootstrapping Spring Data JPA repositories in DEFAULT mode.
01-Apr-2026 02:28:18.454 INFO [main] org.springframework.data.repository.config.RepositoryConfigurationDelegate.registerRepositoriesIn Finished Spring Data repository scanning in 7 ms. Found 1 JPA repository interfaces.
01-Apr-2026 02:28:18.823 INFO [main] org.hibernate.jpa.internal.util.LogHelper.logPersistenceUnitInformation HHH000204: Processing PersistenceUnitInfo [
	name: default
	...]
01-Apr-2026 02:28:18.885 INFO [main] org.hibernate.Version.logVersion HHH000412: Hibernate Core {5.2.8.Final}
01-Apr-2026 02:28:18.886 INFO [main] org.hibernate.cfg.Environment.<clinit> HHH000206: hibernate.properties not found
01-Apr-2026 02:28:18.919 INFO [main] org.hibernate.annotations.common.reflection.java.JavaReflectionManager.<clinit> HCANN000001: Hibernate Commons Annotations {5.0.1.Final}
01-Apr-2026 02:28:19.467 INFO [main] org.hibernate.dialect.Dialect.<init> HHH000400: Using dialect: org.hibernate.dialect.MySQLDialect
01-Apr-2026 02:28:20.112 INFO [main] org.springframework.orm.jpa.AbstractEntityManagerFactoryBean.buildNativeEntityManagerFactory Initialized JPA EntityManagerFactory for persistence unit 'default'
01-Apr-2026 02:28:20.638 WARNING [main] org.springframework.context.support.AbstractApplicationContext.refresh Exception encountered during context initialization - cancelling refresh attempt: org.springframework.beans.factory.UnsatisfiedDependencyException: Error creating bean with name 'employeeServiceImpl': Unsatisfied dependency expressed through field 'employeeDAOWrapper'; nested exception is org.springframework.beans.factory.UnsatisfiedDependencyException: Error creating bean with name 'employeeDAOWrapper': Unsatisfied dependency expressed through field 'employeeDAO'; nested exception is org.springframework.beans.factory.BeanCreationException: Error creating bean with name 'employeeDAO' defined in com.microservices.learn.dao.EmployeeDAO defined in : Invocation of init method failed; nested exception is org.springframework.data.repository.query.QueryCreationException: Could not create query for public abstract java.lang.Integer com.microservices.learn.dao.EmployeeDAO.updateEmployeeSalaryByName(java.lang.Double,java.lang.String); Reason: Failed to create query for method public abstract java.lang.Integer com.microservices.learn.dao.EmployeeDAO.updateEmployeeSalaryByName(java.lang.Double,java.lang.String)! No property 'updateEmployeeSalaryByName' found for type 'EmployeeEntity'; nested exception is java.lang.IllegalArgumentException: Failed to create query for method public abstract java.lang.Integer com.microservices.learn.dao.EmployeeDAO.updateEmployeeSalaryByName(java.lang.Double,java.lang.String)! No property 'updateEmployeeSalaryByName' found for type 'EmployeeEntity'
01-Apr-2026 02:28:20.640 INFO [main] org.springframework.orm.jpa.AbstractEntityManagerFactoryBean.destroy Closing JPA EntityManagerFactory for persistence unit 'default'
01-Apr-2026 02:28:20.642 SEVERE [main] org.springframework.web.context.ContextLoader.initWebApplicationContext Context initialization failed
	org.springframework.beans.factory.UnsatisfiedDependencyException: Error creating bean with name 'employeeServiceImpl': Unsatisfied dependency expressed through field 'employeeDAOWrapper'; nested exception is org.springframework.beans.factory.UnsatisfiedDependencyException: Error creating bean with name 'employeeDAOWrapper': Unsatisfied dependency expressed through field 'employeeDAO'; nested exception is org.springframework.beans.factory.BeanCreationException: Error creating bean with name 'employeeDAO' defined in com.microservices.learn.dao.EmployeeDAO defined in : Invocation of init method failed; nested exception is org.springframework.data.repository.query.QueryCreationException: Could not create query for public abstract java.lang.Integer com.microservices.learn.dao.EmployeeDAO.updateEmployeeSalaryByName(java.lang.Double,java.lang.String); Reason: Failed to create query for method public abstract java.lang.Integer com.microservices.learn.dao.EmployeeDAO.updateEmployeeSalaryByName(java.lang.Double,java.lang.String)! No property 'updateEmployeeSalaryByName' found for type 'EmployeeEntity'; nested exception is java.lang.IllegalArgumentException: Failed to create query for method public abstract java.lang.Integer com.microservices.learn.dao.EmployeeDAO.updateEmployeeSalaryByName(java.lang.Double,java.lang.String)! No property 'updateEmployeeSalaryByName' found for type 'EmployeeEntity'
		at org.springframework.beans.factory.annotation.AutowiredAnnotationBeanPostProcessor$AutowiredFieldElement.resolveFieldValue(AutowiredAnnotationBeanPostProcessor.java:659)
		at org.springframework.beans.factory.annotation.AutowiredAnnotationBeanPostProcessor$AutowiredFieldElement.inject(AutowiredAnnotationBeanPostProcessor.java:639)
		at org.springframework.beans.factory.annotation.InjectionMetadata.inject(InjectionMetadata.java:119)
		at org.springframework.beans.factory.annotation.AutowiredAnnotationBeanPostProcessor.postProcessProperties(AutowiredAnnotationBeanPostProcessor.java:399)
		at org.springframework.beans.factory.support.AbstractAutowireCapableBeanFactory.populateBean(AbstractAutowireCapableBeanFactory.java:1431)
		at org.springframework.beans.factory.support.AbstractAutowireCapableBeanFactory.doCreateBean(AbstractAutowireCapableBeanFactory.java:619)
		at org.springframework.beans.factory.support.AbstractAutowireCapableBeanFactory.createBean(AbstractAutowireCapableBeanFactory.java:542)
		at org.springframework.beans.factory.support.AbstractBeanFactory.lambda$doGetBean$0(AbstractBeanFactory.java:335)
		at org.springframework.beans.factory.support.DefaultSingletonBeanRegistry.getSingleton(DefaultSingletonBeanRegistry.java:234)
		at org.springframework.beans.factory.support.AbstractBeanFactory.doGetBean(AbstractBeanFactory.java:333)
		at org.springframework.beans.factory.support.AbstractBeanFactory.getBean(AbstractBeanFactory.java:208)
		at org.springframework.beans.factory.support.DefaultListableBeanFactory.preInstantiateSingletons(DefaultListableBeanFactory.java:955)
		at org.springframework.context.support.AbstractApplicationContext.finishBeanFactoryInitialization(AbstractApplicationContext.java:918)
		at org.springframework.context.support.AbstractApplicationContext.refresh(AbstractApplicationContext.java:583)
		at org.springframework.web.context.ContextLoader.configureAndRefreshWebApplicationContext(ContextLoader.java:401)
		at org.springframework.web.context.ContextLoader.initWebApplicationContext(ContextLoader.java:292)
		at org.springframework.web.context.ContextLoaderListener.contextInitialized(ContextLoaderListener.java:103)
		at org.apache.catalina.core.StandardContext.listenerStart(StandardContext.java:4047)
		at org.apache.catalina.core.StandardContext.startInternal(StandardContext.java:4489)
		at org.apache.catalina.util.LifecycleBase.start(LifecycleBase.java:164)
		at org.apache.catalina.core.ContainerBase.addChildInternal(ContainerBase.java:597)
		at org.apache.catalina.core.ContainerBase.addChild(ContainerBase.java:569)
		at org.apache.catalina.core.StandardHost.addChild(StandardHost.java:608)
		at org.apache.catalina.startup.HostConfig.deployDirectory(HostConfig.java:1171)
		at org.apache.catalina.startup.HostConfig$DeployDirectory.run(HostConfig.java:1880)
		at java.util.concurrent.Executors$RunnableAdapter.call(Executors.java:511)
		at java.util.concurrent.FutureTask.run(FutureTask.java:266)
		at org.apache.tomcat.util.threads.InlineExecutorService.execute(InlineExecutorService.java:82)
		at java.util.concurrent.AbstractExecutorService.submit(AbstractExecutorService.java:112)
		at org.apache.catalina.startup.HostConfig.deployDirectories(HostConfig.java:1082)
		at org.apache.catalina.startup.HostConfig.deployApps(HostConfig.java:467)
		at org.apache.catalina.startup.HostConfig.start(HostConfig.java:1576)
		at org.apache.catalina.startup.HostConfig.lifecycleEvent(HostConfig.java:309)
		at org.apache.catalina.util.LifecycleBase.fireLifecycleEvent(LifecycleBase.java:109)
		at org.apache.catalina.util.LifecycleBase.setStateInternal(LifecycleBase.java:389)
		at org.apache.catalina.util.LifecycleBase.setState(LifecycleBase.java:336)
		at org.apache.catalina.core.ContainerBase.startInternal(ContainerBase.java:774)
		at org.apache.catalina.core.StandardHost.startInternal(StandardHost.java:726)
		at org.apache.catalina.util.LifecycleBase.start(LifecycleBase.java:164)
		at org.apache.catalina.core.ContainerBase$StartChild.call(ContainerBase.java:1201)
		at org.apache.catalina.core.ContainerBase$StartChild.call(ContainerBase.java:1191)
		at java.util.concurrent.FutureTask.run(FutureTask.java:266)
		at org.apache.tomcat.util.threads.InlineExecutorService.execute(InlineExecutorService.java:82)
		at java.util.concurrent.AbstractExecutorService.submit(AbstractExecutorService.java:134)
		at org.apache.catalina.core.ContainerBase.startInternal(ContainerBase.java:747)
		at org.apache.catalina.core.StandardEngine.startInternal(StandardEngine.java:209)
		at org.apache.catalina.util.LifecycleBase.start(LifecycleBase.java:164)
		at org.apache.catalina.core.StandardService.startInternal(StandardService.java:410)
		at org.apache.catalina.util.LifecycleBase.start(LifecycleBase.java:164)
		at org.apache.catalina.core.StandardServer.startInternal(StandardServer.java:872)
		at org.apache.catalina.util.LifecycleBase.start(LifecycleBase.java:164)
		at org.apache.catalina.startup.Catalina.start(Catalina.java:736)
		at sun.reflect.NativeMethodAccessorImpl.invoke0(Native Method)
		at sun.reflect.NativeMethodAccessorImpl.invoke(NativeMethodAccessorImpl.java:62)
		at sun.reflect.DelegatingMethodAccessorImpl.invoke(DelegatingMethodAccessorImpl.java:43)
		at java.lang.reflect.Method.invoke(Method.java:498)
		at org.apache.catalina.startup.Bootstrap.start(Bootstrap.java:342)
		at org.apache.catalina.startup.Bootstrap.main(Bootstrap.java:473)
	Caused by: org.springframework.beans.factory.UnsatisfiedDependencyException: Error creating bean with name 'employeeDAOWrapper': Unsatisfied dependency expressed through field 'employeeDAO'; nested exception is org.springframework.beans.factory.BeanCreationException: Error creating bean with name 'employeeDAO' defined in com.microservices.learn.dao.EmployeeDAO defined in : Invocation of init method failed; nested exception is org.springframework.data.repository.query.QueryCreationException: Could not create query for public abstract java.lang.Integer com.microservices.learn.dao.EmployeeDAO.updateEmployeeSalaryByName(java.lang.Double,java.lang.String); Reason: Failed to create query for method public abstract java.lang.Integer com.microservices.learn.dao.EmployeeDAO.updateEmployeeSalaryByName(java.lang.Double,java.lang.String)! No property 'updateEmployeeSalaryByName' found for type 'EmployeeEntity'; nested exception is java.lang.IllegalArgumentException: Failed to create query for method public abstract java.lang.Integer com.microservices.learn.dao.EmployeeDAO.updateEmployeeSalaryByName(java.lang.Double,java.lang.String)! No property 'updateEmployeeSalaryByName' found for type 'EmployeeEntity'
		at org.springframework.beans.factory.annotation.AutowiredAnnotationBeanPostProcessor$AutowiredFieldElement.resolveFieldValue(AutowiredAnnotationBeanPostProcessor.java:659)
		at org.springframework.beans.factory.annotation.AutowiredAnnotationBeanPostProcessor$AutowiredFieldElement.inject(AutowiredAnnotationBeanPostProcessor.java:639)
		at org.springframework.beans.factory.annotation.InjectionMetadata.inject(InjectionMetadata.java:119)
		at org.springframework.beans.factory.annotation.AutowiredAnnotationBeanPostProcessor.postProcessProperties(AutowiredAnnotationBeanPostProcessor.java:399)
		at org.springframework.beans.factory.support.AbstractAutowireCapableBeanFactory.populateBean(AbstractAutowireCapableBeanFactory.java:1431)
		at org.springframework.beans.factory.support.AbstractAutowireCapableBeanFactory.doCreateBean(AbstractAutowireCapableBeanFactory.java:619)
		at org.springframework.beans.factory.support.AbstractAutowireCapableBeanFactory.createBean(AbstractAutowireCapableBeanFactory.java:542)
		at org.springframework.beans.factory.support.AbstractBeanFactory.lambda$doGetBean$0(AbstractBeanFactory.java:335)
		at org.springframework.beans.factory.support.DefaultSingletonBeanRegistry.getSingleton(DefaultSingletonBeanRegistry.java:234)
		at org.springframework.beans.factory.support.AbstractBeanFactory.doGetBean(AbstractBeanFactory.java:333)
		at org.springframework.beans.factory.support.AbstractBeanFactory.getBean(AbstractBeanFactory.java:208)
		at org.springframework.beans.factory.config.DependencyDescriptor.resolveCandidate(DependencyDescriptor.java:276)
		at org.springframework.beans.factory.support.DefaultListableBeanFactory.doResolveDependency(DefaultListableBeanFactory.java:1391)
		at org.springframework.beans.factory.support.DefaultListableBeanFactory.resolveDependency(DefaultListableBeanFactory.java:1311)
		at org.springframework.beans.factory.annotation.AutowiredAnnotationBeanPostProcessor$AutowiredFieldElement.resolveFieldValue(AutowiredAnnotationBeanPostProcessor.java:656)
		... 57 more
	Caused by: org.springframework.beans.factory.BeanCreationException: Error creating bean with name 'employeeDAO' defined in com.microservices.learn.dao.EmployeeDAO defined in : Invocation of init method failed; nested exception is org.springframework.data.repository.query.QueryCreationException: Could not create query for public abstract java.lang.Integer com.microservices.learn.dao.EmployeeDAO.updateEmployeeSalaryByName(java.lang.Double,java.lang.String); Reason: Failed to create query for method public abstract java.lang.Integer com.microservices.learn.dao.EmployeeDAO.updateEmployeeSalaryByName(java.lang.Double,java.lang.String)! No property 'updateEmployeeSalaryByName' found for type 'EmployeeEntity'; nested exception is java.lang.IllegalArgumentException: Failed to create query for method public abstract java.lang.Integer com.microservices.learn.dao.EmployeeDAO.updateEmployeeSalaryByName(java.lang.Double,java.lang.String)! No property 'updateEmployeeSalaryByName' found for type 'EmployeeEntity'
		at org.springframework.beans.factory.support.AbstractAutowireCapableBeanFactory.initializeBean(AbstractAutowireCapableBeanFactory.java:1804)
		at org.springframework.beans.factory.support.AbstractAutowireCapableBeanFactory.doCreateBean(AbstractAutowireCapableBeanFactory.java:620)
		at org.springframework.beans.factory.support.AbstractAutowireCapableBeanFactory.createBean(AbstractAutowireCapableBeanFactory.java:542)
		at org.springframework.beans.factory.support.AbstractBeanFactory.lambda$doGetBean$0(AbstractBeanFactory.java:335)
		at org.springframework.beans.factory.support.DefaultSingletonBeanRegistry.getSingleton(DefaultSingletonBeanRegistry.java:234)
		at org.springframework.beans.factory.support.AbstractBeanFactory.doGetBean(AbstractBeanFactory.java:333)
		at org.springframework.beans.factory.support.AbstractBeanFactory.getBean(AbstractBeanFactory.java:208)
		at org.springframework.beans.factory.config.DependencyDescriptor.resolveCandidate(DependencyDescriptor.java:276)
		at org.springframework.beans.factory.support.DefaultListableBeanFactory.doResolveDependency(DefaultListableBeanFactory.java:1391)
		at org.springframework.beans.factory.support.DefaultListableBeanFactory.resolveDependency(DefaultListableBeanFactory.java:1311)
		at org.springframework.beans.factory.annotation.AutowiredAnnotationBeanPostProcessor$AutowiredFieldElement.resolveFieldValue(AutowiredAnnotationBeanPostProcessor.java:656)
		... 71 more
	Caused by: org.springframework.data.repository.query.QueryCreationException: Could not create query for public abstract java.lang.Integer com.microservices.learn.dao.EmployeeDAO.updateEmployeeSalaryByName(java.lang.Double,java.lang.String); Reason: Failed to create query for method public abstract java.lang.Integer com.microservices.learn.dao.EmployeeDAO.updateEmployeeSalaryByName(java.lang.Double,java.lang.String)! No property 'updateEmployeeSalaryByName' found for type 'EmployeeEntity'; nested exception is java.lang.IllegalArgumentException: Failed to create query for method public abstract java.lang.Integer com.microservices.learn.dao.EmployeeDAO.updateEmployeeSalaryByName(java.lang.Double,java.lang.String)! No property 'updateEmployeeSalaryByName' found for type 'EmployeeEntity'
		at org.springframework.data.repository.query.QueryCreationException.create(QueryCreationException.java:101)
		at org.springframework.data.repository.core.support.QueryExecutorMethodInterceptor.lookupQuery(QueryExecutorMethodInterceptor.java:107)
		at org.springframework.data.repository.core.support.QueryExecutorMethodInterceptor.lambda$mapMethodsToQuery$1(QueryExecutorMethodInterceptor.java:95)
		at java.util.stream.ReferencePipeline$3$1.accept(ReferencePipeline.java:193)
		at java.util.Iterator.forEachRemaining(Iterator.java:116)
		at java.util.Collections$UnmodifiableCollection$1.forEachRemaining(Collections.java:1051)
		at java.util.Spliterators$IteratorSpliterator.forEachRemaining(Spliterators.java:1801)
		at java.util.stream.AbstractPipeline.copyInto(AbstractPipeline.java:482)
		at java.util.stream.AbstractPipeline.wrapAndCopyInto(AbstractPipeline.java:472)
		at java.util.stream.ReduceOps$ReduceOp.evaluateSequential(ReduceOps.java:708)
		at java.util.stream.AbstractPipeline.evaluate(AbstractPipeline.java:234)
		at java.util.stream.ReferencePipeline.collect(ReferencePipeline.java:566)
		at org.springframework.data.repository.core.support.QueryExecutorMethodInterceptor.mapMethodsToQuery(QueryExecutorMethodInterceptor.java:97)
		at org.springframework.data.repository.core.support.QueryExecutorMethodInterceptor.lambda$new$0(QueryExecutorMethodInterceptor.java:87)
		at java.util.Optional.map(Optional.java:215)
		at org.springframework.data.repository.core.support.QueryExecutorMethodInterceptor.<init>(QueryExecutorMethodInterceptor.java:87)
		at org.springframework.data.repository.core.support.RepositoryFactorySupport.getRepository(RepositoryFactorySupport.java:365)
		at org.springframework.data.repository.core.support.RepositoryFactoryBeanSupport.lambda$afterPropertiesSet$5(RepositoryFactoryBeanSupport.java:323)
		at org.springframework.data.util.Lazy.getNullable(Lazy.java:231)
		at org.springframework.data.util.Lazy.get(Lazy.java:115)
		at org.springframework.data.repository.core.support.RepositoryFactoryBeanSupport.afterPropertiesSet(RepositoryFactoryBeanSupport.java:329)
		at org.springframework.data.jpa.repository.support.JpaRepositoryFactoryBean.afterPropertiesSet(JpaRepositoryFactoryBean.java:144)
		at org.springframework.beans.factory.support.AbstractAutowireCapableBeanFactory.invokeInitMethods(AbstractAutowireCapableBeanFactory.java:1863)
		at org.springframework.beans.factory.support.AbstractAutowireCapableBeanFactory.initializeBean(AbstractAutowireCapableBeanFactory.java:1800)
		... 81 more
	Caused by: java.lang.IllegalArgumentException: Failed to create query for method public abstract java.lang.Integer com.microservices.learn.dao.EmployeeDAO.updateEmployeeSalaryByName(java.lang.Double,java.lang.String)! No property 'updateEmployeeSalaryByName' found for type 'EmployeeEntity'
		at org.springframework.data.jpa.repository.query.PartTreeJpaQuery.<init>(PartTreeJpaQuery.java:96)
		at org.springframework.data.jpa.repository.query.JpaQueryLookupStrategy$CreateQueryLookupStrategy.resolveQuery(JpaQueryLookupStrategy.java:119)
		at org.springframework.data.jpa.repository.query.JpaQueryLookupStrategy$CreateIfNotFoundQueryLookupStrategy.resolveQuery(JpaQueryLookupStrategy.java:259)
		at org.springframework.data.jpa.repository.query.JpaQueryLookupStrategy$AbstractQueryLookupStrategy.resolveQuery(JpaQueryLookupStrategy.java:93)
		at org.springframework.data.repository.core.support.QueryExecutorMethodInterceptor.lookupQuery(QueryExecutorMethodInterceptor.java:103)
		... 103 more
	Caused by: org.springframework.data.mapping.PropertyReferenceException: No property 'updateEmployeeSalaryByName' found for type 'EmployeeEntity'
		at org.springframework.data.mapping.PropertyPath.<init>(PropertyPath.java:91)
		at org.springframework.data.mapping.PropertyPath.create(PropertyPath.java:438)
		at org.springframework.data.mapping.PropertyPath.create(PropertyPath.java:414)
		at org.springframework.data.mapping.PropertyPath.lambda$from$0(PropertyPath.java:367)
		at java.util.concurrent.ConcurrentMap.computeIfAbsent(ConcurrentMap.java:324)
		at org.springframework.data.mapping.PropertyPath.from(PropertyPath.java:349)
		at org.springframework.data.mapping.PropertyPath.from(PropertyPath.java:332)
		at org.springframework.data.repository.query.parser.Part.<init>(Part.java:81)
		at org.springframework.data.repository.query.parser.PartTree$OrPart.lambda$new$0(PartTree.java:250)
		at java.util.stream.ReferencePipeline$3$1.accept(ReferencePipeline.java:193)
		at java.util.stream.ReferencePipeline$2$1.accept(ReferencePipeline.java:175)
		at java.util.Spliterators$ArraySpliterator.forEachRemaining(Spliterators.java:948)
		at java.util.stream.AbstractPipeline.copyInto(AbstractPipeline.java:482)
		at java.util.stream.AbstractPipeline.wrapAndCopyInto(AbstractPipeline.java:472)
		at java.util.stream.ReduceOps$ReduceOp.evaluateSequential(ReduceOps.java:708)
		at java.util.stream.AbstractPipeline.evaluate(AbstractPipeline.java:234)
		at java.util.stream.ReferencePipeline.collect(ReferencePipeline.java:566)
		at org.springframework.data.repository.query.parser.PartTree$OrPart.<init>(PartTree.java:251)
		at org.springframework.data.repository.query.parser.PartTree$Predicate.lambda$new$0(PartTree.java:384)
		at java.util.stream.ReferencePipeline$3$1.accept(ReferencePipeline.java:193)
		at java.util.stream.ReferencePipeline$2$1.accept(ReferencePipeline.java:175)
		at java.util.Spliterators$ArraySpliterator.forEachRemaining(Spliterators.java:948)
		at java.util.stream.AbstractPipeline.copyInto(AbstractPipeline.java:482)
		at java.util.stream.AbstractPipeline.wrapAndCopyInto(AbstractPipeline.java:472)
		at java.util.stream.ReduceOps$ReduceOp.evaluateSequential(ReduceOps.java:708)
		at java.util.stream.AbstractPipeline.evaluate(AbstractPipeline.java:234)
		at java.util.stream.ReferencePipeline.collect(ReferencePipeline.java:566)
		at org.springframework.data.repository.query.parser.PartTree$Predicate.<init>(PartTree.java:385)
		at org.springframework.data.repository.query.parser.PartTree.<init>(PartTree.java:93)
		at org.springframework.data.jpa.repository.query.PartTreeJpaQuery.<init>(PartTreeJpaQuery.java:89)
		... 107 more
01-Apr-2026 02:28:20.650 SEVERE [main] org.apache.catalina.core.StandardContext.startInternal One or more listeners failed to start. Full details will be found in the appropriate container log file
01-Apr-2026 02:28:20.661 SEVERE [main] org.apache.catalina.core.StandardContext.startInternal Context [/employee-service] startup failed due to previous errors
01-Apr-2026 02:28:20.674 WARNING [main] org.apache.catalina.loader.WebappClassLoaderBase.clearReferencesJdbc The web application [employee-service] registered the JDBC driver [com.mysql.cj.jdbc.Driver] but failed to unregister it when the web application was stopped. To prevent a memory leak, the JDBC Driver has been forcibly unregistered.
01-Apr-2026 02:28:20.675 WARNING [main] org.apache.catalina.loader.WebappClassLoaderBase.clearReferencesThreads The web application [employee-service] appears to have started a thread named [mysql-cj-abandoned-connection-cleanup] but has failed to stop it. This is very likely to create a memory leak. Stack trace of thread:
 java.lang.Object.wait(Native Method)
 java.lang.ref.ReferenceQueue.remove(ReferenceQueue.java:144)
 com.mysql.cj.jdbc.AbandonedConnectionCleanupThread.run(AbandonedConnectionCleanupThread.java:91)
 java.util.concurrent.ThreadPoolExecutor.runWorker(ThreadPoolExecutor.java:1149)
 java.util.concurrent.ThreadPoolExecutor$Worker.run(ThreadPoolExecutor.java:624)
 java.lang.Thread.run(Thread.java:750)
01-Apr-2026 02:28:20.683 INFO [main] org.apache.catalina.startup.HostConfig.deployDirectory Deployment of web application directory [/Users/motocycopath/Desktop/java-full-stack-training/00-microservices-00/apache-tomcat-9.0.116/webapps/employee-service] has finished in [4,416] ms
01-Apr-2026 02:28:20.684 INFO [main] org.apache.catalina.startup.HostConfig.deployDirectory Deploying web application directory [/Users/motocycopath/Desktop/java-full-stack-training/00-microservices-00/apache-tomcat-9.0.116/webapps/docs]
01-Apr-2026 02:28:20.774 INFO [main] org.apache.catalina.startup.HostConfig.deployDirectory Deployment of web application directory [/Users/motocycopath/Desktop/java-full-stack-training/00-microservices-00/apache-tomcat-9.0.116/webapps/docs] has finished in [88] ms
01-Apr-2026 02:28:20.774 INFO [main] org.apache.catalina.startup.HostConfig.deployDirectory Deploying web application directory [/Users/motocycopath/Desktop/java-full-stack-training/00-microservices-00/apache-tomcat-9.0.116/webapps/manager]
01-Apr-2026 02:28:20.811 INFO [main] org.apache.catalina.startup.HostConfig.deployDirectory Deployment of web application directory [/Users/motocycopath/Desktop/java-full-stack-training/00-microservices-00/apache-tomcat-9.0.116/webapps/manager] has finished in [37] ms
01-Apr-2026 02:28:20.812 INFO [main] org.apache.catalina.startup.HostConfig.deployDirectory Deploying web application directory [/Users/motocycopath/Desktop/java-full-stack-training/00-microservices-00/apache-tomcat-9.0.116/webapps/examples]
01-Apr-2026 02:28:21.081 INFO [main] org.apache.catalina.startup.HostConfig.deployDirectory Deployment of web application directory [/Users/motocycopath/Desktop/java-full-stack-training/00-microservices-00/apache-tomcat-9.0.116/webapps/examples] has finished in [269] ms
01-Apr-2026 02:28:21.081 INFO [main] org.apache.catalina.startup.HostConfig.deployDirectory Deploying web application directory [/Users/motocycopath/Desktop/java-full-stack-training/00-microservices-00/apache-tomcat-9.0.116/webapps/ROOT]
01-Apr-2026 02:28:21.101 INFO [main] org.apache.catalina.startup.HostConfig.deployDirectory Deployment of web application directory [/Users/motocycopath/Desktop/java-full-stack-training/00-microservices-00/apache-tomcat-9.0.116/webapps/ROOT] has finished in [20] ms
01-Apr-2026 02:28:21.101 INFO [main] org.apache.catalina.startup.HostConfig.deployDirectory Deploying web application directory [/Users/motocycopath/Desktop/java-full-stack-training/00-microservices-00/apache-tomcat-9.0.116/webapps/host-manager]
01-Apr-2026 02:28:21.130 INFO [main] org.apache.catalina.startup.HostConfig.deployDirectory Deployment of web application directory [/Users/motocycopath/Desktop/java-full-stack-training/00-microservices-00/apache-tomcat-9.0.116/webapps/host-manager] has finished in [29] ms
01-Apr-2026 02:28:21.133 INFO [main] org.apache.coyote.AbstractProtocol.start Starting ProtocolHandler ["http-nio-8080"]
01-Apr-2026 02:28:21.145 INFO [main] org.apache.catalina.startup.Catalina.start Server startup in [4971] milliseconds
01-Apr-2026 02:28:23.703 INFO [mysql-cj-abandoned-connection-cleanup] org.apache.catalina.loader.WebappClassLoaderBase.checkStateForResourceLoading Illegal access: this web application instance has been stopped already. Could not load []. The following stack trace is thrown for debugging purposes as well as to attempt to terminate the thread which caused the illegal access.
	java.lang.IllegalStateException: Illegal access: this web application instance has been stopped already. Could not load []. The following stack trace is thrown for debugging purposes as well as to attempt to terminate the thread which caused the illegal access.
		at org.apache.catalina.loader.WebappClassLoaderBase.checkStateForResourceLoading(WebappClassLoaderBase.java:1370)
		at org.apache.catalina.loader.WebappClassLoaderBase.getResource(WebappClassLoaderBase.java:994)
		at com.mysql.cj.jdbc.AbandonedConnectionCleanupThread.checkThreadContextClassLoader(AbandonedConnectionCleanupThread.java:123)
		at com.mysql.cj.jdbc.AbandonedConnectionCleanupThread.run(AbandonedConnectionCleanupThread.java:90)
		at java.util.concurrent.ThreadPoolExecutor.runWorker(ThreadPoolExecutor.java:1149)
		at java.util.concurrent.ThreadPoolExecutor$Worker.run(ThreadPoolExecutor.java:624)
		at java.lang.Thread.run(Thread.java:750)
01-Apr-2026 02:30:05.608 INFO [main] org.apache.catalina.core.StandardServer.await A valid shutdown command was received via the shutdown port. Stopping the Server instance.
01-Apr-2026 02:30:05.613 INFO [main] org.apache.coyote.AbstractProtocol.pause Pausing ProtocolHandler ["http-nio-8080"]
01-Apr-2026 02:30:05.621 INFO [main] org.apache.catalina.core.StandardService.stopInternal Stopping service [Catalina]
01-Apr-2026 02:30:05.661 INFO [main] org.apache.coyote.AbstractProtocol.stop Stopping ProtocolHandler ["http-nio-8080"]
01-Apr-2026 02:30:05.679 INFO [main] org.apache.coyote.AbstractProtocol.destroy Destroying ProtocolHandler ["http-nio-8080"]
01-Apr-2026 02:30:12.682 INFO [main] org.apache.catalina.startup.VersionLoggerListener.log Server version name:   Apache Tomcat/9.0.116
01-Apr-2026 02:30:12.686 INFO [main] org.apache.catalina.startup.VersionLoggerListener.log Server built:          Mar 16 2026 15:05:42 UTC
01-Apr-2026 02:30:12.687 INFO [main] org.apache.catalina.startup.VersionLoggerListener.log Server version number: 9.0.116.0
01-Apr-2026 02:30:12.687 INFO [main] org.apache.catalina.startup.VersionLoggerListener.log OS Name:               Mac OS X
01-Apr-2026 02:30:12.687 INFO [main] org.apache.catalina.startup.VersionLoggerListener.log OS Version:            15.5
01-Apr-2026 02:30:12.687 INFO [main] org.apache.catalina.startup.VersionLoggerListener.log Architecture:          x86_64
01-Apr-2026 02:30:12.687 INFO [main] org.apache.catalina.startup.VersionLoggerListener.log Java Home:             /Library/Java/JavaVirtualMachines/temurin-8.jdk/Contents/Home/jre
01-Apr-2026 02:30:12.687 INFO [main] org.apache.catalina.startup.VersionLoggerListener.log JVM Version:           1.8.0_482-b08
01-Apr-2026 02:30:12.687 INFO [main] org.apache.catalina.startup.VersionLoggerListener.log JVM Vendor:            Temurin
01-Apr-2026 02:30:12.687 INFO [main] org.apache.catalina.startup.VersionLoggerListener.log CATALINA_BASE:         /Users/motocycopath/Desktop/java-full-stack-training/00-microservices-00/apache-tomcat-9.0.116
01-Apr-2026 02:30:12.687 INFO [main] org.apache.catalina.startup.VersionLoggerListener.log CATALINA_HOME:         /Users/motocycopath/Desktop/java-full-stack-training/00-microservices-00/apache-tomcat-9.0.116
01-Apr-2026 02:30:12.691 INFO [main] org.apache.catalina.startup.VersionLoggerListener.log Command line argument: -Djava.util.logging.config.file=/Users/motocycopath/Desktop/java-full-stack-training/00-microservices-00/apache-tomcat-9.0.116/conf/logging.properties
01-Apr-2026 02:30:12.691 INFO [main] org.apache.catalina.startup.VersionLoggerListener.log Command line argument: -Djava.util.logging.manager=org.apache.juli.ClassLoaderLogManager
01-Apr-2026 02:30:12.691 INFO [main] org.apache.catalina.startup.VersionLoggerListener.log Command line argument: -Djdk.tls.ephemeralDHKeySize=2048
01-Apr-2026 02:30:12.691 INFO [main] org.apache.catalina.startup.VersionLoggerListener.log Command line argument: -Djava.protocol.handler.pkgs=org.apache.catalina.webresources
01-Apr-2026 02:30:12.692 INFO [main] org.apache.catalina.startup.VersionLoggerListener.log Command line argument: -Dsun.io.useCanonCaches=false
01-Apr-2026 02:30:12.692 INFO [main] org.apache.catalina.startup.VersionLoggerListener.log Command line argument: -Dorg.apache.catalina.security.SecurityListener.UMASK=0027
01-Apr-2026 02:30:12.692 INFO [main] org.apache.catalina.startup.VersionLoggerListener.log Command line argument: -Dignore.endorsed.dirs=
01-Apr-2026 02:30:12.692 INFO [main] org.apache.catalina.startup.VersionLoggerListener.log Command line argument: -Dcatalina.base=/Users/motocycopath/Desktop/java-full-stack-training/00-microservices-00/apache-tomcat-9.0.116
01-Apr-2026 02:30:12.692 INFO [main] org.apache.catalina.startup.VersionLoggerListener.log Command line argument: -Dcatalina.home=/Users/motocycopath/Desktop/java-full-stack-training/00-microservices-00/apache-tomcat-9.0.116
01-Apr-2026 02:30:12.692 INFO [main] org.apache.catalina.startup.VersionLoggerListener.log Command line argument: -Djava.io.tmpdir=/Users/motocycopath/Desktop/java-full-stack-training/00-microservices-00/apache-tomcat-9.0.116/temp
01-Apr-2026 02:30:12.694 INFO [main] org.apache.catalina.core.AprLifecycleListener.lifecycleEvent The Apache Tomcat Native library which allows using OpenSSL was not found on the java.library.path: [/Users/motocycopath/Library/Java/Extensions:/Library/Java/Extensions:/Network/Library/Java/Extensions:/System/Library/Java/Extensions:/usr/lib/java:.]
01-Apr-2026 02:30:13.158 INFO [main] org.apache.coyote.AbstractProtocol.init Initializing ProtocolHandler ["http-nio-8080"]
01-Apr-2026 02:30:13.197 INFO [main] org.apache.catalina.startup.Catalina.load Server initialization in [676] milliseconds
01-Apr-2026 02:30:13.284 INFO [main] org.apache.catalina.core.StandardService.startInternal Starting service [Catalina]
01-Apr-2026 02:30:13.284 INFO [main] org.apache.catalina.core.StandardEngine.startInternal Starting Servlet engine: [Apache Tomcat/9.0.116]
01-Apr-2026 02:30:13.290 INFO [main] org.apache.catalina.startup.HostConfig.deployDirectory Deploying web application directory [/Users/motocycopath/Desktop/java-full-stack-training/00-microservices-00/apache-tomcat-9.0.116/webapps/employee-service]
01-Apr-2026 02:30:14.891 INFO [main] org.apache.jasper.servlet.TldScanner.scanJars At least one JAR was scanned for TLDs yet contained no TLDs. Enable debug logging for this logger for a complete list of JARs that were scanned but no TLDs were found in them. Skipping unneeded JARs during scanning can improve startup time and JSP compilation time.
01-Apr-2026 02:30:14.924 INFO [main] org.springframework.web.context.ContextLoader.initWebApplicationContext Root WebApplicationContext: initialization started
01-Apr-2026 02:30:15.428 INFO [main] org.springframework.data.repository.config.RepositoryConfigurationDelegate.registerRepositoriesIn Bootstrapping Spring Data JPA repositories in DEFAULT mode.
01-Apr-2026 02:30:15.546 INFO [main] org.springframework.data.repository.config.RepositoryConfigurationDelegate.registerRepositoriesIn Finished Spring Data repository scanning in 101 ms. Found 1 JPA repository interfaces.
01-Apr-2026 02:30:15.547 INFO [main] org.springframework.data.repository.config.RepositoryConfigurationDelegate.registerRepositoriesIn Bootstrapping Spring Data JPA repositories in DEFAULT mode.
01-Apr-2026 02:30:15.555 INFO [main] org.springframework.data.repository.config.RepositoryConfigurationDelegate.registerRepositoriesIn Finished Spring Data repository scanning in 6 ms. Found 1 JPA repository interfaces.
01-Apr-2026 02:30:15.925 INFO [main] org.hibernate.jpa.internal.util.LogHelper.logPersistenceUnitInformation HHH000204: Processing PersistenceUnitInfo [
	name: default
	...]
01-Apr-2026 02:30:16.003 INFO [main] org.hibernate.Version.logVersion HHH000412: Hibernate Core {5.2.8.Final}
01-Apr-2026 02:30:16.008 INFO [main] org.hibernate.cfg.Environment.<clinit> HHH000206: hibernate.properties not found
01-Apr-2026 02:30:16.060 INFO [main] org.hibernate.annotations.common.reflection.java.JavaReflectionManager.<clinit> HCANN000001: Hibernate Commons Annotations {5.0.1.Final}
01-Apr-2026 02:30:16.595 INFO [main] org.hibernate.dialect.Dialect.<init> HHH000400: Using dialect: org.hibernate.dialect.MySQLDialect
01-Apr-2026 02:30:18.165 INFO [main] org.springframework.orm.jpa.AbstractEntityManagerFactoryBean.buildNativeEntityManagerFactory Initialized JPA EntityManagerFactory for persistence unit 'default'
01-Apr-2026 02:30:18.730 WARNING [main] org.springframework.context.support.AbstractApplicationContext.refresh Exception encountered during context initialization - cancelling refresh attempt: org.springframework.beans.factory.UnsatisfiedDependencyException: Error creating bean with name 'employeeServiceImpl': Unsatisfied dependency expressed through field 'employeeDAOWrapper'; nested exception is org.springframework.beans.factory.UnsatisfiedDependencyException: Error creating bean with name 'employeeDAOWrapper': Unsatisfied dependency expressed through field 'employeeDAO'; nested exception is org.springframework.beans.factory.BeanCreationException: Error creating bean with name 'employeeDAO' defined in com.microservices.learn.dao.EmployeeDAO defined in : Invocation of init method failed; nested exception is org.springframework.data.repository.query.QueryCreationException: Could not create query for public abstract java.lang.Integer com.microservices.learn.dao.EmployeeDAO.updateEmployeeSalaryByName(java.lang.Double,java.lang.String); Reason: Failed to create query for method public abstract java.lang.Integer com.microservices.learn.dao.EmployeeDAO.updateEmployeeSalaryByName(java.lang.Double,java.lang.String)! No property 'updateEmployeeSalaryByName' found for type 'EmployeeEntity'; nested exception is java.lang.IllegalArgumentException: Failed to create query for method public abstract java.lang.Integer com.microservices.learn.dao.EmployeeDAO.updateEmployeeSalaryByName(java.lang.Double,java.lang.String)! No property 'updateEmployeeSalaryByName' found for type 'EmployeeEntity'
01-Apr-2026 02:30:18.731 INFO [main] org.springframework.orm.jpa.AbstractEntityManagerFactoryBean.destroy Closing JPA EntityManagerFactory for persistence unit 'default'
01-Apr-2026 02:30:18.733 SEVERE [main] org.springframework.web.context.ContextLoader.initWebApplicationContext Context initialization failed
	org.springframework.beans.factory.UnsatisfiedDependencyException: Error creating bean with name 'employeeServiceImpl': Unsatisfied dependency expressed through field 'employeeDAOWrapper'; nested exception is org.springframework.beans.factory.UnsatisfiedDependencyException: Error creating bean with name 'employeeDAOWrapper': Unsatisfied dependency expressed through field 'employeeDAO'; nested exception is org.springframework.beans.factory.BeanCreationException: Error creating bean with name 'employeeDAO' defined in com.microservices.learn.dao.EmployeeDAO defined in : Invocation of init method failed; nested exception is org.springframework.data.repository.query.QueryCreationException: Could not create query for public abstract java.lang.Integer com.microservices.learn.dao.EmployeeDAO.updateEmployeeSalaryByName(java.lang.Double,java.lang.String); Reason: Failed to create query for method public abstract java.lang.Integer com.microservices.learn.dao.EmployeeDAO.updateEmployeeSalaryByName(java.lang.Double,java.lang.String)! No property 'updateEmployeeSalaryByName' found for type 'EmployeeEntity'; nested exception is java.lang.IllegalArgumentException: Failed to create query for method public abstract java.lang.Integer com.microservices.learn.dao.EmployeeDAO.updateEmployeeSalaryByName(java.lang.Double,java.lang.String)! No property 'updateEmployeeSalaryByName' found for type 'EmployeeEntity'
		at org.springframework.beans.factory.annotation.AutowiredAnnotationBeanPostProcessor$AutowiredFieldElement.resolveFieldValue(AutowiredAnnotationBeanPostProcessor.java:659)
		at org.springframework.beans.factory.annotation.AutowiredAnnotationBeanPostProcessor$AutowiredFieldElement.inject(AutowiredAnnotationBeanPostProcessor.java:639)
		at org.springframework.beans.factory.annotation.InjectionMetadata.inject(InjectionMetadata.java:119)
		at org.springframework.beans.factory.annotation.AutowiredAnnotationBeanPostProcessor.postProcessProperties(AutowiredAnnotationBeanPostProcessor.java:399)
		at org.springframework.beans.factory.support.AbstractAutowireCapableBeanFactory.populateBean(AbstractAutowireCapableBeanFactory.java:1431)
		at org.springframework.beans.factory.support.AbstractAutowireCapableBeanFactory.doCreateBean(AbstractAutowireCapableBeanFactory.java:619)
		at org.springframework.beans.factory.support.AbstractAutowireCapableBeanFactory.createBean(AbstractAutowireCapableBeanFactory.java:542)
		at org.springframework.beans.factory.support.AbstractBeanFactory.lambda$doGetBean$0(AbstractBeanFactory.java:335)
		at org.springframework.beans.factory.support.DefaultSingletonBeanRegistry.getSingleton(DefaultSingletonBeanRegistry.java:234)
		at org.springframework.beans.factory.support.AbstractBeanFactory.doGetBean(AbstractBeanFactory.java:333)
		at org.springframework.beans.factory.support.AbstractBeanFactory.getBean(AbstractBeanFactory.java:208)
		at org.springframework.beans.factory.support.DefaultListableBeanFactory.preInstantiateSingletons(DefaultListableBeanFactory.java:955)
		at org.springframework.context.support.AbstractApplicationContext.finishBeanFactoryInitialization(AbstractApplicationContext.java:918)
		at org.springframework.context.support.AbstractApplicationContext.refresh(AbstractApplicationContext.java:583)
		at org.springframework.web.context.ContextLoader.configureAndRefreshWebApplicationContext(ContextLoader.java:401)
		at org.springframework.web.context.ContextLoader.initWebApplicationContext(ContextLoader.java:292)
		at org.springframework.web.context.ContextLoaderListener.contextInitialized(ContextLoaderListener.java:103)
		at org.apache.catalina.core.StandardContext.listenerStart(StandardContext.java:4047)
		at org.apache.catalina.core.StandardContext.startInternal(StandardContext.java:4489)
		at org.apache.catalina.util.LifecycleBase.start(LifecycleBase.java:164)
		at org.apache.catalina.core.ContainerBase.addChildInternal(ContainerBase.java:597)
		at org.apache.catalina.core.ContainerBase.addChild(ContainerBase.java:569)
		at org.apache.catalina.core.StandardHost.addChild(StandardHost.java:608)
		at org.apache.catalina.startup.HostConfig.deployDirectory(HostConfig.java:1171)
		at org.apache.catalina.startup.HostConfig$DeployDirectory.run(HostConfig.java:1880)
		at java.util.concurrent.Executors$RunnableAdapter.call(Executors.java:511)
		at java.util.concurrent.FutureTask.run(FutureTask.java:266)
		at org.apache.tomcat.util.threads.InlineExecutorService.execute(InlineExecutorService.java:82)
		at java.util.concurrent.AbstractExecutorService.submit(AbstractExecutorService.java:112)
		at org.apache.catalina.startup.HostConfig.deployDirectories(HostConfig.java:1082)
		at org.apache.catalina.startup.HostConfig.deployApps(HostConfig.java:467)
		at org.apache.catalina.startup.HostConfig.start(HostConfig.java:1576)
		at org.apache.catalina.startup.HostConfig.lifecycleEvent(HostConfig.java:309)
		at org.apache.catalina.util.LifecycleBase.fireLifecycleEvent(LifecycleBase.java:109)
		at org.apache.catalina.util.LifecycleBase.setStateInternal(LifecycleBase.java:389)
		at org.apache.catalina.util.LifecycleBase.setState(LifecycleBase.java:336)
		at org.apache.catalina.core.ContainerBase.startInternal(ContainerBase.java:774)
		at org.apache.catalina.core.StandardHost.startInternal(StandardHost.java:726)
		at org.apache.catalina.util.LifecycleBase.start(LifecycleBase.java:164)
		at org.apache.catalina.core.ContainerBase$StartChild.call(ContainerBase.java:1201)
		at org.apache.catalina.core.ContainerBase$StartChild.call(ContainerBase.java:1191)
		at java.util.concurrent.FutureTask.run(FutureTask.java:266)
		at org.apache.tomcat.util.threads.InlineExecutorService.execute(InlineExecutorService.java:82)
		at java.util.concurrent.AbstractExecutorService.submit(AbstractExecutorService.java:134)
		at org.apache.catalina.core.ContainerBase.startInternal(ContainerBase.java:747)
		at org.apache.catalina.core.StandardEngine.startInternal(StandardEngine.java:209)
		at org.apache.catalina.util.LifecycleBase.start(LifecycleBase.java:164)
		at org.apache.catalina.core.StandardService.startInternal(StandardService.java:410)
		at org.apache.catalina.util.LifecycleBase.start(LifecycleBase.java:164)
		at org.apache.catalina.core.StandardServer.startInternal(StandardServer.java:872)
		at org.apache.catalina.util.LifecycleBase.start(LifecycleBase.java:164)
		at org.apache.catalina.startup.Catalina.start(Catalina.java:736)
		at sun.reflect.NativeMethodAccessorImpl.invoke0(Native Method)
		at sun.reflect.NativeMethodAccessorImpl.invoke(NativeMethodAccessorImpl.java:62)
		at sun.reflect.DelegatingMethodAccessorImpl.invoke(DelegatingMethodAccessorImpl.java:43)
		at java.lang.reflect.Method.invoke(Method.java:498)
		at org.apache.catalina.startup.Bootstrap.start(Bootstrap.java:342)
		at org.apache.catalina.startup.Bootstrap.main(Bootstrap.java:473)
	Caused by: org.springframework.beans.factory.UnsatisfiedDependencyException: Error creating bean with name 'employeeDAOWrapper': Unsatisfied dependency expressed through field 'employeeDAO'; nested exception is org.springframework.beans.factory.BeanCreationException: Error creating bean with name 'employeeDAO' defined in com.microservices.learn.dao.EmployeeDAO defined in : Invocation of init method failed; nested exception is org.springframework.data.repository.query.QueryCreationException: Could not create query for public abstract java.lang.Integer com.microservices.learn.dao.EmployeeDAO.updateEmployeeSalaryByName(java.lang.Double,java.lang.String); Reason: Failed to create query for method public abstract java.lang.Integer com.microservices.learn.dao.EmployeeDAO.updateEmployeeSalaryByName(java.lang.Double,java.lang.String)! No property 'updateEmployeeSalaryByName' found for type 'EmployeeEntity'; nested exception is java.lang.IllegalArgumentException: Failed to create query for method public abstract java.lang.Integer com.microservices.learn.dao.EmployeeDAO.updateEmployeeSalaryByName(java.lang.Double,java.lang.String)! No property 'updateEmployeeSalaryByName' found for type 'EmployeeEntity'
		at org.springframework.beans.factory.annotation.AutowiredAnnotationBeanPostProcessor$AutowiredFieldElement.resolveFieldValue(AutowiredAnnotationBeanPostProcessor.java:659)
		at org.springframework.beans.factory.annotation.AutowiredAnnotationBeanPostProcessor$AutowiredFieldElement.inject(AutowiredAnnotationBeanPostProcessor.java:639)
		at org.springframework.beans.factory.annotation.InjectionMetadata.inject(InjectionMetadata.java:119)
		at org.springframework.beans.factory.annotation.AutowiredAnnotationBeanPostProcessor.postProcessProperties(AutowiredAnnotationBeanPostProcessor.java:399)
		at org.springframework.beans.factory.support.AbstractAutowireCapableBeanFactory.populateBean(AbstractAutowireCapableBeanFactory.java:1431)
		at org.springframework.beans.factory.support.AbstractAutowireCapableBeanFactory.doCreateBean(AbstractAutowireCapableBeanFactory.java:619)
		at org.springframework.beans.factory.support.AbstractAutowireCapableBeanFactory.createBean(AbstractAutowireCapableBeanFactory.java:542)
		at org.springframework.beans.factory.support.AbstractBeanFactory.lambda$doGetBean$0(AbstractBeanFactory.java:335)
		at org.springframework.beans.factory.support.DefaultSingletonBeanRegistry.getSingleton(DefaultSingletonBeanRegistry.java:234)
		at org.springframework.beans.factory.support.AbstractBeanFactory.doGetBean(AbstractBeanFactory.java:333)
		at org.springframework.beans.factory.support.AbstractBeanFactory.getBean(AbstractBeanFactory.java:208)
		at org.springframework.beans.factory.config.DependencyDescriptor.resolveCandidate(DependencyDescriptor.java:276)
		at org.springframework.beans.factory.support.DefaultListableBeanFactory.doResolveDependency(DefaultListableBeanFactory.java:1391)
		at org.springframework.beans.factory.support.DefaultListableBeanFactory.resolveDependency(DefaultListableBeanFactory.java:1311)
		at org.springframework.beans.factory.annotation.AutowiredAnnotationBeanPostProcessor$AutowiredFieldElement.resolveFieldValue(AutowiredAnnotationBeanPostProcessor.java:656)
		... 57 more
	Caused by: org.springframework.beans.factory.BeanCreationException: Error creating bean with name 'employeeDAO' defined in com.microservices.learn.dao.EmployeeDAO defined in : Invocation of init method failed; nested exception is org.springframework.data.repository.query.QueryCreationException: Could not create query for public abstract java.lang.Integer com.microservices.learn.dao.EmployeeDAO.updateEmployeeSalaryByName(java.lang.Double,java.lang.String); Reason: Failed to create query for method public abstract java.lang.Integer com.microservices.learn.dao.EmployeeDAO.updateEmployeeSalaryByName(java.lang.Double,java.lang.String)! No property 'updateEmployeeSalaryByName' found for type 'EmployeeEntity'; nested exception is java.lang.IllegalArgumentException: Failed to create query for method public abstract java.lang.Integer com.microservices.learn.dao.EmployeeDAO.updateEmployeeSalaryByName(java.lang.Double,java.lang.String)! No property 'updateEmployeeSalaryByName' found for type 'EmployeeEntity'
		at org.springframework.beans.factory.support.AbstractAutowireCapableBeanFactory.initializeBean(AbstractAutowireCapableBeanFactory.java:1804)
		at org.springframework.beans.factory.support.AbstractAutowireCapableBeanFactory.doCreateBean(AbstractAutowireCapableBeanFactory.java:620)
		at org.springframework.beans.factory.support.AbstractAutowireCapableBeanFactory.createBean(AbstractAutowireCapableBeanFactory.java:542)
		at org.springframework.beans.factory.support.AbstractBeanFactory.lambda$doGetBean$0(AbstractBeanFactory.java:335)
		at org.springframework.beans.factory.support.DefaultSingletonBeanRegistry.getSingleton(DefaultSingletonBeanRegistry.java:234)
		at org.springframework.beans.factory.support.AbstractBeanFactory.doGetBean(AbstractBeanFactory.java:333)
		at org.springframework.beans.factory.support.AbstractBeanFactory.getBean(AbstractBeanFactory.java:208)
		at org.springframework.beans.factory.config.DependencyDescriptor.resolveCandidate(DependencyDescriptor.java:276)
		at org.springframework.beans.factory.support.DefaultListableBeanFactory.doResolveDependency(DefaultListableBeanFactory.java:1391)
		at org.springframework.beans.factory.support.DefaultListableBeanFactory.resolveDependency(DefaultListableBeanFactory.java:1311)
		at org.springframework.beans.factory.annotation.AutowiredAnnotationBeanPostProcessor$AutowiredFieldElement.resolveFieldValue(AutowiredAnnotationBeanPostProcessor.java:656)
		... 71 more
	Caused by: org.springframework.data.repository.query.QueryCreationException: Could not create query for public abstract java.lang.Integer com.microservices.learn.dao.EmployeeDAO.updateEmployeeSalaryByName(java.lang.Double,java.lang.String); Reason: Failed to create query for method public abstract java.lang.Integer com.microservices.learn.dao.EmployeeDAO.updateEmployeeSalaryByName(java.lang.Double,java.lang.String)! No property 'updateEmployeeSalaryByName' found for type 'EmployeeEntity'; nested exception is java.lang.IllegalArgumentException: Failed to create query for method public abstract java.lang.Integer com.microservices.learn.dao.EmployeeDAO.updateEmployeeSalaryByName(java.lang.Double,java.lang.String)! No property 'updateEmployeeSalaryByName' found for type 'EmployeeEntity'
		at org.springframework.data.repository.query.QueryCreationException.create(QueryCreationException.java:101)
		at org.springframework.data.repository.core.support.QueryExecutorMethodInterceptor.lookupQuery(QueryExecutorMethodInterceptor.java:107)
		at org.springframework.data.repository.core.support.QueryExecutorMethodInterceptor.lambda$mapMethodsToQuery$1(QueryExecutorMethodInterceptor.java:95)
		at java.util.stream.ReferencePipeline$3$1.accept(ReferencePipeline.java:193)
		at java.util.Iterator.forEachRemaining(Iterator.java:116)
		at java.util.Collections$UnmodifiableCollection$1.forEachRemaining(Collections.java:1051)
		at java.util.Spliterators$IteratorSpliterator.forEachRemaining(Spliterators.java:1801)
		at java.util.stream.AbstractPipeline.copyInto(AbstractPipeline.java:482)
		at java.util.stream.AbstractPipeline.wrapAndCopyInto(AbstractPipeline.java:472)
		at java.util.stream.ReduceOps$ReduceOp.evaluateSequential(ReduceOps.java:708)
		at java.util.stream.AbstractPipeline.evaluate(AbstractPipeline.java:234)
		at java.util.stream.ReferencePipeline.collect(ReferencePipeline.java:566)
		at org.springframework.data.repository.core.support.QueryExecutorMethodInterceptor.mapMethodsToQuery(QueryExecutorMethodInterceptor.java:97)
		at org.springframework.data.repository.core.support.QueryExecutorMethodInterceptor.lambda$new$0(QueryExecutorMethodInterceptor.java:87)
		at java.util.Optional.map(Optional.java:215)
		at org.springframework.data.repository.core.support.QueryExecutorMethodInterceptor.<init>(QueryExecutorMethodInterceptor.java:87)
		at org.springframework.data.repository.core.support.RepositoryFactorySupport.getRepository(RepositoryFactorySupport.java:365)
		at org.springframework.data.repository.core.support.RepositoryFactoryBeanSupport.lambda$afterPropertiesSet$5(RepositoryFactoryBeanSupport.java:323)
		at org.springframework.data.util.Lazy.getNullable(Lazy.java:231)
		at org.springframework.data.util.Lazy.get(Lazy.java:115)
		at org.springframework.data.repository.core.support.RepositoryFactoryBeanSupport.afterPropertiesSet(RepositoryFactoryBeanSupport.java:329)
		at org.springframework.data.jpa.repository.support.JpaRepositoryFactoryBean.afterPropertiesSet(JpaRepositoryFactoryBean.java:144)
		at org.springframework.beans.factory.support.AbstractAutowireCapableBeanFactory.invokeInitMethods(AbstractAutowireCapableBeanFactory.java:1863)
		at org.springframework.beans.factory.support.AbstractAutowireCapableBeanFactory.initializeBean(AbstractAutowireCapableBeanFactory.java:1800)
		... 81 more
	Caused by: java.lang.IllegalArgumentException: Failed to create query for method public abstract java.lang.Integer com.microservices.learn.dao.EmployeeDAO.updateEmployeeSalaryByName(java.lang.Double,java.lang.String)! No property 'updateEmployeeSalaryByName' found for type 'EmployeeEntity'
		at org.springframework.data.jpa.repository.query.PartTreeJpaQuery.<init>(PartTreeJpaQuery.java:96)
		at org.springframework.data.jpa.repository.query.JpaQueryLookupStrategy$CreateQueryLookupStrategy.resolveQuery(JpaQueryLookupStrategy.java:119)
		at org.springframework.data.jpa.repository.query.JpaQueryLookupStrategy$CreateIfNotFoundQueryLookupStrategy.resolveQuery(JpaQueryLookupStrategy.java:259)
		at org.springframework.data.jpa.repository.query.JpaQueryLookupStrategy$AbstractQueryLookupStrategy.resolveQuery(JpaQueryLookupStrategy.java:93)
		at org.springframework.data.repository.core.support.QueryExecutorMethodInterceptor.lookupQuery(QueryExecutorMethodInterceptor.java:103)
		... 103 more
	Caused by: org.springframework.data.mapping.PropertyReferenceException: No property 'updateEmployeeSalaryByName' found for type 'EmployeeEntity'
		at org.springframework.data.mapping.PropertyPath.<init>(PropertyPath.java:91)
		at org.springframework.data.mapping.PropertyPath.create(PropertyPath.java:438)
		at org.springframework.data.mapping.PropertyPath.create(PropertyPath.java:414)
		at org.springframework.data.mapping.PropertyPath.lambda$from$0(PropertyPath.java:367)
		at java.util.concurrent.ConcurrentMap.computeIfAbsent(ConcurrentMap.java:324)
		at org.springframework.data.mapping.PropertyPath.from(PropertyPath.java:349)
		at org.springframework.data.mapping.PropertyPath.from(PropertyPath.java:332)
		at org.springframework.data.repository.query.parser.Part.<init>(Part.java:81)
		at org.springframework.data.repository.query.parser.PartTree$OrPart.lambda$new$0(PartTree.java:250)
		at java.util.stream.ReferencePipeline$3$1.accept(ReferencePipeline.java:193)
		at java.util.stream.ReferencePipeline$2$1.accept(ReferencePipeline.java:175)
		at java.util.Spliterators$ArraySpliterator.forEachRemaining(Spliterators.java:948)
		at java.util.stream.AbstractPipeline.copyInto(AbstractPipeline.java:482)
		at java.util.stream.AbstractPipeline.wrapAndCopyInto(AbstractPipeline.java:472)
		at java.util.stream.ReduceOps$ReduceOp.evaluateSequential(ReduceOps.java:708)
		at java.util.stream.AbstractPipeline.evaluate(AbstractPipeline.java:234)
		at java.util.stream.ReferencePipeline.collect(ReferencePipeline.java:566)
		at org.springframework.data.repository.query.parser.PartTree$OrPart.<init>(PartTree.java:251)
		at org.springframework.data.repository.query.parser.PartTree$Predicate.lambda$new$0(PartTree.java:384)
		at java.util.stream.ReferencePipeline$3$1.accept(ReferencePipeline.java:193)
		at java.util.stream.ReferencePipeline$2$1.accept(ReferencePipeline.java:175)
		at java.util.Spliterators$ArraySpliterator.forEachRemaining(Spliterators.java:948)
		at java.util.stream.AbstractPipeline.copyInto(AbstractPipeline.java:482)
		at java.util.stream.AbstractPipeline.wrapAndCopyInto(AbstractPipeline.java:472)
		at java.util.stream.ReduceOps$ReduceOp.evaluateSequential(ReduceOps.java:708)
		at java.util.stream.AbstractPipeline.evaluate(AbstractPipeline.java:234)
		at java.util.stream.ReferencePipeline.collect(ReferencePipeline.java:566)
		at org.springframework.data.repository.query.parser.PartTree$Predicate.<init>(PartTree.java:385)
		at org.springframework.data.repository.query.parser.PartTree.<init>(PartTree.java:93)
		at org.springframework.data.jpa.repository.query.PartTreeJpaQuery.<init>(PartTreeJpaQuery.java:89)
		... 107 more
01-Apr-2026 02:30:18.742 SEVERE [main] org.apache.catalina.core.StandardContext.startInternal One or more listeners failed to start. Full details will be found in the appropriate container log file
01-Apr-2026 02:30:18.759 SEVERE [main] org.apache.catalina.core.StandardContext.startInternal Context [/employee-service] startup failed due to previous errors
01-Apr-2026 02:30:18.773 WARNING [main] org.apache.catalina.loader.WebappClassLoaderBase.clearReferencesJdbc The web application [employee-service] registered the JDBC driver [com.mysql.cj.jdbc.Driver] but failed to unregister it when the web application was stopped. To prevent a memory leak, the JDBC Driver has been forcibly unregistered.
01-Apr-2026 02:30:18.774 WARNING [main] org.apache.catalina.loader.WebappClassLoaderBase.clearReferencesThreads The web application [employee-service] appears to have started a thread named [mysql-cj-abandoned-connection-cleanup] but has failed to stop it. This is very likely to create a memory leak. Stack trace of thread:
 java.lang.Object.wait(Native Method)
 java.lang.ref.ReferenceQueue.remove(ReferenceQueue.java:144)
 com.mysql.cj.jdbc.AbandonedConnectionCleanupThread.run(AbandonedConnectionCleanupThread.java:91)
 java.util.concurrent.ThreadPoolExecutor.runWorker(ThreadPoolExecutor.java:1149)
 java.util.concurrent.ThreadPoolExecutor$Worker.run(ThreadPoolExecutor.java:624)
 java.lang.Thread.run(Thread.java:750)
01-Apr-2026 02:30:18.784 INFO [main] org.apache.catalina.startup.HostConfig.deployDirectory Deployment of web application directory [/Users/motocycopath/Desktop/java-full-stack-training/00-microservices-00/apache-tomcat-9.0.116/webapps/employee-service] has finished in [5,492] ms
01-Apr-2026 02:30:18.784 INFO [main] org.apache.catalina.startup.HostConfig.deployDirectory Deploying web application directory [/Users/motocycopath/Desktop/java-full-stack-training/00-microservices-00/apache-tomcat-9.0.116/webapps/docs]
01-Apr-2026 02:30:18.869 INFO [main] org.apache.catalina.startup.HostConfig.deployDirectory Deployment of web application directory [/Users/motocycopath/Desktop/java-full-stack-training/00-microservices-00/apache-tomcat-9.0.116/webapps/docs] has finished in [84] ms
01-Apr-2026 02:30:18.870 INFO [main] org.apache.catalina.startup.HostConfig.deployDirectory Deploying web application directory [/Users/motocycopath/Desktop/java-full-stack-training/00-microservices-00/apache-tomcat-9.0.116/webapps/manager]
01-Apr-2026 02:30:18.907 INFO [main] org.apache.catalina.startup.HostConfig.deployDirectory Deployment of web application directory [/Users/motocycopath/Desktop/java-full-stack-training/00-microservices-00/apache-tomcat-9.0.116/webapps/manager] has finished in [37] ms
01-Apr-2026 02:30:18.907 INFO [main] org.apache.catalina.startup.HostConfig.deployDirectory Deploying web application directory [/Users/motocycopath/Desktop/java-full-stack-training/00-microservices-00/apache-tomcat-9.0.116/webapps/examples]
01-Apr-2026 02:30:19.212 INFO [main] org.apache.catalina.startup.HostConfig.deployDirectory Deployment of web application directory [/Users/motocycopath/Desktop/java-full-stack-training/00-microservices-00/apache-tomcat-9.0.116/webapps/examples] has finished in [304] ms
01-Apr-2026 02:30:19.213 INFO [main] org.apache.catalina.startup.HostConfig.deployDirectory Deploying web application directory [/Users/motocycopath/Desktop/java-full-stack-training/00-microservices-00/apache-tomcat-9.0.116/webapps/ROOT]
01-Apr-2026 02:30:19.232 INFO [main] org.apache.catalina.startup.HostConfig.deployDirectory Deployment of web application directory [/Users/motocycopath/Desktop/java-full-stack-training/00-microservices-00/apache-tomcat-9.0.116/webapps/ROOT] has finished in [19] ms
01-Apr-2026 02:30:19.232 INFO [main] org.apache.catalina.startup.HostConfig.deployDirectory Deploying web application directory [/Users/motocycopath/Desktop/java-full-stack-training/00-microservices-00/apache-tomcat-9.0.116/webapps/host-manager]
01-Apr-2026 02:30:19.260 INFO [main] org.apache.catalina.startup.HostConfig.deployDirectory Deployment of web application directory [/Users/motocycopath/Desktop/java-full-stack-training/00-microservices-00/apache-tomcat-9.0.116/webapps/host-manager] has finished in [27] ms
01-Apr-2026 02:30:19.264 INFO [main] org.apache.coyote.AbstractProtocol.start Starting ProtocolHandler ["http-nio-8080"]
01-Apr-2026 02:30:19.278 INFO [main] org.apache.catalina.startup.Catalina.start Server startup in [6080] milliseconds
01-Apr-2026 02:30:20.810 INFO [mysql-cj-abandoned-connection-cleanup] org.apache.catalina.loader.WebappClassLoaderBase.checkStateForResourceLoading Illegal access: this web application instance has been stopped already. Could not load []. The following stack trace is thrown for debugging purposes as well as to attempt to terminate the thread which caused the illegal access.
	java.lang.IllegalStateException: Illegal access: this web application instance has been stopped already. Could not load []. The following stack trace is thrown for debugging purposes as well as to attempt to terminate the thread which caused the illegal access.
		at org.apache.catalina.loader.WebappClassLoaderBase.checkStateForResourceLoading(WebappClassLoaderBase.java:1370)
		at org.apache.catalina.loader.WebappClassLoaderBase.getResource(WebappClassLoaderBase.java:994)
		at com.mysql.cj.jdbc.AbandonedConnectionCleanupThread.checkThreadContextClassLoader(AbandonedConnectionCleanupThread.java:123)
		at com.mysql.cj.jdbc.AbandonedConnectionCleanupThread.run(AbandonedConnectionCleanupThread.java:90)
		at java.util.concurrent.ThreadPoolExecutor.runWorker(ThreadPoolExecutor.java:1149)
		at java.util.concurrent.ThreadPoolExecutor$Worker.run(ThreadPoolExecutor.java:624)
		at java.lang.Thread.run(Thread.java:750)
01-Apr-2026 02:30:41.215 INFO [main] org.apache.catalina.core.StandardServer.await A valid shutdown command was received via the shutdown port. Stopping the Server instance.
01-Apr-2026 02:30:41.219 INFO [main] org.apache.coyote.AbstractProtocol.pause Pausing ProtocolHandler ["http-nio-8080"]
01-Apr-2026 02:30:41.233 INFO [main] org.apache.catalina.core.StandardService.stopInternal Stopping service [Catalina]
01-Apr-2026 02:30:41.280 INFO [main] org.apache.coyote.AbstractProtocol.stop Stopping ProtocolHandler ["http-nio-8080"]
01-Apr-2026 02:30:41.286 INFO [main] org.apache.coyote.AbstractProtocol.destroy Destroying ProtocolHandler ["http-nio-8080"]
01-Apr-2026 02:30:48.095 INFO [main] org.apache.catalina.startup.VersionLoggerListener.log Server version name:   Apache Tomcat/9.0.116
01-Apr-2026 02:30:48.101 INFO [main] org.apache.catalina.startup.VersionLoggerListener.log Server built:          Mar 16 2026 15:05:42 UTC
01-Apr-2026 02:30:48.102 INFO [main] org.apache.catalina.startup.VersionLoggerListener.log Server version number: 9.0.116.0
01-Apr-2026 02:30:48.102 INFO [main] org.apache.catalina.startup.VersionLoggerListener.log OS Name:               Mac OS X
01-Apr-2026 02:30:48.102 INFO [main] org.apache.catalina.startup.VersionLoggerListener.log OS Version:            15.5
01-Apr-2026 02:30:48.102 INFO [main] org.apache.catalina.startup.VersionLoggerListener.log Architecture:          x86_64
01-Apr-2026 02:30:48.102 INFO [main] org.apache.catalina.startup.VersionLoggerListener.log Java Home:             /Library/Java/JavaVirtualMachines/temurin-8.jdk/Contents/Home/jre
01-Apr-2026 02:30:48.102 INFO [main] org.apache.catalina.startup.VersionLoggerListener.log JVM Version:           1.8.0_482-b08
01-Apr-2026 02:30:48.102 INFO [main] org.apache.catalina.startup.VersionLoggerListener.log JVM Vendor:            Temurin
01-Apr-2026 02:30:48.102 INFO [main] org.apache.catalina.startup.VersionLoggerListener.log CATALINA_BASE:         /Users/motocycopath/Desktop/java-full-stack-training/00-microservices-00/apache-tomcat-9.0.116
01-Apr-2026 02:30:48.102 INFO [main] org.apache.catalina.startup.VersionLoggerListener.log CATALINA_HOME:         /Users/motocycopath/Desktop/java-full-stack-training/00-microservices-00/apache-tomcat-9.0.116
01-Apr-2026 02:30:48.104 INFO [main] org.apache.catalina.startup.VersionLoggerListener.log Command line argument: -Djava.util.logging.config.file=/Users/motocycopath/Desktop/java-full-stack-training/00-microservices-00/apache-tomcat-9.0.116/conf/logging.properties
01-Apr-2026 02:30:48.105 INFO [main] org.apache.catalina.startup.VersionLoggerListener.log Command line argument: -Djava.util.logging.manager=org.apache.juli.ClassLoaderLogManager
01-Apr-2026 02:30:48.105 INFO [main] org.apache.catalina.startup.VersionLoggerListener.log Command line argument: -Djdk.tls.ephemeralDHKeySize=2048
01-Apr-2026 02:30:48.105 INFO [main] org.apache.catalina.startup.VersionLoggerListener.log Command line argument: -Djava.protocol.handler.pkgs=org.apache.catalina.webresources
01-Apr-2026 02:30:48.105 INFO [main] org.apache.catalina.startup.VersionLoggerListener.log Command line argument: -Dsun.io.useCanonCaches=false
01-Apr-2026 02:30:48.105 INFO [main] org.apache.catalina.startup.VersionLoggerListener.log Command line argument: -Dorg.apache.catalina.security.SecurityListener.UMASK=0027
01-Apr-2026 02:30:48.105 INFO [main] org.apache.catalina.startup.VersionLoggerListener.log Command line argument: -Dignore.endorsed.dirs=
01-Apr-2026 02:30:48.105 INFO [main] org.apache.catalina.startup.VersionLoggerListener.log Command line argument: -Dcatalina.base=/Users/motocycopath/Desktop/java-full-stack-training/00-microservices-00/apache-tomcat-9.0.116
01-Apr-2026 02:30:48.105 INFO [main] org.apache.catalina.startup.VersionLoggerListener.log Command line argument: -Dcatalina.home=/Users/motocycopath/Desktop/java-full-stack-training/00-microservices-00/apache-tomcat-9.0.116
01-Apr-2026 02:30:48.105 INFO [main] org.apache.catalina.startup.VersionLoggerListener.log Command line argument: -Djava.io.tmpdir=/Users/motocycopath/Desktop/java-full-stack-training/00-microservices-00/apache-tomcat-9.0.116/temp
01-Apr-2026 02:30:48.107 INFO [main] org.apache.catalina.core.AprLifecycleListener.lifecycleEvent The Apache Tomcat Native library which allows using OpenSSL was not found on the java.library.path: [/Users/motocycopath/Library/Java/Extensions:/Library/Java/Extensions:/Network/Library/Java/Extensions:/System/Library/Java/Extensions:/usr/lib/java:.]
01-Apr-2026 02:30:48.525 INFO [main] org.apache.coyote.AbstractProtocol.init Initializing ProtocolHandler ["http-nio-8080"]
01-Apr-2026 02:30:48.566 INFO [main] org.apache.catalina.startup.Catalina.load Server initialization in [634] milliseconds
01-Apr-2026 02:30:48.652 INFO [main] org.apache.catalina.core.StandardService.startInternal Starting service [Catalina]
01-Apr-2026 02:30:48.652 INFO [main] org.apache.catalina.core.StandardEngine.startInternal Starting Servlet engine: [Apache Tomcat/9.0.116]
01-Apr-2026 02:30:48.657 INFO [main] org.apache.catalina.startup.HostConfig.deployDirectory Deploying web application directory [/Users/motocycopath/Desktop/java-full-stack-training/00-microservices-00/apache-tomcat-9.0.116/webapps/employee-service]
01-Apr-2026 02:30:50.212 INFO [main] org.apache.jasper.servlet.TldScanner.scanJars At least one JAR was scanned for TLDs yet contained no TLDs. Enable debug logging for this logger for a complete list of JARs that were scanned but no TLDs were found in them. Skipping unneeded JARs during scanning can improve startup time and JSP compilation time.
01-Apr-2026 02:30:50.247 INFO [main] org.springframework.web.context.ContextLoader.initWebApplicationContext Root WebApplicationContext: initialization started
01-Apr-2026 02:30:50.707 INFO [main] org.springframework.data.repository.config.RepositoryConfigurationDelegate.registerRepositoriesIn Bootstrapping Spring Data JPA repositories in DEFAULT mode.
01-Apr-2026 02:30:50.824 INFO [main] org.springframework.data.repository.config.RepositoryConfigurationDelegate.registerRepositoriesIn Finished Spring Data repository scanning in 101 ms. Found 1 JPA repository interfaces.
01-Apr-2026 02:30:50.826 INFO [main] org.springframework.data.repository.config.RepositoryConfigurationDelegate.registerRepositoriesIn Bootstrapping Spring Data JPA repositories in DEFAULT mode.
01-Apr-2026 02:30:50.832 INFO [main] org.springframework.data.repository.config.RepositoryConfigurationDelegate.registerRepositoriesIn Finished Spring Data repository scanning in 6 ms. Found 1 JPA repository interfaces.
01-Apr-2026 02:30:51.174 INFO [main] org.hibernate.jpa.internal.util.LogHelper.logPersistenceUnitInformation HHH000204: Processing PersistenceUnitInfo [
	name: default
	...]
01-Apr-2026 02:30:51.246 INFO [main] org.hibernate.Version.logVersion HHH000412: Hibernate Core {5.2.8.Final}
01-Apr-2026 02:30:51.253 INFO [main] org.hibernate.cfg.Environment.<clinit> HHH000206: hibernate.properties not found
01-Apr-2026 02:30:51.303 INFO [main] org.hibernate.annotations.common.reflection.java.JavaReflectionManager.<clinit> HCANN000001: Hibernate Commons Annotations {5.0.1.Final}
01-Apr-2026 02:30:51.778 INFO [main] org.hibernate.dialect.Dialect.<init> HHH000400: Using dialect: org.hibernate.dialect.MySQLDialect
01-Apr-2026 02:30:52.373 INFO [main] org.springframework.orm.jpa.AbstractEntityManagerFactoryBean.buildNativeEntityManagerFactory Initialized JPA EntityManagerFactory for persistence unit 'default'
01-Apr-2026 02:30:52.890 INFO [main] org.hibernate.hql.internal.QueryTranslatorFactoryInitiator.initiateService HHH000397: Using ASTQueryTranslatorFactory
01-Apr-2026 02:30:53.125 INFO [main] org.springframework.web.context.ContextLoader.initWebApplicationContext Root WebApplicationContext initialized in 2878 ms
01-Apr-2026 02:30:53.168 INFO [main] org.springframework.web.servlet.FrameworkServlet.initServletBean Initializing Servlet 'cstspconf-web'
01-Apr-2026 02:30:53.752 INFO [main] org.springframework.web.servlet.FrameworkServlet.initServletBean Completed initialization in 583 ms
01-Apr-2026 02:30:53.785 INFO [main] org.apache.catalina.startup.HostConfig.deployDirectory Deployment of web application directory [/Users/motocycopath/Desktop/java-full-stack-training/00-microservices-00/apache-tomcat-9.0.116/webapps/employee-service] has finished in [5,127] ms
01-Apr-2026 02:30:53.786 INFO [main] org.apache.catalina.startup.HostConfig.deployDirectory Deploying web application directory [/Users/motocycopath/Desktop/java-full-stack-training/00-microservices-00/apache-tomcat-9.0.116/webapps/docs]
01-Apr-2026 02:30:53.829 INFO [main] org.apache.catalina.startup.HostConfig.deployDirectory Deployment of web application directory [/Users/motocycopath/Desktop/java-full-stack-training/00-microservices-00/apache-tomcat-9.0.116/webapps/docs] has finished in [43] ms
01-Apr-2026 02:30:53.829 INFO [main] org.apache.catalina.startup.HostConfig.deployDirectory Deploying web application directory [/Users/motocycopath/Desktop/java-full-stack-training/00-microservices-00/apache-tomcat-9.0.116/webapps/manager]
01-Apr-2026 02:30:53.865 INFO [main] org.apache.catalina.startup.HostConfig.deployDirectory Deployment of web application directory [/Users/motocycopath/Desktop/java-full-stack-training/00-microservices-00/apache-tomcat-9.0.116/webapps/manager] has finished in [36] ms
01-Apr-2026 02:30:53.865 INFO [main] org.apache.catalina.startup.HostConfig.deployDirectory Deploying web application directory [/Users/motocycopath/Desktop/java-full-stack-training/00-microservices-00/apache-tomcat-9.0.116/webapps/examples]
01-Apr-2026 02:30:54.107 INFO [main] org.apache.catalina.startup.HostConfig.deployDirectory Deployment of web application directory [/Users/motocycopath/Desktop/java-full-stack-training/00-microservices-00/apache-tomcat-9.0.116/webapps/examples] has finished in [242] ms
01-Apr-2026 02:30:54.109 INFO [main] org.apache.catalina.startup.HostConfig.deployDirectory Deploying web application directory [/Users/motocycopath/Desktop/java-full-stack-training/00-microservices-00/apache-tomcat-9.0.116/webapps/ROOT]
01-Apr-2026 02:30:54.122 INFO [main] org.apache.catalina.startup.HostConfig.deployDirectory Deployment of web application directory [/Users/motocycopath/Desktop/java-full-stack-training/00-microservices-00/apache-tomcat-9.0.116/webapps/ROOT] has finished in [13] ms
01-Apr-2026 02:30:54.122 INFO [main] org.apache.catalina.startup.HostConfig.deployDirectory Deploying web application directory [/Users/motocycopath/Desktop/java-full-stack-training/00-microservices-00/apache-tomcat-9.0.116/webapps/host-manager]
01-Apr-2026 02:30:54.143 INFO [main] org.apache.catalina.startup.HostConfig.deployDirectory Deployment of web application directory [/Users/motocycopath/Desktop/java-full-stack-training/00-microservices-00/apache-tomcat-9.0.116/webapps/host-manager] has finished in [21] ms
01-Apr-2026 02:30:54.146 INFO [main] org.apache.coyote.AbstractProtocol.start Starting ProtocolHandler ["http-nio-8080"]
01-Apr-2026 02:30:54.157 INFO [main] org.apache.catalina.startup.Catalina.start Server startup in [5590] milliseconds
01-Apr-2026 02:32:07.988 WARNING [http-nio-8080-exec-4] org.springframework.web.servlet.DispatcherServlet.noHandlerFound No mapping for GET /employee-service/updateEmployeeSalaryByName/findAllEmployees
01-Apr-2026 02:34:16.174 INFO [main] org.apache.catalina.core.StandardServer.await A valid shutdown command was received via the shutdown port. Stopping the Server instance.
01-Apr-2026 02:34:16.179 INFO [main] org.apache.coyote.AbstractProtocol.pause Pausing ProtocolHandler ["http-nio-8080"]
01-Apr-2026 02:34:16.186 INFO [main] org.apache.catalina.core.StandardService.stopInternal Stopping service [Catalina]
01-Apr-2026 02:34:16.249 INFO [main] org.springframework.orm.jpa.AbstractEntityManagerFactoryBean.destroy Closing JPA EntityManagerFactory for persistence unit 'default'
01-Apr-2026 02:34:16.260 WARNING [main] org.apache.catalina.loader.WebappClassLoaderBase.clearReferencesJdbc The web application [employee-service] registered the JDBC driver [com.mysql.cj.jdbc.Driver] but failed to unregister it when the web application was stopped. To prevent a memory leak, the JDBC Driver has been forcibly unregistered.
01-Apr-2026 02:34:16.263 WARNING [main] org.apache.catalina.loader.WebappClassLoaderBase.clearReferencesThreads The web application [employee-service] appears to have started a thread named [mysql-cj-abandoned-connection-cleanup] but has failed to stop it. This is very likely to create a memory leak. Stack trace of thread:
 java.lang.Object.wait(Native Method)
 java.lang.ref.ReferenceQueue.remove(ReferenceQueue.java:144)
 com.mysql.cj.jdbc.AbandonedConnectionCleanupThread.run(AbandonedConnectionCleanupThread.java:91)
 java.util.concurrent.ThreadPoolExecutor.runWorker(ThreadPoolExecutor.java:1149)
 java.util.concurrent.ThreadPoolExecutor$Worker.run(ThreadPoolExecutor.java:624)
 java.lang.Thread.run(Thread.java:750)
01-Apr-2026 02:34:16.301 INFO [main] org.apache.coyote.AbstractProtocol.stop Stopping ProtocolHandler ["http-nio-8080"]
01-Apr-2026 02:34:16.318 INFO [main] org.apache.coyote.AbstractProtocol.destroy Destroying ProtocolHandler ["http-nio-8080"]
01-Apr-2026 02:34:23.319 INFO [main] org.apache.catalina.startup.VersionLoggerListener.log Server version name:   Apache Tomcat/9.0.116
01-Apr-2026 02:34:23.325 INFO [main] org.apache.catalina.startup.VersionLoggerListener.log Server built:          Mar 16 2026 15:05:42 UTC
01-Apr-2026 02:34:23.325 INFO [main] org.apache.catalina.startup.VersionLoggerListener.log Server version number: 9.0.116.0
01-Apr-2026 02:34:23.325 INFO [main] org.apache.catalina.startup.VersionLoggerListener.log OS Name:               Mac OS X
01-Apr-2026 02:34:23.325 INFO [main] org.apache.catalina.startup.VersionLoggerListener.log OS Version:            15.5
01-Apr-2026 02:34:23.325 INFO [main] org.apache.catalina.startup.VersionLoggerListener.log Architecture:          x86_64
01-Apr-2026 02:34:23.325 INFO [main] org.apache.catalina.startup.VersionLoggerListener.log Java Home:             /Library/Java/JavaVirtualMachines/temurin-8.jdk/Contents/Home/jre
01-Apr-2026 02:34:23.325 INFO [main] org.apache.catalina.startup.VersionLoggerListener.log JVM Version:           1.8.0_482-b08
01-Apr-2026 02:34:23.325 INFO [main] org.apache.catalina.startup.VersionLoggerListener.log JVM Vendor:            Temurin
01-Apr-2026 02:34:23.325 INFO [main] org.apache.catalina.startup.VersionLoggerListener.log CATALINA_BASE:         /Users/motocycopath/Desktop/java-full-stack-training/00-microservices-00/apache-tomcat-9.0.116
01-Apr-2026 02:34:23.325 INFO [main] org.apache.catalina.startup.VersionLoggerListener.log CATALINA_HOME:         /Users/motocycopath/Desktop/java-full-stack-training/00-microservices-00/apache-tomcat-9.0.116
01-Apr-2026 02:34:23.327 INFO [main] org.apache.catalina.startup.VersionLoggerListener.log Command line argument: -Djava.util.logging.config.file=/Users/motocycopath/Desktop/java-full-stack-training/00-microservices-00/apache-tomcat-9.0.116/conf/logging.properties
01-Apr-2026 02:34:23.327 INFO [main] org.apache.catalina.startup.VersionLoggerListener.log Command line argument: -Djava.util.logging.manager=org.apache.juli.ClassLoaderLogManager
01-Apr-2026 02:34:23.327 INFO [main] org.apache.catalina.startup.VersionLoggerListener.log Command line argument: -Djdk.tls.ephemeralDHKeySize=2048
01-Apr-2026 02:34:23.327 INFO [main] org.apache.catalina.startup.VersionLoggerListener.log Command line argument: -Djava.protocol.handler.pkgs=org.apache.catalina.webresources
01-Apr-2026 02:34:23.327 INFO [main] org.apache.catalina.startup.VersionLoggerListener.log Command line argument: -Dsun.io.useCanonCaches=false
01-Apr-2026 02:34:23.328 INFO [main] org.apache.catalina.startup.VersionLoggerListener.log Command line argument: -Dorg.apache.catalina.security.SecurityListener.UMASK=0027
01-Apr-2026 02:34:23.328 INFO [main] org.apache.catalina.startup.VersionLoggerListener.log Command line argument: -Dignore.endorsed.dirs=
01-Apr-2026 02:34:23.328 INFO [main] org.apache.catalina.startup.VersionLoggerListener.log Command line argument: -Dcatalina.base=/Users/motocycopath/Desktop/java-full-stack-training/00-microservices-00/apache-tomcat-9.0.116
01-Apr-2026 02:34:23.328 INFO [main] org.apache.catalina.startup.VersionLoggerListener.log Command line argument: -Dcatalina.home=/Users/motocycopath/Desktop/java-full-stack-training/00-microservices-00/apache-tomcat-9.0.116
01-Apr-2026 02:34:23.328 INFO [main] org.apache.catalina.startup.VersionLoggerListener.log Command line argument: -Djava.io.tmpdir=/Users/motocycopath/Desktop/java-full-stack-training/00-microservices-00/apache-tomcat-9.0.116/temp
01-Apr-2026 02:34:23.330 INFO [main] org.apache.catalina.core.AprLifecycleListener.lifecycleEvent The Apache Tomcat Native library which allows using OpenSSL was not found on the java.library.path: [/Users/motocycopath/Library/Java/Extensions:/Library/Java/Extensions:/Network/Library/Java/Extensions:/System/Library/Java/Extensions:/usr/lib/java:.]
01-Apr-2026 02:34:23.753 INFO [main] org.apache.coyote.AbstractProtocol.init Initializing ProtocolHandler ["http-nio-8080"]
01-Apr-2026 02:34:23.801 INFO [main] org.apache.catalina.startup.Catalina.load Server initialization in [644] milliseconds
01-Apr-2026 02:34:23.891 INFO [main] org.apache.catalina.core.StandardService.startInternal Starting service [Catalina]
01-Apr-2026 02:34:23.892 INFO [main] org.apache.catalina.core.StandardEngine.startInternal Starting Servlet engine: [Apache Tomcat/9.0.116]
01-Apr-2026 02:34:23.897 INFO [main] org.apache.catalina.startup.HostConfig.deployDirectory Deploying web application directory [/Users/motocycopath/Desktop/java-full-stack-training/00-microservices-00/apache-tomcat-9.0.116/webapps/employee-service]
01-Apr-2026 02:34:25.505 INFO [main] org.apache.jasper.servlet.TldScanner.scanJars At least one JAR was scanned for TLDs yet contained no TLDs. Enable debug logging for this logger for a complete list of JARs that were scanned but no TLDs were found in them. Skipping unneeded JARs during scanning can improve startup time and JSP compilation time.
01-Apr-2026 02:34:25.539 INFO [main] org.springframework.web.context.ContextLoader.initWebApplicationContext Root WebApplicationContext: initialization started
01-Apr-2026 02:34:25.998 INFO [main] org.springframework.data.repository.config.RepositoryConfigurationDelegate.registerRepositoriesIn Bootstrapping Spring Data JPA repositories in DEFAULT mode.
01-Apr-2026 02:34:26.113 INFO [main] org.springframework.data.repository.config.RepositoryConfigurationDelegate.registerRepositoriesIn Finished Spring Data repository scanning in 96 ms. Found 1 JPA repository interfaces.
01-Apr-2026 02:34:26.115 INFO [main] org.springframework.data.repository.config.RepositoryConfigurationDelegate.registerRepositoriesIn Bootstrapping Spring Data JPA repositories in DEFAULT mode.
01-Apr-2026 02:34:26.121 INFO [main] org.springframework.data.repository.config.RepositoryConfigurationDelegate.registerRepositoriesIn Finished Spring Data repository scanning in 5 ms. Found 1 JPA repository interfaces.
01-Apr-2026 02:34:26.489 INFO [main] org.hibernate.jpa.internal.util.LogHelper.logPersistenceUnitInformation HHH000204: Processing PersistenceUnitInfo [
	name: default
	...]
01-Apr-2026 02:34:26.551 INFO [main] org.hibernate.Version.logVersion HHH000412: Hibernate Core {5.2.8.Final}
01-Apr-2026 02:34:26.553 INFO [main] org.hibernate.cfg.Environment.<clinit> HHH000206: hibernate.properties not found
01-Apr-2026 02:34:26.586 INFO [main] org.hibernate.annotations.common.reflection.java.JavaReflectionManager.<clinit> HCANN000001: Hibernate Commons Annotations {5.0.1.Final}
01-Apr-2026 02:34:27.117 INFO [main] org.hibernate.dialect.Dialect.<init> HHH000400: Using dialect: org.hibernate.dialect.MySQLDialect
01-Apr-2026 02:34:27.759 INFO [main] org.springframework.orm.jpa.AbstractEntityManagerFactoryBean.buildNativeEntityManagerFactory Initialized JPA EntityManagerFactory for persistence unit 'default'
01-Apr-2026 02:34:28.327 INFO [main] org.hibernate.hql.internal.QueryTranslatorFactoryInitiator.initiateService HHH000397: Using ASTQueryTranslatorFactory
01-Apr-2026 02:34:28.583 INFO [main] org.springframework.web.context.ContextLoader.initWebApplicationContext Root WebApplicationContext initialized in 3044 ms
01-Apr-2026 02:34:28.631 INFO [main] org.springframework.web.servlet.FrameworkServlet.initServletBean Initializing Servlet 'cstspconf-web'
01-Apr-2026 02:34:29.230 INFO [main] org.springframework.web.servlet.FrameworkServlet.initServletBean Completed initialization in 599 ms
01-Apr-2026 02:34:29.264 INFO [main] org.apache.catalina.startup.HostConfig.deployDirectory Deployment of web application directory [/Users/motocycopath/Desktop/java-full-stack-training/00-microservices-00/apache-tomcat-9.0.116/webapps/employee-service] has finished in [5,365] ms
01-Apr-2026 02:34:29.264 INFO [main] org.apache.catalina.startup.HostConfig.deployDirectory Deploying web application directory [/Users/motocycopath/Desktop/java-full-stack-training/00-microservices-00/apache-tomcat-9.0.116/webapps/docs]
01-Apr-2026 02:34:29.306 INFO [main] org.apache.catalina.startup.HostConfig.deployDirectory Deployment of web application directory [/Users/motocycopath/Desktop/java-full-stack-training/00-microservices-00/apache-tomcat-9.0.116/webapps/docs] has finished in [41] ms
01-Apr-2026 02:34:29.306 INFO [main] org.apache.catalina.startup.HostConfig.deployDirectory Deploying web application directory [/Users/motocycopath/Desktop/java-full-stack-training/00-microservices-00/apache-tomcat-9.0.116/webapps/manager]
01-Apr-2026 02:34:29.341 INFO [main] org.apache.catalina.startup.HostConfig.deployDirectory Deployment of web application directory [/Users/motocycopath/Desktop/java-full-stack-training/00-microservices-00/apache-tomcat-9.0.116/webapps/manager] has finished in [35] ms
01-Apr-2026 02:34:29.341 INFO [main] org.apache.catalina.startup.HostConfig.deployDirectory Deploying web application directory [/Users/motocycopath/Desktop/java-full-stack-training/00-microservices-00/apache-tomcat-9.0.116/webapps/examples]
01-Apr-2026 02:34:29.626 INFO [main] org.apache.catalina.startup.HostConfig.deployDirectory Deployment of web application directory [/Users/motocycopath/Desktop/java-full-stack-training/00-microservices-00/apache-tomcat-9.0.116/webapps/examples] has finished in [285] ms
01-Apr-2026 02:34:29.627 INFO [main] org.apache.catalina.startup.HostConfig.deployDirectory Deploying web application directory [/Users/motocycopath/Desktop/java-full-stack-training/00-microservices-00/apache-tomcat-9.0.116/webapps/ROOT]
01-Apr-2026 02:34:29.653 INFO [main] org.apache.catalina.startup.HostConfig.deployDirectory Deployment of web application directory [/Users/motocycopath/Desktop/java-full-stack-training/00-microservices-00/apache-tomcat-9.0.116/webapps/ROOT] has finished in [26] ms
01-Apr-2026 02:34:29.654 INFO [main] org.apache.catalina.startup.HostConfig.deployDirectory Deploying web application directory [/Users/motocycopath/Desktop/java-full-stack-training/00-microservices-00/apache-tomcat-9.0.116/webapps/host-manager]
01-Apr-2026 02:34:29.688 INFO [main] org.apache.catalina.startup.HostConfig.deployDirectory Deployment of web application directory [/Users/motocycopath/Desktop/java-full-stack-training/00-microservices-00/apache-tomcat-9.0.116/webapps/host-manager] has finished in [34] ms
01-Apr-2026 02:34:29.695 INFO [main] org.apache.coyote.AbstractProtocol.start Starting ProtocolHandler ["http-nio-8080"]
01-Apr-2026 02:34:29.705 INFO [main] org.apache.catalina.startup.Catalina.start Server startup in [5903] milliseconds
01-Apr-2026 02:34:44.415 INFO [main] org.apache.catalina.core.StandardServer.await A valid shutdown command was received via the shutdown port. Stopping the Server instance.
01-Apr-2026 02:34:44.418 INFO [main] org.apache.coyote.AbstractProtocol.pause Pausing ProtocolHandler ["http-nio-8080"]
01-Apr-2026 02:34:44.428 INFO [main] org.apache.catalina.core.StandardService.stopInternal Stopping service [Catalina]
01-Apr-2026 02:34:44.494 INFO [main] org.springframework.orm.jpa.AbstractEntityManagerFactoryBean.destroy Closing JPA EntityManagerFactory for persistence unit 'default'
01-Apr-2026 02:34:44.508 WARNING [main] org.apache.catalina.loader.WebappClassLoaderBase.clearReferencesJdbc The web application [employee-service] registered the JDBC driver [com.mysql.cj.jdbc.Driver] but failed to unregister it when the web application was stopped. To prevent a memory leak, the JDBC Driver has been forcibly unregistered.
01-Apr-2026 02:34:44.511 WARNING [main] org.apache.catalina.loader.WebappClassLoaderBase.clearReferencesThreads The web application [employee-service] appears to have started a thread named [mysql-cj-abandoned-connection-cleanup] but has failed to stop it. This is very likely to create a memory leak. Stack trace of thread:
 java.lang.Object.wait(Native Method)
 java.lang.ref.ReferenceQueue.remove(ReferenceQueue.java:144)
 com.mysql.cj.jdbc.AbandonedConnectionCleanupThread.run(AbandonedConnectionCleanupThread.java:91)
 java.util.concurrent.ThreadPoolExecutor.runWorker(ThreadPoolExecutor.java:1149)
 java.util.concurrent.ThreadPoolExecutor$Worker.run(ThreadPoolExecutor.java:624)
 java.lang.Thread.run(Thread.java:750)
01-Apr-2026 02:34:44.539 INFO [main] org.apache.coyote.AbstractProtocol.stop Stopping ProtocolHandler ["http-nio-8080"]
01-Apr-2026 02:34:44.555 INFO [main] org.apache.coyote.AbstractProtocol.destroy Destroying ProtocolHandler ["http-nio-8080"]
01-Apr-2026 02:34:52.136 INFO [main] org.apache.catalina.startup.VersionLoggerListener.log Server version name:   Apache Tomcat/9.0.116
01-Apr-2026 02:34:52.144 INFO [main] org.apache.catalina.startup.VersionLoggerListener.log Server built:          Mar 16 2026 15:05:42 UTC
01-Apr-2026 02:34:52.144 INFO [main] org.apache.catalina.startup.VersionLoggerListener.log Server version number: 9.0.116.0
01-Apr-2026 02:34:52.144 INFO [main] org.apache.catalina.startup.VersionLoggerListener.log OS Name:               Mac OS X
01-Apr-2026 02:34:52.144 INFO [main] org.apache.catalina.startup.VersionLoggerListener.log OS Version:            15.5
01-Apr-2026 02:34:52.144 INFO [main] org.apache.catalina.startup.VersionLoggerListener.log Architecture:          x86_64
01-Apr-2026 02:34:52.144 INFO [main] org.apache.catalina.startup.VersionLoggerListener.log Java Home:             /Library/Java/JavaVirtualMachines/temurin-8.jdk/Contents/Home/jre
01-Apr-2026 02:34:52.144 INFO [main] org.apache.catalina.startup.VersionLoggerListener.log JVM Version:           1.8.0_482-b08
01-Apr-2026 02:34:52.144 INFO [main] org.apache.catalina.startup.VersionLoggerListener.log JVM Vendor:            Temurin
01-Apr-2026 02:34:52.144 INFO [main] org.apache.catalina.startup.VersionLoggerListener.log CATALINA_BASE:         /Users/motocycopath/Desktop/java-full-stack-training/00-microservices-00/apache-tomcat-9.0.116
01-Apr-2026 02:34:52.144 INFO [main] org.apache.catalina.startup.VersionLoggerListener.log CATALINA_HOME:         /Users/motocycopath/Desktop/java-full-stack-training/00-microservices-00/apache-tomcat-9.0.116
01-Apr-2026 02:34:52.146 INFO [main] org.apache.catalina.startup.VersionLoggerListener.log Command line argument: -Djava.util.logging.config.file=/Users/motocycopath/Desktop/java-full-stack-training/00-microservices-00/apache-tomcat-9.0.116/conf/logging.properties
01-Apr-2026 02:34:52.147 INFO [main] org.apache.catalina.startup.VersionLoggerListener.log Command line argument: -Djava.util.logging.manager=org.apache.juli.ClassLoaderLogManager
01-Apr-2026 02:34:52.147 INFO [main] org.apache.catalina.startup.VersionLoggerListener.log Command line argument: -Djdk.tls.ephemeralDHKeySize=2048
01-Apr-2026 02:34:52.147 INFO [main] org.apache.catalina.startup.VersionLoggerListener.log Command line argument: -Djava.protocol.handler.pkgs=org.apache.catalina.webresources
01-Apr-2026 02:34:52.147 INFO [main] org.apache.catalina.startup.VersionLoggerListener.log Command line argument: -Dsun.io.useCanonCaches=false
01-Apr-2026 02:34:52.147 INFO [main] org.apache.catalina.startup.VersionLoggerListener.log Command line argument: -Dorg.apache.catalina.security.SecurityListener.UMASK=0027
01-Apr-2026 02:34:52.147 INFO [main] org.apache.catalina.startup.VersionLoggerListener.log Command line argument: -Dignore.endorsed.dirs=
01-Apr-2026 02:34:52.147 INFO [main] org.apache.catalina.startup.VersionLoggerListener.log Command line argument: -Dcatalina.base=/Users/motocycopath/Desktop/java-full-stack-training/00-microservices-00/apache-tomcat-9.0.116
01-Apr-2026 02:34:52.147 INFO [main] org.apache.catalina.startup.VersionLoggerListener.log Command line argument: -Dcatalina.home=/Users/motocycopath/Desktop/java-full-stack-training/00-microservices-00/apache-tomcat-9.0.116
01-Apr-2026 02:34:52.147 INFO [main] org.apache.catalina.startup.VersionLoggerListener.log Command line argument: -Djava.io.tmpdir=/Users/motocycopath/Desktop/java-full-stack-training/00-microservices-00/apache-tomcat-9.0.116/temp
01-Apr-2026 02:34:52.150 INFO [main] org.apache.catalina.core.AprLifecycleListener.lifecycleEvent The Apache Tomcat Native library which allows using OpenSSL was not found on the java.library.path: [/Users/motocycopath/Library/Java/Extensions:/Library/Java/Extensions:/Network/Library/Java/Extensions:/System/Library/Java/Extensions:/usr/lib/java:.]
01-Apr-2026 02:34:52.580 INFO [main] org.apache.coyote.AbstractProtocol.init Initializing ProtocolHandler ["http-nio-8080"]
01-Apr-2026 02:34:52.625 INFO [main] org.apache.catalina.startup.Catalina.load Server initialization in [647] milliseconds
01-Apr-2026 02:34:52.714 INFO [main] org.apache.catalina.core.StandardService.startInternal Starting service [Catalina]
01-Apr-2026 02:34:52.714 INFO [main] org.apache.catalina.core.StandardEngine.startInternal Starting Servlet engine: [Apache Tomcat/9.0.116]
01-Apr-2026 02:34:52.719 INFO [main] org.apache.catalina.startup.HostConfig.deployDirectory Deploying web application directory [/Users/motocycopath/Desktop/java-full-stack-training/00-microservices-00/apache-tomcat-9.0.116/webapps/employee-service]
01-Apr-2026 02:34:54.280 INFO [main] org.apache.jasper.servlet.TldScanner.scanJars At least one JAR was scanned for TLDs yet contained no TLDs. Enable debug logging for this logger for a complete list of JARs that were scanned but no TLDs were found in them. Skipping unneeded JARs during scanning can improve startup time and JSP compilation time.
01-Apr-2026 02:34:54.316 INFO [main] org.springframework.web.context.ContextLoader.initWebApplicationContext Root WebApplicationContext: initialization started
01-Apr-2026 02:34:54.798 INFO [main] org.springframework.data.repository.config.RepositoryConfigurationDelegate.registerRepositoriesIn Bootstrapping Spring Data JPA repositories in DEFAULT mode.
01-Apr-2026 02:34:54.910 INFO [main] org.springframework.data.repository.config.RepositoryConfigurationDelegate.registerRepositoriesIn Finished Spring Data repository scanning in 95 ms. Found 1 JPA repository interfaces.
01-Apr-2026 02:34:54.912 INFO [main] org.springframework.data.repository.config.RepositoryConfigurationDelegate.registerRepositoriesIn Bootstrapping Spring Data JPA repositories in DEFAULT mode.
01-Apr-2026 02:34:54.919 INFO [main] org.springframework.data.repository.config.RepositoryConfigurationDelegate.registerRepositoriesIn Finished Spring Data repository scanning in 7 ms. Found 1 JPA repository interfaces.
01-Apr-2026 02:34:55.268 INFO [main] org.hibernate.jpa.internal.util.LogHelper.logPersistenceUnitInformation HHH000204: Processing PersistenceUnitInfo [
	name: default
	...]
01-Apr-2026 02:34:55.331 INFO [main] org.hibernate.Version.logVersion HHH000412: Hibernate Core {5.2.8.Final}
01-Apr-2026 02:34:55.332 INFO [main] org.hibernate.cfg.Environment.<clinit> HHH000206: hibernate.properties not found
01-Apr-2026 02:34:55.366 INFO [main] org.hibernate.annotations.common.reflection.java.JavaReflectionManager.<clinit> HCANN000001: Hibernate Commons Annotations {5.0.1.Final}
01-Apr-2026 02:34:55.929 INFO [main] org.hibernate.dialect.Dialect.<init> HHH000400: Using dialect: org.hibernate.dialect.MySQLDialect
01-Apr-2026 02:34:56.576 INFO [main] org.springframework.orm.jpa.AbstractEntityManagerFactoryBean.buildNativeEntityManagerFactory Initialized JPA EntityManagerFactory for persistence unit 'default'
01-Apr-2026 02:34:57.111 WARNING [main] org.springframework.context.support.AbstractApplicationContext.refresh Exception encountered during context initialization - cancelling refresh attempt: org.springframework.beans.factory.UnsatisfiedDependencyException: Error creating bean with name 'employeeServiceImpl': Unsatisfied dependency expressed through field 'employeeDAOWrapper'; nested exception is org.springframework.beans.factory.UnsatisfiedDependencyException: Error creating bean with name 'employeeDAOWrapper': Unsatisfied dependency expressed through field 'employeeDAO'; nested exception is org.springframework.beans.factory.BeanCreationException: Error creating bean with name 'employeeDAO' defined in com.microservices.learn.dao.EmployeeDAO defined in : Invocation of init method failed; nested exception is org.springframework.data.repository.query.QueryCreationException: Could not create query for public abstract java.lang.Integer com.microservices.learn.dao.EmployeeDAO.updateEmployeeSalaryByName(java.lang.Double,java.lang.String); Reason: Failed to create query for method public abstract java.lang.Integer com.microservices.learn.dao.EmployeeDAO.updateEmployeeSalaryByName(java.lang.Double,java.lang.String)! No property 'updateEmployeeSalaryByName' found for type 'EmployeeEntity'; nested exception is java.lang.IllegalArgumentException: Failed to create query for method public abstract java.lang.Integer com.microservices.learn.dao.EmployeeDAO.updateEmployeeSalaryByName(java.lang.Double,java.lang.String)! No property 'updateEmployeeSalaryByName' found for type 'EmployeeEntity'
01-Apr-2026 02:34:57.112 INFO [main] org.springframework.orm.jpa.AbstractEntityManagerFactoryBean.destroy Closing JPA EntityManagerFactory for persistence unit 'default'
01-Apr-2026 02:34:57.113 SEVERE [main] org.springframework.web.context.ContextLoader.initWebApplicationContext Context initialization failed
	org.springframework.beans.factory.UnsatisfiedDependencyException: Error creating bean with name 'employeeServiceImpl': Unsatisfied dependency expressed through field 'employeeDAOWrapper'; nested exception is org.springframework.beans.factory.UnsatisfiedDependencyException: Error creating bean with name 'employeeDAOWrapper': Unsatisfied dependency expressed through field 'employeeDAO'; nested exception is org.springframework.beans.factory.BeanCreationException: Error creating bean with name 'employeeDAO' defined in com.microservices.learn.dao.EmployeeDAO defined in : Invocation of init method failed; nested exception is org.springframework.data.repository.query.QueryCreationException: Could not create query for public abstract java.lang.Integer com.microservices.learn.dao.EmployeeDAO.updateEmployeeSalaryByName(java.lang.Double,java.lang.String); Reason: Failed to create query for method public abstract java.lang.Integer com.microservices.learn.dao.EmployeeDAO.updateEmployeeSalaryByName(java.lang.Double,java.lang.String)! No property 'updateEmployeeSalaryByName' found for type 'EmployeeEntity'; nested exception is java.lang.IllegalArgumentException: Failed to create query for method public abstract java.lang.Integer com.microservices.learn.dao.EmployeeDAO.updateEmployeeSalaryByName(java.lang.Double,java.lang.String)! No property 'updateEmployeeSalaryByName' found for type 'EmployeeEntity'
		at org.springframework.beans.factory.annotation.AutowiredAnnotationBeanPostProcessor$AutowiredFieldElement.resolveFieldValue(AutowiredAnnotationBeanPostProcessor.java:659)
		at org.springframework.beans.factory.annotation.AutowiredAnnotationBeanPostProcessor$AutowiredFieldElement.inject(AutowiredAnnotationBeanPostProcessor.java:639)
		at org.springframework.beans.factory.annotation.InjectionMetadata.inject(InjectionMetadata.java:119)
		at org.springframework.beans.factory.annotation.AutowiredAnnotationBeanPostProcessor.postProcessProperties(AutowiredAnnotationBeanPostProcessor.java:399)
		at org.springframework.beans.factory.support.AbstractAutowireCapableBeanFactory.populateBean(AbstractAutowireCapableBeanFactory.java:1431)
		at org.springframework.beans.factory.support.AbstractAutowireCapableBeanFactory.doCreateBean(AbstractAutowireCapableBeanFactory.java:619)
		at org.springframework.beans.factory.support.AbstractAutowireCapableBeanFactory.createBean(AbstractAutowireCapableBeanFactory.java:542)
		at org.springframework.beans.factory.support.AbstractBeanFactory.lambda$doGetBean$0(AbstractBeanFactory.java:335)
		at org.springframework.beans.factory.support.DefaultSingletonBeanRegistry.getSingleton(DefaultSingletonBeanRegistry.java:234)
		at org.springframework.beans.factory.support.AbstractBeanFactory.doGetBean(AbstractBeanFactory.java:333)
		at org.springframework.beans.factory.support.AbstractBeanFactory.getBean(AbstractBeanFactory.java:208)
		at org.springframework.beans.factory.support.DefaultListableBeanFactory.preInstantiateSingletons(DefaultListableBeanFactory.java:955)
		at org.springframework.context.support.AbstractApplicationContext.finishBeanFactoryInitialization(AbstractApplicationContext.java:918)
		at org.springframework.context.support.AbstractApplicationContext.refresh(AbstractApplicationContext.java:583)
		at org.springframework.web.context.ContextLoader.configureAndRefreshWebApplicationContext(ContextLoader.java:401)
		at org.springframework.web.context.ContextLoader.initWebApplicationContext(ContextLoader.java:292)
		at org.springframework.web.context.ContextLoaderListener.contextInitialized(ContextLoaderListener.java:103)
		at org.apache.catalina.core.StandardContext.listenerStart(StandardContext.java:4047)
		at org.apache.catalina.core.StandardContext.startInternal(StandardContext.java:4489)
		at org.apache.catalina.util.LifecycleBase.start(LifecycleBase.java:164)
		at org.apache.catalina.core.ContainerBase.addChildInternal(ContainerBase.java:597)
		at org.apache.catalina.core.ContainerBase.addChild(ContainerBase.java:569)
		at org.apache.catalina.core.StandardHost.addChild(StandardHost.java:608)
		at org.apache.catalina.startup.HostConfig.deployDirectory(HostConfig.java:1171)
		at org.apache.catalina.startup.HostConfig$DeployDirectory.run(HostConfig.java:1880)
		at java.util.concurrent.Executors$RunnableAdapter.call(Executors.java:511)
		at java.util.concurrent.FutureTask.run(FutureTask.java:266)
		at org.apache.tomcat.util.threads.InlineExecutorService.execute(InlineExecutorService.java:82)
		at java.util.concurrent.AbstractExecutorService.submit(AbstractExecutorService.java:112)
		at org.apache.catalina.startup.HostConfig.deployDirectories(HostConfig.java:1082)
		at org.apache.catalina.startup.HostConfig.deployApps(HostConfig.java:467)
		at org.apache.catalina.startup.HostConfig.start(HostConfig.java:1576)
		at org.apache.catalina.startup.HostConfig.lifecycleEvent(HostConfig.java:309)
		at org.apache.catalina.util.LifecycleBase.fireLifecycleEvent(LifecycleBase.java:109)
		at org.apache.catalina.util.LifecycleBase.setStateInternal(LifecycleBase.java:389)
		at org.apache.catalina.util.LifecycleBase.setState(LifecycleBase.java:336)
		at org.apache.catalina.core.ContainerBase.startInternal(ContainerBase.java:774)
		at org.apache.catalina.core.StandardHost.startInternal(StandardHost.java:726)
		at org.apache.catalina.util.LifecycleBase.start(LifecycleBase.java:164)
		at org.apache.catalina.core.ContainerBase$StartChild.call(ContainerBase.java:1201)
		at org.apache.catalina.core.ContainerBase$StartChild.call(ContainerBase.java:1191)
		at java.util.concurrent.FutureTask.run(FutureTask.java:266)
		at org.apache.tomcat.util.threads.InlineExecutorService.execute(InlineExecutorService.java:82)
		at java.util.concurrent.AbstractExecutorService.submit(AbstractExecutorService.java:134)
		at org.apache.catalina.core.ContainerBase.startInternal(ContainerBase.java:747)
		at org.apache.catalina.core.StandardEngine.startInternal(StandardEngine.java:209)
		at org.apache.catalina.util.LifecycleBase.start(LifecycleBase.java:164)
		at org.apache.catalina.core.StandardService.startInternal(StandardService.java:410)
		at org.apache.catalina.util.LifecycleBase.start(LifecycleBase.java:164)
		at org.apache.catalina.core.StandardServer.startInternal(StandardServer.java:872)
		at org.apache.catalina.util.LifecycleBase.start(LifecycleBase.java:164)
		at org.apache.catalina.startup.Catalina.start(Catalina.java:736)
		at sun.reflect.NativeMethodAccessorImpl.invoke0(Native Method)
		at sun.reflect.NativeMethodAccessorImpl.invoke(NativeMethodAccessorImpl.java:62)
		at sun.reflect.DelegatingMethodAccessorImpl.invoke(DelegatingMethodAccessorImpl.java:43)
		at java.lang.reflect.Method.invoke(Method.java:498)
		at org.apache.catalina.startup.Bootstrap.start(Bootstrap.java:342)
		at org.apache.catalina.startup.Bootstrap.main(Bootstrap.java:473)
	Caused by: org.springframework.beans.factory.UnsatisfiedDependencyException: Error creating bean with name 'employeeDAOWrapper': Unsatisfied dependency expressed through field 'employeeDAO'; nested exception is org.springframework.beans.factory.BeanCreationException: Error creating bean with name 'employeeDAO' defined in com.microservices.learn.dao.EmployeeDAO defined in : Invocation of init method failed; nested exception is org.springframework.data.repository.query.QueryCreationException: Could not create query for public abstract java.lang.Integer com.microservices.learn.dao.EmployeeDAO.updateEmployeeSalaryByName(java.lang.Double,java.lang.String); Reason: Failed to create query for method public abstract java.lang.Integer com.microservices.learn.dao.EmployeeDAO.updateEmployeeSalaryByName(java.lang.Double,java.lang.String)! No property 'updateEmployeeSalaryByName' found for type 'EmployeeEntity'; nested exception is java.lang.IllegalArgumentException: Failed to create query for method public abstract java.lang.Integer com.microservices.learn.dao.EmployeeDAO.updateEmployeeSalaryByName(java.lang.Double,java.lang.String)! No property 'updateEmployeeSalaryByName' found for type 'EmployeeEntity'
		at org.springframework.beans.factory.annotation.AutowiredAnnotationBeanPostProcessor$AutowiredFieldElement.resolveFieldValue(AutowiredAnnotationBeanPostProcessor.java:659)
		at org.springframework.beans.factory.annotation.AutowiredAnnotationBeanPostProcessor$AutowiredFieldElement.inject(AutowiredAnnotationBeanPostProcessor.java:639)
		at org.springframework.beans.factory.annotation.InjectionMetadata.inject(InjectionMetadata.java:119)
		at org.springframework.beans.factory.annotation.AutowiredAnnotationBeanPostProcessor.postProcessProperties(AutowiredAnnotationBeanPostProcessor.java:399)
		at org.springframework.beans.factory.support.AbstractAutowireCapableBeanFactory.populateBean(AbstractAutowireCapableBeanFactory.java:1431)
		at org.springframework.beans.factory.support.AbstractAutowireCapableBeanFactory.doCreateBean(AbstractAutowireCapableBeanFactory.java:619)
		at org.springframework.beans.factory.support.AbstractAutowireCapableBeanFactory.createBean(AbstractAutowireCapableBeanFactory.java:542)
		at org.springframework.beans.factory.support.AbstractBeanFactory.lambda$doGetBean$0(AbstractBeanFactory.java:335)
		at org.springframework.beans.factory.support.DefaultSingletonBeanRegistry.getSingleton(DefaultSingletonBeanRegistry.java:234)
		at org.springframework.beans.factory.support.AbstractBeanFactory.doGetBean(AbstractBeanFactory.java:333)
		at org.springframework.beans.factory.support.AbstractBeanFactory.getBean(AbstractBeanFactory.java:208)
		at org.springframework.beans.factory.config.DependencyDescriptor.resolveCandidate(DependencyDescriptor.java:276)
		at org.springframework.beans.factory.support.DefaultListableBeanFactory.doResolveDependency(DefaultListableBeanFactory.java:1391)
		at org.springframework.beans.factory.support.DefaultListableBeanFactory.resolveDependency(DefaultListableBeanFactory.java:1311)
		at org.springframework.beans.factory.annotation.AutowiredAnnotationBeanPostProcessor$AutowiredFieldElement.resolveFieldValue(AutowiredAnnotationBeanPostProcessor.java:656)
		... 57 more
	Caused by: org.springframework.beans.factory.BeanCreationException: Error creating bean with name 'employeeDAO' defined in com.microservices.learn.dao.EmployeeDAO defined in : Invocation of init method failed; nested exception is org.springframework.data.repository.query.QueryCreationException: Could not create query for public abstract java.lang.Integer com.microservices.learn.dao.EmployeeDAO.updateEmployeeSalaryByName(java.lang.Double,java.lang.String); Reason: Failed to create query for method public abstract java.lang.Integer com.microservices.learn.dao.EmployeeDAO.updateEmployeeSalaryByName(java.lang.Double,java.lang.String)! No property 'updateEmployeeSalaryByName' found for type 'EmployeeEntity'; nested exception is java.lang.IllegalArgumentException: Failed to create query for method public abstract java.lang.Integer com.microservices.learn.dao.EmployeeDAO.updateEmployeeSalaryByName(java.lang.Double,java.lang.String)! No property 'updateEmployeeSalaryByName' found for type 'EmployeeEntity'
		at org.springframework.beans.factory.support.AbstractAutowireCapableBeanFactory.initializeBean(AbstractAutowireCapableBeanFactory.java:1804)
		at org.springframework.beans.factory.support.AbstractAutowireCapableBeanFactory.doCreateBean(AbstractAutowireCapableBeanFactory.java:620)
		at org.springframework.beans.factory.support.AbstractAutowireCapableBeanFactory.createBean(AbstractAutowireCapableBeanFactory.java:542)
		at org.springframework.beans.factory.support.AbstractBeanFactory.lambda$doGetBean$0(AbstractBeanFactory.java:335)
		at org.springframework.beans.factory.support.DefaultSingletonBeanRegistry.getSingleton(DefaultSingletonBeanRegistry.java:234)
		at org.springframework.beans.factory.support.AbstractBeanFactory.doGetBean(AbstractBeanFactory.java:333)
		at org.springframework.beans.factory.support.AbstractBeanFactory.getBean(AbstractBeanFactory.java:208)
		at org.springframework.beans.factory.config.DependencyDescriptor.resolveCandidate(DependencyDescriptor.java:276)
		at org.springframework.beans.factory.support.DefaultListableBeanFactory.doResolveDependency(DefaultListableBeanFactory.java:1391)
		at org.springframework.beans.factory.support.DefaultListableBeanFactory.resolveDependency(DefaultListableBeanFactory.java:1311)
		at org.springframework.beans.factory.annotation.AutowiredAnnotationBeanPostProcessor$AutowiredFieldElement.resolveFieldValue(AutowiredAnnotationBeanPostProcessor.java:656)
		... 71 more
	Caused by: org.springframework.data.repository.query.QueryCreationException: Could not create query for public abstract java.lang.Integer com.microservices.learn.dao.EmployeeDAO.updateEmployeeSalaryByName(java.lang.Double,java.lang.String); Reason: Failed to create query for method public abstract java.lang.Integer com.microservices.learn.dao.EmployeeDAO.updateEmployeeSalaryByName(java.lang.Double,java.lang.String)! No property 'updateEmployeeSalaryByName' found for type 'EmployeeEntity'; nested exception is java.lang.IllegalArgumentException: Failed to create query for method public abstract java.lang.Integer com.microservices.learn.dao.EmployeeDAO.updateEmployeeSalaryByName(java.lang.Double,java.lang.String)! No property 'updateEmployeeSalaryByName' found for type 'EmployeeEntity'
		at org.springframework.data.repository.query.QueryCreationException.create(QueryCreationException.java:101)
		at org.springframework.data.repository.core.support.QueryExecutorMethodInterceptor.lookupQuery(QueryExecutorMethodInterceptor.java:107)
		at org.springframework.data.repository.core.support.QueryExecutorMethodInterceptor.lambda$mapMethodsToQuery$1(QueryExecutorMethodInterceptor.java:95)
		at java.util.stream.ReferencePipeline$3$1.accept(ReferencePipeline.java:193)
		at java.util.Iterator.forEachRemaining(Iterator.java:116)
		at java.util.Collections$UnmodifiableCollection$1.forEachRemaining(Collections.java:1051)
		at java.util.Spliterators$IteratorSpliterator.forEachRemaining(Spliterators.java:1801)
		at java.util.stream.AbstractPipeline.copyInto(AbstractPipeline.java:482)
		at java.util.stream.AbstractPipeline.wrapAndCopyInto(AbstractPipeline.java:472)
		at java.util.stream.ReduceOps$ReduceOp.evaluateSequential(ReduceOps.java:708)
		at java.util.stream.AbstractPipeline.evaluate(AbstractPipeline.java:234)
		at java.util.stream.ReferencePipeline.collect(ReferencePipeline.java:566)
		at org.springframework.data.repository.core.support.QueryExecutorMethodInterceptor.mapMethodsToQuery(QueryExecutorMethodInterceptor.java:97)
		at org.springframework.data.repository.core.support.QueryExecutorMethodInterceptor.lambda$new$0(QueryExecutorMethodInterceptor.java:87)
		at java.util.Optional.map(Optional.java:215)
		at org.springframework.data.repository.core.support.QueryExecutorMethodInterceptor.<init>(QueryExecutorMethodInterceptor.java:87)
		at org.springframework.data.repository.core.support.RepositoryFactorySupport.getRepository(RepositoryFactorySupport.java:365)
		at org.springframework.data.repository.core.support.RepositoryFactoryBeanSupport.lambda$afterPropertiesSet$5(RepositoryFactoryBeanSupport.java:323)
		at org.springframework.data.util.Lazy.getNullable(Lazy.java:231)
		at org.springframework.data.util.Lazy.get(Lazy.java:115)
		at org.springframework.data.repository.core.support.RepositoryFactoryBeanSupport.afterPropertiesSet(RepositoryFactoryBeanSupport.java:329)
		at org.springframework.data.jpa.repository.support.JpaRepositoryFactoryBean.afterPropertiesSet(JpaRepositoryFactoryBean.java:144)
		at org.springframework.beans.factory.support.AbstractAutowireCapableBeanFactory.invokeInitMethods(AbstractAutowireCapableBeanFactory.java:1863)
		at org.springframework.beans.factory.support.AbstractAutowireCapableBeanFactory.initializeBean(AbstractAutowireCapableBeanFactory.java:1800)
		... 81 more
	Caused by: java.lang.IllegalArgumentException: Failed to create query for method public abstract java.lang.Integer com.microservices.learn.dao.EmployeeDAO.updateEmployeeSalaryByName(java.lang.Double,java.lang.String)! No property 'updateEmployeeSalaryByName' found for type 'EmployeeEntity'
		at org.springframework.data.jpa.repository.query.PartTreeJpaQuery.<init>(PartTreeJpaQuery.java:96)
		at org.springframework.data.jpa.repository.query.JpaQueryLookupStrategy$CreateQueryLookupStrategy.resolveQuery(JpaQueryLookupStrategy.java:119)
		at org.springframework.data.jpa.repository.query.JpaQueryLookupStrategy$CreateIfNotFoundQueryLookupStrategy.resolveQuery(JpaQueryLookupStrategy.java:259)
		at org.springframework.data.jpa.repository.query.JpaQueryLookupStrategy$AbstractQueryLookupStrategy.resolveQuery(JpaQueryLookupStrategy.java:93)
		at org.springframework.data.repository.core.support.QueryExecutorMethodInterceptor.lookupQuery(QueryExecutorMethodInterceptor.java:103)
		... 103 more
	Caused by: org.springframework.data.mapping.PropertyReferenceException: No property 'updateEmployeeSalaryByName' found for type 'EmployeeEntity'
		at org.springframework.data.mapping.PropertyPath.<init>(PropertyPath.java:91)
		at org.springframework.data.mapping.PropertyPath.create(PropertyPath.java:438)
		at org.springframework.data.mapping.PropertyPath.create(PropertyPath.java:414)
		at org.springframework.data.mapping.PropertyPath.lambda$from$0(PropertyPath.java:367)
		at java.util.concurrent.ConcurrentMap.computeIfAbsent(ConcurrentMap.java:324)
		at org.springframework.data.mapping.PropertyPath.from(PropertyPath.java:349)
		at org.springframework.data.mapping.PropertyPath.from(PropertyPath.java:332)
		at org.springframework.data.repository.query.parser.Part.<init>(Part.java:81)
		at org.springframework.data.repository.query.parser.PartTree$OrPart.lambda$new$0(PartTree.java:250)
		at java.util.stream.ReferencePipeline$3$1.accept(ReferencePipeline.java:193)
		at java.util.stream.ReferencePipeline$2$1.accept(ReferencePipeline.java:175)
		at java.util.Spliterators$ArraySpliterator.forEachRemaining(Spliterators.java:948)
		at java.util.stream.AbstractPipeline.copyInto(AbstractPipeline.java:482)
		at java.util.stream.AbstractPipeline.wrapAndCopyInto(AbstractPipeline.java:472)
		at java.util.stream.ReduceOps$ReduceOp.evaluateSequential(ReduceOps.java:708)
		at java.util.stream.AbstractPipeline.evaluate(AbstractPipeline.java:234)
		at java.util.stream.ReferencePipeline.collect(ReferencePipeline.java:566)
		at org.springframework.data.repository.query.parser.PartTree$OrPart.<init>(PartTree.java:251)
		at org.springframework.data.repository.query.parser.PartTree$Predicate.lambda$new$0(PartTree.java:384)
		at java.util.stream.ReferencePipeline$3$1.accept(ReferencePipeline.java:193)
		at java.util.stream.ReferencePipeline$2$1.accept(ReferencePipeline.java:175)
		at java.util.Spliterators$ArraySpliterator.forEachRemaining(Spliterators.java:948)
		at java.util.stream.AbstractPipeline.copyInto(AbstractPipeline.java:482)
		at java.util.stream.AbstractPipeline.wrapAndCopyInto(AbstractPipeline.java:472)
		at java.util.stream.ReduceOps$ReduceOp.evaluateSequential(ReduceOps.java:708)
		at java.util.stream.AbstractPipeline.evaluate(AbstractPipeline.java:234)
		at java.util.stream.ReferencePipeline.collect(ReferencePipeline.java:566)
		at org.springframework.data.repository.query.parser.PartTree$Predicate.<init>(PartTree.java:385)
		at org.springframework.data.repository.query.parser.PartTree.<init>(PartTree.java:93)
		at org.springframework.data.jpa.repository.query.PartTreeJpaQuery.<init>(PartTreeJpaQuery.java:89)
		... 107 more
01-Apr-2026 02:34:57.126 SEVERE [main] org.apache.catalina.core.StandardContext.startInternal One or more listeners failed to start. Full details will be found in the appropriate container log file
01-Apr-2026 02:34:57.143 SEVERE [main] org.apache.catalina.core.StandardContext.startInternal Context [/employee-service] startup failed due to previous errors
01-Apr-2026 02:34:57.157 WARNING [main] org.apache.catalina.loader.WebappClassLoaderBase.clearReferencesJdbc The web application [employee-service] registered the JDBC driver [com.mysql.cj.jdbc.Driver] but failed to unregister it when the web application was stopped. To prevent a memory leak, the JDBC Driver has been forcibly unregistered.
01-Apr-2026 02:34:57.158 WARNING [main] org.apache.catalina.loader.WebappClassLoaderBase.clearReferencesThreads The web application [employee-service] appears to have started a thread named [mysql-cj-abandoned-connection-cleanup] but has failed to stop it. This is very likely to create a memory leak. Stack trace of thread:
 java.lang.Object.wait(Native Method)
 java.lang.ref.ReferenceQueue.remove(ReferenceQueue.java:144)
 com.mysql.cj.jdbc.AbandonedConnectionCleanupThread.run(AbandonedConnectionCleanupThread.java:91)
 java.util.concurrent.ThreadPoolExecutor.runWorker(ThreadPoolExecutor.java:1149)
 java.util.concurrent.ThreadPoolExecutor$Worker.run(ThreadPoolExecutor.java:624)
 java.lang.Thread.run(Thread.java:750)
01-Apr-2026 02:34:57.164 INFO [main] org.apache.catalina.startup.HostConfig.deployDirectory Deployment of web application directory [/Users/motocycopath/Desktop/java-full-stack-training/00-microservices-00/apache-tomcat-9.0.116/webapps/employee-service] has finished in [4,444] ms
01-Apr-2026 02:34:57.165 INFO [main] org.apache.catalina.startup.HostConfig.deployDirectory Deploying web application directory [/Users/motocycopath/Desktop/java-full-stack-training/00-microservices-00/apache-tomcat-9.0.116/webapps/docs]
01-Apr-2026 02:34:57.253 INFO [main] org.apache.catalina.startup.HostConfig.deployDirectory Deployment of web application directory [/Users/motocycopath/Desktop/java-full-stack-training/00-microservices-00/apache-tomcat-9.0.116/webapps/docs] has finished in [87] ms
01-Apr-2026 02:34:57.254 INFO [main] org.apache.catalina.startup.HostConfig.deployDirectory Deploying web application directory [/Users/motocycopath/Desktop/java-full-stack-training/00-microservices-00/apache-tomcat-9.0.116/webapps/manager]
01-Apr-2026 02:34:57.291 INFO [main] org.apache.catalina.startup.HostConfig.deployDirectory Deployment of web application directory [/Users/motocycopath/Desktop/java-full-stack-training/00-microservices-00/apache-tomcat-9.0.116/webapps/manager] has finished in [37] ms
01-Apr-2026 02:34:57.292 INFO [main] org.apache.catalina.startup.HostConfig.deployDirectory Deploying web application directory [/Users/motocycopath/Desktop/java-full-stack-training/00-microservices-00/apache-tomcat-9.0.116/webapps/examples]
01-Apr-2026 02:34:57.603 INFO [main] org.apache.catalina.startup.HostConfig.deployDirectory Deployment of web application directory [/Users/motocycopath/Desktop/java-full-stack-training/00-microservices-00/apache-tomcat-9.0.116/webapps/examples] has finished in [311] ms
01-Apr-2026 02:34:57.603 INFO [main] org.apache.catalina.startup.HostConfig.deployDirectory Deploying web application directory [/Users/motocycopath/Desktop/java-full-stack-training/00-microservices-00/apache-tomcat-9.0.116/webapps/ROOT]
01-Apr-2026 02:34:57.627 INFO [main] org.apache.catalina.startup.HostConfig.deployDirectory Deployment of web application directory [/Users/motocycopath/Desktop/java-full-stack-training/00-microservices-00/apache-tomcat-9.0.116/webapps/ROOT] has finished in [24] ms
01-Apr-2026 02:34:57.628 INFO [main] org.apache.catalina.startup.HostConfig.deployDirectory Deploying web application directory [/Users/motocycopath/Desktop/java-full-stack-training/00-microservices-00/apache-tomcat-9.0.116/webapps/host-manager]
01-Apr-2026 02:34:57.655 INFO [main] org.apache.catalina.startup.HostConfig.deployDirectory Deployment of web application directory [/Users/motocycopath/Desktop/java-full-stack-training/00-microservices-00/apache-tomcat-9.0.116/webapps/host-manager] has finished in [27] ms
01-Apr-2026 02:34:57.659 INFO [main] org.apache.coyote.AbstractProtocol.start Starting ProtocolHandler ["http-nio-8080"]
01-Apr-2026 02:34:57.672 INFO [main] org.apache.catalina.startup.Catalina.start Server startup in [5046] milliseconds
01-Apr-2026 02:35:00.157 INFO [mysql-cj-abandoned-connection-cleanup] org.apache.catalina.loader.WebappClassLoaderBase.checkStateForResourceLoading Illegal access: this web application instance has been stopped already. Could not load []. The following stack trace is thrown for debugging purposes as well as to attempt to terminate the thread which caused the illegal access.
	java.lang.IllegalStateException: Illegal access: this web application instance has been stopped already. Could not load []. The following stack trace is thrown for debugging purposes as well as to attempt to terminate the thread which caused the illegal access.
		at org.apache.catalina.loader.WebappClassLoaderBase.checkStateForResourceLoading(WebappClassLoaderBase.java:1370)
		at org.apache.catalina.loader.WebappClassLoaderBase.getResource(WebappClassLoaderBase.java:994)
		at com.mysql.cj.jdbc.AbandonedConnectionCleanupThread.checkThreadContextClassLoader(AbandonedConnectionCleanupThread.java:123)
		at com.mysql.cj.jdbc.AbandonedConnectionCleanupThread.run(AbandonedConnectionCleanupThread.java:90)
		at java.util.concurrent.ThreadPoolExecutor.runWorker(ThreadPoolExecutor.java:1149)
		at java.util.concurrent.ThreadPoolExecutor$Worker.run(ThreadPoolExecutor.java:624)
		at java.lang.Thread.run(Thread.java:750)
01-Apr-2026 02:37:38.799 INFO [main] org.apache.catalina.core.StandardServer.await A valid shutdown command was received via the shutdown port. Stopping the Server instance.
01-Apr-2026 02:37:38.804 INFO [main] org.apache.coyote.AbstractProtocol.pause Pausing ProtocolHandler ["http-nio-8080"]
01-Apr-2026 02:37:38.811 INFO [main] org.apache.catalina.core.StandardService.stopInternal Stopping service [Catalina]
01-Apr-2026 02:37:38.846 INFO [main] org.apache.coyote.AbstractProtocol.stop Stopping ProtocolHandler ["http-nio-8080"]
01-Apr-2026 02:37:38.855 INFO [main] org.apache.coyote.AbstractProtocol.destroy Destroying ProtocolHandler ["http-nio-8080"]
01-Apr-2026 02:37:45.892 INFO [main] org.apache.catalina.startup.VersionLoggerListener.log Server version name:   Apache Tomcat/9.0.116
01-Apr-2026 02:37:45.898 INFO [main] org.apache.catalina.startup.VersionLoggerListener.log Server built:          Mar 16 2026 15:05:42 UTC
01-Apr-2026 02:37:45.898 INFO [main] org.apache.catalina.startup.VersionLoggerListener.log Server version number: 9.0.116.0
01-Apr-2026 02:37:45.898 INFO [main] org.apache.catalina.startup.VersionLoggerListener.log OS Name:               Mac OS X
01-Apr-2026 02:37:45.898 INFO [main] org.apache.catalina.startup.VersionLoggerListener.log OS Version:            15.5
01-Apr-2026 02:37:45.898 INFO [main] org.apache.catalina.startup.VersionLoggerListener.log Architecture:          x86_64
01-Apr-2026 02:37:45.898 INFO [main] org.apache.catalina.startup.VersionLoggerListener.log Java Home:             /Library/Java/JavaVirtualMachines/temurin-8.jdk/Contents/Home/jre
01-Apr-2026 02:37:45.899 INFO [main] org.apache.catalina.startup.VersionLoggerListener.log JVM Version:           1.8.0_482-b08
01-Apr-2026 02:37:45.900 INFO [main] org.apache.catalina.startup.VersionLoggerListener.log JVM Vendor:            Temurin
01-Apr-2026 02:37:45.900 INFO [main] org.apache.catalina.startup.VersionLoggerListener.log CATALINA_BASE:         /Users/motocycopath/Desktop/java-full-stack-training/00-microservices-00/apache-tomcat-9.0.116
01-Apr-2026 02:37:45.900 INFO [main] org.apache.catalina.startup.VersionLoggerListener.log CATALINA_HOME:         /Users/motocycopath/Desktop/java-full-stack-training/00-microservices-00/apache-tomcat-9.0.116
01-Apr-2026 02:37:45.903 INFO [main] org.apache.catalina.startup.VersionLoggerListener.log Command line argument: -Djava.util.logging.config.file=/Users/motocycopath/Desktop/java-full-stack-training/00-microservices-00/apache-tomcat-9.0.116/conf/logging.properties
01-Apr-2026 02:37:45.903 INFO [main] org.apache.catalina.startup.VersionLoggerListener.log Command line argument: -Djava.util.logging.manager=org.apache.juli.ClassLoaderLogManager
01-Apr-2026 02:37:45.903 INFO [main] org.apache.catalina.startup.VersionLoggerListener.log Command line argument: -Djdk.tls.ephemeralDHKeySize=2048
01-Apr-2026 02:37:45.903 INFO [main] org.apache.catalina.startup.VersionLoggerListener.log Command line argument: -Djava.protocol.handler.pkgs=org.apache.catalina.webresources
01-Apr-2026 02:37:45.903 INFO [main] org.apache.catalina.startup.VersionLoggerListener.log Command line argument: -Dsun.io.useCanonCaches=false
01-Apr-2026 02:37:45.903 INFO [main] org.apache.catalina.startup.VersionLoggerListener.log Command line argument: -Dorg.apache.catalina.security.SecurityListener.UMASK=0027
01-Apr-2026 02:37:45.903 INFO [main] org.apache.catalina.startup.VersionLoggerListener.log Command line argument: -Dignore.endorsed.dirs=
01-Apr-2026 02:37:45.903 INFO [main] org.apache.catalina.startup.VersionLoggerListener.log Command line argument: -Dcatalina.base=/Users/motocycopath/Desktop/java-full-stack-training/00-microservices-00/apache-tomcat-9.0.116
01-Apr-2026 02:37:45.903 INFO [main] org.apache.catalina.startup.VersionLoggerListener.log Command line argument: -Dcatalina.home=/Users/motocycopath/Desktop/java-full-stack-training/00-microservices-00/apache-tomcat-9.0.116
01-Apr-2026 02:37:45.903 INFO [main] org.apache.catalina.startup.VersionLoggerListener.log Command line argument: -Djava.io.tmpdir=/Users/motocycopath/Desktop/java-full-stack-training/00-microservices-00/apache-tomcat-9.0.116/temp
01-Apr-2026 02:37:45.906 INFO [main] org.apache.catalina.core.AprLifecycleListener.lifecycleEvent The Apache Tomcat Native library which allows using OpenSSL was not found on the java.library.path: [/Users/motocycopath/Library/Java/Extensions:/Library/Java/Extensions:/Network/Library/Java/Extensions:/System/Library/Java/Extensions:/usr/lib/java:.]
01-Apr-2026 02:37:46.350 INFO [main] org.apache.coyote.AbstractProtocol.init Initializing ProtocolHandler ["http-nio-8080"]
01-Apr-2026 02:37:46.389 INFO [main] org.apache.catalina.startup.Catalina.load Server initialization in [705] milliseconds
01-Apr-2026 02:37:46.475 INFO [main] org.apache.catalina.core.StandardService.startInternal Starting service [Catalina]
01-Apr-2026 02:37:46.475 INFO [main] org.apache.catalina.core.StandardEngine.startInternal Starting Servlet engine: [Apache Tomcat/9.0.116]
01-Apr-2026 02:37:46.481 INFO [main] org.apache.catalina.startup.HostConfig.deployDirectory Deploying web application directory [/Users/motocycopath/Desktop/java-full-stack-training/00-microservices-00/apache-tomcat-9.0.116/webapps/employee-service]
01-Apr-2026 02:37:48.153 INFO [main] org.apache.jasper.servlet.TldScanner.scanJars At least one JAR was scanned for TLDs yet contained no TLDs. Enable debug logging for this logger for a complete list of JARs that were scanned but no TLDs were found in them. Skipping unneeded JARs during scanning can improve startup time and JSP compilation time.
01-Apr-2026 02:37:48.182 INFO [main] org.springframework.web.context.ContextLoader.initWebApplicationContext Root WebApplicationContext: initialization started
01-Apr-2026 02:37:48.791 INFO [main] org.springframework.data.repository.config.RepositoryConfigurationDelegate.registerRepositoriesIn Bootstrapping Spring Data JPA repositories in DEFAULT mode.
01-Apr-2026 02:37:48.902 INFO [main] org.springframework.data.repository.config.RepositoryConfigurationDelegate.registerRepositoriesIn Finished Spring Data repository scanning in 95 ms. Found 1 JPA repository interfaces.
01-Apr-2026 02:37:48.904 INFO [main] org.springframework.data.repository.config.RepositoryConfigurationDelegate.registerRepositoriesIn Bootstrapping Spring Data JPA repositories in DEFAULT mode.
01-Apr-2026 02:37:48.912 INFO [main] org.springframework.data.repository.config.RepositoryConfigurationDelegate.registerRepositoriesIn Finished Spring Data repository scanning in 7 ms. Found 1 JPA repository interfaces.
01-Apr-2026 02:37:49.275 INFO [main] org.hibernate.jpa.internal.util.LogHelper.logPersistenceUnitInformation HHH000204: Processing PersistenceUnitInfo [
	name: default
	...]
01-Apr-2026 02:37:49.347 INFO [main] org.hibernate.Version.logVersion HHH000412: Hibernate Core {5.2.8.Final}
01-Apr-2026 02:37:49.349 INFO [main] org.hibernate.cfg.Environment.<clinit> HHH000206: hibernate.properties not found
01-Apr-2026 02:37:49.388 INFO [main] org.hibernate.annotations.common.reflection.java.JavaReflectionManager.<clinit> HCANN000001: Hibernate Commons Annotations {5.0.1.Final}
01-Apr-2026 02:37:49.864 INFO [main] org.hibernate.dialect.Dialect.<init> HHH000400: Using dialect: org.hibernate.dialect.MySQLDialect
01-Apr-2026 02:37:50.406 INFO [main] org.springframework.orm.jpa.AbstractEntityManagerFactoryBean.buildNativeEntityManagerFactory Initialized JPA EntityManagerFactory for persistence unit 'default'
01-Apr-2026 02:37:50.929 WARNING [main] org.springframework.context.support.AbstractApplicationContext.refresh Exception encountered during context initialization - cancelling refresh attempt: org.springframework.beans.factory.UnsatisfiedDependencyException: Error creating bean with name 'employeeServiceImpl': Unsatisfied dependency expressed through field 'employeeDAOWrapper'; nested exception is org.springframework.beans.factory.UnsatisfiedDependencyException: Error creating bean with name 'employeeDAOWrapper': Unsatisfied dependency expressed through field 'employeeDAO'; nested exception is org.springframework.beans.factory.BeanCreationException: Error creating bean with name 'employeeDAO' defined in com.microservices.learn.dao.EmployeeDAO defined in : Invocation of init method failed; nested exception is org.springframework.data.repository.query.QueryCreationException: Could not create query for public abstract java.lang.Integer com.microservices.learn.dao.EmployeeDAO.updateEmployeeSalaryByName(java.lang.Double,java.lang.String); Reason: Failed to create query for method public abstract java.lang.Integer com.microservices.learn.dao.EmployeeDAO.updateEmployeeSalaryByName(java.lang.Double,java.lang.String)! No property 'updateEmployeeSalaryByName' found for type 'EmployeeEntity'; nested exception is java.lang.IllegalArgumentException: Failed to create query for method public abstract java.lang.Integer com.microservices.learn.dao.EmployeeDAO.updateEmployeeSalaryByName(java.lang.Double,java.lang.String)! No property 'updateEmployeeSalaryByName' found for type 'EmployeeEntity'
01-Apr-2026 02:37:50.931 INFO [main] org.springframework.orm.jpa.AbstractEntityManagerFactoryBean.destroy Closing JPA EntityManagerFactory for persistence unit 'default'
01-Apr-2026 02:37:50.933 SEVERE [main] org.springframework.web.context.ContextLoader.initWebApplicationContext Context initialization failed
	org.springframework.beans.factory.UnsatisfiedDependencyException: Error creating bean with name 'employeeServiceImpl': Unsatisfied dependency expressed through field 'employeeDAOWrapper'; nested exception is org.springframework.beans.factory.UnsatisfiedDependencyException: Error creating bean with name 'employeeDAOWrapper': Unsatisfied dependency expressed through field 'employeeDAO'; nested exception is org.springframework.beans.factory.BeanCreationException: Error creating bean with name 'employeeDAO' defined in com.microservices.learn.dao.EmployeeDAO defined in : Invocation of init method failed; nested exception is org.springframework.data.repository.query.QueryCreationException: Could not create query for public abstract java.lang.Integer com.microservices.learn.dao.EmployeeDAO.updateEmployeeSalaryByName(java.lang.Double,java.lang.String); Reason: Failed to create query for method public abstract java.lang.Integer com.microservices.learn.dao.EmployeeDAO.updateEmployeeSalaryByName(java.lang.Double,java.lang.String)! No property 'updateEmployeeSalaryByName' found for type 'EmployeeEntity'; nested exception is java.lang.IllegalArgumentException: Failed to create query for method public abstract java.lang.Integer com.microservices.learn.dao.EmployeeDAO.updateEmployeeSalaryByName(java.lang.Double,java.lang.String)! No property 'updateEmployeeSalaryByName' found for type 'EmployeeEntity'
		at org.springframework.beans.factory.annotation.AutowiredAnnotationBeanPostProcessor$AutowiredFieldElement.resolveFieldValue(AutowiredAnnotationBeanPostProcessor.java:659)
		at org.springframework.beans.factory.annotation.AutowiredAnnotationBeanPostProcessor$AutowiredFieldElement.inject(AutowiredAnnotationBeanPostProcessor.java:639)
		at org.springframework.beans.factory.annotation.InjectionMetadata.inject(InjectionMetadata.java:119)
		at org.springframework.beans.factory.annotation.AutowiredAnnotationBeanPostProcessor.postProcessProperties(AutowiredAnnotationBeanPostProcessor.java:399)
		at org.springframework.beans.factory.support.AbstractAutowireCapableBeanFactory.populateBean(AbstractAutowireCapableBeanFactory.java:1431)
		at org.springframework.beans.factory.support.AbstractAutowireCapableBeanFactory.doCreateBean(AbstractAutowireCapableBeanFactory.java:619)
		at org.springframework.beans.factory.support.AbstractAutowireCapableBeanFactory.createBean(AbstractAutowireCapableBeanFactory.java:542)
		at org.springframework.beans.factory.support.AbstractBeanFactory.lambda$doGetBean$0(AbstractBeanFactory.java:335)
		at org.springframework.beans.factory.support.DefaultSingletonBeanRegistry.getSingleton(DefaultSingletonBeanRegistry.java:234)
		at org.springframework.beans.factory.support.AbstractBeanFactory.doGetBean(AbstractBeanFactory.java:333)
		at org.springframework.beans.factory.support.AbstractBeanFactory.getBean(AbstractBeanFactory.java:208)
		at org.springframework.beans.factory.support.DefaultListableBeanFactory.preInstantiateSingletons(DefaultListableBeanFactory.java:955)
		at org.springframework.context.support.AbstractApplicationContext.finishBeanFactoryInitialization(AbstractApplicationContext.java:918)
		at org.springframework.context.support.AbstractApplicationContext.refresh(AbstractApplicationContext.java:583)
		at org.springframework.web.context.ContextLoader.configureAndRefreshWebApplicationContext(ContextLoader.java:401)
		at org.springframework.web.context.ContextLoader.initWebApplicationContext(ContextLoader.java:292)
		at org.springframework.web.context.ContextLoaderListener.contextInitialized(ContextLoaderListener.java:103)
		at org.apache.catalina.core.StandardContext.listenerStart(StandardContext.java:4047)
		at org.apache.catalina.core.StandardContext.startInternal(StandardContext.java:4489)
		at org.apache.catalina.util.LifecycleBase.start(LifecycleBase.java:164)
		at org.apache.catalina.core.ContainerBase.addChildInternal(ContainerBase.java:597)
		at org.apache.catalina.core.ContainerBase.addChild(ContainerBase.java:569)
		at org.apache.catalina.core.StandardHost.addChild(StandardHost.java:608)
		at org.apache.catalina.startup.HostConfig.deployDirectory(HostConfig.java:1171)
		at org.apache.catalina.startup.HostConfig$DeployDirectory.run(HostConfig.java:1880)
		at java.util.concurrent.Executors$RunnableAdapter.call(Executors.java:511)
		at java.util.concurrent.FutureTask.run(FutureTask.java:266)
		at org.apache.tomcat.util.threads.InlineExecutorService.execute(InlineExecutorService.java:82)
		at java.util.concurrent.AbstractExecutorService.submit(AbstractExecutorService.java:112)
		at org.apache.catalina.startup.HostConfig.deployDirectories(HostConfig.java:1082)
		at org.apache.catalina.startup.HostConfig.deployApps(HostConfig.java:467)
		at org.apache.catalina.startup.HostConfig.start(HostConfig.java:1576)
		at org.apache.catalina.startup.HostConfig.lifecycleEvent(HostConfig.java:309)
		at org.apache.catalina.util.LifecycleBase.fireLifecycleEvent(LifecycleBase.java:109)
		at org.apache.catalina.util.LifecycleBase.setStateInternal(LifecycleBase.java:389)
		at org.apache.catalina.util.LifecycleBase.setState(LifecycleBase.java:336)
		at org.apache.catalina.core.ContainerBase.startInternal(ContainerBase.java:774)
		at org.apache.catalina.core.StandardHost.startInternal(StandardHost.java:726)
		at org.apache.catalina.util.LifecycleBase.start(LifecycleBase.java:164)
		at org.apache.catalina.core.ContainerBase$StartChild.call(ContainerBase.java:1201)
		at org.apache.catalina.core.ContainerBase$StartChild.call(ContainerBase.java:1191)
		at java.util.concurrent.FutureTask.run(FutureTask.java:266)
		at org.apache.tomcat.util.threads.InlineExecutorService.execute(InlineExecutorService.java:82)
		at java.util.concurrent.AbstractExecutorService.submit(AbstractExecutorService.java:134)
		at org.apache.catalina.core.ContainerBase.startInternal(ContainerBase.java:747)
		at org.apache.catalina.core.StandardEngine.startInternal(StandardEngine.java:209)
		at org.apache.catalina.util.LifecycleBase.start(LifecycleBase.java:164)
		at org.apache.catalina.core.StandardService.startInternal(StandardService.java:410)
		at org.apache.catalina.util.LifecycleBase.start(LifecycleBase.java:164)
		at org.apache.catalina.core.StandardServer.startInternal(StandardServer.java:872)
		at org.apache.catalina.util.LifecycleBase.start(LifecycleBase.java:164)
		at org.apache.catalina.startup.Catalina.start(Catalina.java:736)
		at sun.reflect.NativeMethodAccessorImpl.invoke0(Native Method)
		at sun.reflect.NativeMethodAccessorImpl.invoke(NativeMethodAccessorImpl.java:62)
		at sun.reflect.DelegatingMethodAccessorImpl.invoke(DelegatingMethodAccessorImpl.java:43)
		at java.lang.reflect.Method.invoke(Method.java:498)
		at org.apache.catalina.startup.Bootstrap.start(Bootstrap.java:342)
		at org.apache.catalina.startup.Bootstrap.main(Bootstrap.java:473)
	Caused by: org.springframework.beans.factory.UnsatisfiedDependencyException: Error creating bean with name 'employeeDAOWrapper': Unsatisfied dependency expressed through field 'employeeDAO'; nested exception is org.springframework.beans.factory.BeanCreationException: Error creating bean with name 'employeeDAO' defined in com.microservices.learn.dao.EmployeeDAO defined in : Invocation of init method failed; nested exception is org.springframework.data.repository.query.QueryCreationException: Could not create query for public abstract java.lang.Integer com.microservices.learn.dao.EmployeeDAO.updateEmployeeSalaryByName(java.lang.Double,java.lang.String); Reason: Failed to create query for method public abstract java.lang.Integer com.microservices.learn.dao.EmployeeDAO.updateEmployeeSalaryByName(java.lang.Double,java.lang.String)! No property 'updateEmployeeSalaryByName' found for type 'EmployeeEntity'; nested exception is java.lang.IllegalArgumentException: Failed to create query for method public abstract java.lang.Integer com.microservices.learn.dao.EmployeeDAO.updateEmployeeSalaryByName(java.lang.Double,java.lang.String)! No property 'updateEmployeeSalaryByName' found for type 'EmployeeEntity'
		at org.springframework.beans.factory.annotation.AutowiredAnnotationBeanPostProcessor$AutowiredFieldElement.resolveFieldValue(AutowiredAnnotationBeanPostProcessor.java:659)
		at org.springframework.beans.factory.annotation.AutowiredAnnotationBeanPostProcessor$AutowiredFieldElement.inject(AutowiredAnnotationBeanPostProcessor.java:639)
		at org.springframework.beans.factory.annotation.InjectionMetadata.inject(InjectionMetadata.java:119)
		at org.springframework.beans.factory.annotation.AutowiredAnnotationBeanPostProcessor.postProcessProperties(AutowiredAnnotationBeanPostProcessor.java:399)
		at org.springframework.beans.factory.support.AbstractAutowireCapableBeanFactory.populateBean(AbstractAutowireCapableBeanFactory.java:1431)
		at org.springframework.beans.factory.support.AbstractAutowireCapableBeanFactory.doCreateBean(AbstractAutowireCapableBeanFactory.java:619)
		at org.springframework.beans.factory.support.AbstractAutowireCapableBeanFactory.createBean(AbstractAutowireCapableBeanFactory.java:542)
		at org.springframework.beans.factory.support.AbstractBeanFactory.lambda$doGetBean$0(AbstractBeanFactory.java:335)
		at org.springframework.beans.factory.support.DefaultSingletonBeanRegistry.getSingleton(DefaultSingletonBeanRegistry.java:234)
		at org.springframework.beans.factory.support.AbstractBeanFactory.doGetBean(AbstractBeanFactory.java:333)
		at org.springframework.beans.factory.support.AbstractBeanFactory.getBean(AbstractBeanFactory.java:208)
		at org.springframework.beans.factory.config.DependencyDescriptor.resolveCandidate(DependencyDescriptor.java:276)
		at org.springframework.beans.factory.support.DefaultListableBeanFactory.doResolveDependency(DefaultListableBeanFactory.java:1391)
		at org.springframework.beans.factory.support.DefaultListableBeanFactory.resolveDependency(DefaultListableBeanFactory.java:1311)
		at org.springframework.beans.factory.annotation.AutowiredAnnotationBeanPostProcessor$AutowiredFieldElement.resolveFieldValue(AutowiredAnnotationBeanPostProcessor.java:656)
		... 57 more
	Caused by: org.springframework.beans.factory.BeanCreationException: Error creating bean with name 'employeeDAO' defined in com.microservices.learn.dao.EmployeeDAO defined in : Invocation of init method failed; nested exception is org.springframework.data.repository.query.QueryCreationException: Could not create query for public abstract java.lang.Integer com.microservices.learn.dao.EmployeeDAO.updateEmployeeSalaryByName(java.lang.Double,java.lang.String); Reason: Failed to create query for method public abstract java.lang.Integer com.microservices.learn.dao.EmployeeDAO.updateEmployeeSalaryByName(java.lang.Double,java.lang.String)! No property 'updateEmployeeSalaryByName' found for type 'EmployeeEntity'; nested exception is java.lang.IllegalArgumentException: Failed to create query for method public abstract java.lang.Integer com.microservices.learn.dao.EmployeeDAO.updateEmployeeSalaryByName(java.lang.Double,java.lang.String)! No property 'updateEmployeeSalaryByName' found for type 'EmployeeEntity'
		at org.springframework.beans.factory.support.AbstractAutowireCapableBeanFactory.initializeBean(AbstractAutowireCapableBeanFactory.java:1804)
		at org.springframework.beans.factory.support.AbstractAutowireCapableBeanFactory.doCreateBean(AbstractAutowireCapableBeanFactory.java:620)
		at org.springframework.beans.factory.support.AbstractAutowireCapableBeanFactory.createBean(AbstractAutowireCapableBeanFactory.java:542)
		at org.springframework.beans.factory.support.AbstractBeanFactory.lambda$doGetBean$0(AbstractBeanFactory.java:335)
		at org.springframework.beans.factory.support.DefaultSingletonBeanRegistry.getSingleton(DefaultSingletonBeanRegistry.java:234)
		at org.springframework.beans.factory.support.AbstractBeanFactory.doGetBean(AbstractBeanFactory.java:333)
		at org.springframework.beans.factory.support.AbstractBeanFactory.getBean(AbstractBeanFactory.java:208)
		at org.springframework.beans.factory.config.DependencyDescriptor.resolveCandidate(DependencyDescriptor.java:276)
		at org.springframework.beans.factory.support.DefaultListableBeanFactory.doResolveDependency(DefaultListableBeanFactory.java:1391)
		at org.springframework.beans.factory.support.DefaultListableBeanFactory.resolveDependency(DefaultListableBeanFactory.java:1311)
		at org.springframework.beans.factory.annotation.AutowiredAnnotationBeanPostProcessor$AutowiredFieldElement.resolveFieldValue(AutowiredAnnotationBeanPostProcessor.java:656)
		... 71 more
	Caused by: org.springframework.data.repository.query.QueryCreationException: Could not create query for public abstract java.lang.Integer com.microservices.learn.dao.EmployeeDAO.updateEmployeeSalaryByName(java.lang.Double,java.lang.String); Reason: Failed to create query for method public abstract java.lang.Integer com.microservices.learn.dao.EmployeeDAO.updateEmployeeSalaryByName(java.lang.Double,java.lang.String)! No property 'updateEmployeeSalaryByName' found for type 'EmployeeEntity'; nested exception is java.lang.IllegalArgumentException: Failed to create query for method public abstract java.lang.Integer com.microservices.learn.dao.EmployeeDAO.updateEmployeeSalaryByName(java.lang.Double,java.lang.String)! No property 'updateEmployeeSalaryByName' found for type 'EmployeeEntity'
		at org.springframework.data.repository.query.QueryCreationException.create(QueryCreationException.java:101)
		at org.springframework.data.repository.core.support.QueryExecutorMethodInterceptor.lookupQuery(QueryExecutorMethodInterceptor.java:107)
		at org.springframework.data.repository.core.support.QueryExecutorMethodInterceptor.lambda$mapMethodsToQuery$1(QueryExecutorMethodInterceptor.java:95)
		at java.util.stream.ReferencePipeline$3$1.accept(ReferencePipeline.java:193)
		at java.util.Iterator.forEachRemaining(Iterator.java:116)
		at java.util.Collections$UnmodifiableCollection$1.forEachRemaining(Collections.java:1051)
		at java.util.Spliterators$IteratorSpliterator.forEachRemaining(Spliterators.java:1801)
		at java.util.stream.AbstractPipeline.copyInto(AbstractPipeline.java:482)
		at java.util.stream.AbstractPipeline.wrapAndCopyInto(AbstractPipeline.java:472)
		at java.util.stream.ReduceOps$ReduceOp.evaluateSequential(ReduceOps.java:708)
		at java.util.stream.AbstractPipeline.evaluate(AbstractPipeline.java:234)
		at java.util.stream.ReferencePipeline.collect(ReferencePipeline.java:566)
		at org.springframework.data.repository.core.support.QueryExecutorMethodInterceptor.mapMethodsToQuery(QueryExecutorMethodInterceptor.java:97)
		at org.springframework.data.repository.core.support.QueryExecutorMethodInterceptor.lambda$new$0(QueryExecutorMethodInterceptor.java:87)
		at java.util.Optional.map(Optional.java:215)
		at org.springframework.data.repository.core.support.QueryExecutorMethodInterceptor.<init>(QueryExecutorMethodInterceptor.java:87)
		at org.springframework.data.repository.core.support.RepositoryFactorySupport.getRepository(RepositoryFactorySupport.java:365)
		at org.springframework.data.repository.core.support.RepositoryFactoryBeanSupport.lambda$afterPropertiesSet$5(RepositoryFactoryBeanSupport.java:323)
		at org.springframework.data.util.Lazy.getNullable(Lazy.java:231)
		at org.springframework.data.util.Lazy.get(Lazy.java:115)
		at org.springframework.data.repository.core.support.RepositoryFactoryBeanSupport.afterPropertiesSet(RepositoryFactoryBeanSupport.java:329)
		at org.springframework.data.jpa.repository.support.JpaRepositoryFactoryBean.afterPropertiesSet(JpaRepositoryFactoryBean.java:144)
		at org.springframework.beans.factory.support.AbstractAutowireCapableBeanFactory.invokeInitMethods(AbstractAutowireCapableBeanFactory.java:1863)
		at org.springframework.beans.factory.support.AbstractAutowireCapableBeanFactory.initializeBean(AbstractAutowireCapableBeanFactory.java:1800)
		... 81 more
	Caused by: java.lang.IllegalArgumentException: Failed to create query for method public abstract java.lang.Integer com.microservices.learn.dao.EmployeeDAO.updateEmployeeSalaryByName(java.lang.Double,java.lang.String)! No property 'updateEmployeeSalaryByName' found for type 'EmployeeEntity'
		at org.springframework.data.jpa.repository.query.PartTreeJpaQuery.<init>(PartTreeJpaQuery.java:96)
		at org.springframework.data.jpa.repository.query.JpaQueryLookupStrategy$CreateQueryLookupStrategy.resolveQuery(JpaQueryLookupStrategy.java:119)
		at org.springframework.data.jpa.repository.query.JpaQueryLookupStrategy$CreateIfNotFoundQueryLookupStrategy.resolveQuery(JpaQueryLookupStrategy.java:259)
		at org.springframework.data.jpa.repository.query.JpaQueryLookupStrategy$AbstractQueryLookupStrategy.resolveQuery(JpaQueryLookupStrategy.java:93)
		at org.springframework.data.repository.core.support.QueryExecutorMethodInterceptor.lookupQuery(QueryExecutorMethodInterceptor.java:103)
		... 103 more
	Caused by: org.springframework.data.mapping.PropertyReferenceException: No property 'updateEmployeeSalaryByName' found for type 'EmployeeEntity'
		at org.springframework.data.mapping.PropertyPath.<init>(PropertyPath.java:91)
		at org.springframework.data.mapping.PropertyPath.create(PropertyPath.java:438)
		at org.springframework.data.mapping.PropertyPath.create(PropertyPath.java:414)
		at org.springframework.data.mapping.PropertyPath.lambda$from$0(PropertyPath.java:367)
		at java.util.concurrent.ConcurrentMap.computeIfAbsent(ConcurrentMap.java:324)
		at org.springframework.data.mapping.PropertyPath.from(PropertyPath.java:349)
		at org.springframework.data.mapping.PropertyPath.from(PropertyPath.java:332)
		at org.springframework.data.repository.query.parser.Part.<init>(Part.java:81)
		at org.springframework.data.repository.query.parser.PartTree$OrPart.lambda$new$0(PartTree.java:250)
		at java.util.stream.ReferencePipeline$3$1.accept(ReferencePipeline.java:193)
		at java.util.stream.ReferencePipeline$2$1.accept(ReferencePipeline.java:175)
		at java.util.Spliterators$ArraySpliterator.forEachRemaining(Spliterators.java:948)
		at java.util.stream.AbstractPipeline.copyInto(AbstractPipeline.java:482)
		at java.util.stream.AbstractPipeline.wrapAndCopyInto(AbstractPipeline.java:472)
		at java.util.stream.ReduceOps$ReduceOp.evaluateSequential(ReduceOps.java:708)
		at java.util.stream.AbstractPipeline.evaluate(AbstractPipeline.java:234)
		at java.util.stream.ReferencePipeline.collect(ReferencePipeline.java:566)
		at org.springframework.data.repository.query.parser.PartTree$OrPart.<init>(PartTree.java:251)
		at org.springframework.data.repository.query.parser.PartTree$Predicate.lambda$new$0(PartTree.java:384)
		at java.util.stream.ReferencePipeline$3$1.accept(ReferencePipeline.java:193)
		at java.util.stream.ReferencePipeline$2$1.accept(ReferencePipeline.java:175)
		at java.util.Spliterators$ArraySpliterator.forEachRemaining(Spliterators.java:948)
		at java.util.stream.AbstractPipeline.copyInto(AbstractPipeline.java:482)
		at java.util.stream.AbstractPipeline.wrapAndCopyInto(AbstractPipeline.java:472)
		at java.util.stream.ReduceOps$ReduceOp.evaluateSequential(ReduceOps.java:708)
		at java.util.stream.AbstractPipeline.evaluate(AbstractPipeline.java:234)
		at java.util.stream.ReferencePipeline.collect(ReferencePipeline.java:566)
		at org.springframework.data.repository.query.parser.PartTree$Predicate.<init>(PartTree.java:385)
		at org.springframework.data.repository.query.parser.PartTree.<init>(PartTree.java:93)
		at org.springframework.data.jpa.repository.query.PartTreeJpaQuery.<init>(PartTreeJpaQuery.java:89)
		... 107 more
01-Apr-2026 02:37:50.941 SEVERE [main] org.apache.catalina.core.StandardContext.startInternal One or more listeners failed to start. Full details will be found in the appropriate container log file
01-Apr-2026 02:37:50.953 SEVERE [main] org.apache.catalina.core.StandardContext.startInternal Context [/employee-service] startup failed due to previous errors
01-Apr-2026 02:37:50.970 WARNING [main] org.apache.catalina.loader.WebappClassLoaderBase.clearReferencesJdbc The web application [employee-service] registered the JDBC driver [com.mysql.cj.jdbc.Driver] but failed to unregister it when the web application was stopped. To prevent a memory leak, the JDBC Driver has been forcibly unregistered.
01-Apr-2026 02:37:50.972 WARNING [main] org.apache.catalina.loader.WebappClassLoaderBase.clearReferencesThreads The web application [employee-service] appears to have started a thread named [mysql-cj-abandoned-connection-cleanup] but has failed to stop it. This is very likely to create a memory leak. Stack trace of thread:
 java.lang.Object.wait(Native Method)
 java.lang.ref.ReferenceQueue.remove(ReferenceQueue.java:144)
 com.mysql.cj.jdbc.AbandonedConnectionCleanupThread.run(AbandonedConnectionCleanupThread.java:91)
 java.util.concurrent.ThreadPoolExecutor.runWorker(ThreadPoolExecutor.java:1149)
 java.util.concurrent.ThreadPoolExecutor$Worker.run(ThreadPoolExecutor.java:624)
 java.lang.Thread.run(Thread.java:750)
01-Apr-2026 02:37:50.983 INFO [main] org.apache.catalina.startup.HostConfig.deployDirectory Deployment of web application directory [/Users/motocycopath/Desktop/java-full-stack-training/00-microservices-00/apache-tomcat-9.0.116/webapps/employee-service] has finished in [4,501] ms
01-Apr-2026 02:37:50.985 INFO [main] org.apache.catalina.startup.HostConfig.deployDirectory Deploying web application directory [/Users/motocycopath/Desktop/java-full-stack-training/00-microservices-00/apache-tomcat-9.0.116/webapps/docs]
01-Apr-2026 02:37:51.086 INFO [main] org.apache.catalina.startup.HostConfig.deployDirectory Deployment of web application directory [/Users/motocycopath/Desktop/java-full-stack-training/00-microservices-00/apache-tomcat-9.0.116/webapps/docs] has finished in [100] ms
01-Apr-2026 02:37:51.087 INFO [main] org.apache.catalina.startup.HostConfig.deployDirectory Deploying web application directory [/Users/motocycopath/Desktop/java-full-stack-training/00-microservices-00/apache-tomcat-9.0.116/webapps/manager]
01-Apr-2026 02:37:51.124 INFO [main] org.apache.catalina.startup.HostConfig.deployDirectory Deployment of web application directory [/Users/motocycopath/Desktop/java-full-stack-training/00-microservices-00/apache-tomcat-9.0.116/webapps/manager] has finished in [36] ms
01-Apr-2026 02:37:51.125 INFO [main] org.apache.catalina.startup.HostConfig.deployDirectory Deploying web application directory [/Users/motocycopath/Desktop/java-full-stack-training/00-microservices-00/apache-tomcat-9.0.116/webapps/examples]
01-Apr-2026 02:37:51.402 INFO [main] org.apache.catalina.startup.HostConfig.deployDirectory Deployment of web application directory [/Users/motocycopath/Desktop/java-full-stack-training/00-microservices-00/apache-tomcat-9.0.116/webapps/examples] has finished in [277] ms
01-Apr-2026 02:37:51.403 INFO [main] org.apache.catalina.startup.HostConfig.deployDirectory Deploying web application directory [/Users/motocycopath/Desktop/java-full-stack-training/00-microservices-00/apache-tomcat-9.0.116/webapps/ROOT]
01-Apr-2026 02:37:51.417 INFO [main] org.apache.catalina.startup.HostConfig.deployDirectory Deployment of web application directory [/Users/motocycopath/Desktop/java-full-stack-training/00-microservices-00/apache-tomcat-9.0.116/webapps/ROOT] has finished in [14] ms
01-Apr-2026 02:37:51.417 INFO [main] org.apache.catalina.startup.HostConfig.deployDirectory Deploying web application directory [/Users/motocycopath/Desktop/java-full-stack-training/00-microservices-00/apache-tomcat-9.0.116/webapps/host-manager]
01-Apr-2026 02:37:51.442 INFO [main] org.apache.catalina.startup.HostConfig.deployDirectory Deployment of web application directory [/Users/motocycopath/Desktop/java-full-stack-training/00-microservices-00/apache-tomcat-9.0.116/webapps/host-manager] has finished in [25] ms
01-Apr-2026 02:37:51.446 INFO [main] org.apache.coyote.AbstractProtocol.start Starting ProtocolHandler ["http-nio-8080"]
01-Apr-2026 02:37:51.458 INFO [main] org.apache.catalina.startup.Catalina.start Server startup in [5067] milliseconds
01-Apr-2026 02:37:54.148 INFO [mysql-cj-abandoned-connection-cleanup] org.apache.catalina.loader.WebappClassLoaderBase.checkStateForResourceLoading Illegal access: this web application instance has been stopped already. Could not load []. The following stack trace is thrown for debugging purposes as well as to attempt to terminate the thread which caused the illegal access.
	java.lang.IllegalStateException: Illegal access: this web application instance has been stopped already. Could not load []. The following stack trace is thrown for debugging purposes as well as to attempt to terminate the thread which caused the illegal access.
		at org.apache.catalina.loader.WebappClassLoaderBase.checkStateForResourceLoading(WebappClassLoaderBase.java:1370)
		at org.apache.catalina.loader.WebappClassLoaderBase.getResource(WebappClassLoaderBase.java:994)
		at com.mysql.cj.jdbc.AbandonedConnectionCleanupThread.checkThreadContextClassLoader(AbandonedConnectionCleanupThread.java:123)
		at com.mysql.cj.jdbc.AbandonedConnectionCleanupThread.run(AbandonedConnectionCleanupThread.java:90)
		at java.util.concurrent.ThreadPoolExecutor.runWorker(ThreadPoolExecutor.java:1149)
		at java.util.concurrent.ThreadPoolExecutor$Worker.run(ThreadPoolExecutor.java:624)
		at java.lang.Thread.run(Thread.java:750)
01-Apr-2026 02:40:52.355 INFO [Catalina-utility-2] org.apache.catalina.startup.HostConfig.undeploy Undeploying context [/employee-service]
01-Apr-2026 02:40:58.961 INFO [main] org.apache.catalina.core.StandardServer.await A valid shutdown command was received via the shutdown port. Stopping the Server instance.
01-Apr-2026 02:40:58.962 INFO [main] org.apache.coyote.AbstractProtocol.pause Pausing ProtocolHandler ["http-nio-8080"]
01-Apr-2026 02:40:58.972 INFO [main] org.apache.catalina.core.StandardService.stopInternal Stopping service [Catalina]
01-Apr-2026 02:40:59.004 INFO [main] org.apache.coyote.AbstractProtocol.stop Stopping ProtocolHandler ["http-nio-8080"]
01-Apr-2026 02:40:59.017 INFO [main] org.apache.coyote.AbstractProtocol.destroy Destroying ProtocolHandler ["http-nio-8080"]
01-Apr-2026 02:41:05.948 INFO [main] org.apache.catalina.startup.VersionLoggerListener.log Server version name:   Apache Tomcat/9.0.116
01-Apr-2026 02:41:05.952 INFO [main] org.apache.catalina.startup.VersionLoggerListener.log Server built:          Mar 16 2026 15:05:42 UTC
01-Apr-2026 02:41:05.952 INFO [main] org.apache.catalina.startup.VersionLoggerListener.log Server version number: 9.0.116.0
01-Apr-2026 02:41:05.952 INFO [main] org.apache.catalina.startup.VersionLoggerListener.log OS Name:               Mac OS X
01-Apr-2026 02:41:05.952 INFO [main] org.apache.catalina.startup.VersionLoggerListener.log OS Version:            15.5
01-Apr-2026 02:41:05.952 INFO [main] org.apache.catalina.startup.VersionLoggerListener.log Architecture:          x86_64
01-Apr-2026 02:41:05.952 INFO [main] org.apache.catalina.startup.VersionLoggerListener.log Java Home:             /Library/Java/JavaVirtualMachines/temurin-8.jdk/Contents/Home/jre
01-Apr-2026 02:41:05.952 INFO [main] org.apache.catalina.startup.VersionLoggerListener.log JVM Version:           1.8.0_482-b08
01-Apr-2026 02:41:05.952 INFO [main] org.apache.catalina.startup.VersionLoggerListener.log JVM Vendor:            Temurin
01-Apr-2026 02:41:05.952 INFO [main] org.apache.catalina.startup.VersionLoggerListener.log CATALINA_BASE:         /Users/motocycopath/Desktop/java-full-stack-training/00-microservices-00/apache-tomcat-9.0.116
01-Apr-2026 02:41:05.952 INFO [main] org.apache.catalina.startup.VersionLoggerListener.log CATALINA_HOME:         /Users/motocycopath/Desktop/java-full-stack-training/00-microservices-00/apache-tomcat-9.0.116
01-Apr-2026 02:41:05.958 INFO [main] org.apache.catalina.startup.VersionLoggerListener.log Command line argument: -Djava.util.logging.config.file=/Users/motocycopath/Desktop/java-full-stack-training/00-microservices-00/apache-tomcat-9.0.116/conf/logging.properties
01-Apr-2026 02:41:05.958 INFO [main] org.apache.catalina.startup.VersionLoggerListener.log Command line argument: -Djava.util.logging.manager=org.apache.juli.ClassLoaderLogManager
01-Apr-2026 02:41:05.958 INFO [main] org.apache.catalina.startup.VersionLoggerListener.log Command line argument: -Djdk.tls.ephemeralDHKeySize=2048
01-Apr-2026 02:41:05.958 INFO [main] org.apache.catalina.startup.VersionLoggerListener.log Command line argument: -Djava.protocol.handler.pkgs=org.apache.catalina.webresources
01-Apr-2026 02:41:05.958 INFO [main] org.apache.catalina.startup.VersionLoggerListener.log Command line argument: -Dsun.io.useCanonCaches=false
01-Apr-2026 02:41:05.958 INFO [main] org.apache.catalina.startup.VersionLoggerListener.log Command line argument: -Dorg.apache.catalina.security.SecurityListener.UMASK=0027
01-Apr-2026 02:41:05.958 INFO [main] org.apache.catalina.startup.VersionLoggerListener.log Command line argument: -Dignore.endorsed.dirs=
01-Apr-2026 02:41:05.958 INFO [main] org.apache.catalina.startup.VersionLoggerListener.log Command line argument: -Dcatalina.base=/Users/motocycopath/Desktop/java-full-stack-training/00-microservices-00/apache-tomcat-9.0.116
01-Apr-2026 02:41:05.958 INFO [main] org.apache.catalina.startup.VersionLoggerListener.log Command line argument: -Dcatalina.home=/Users/motocycopath/Desktop/java-full-stack-training/00-microservices-00/apache-tomcat-9.0.116
01-Apr-2026 02:41:05.958 INFO [main] org.apache.catalina.startup.VersionLoggerListener.log Command line argument: -Djava.io.tmpdir=/Users/motocycopath/Desktop/java-full-stack-training/00-microservices-00/apache-tomcat-9.0.116/temp
01-Apr-2026 02:41:05.960 INFO [main] org.apache.catalina.core.AprLifecycleListener.lifecycleEvent The Apache Tomcat Native library which allows using OpenSSL was not found on the java.library.path: [/Users/motocycopath/Library/Java/Extensions:/Library/Java/Extensions:/Network/Library/Java/Extensions:/System/Library/Java/Extensions:/usr/lib/java:.]
01-Apr-2026 02:41:06.392 INFO [main] org.apache.coyote.AbstractProtocol.init Initializing ProtocolHandler ["http-nio-8080"]
01-Apr-2026 02:41:06.431 INFO [main] org.apache.catalina.startup.Catalina.load Server initialization in [651] milliseconds
01-Apr-2026 02:41:06.521 INFO [main] org.apache.catalina.core.StandardService.startInternal Starting service [Catalina]
01-Apr-2026 02:41:06.522 INFO [main] org.apache.catalina.core.StandardEngine.startInternal Starting Servlet engine: [Apache Tomcat/9.0.116]
01-Apr-2026 02:41:06.527 INFO [main] org.apache.catalina.startup.HostConfig.deployDirectory Deploying web application directory [/Users/motocycopath/Desktop/java-full-stack-training/00-microservices-00/apache-tomcat-9.0.116/webapps/employee-service]
01-Apr-2026 02:41:08.079 INFO [main] org.apache.jasper.servlet.TldScanner.scanJars At least one JAR was scanned for TLDs yet contained no TLDs. Enable debug logging for this logger for a complete list of JARs that were scanned but no TLDs were found in them. Skipping unneeded JARs during scanning can improve startup time and JSP compilation time.
01-Apr-2026 02:41:08.117 INFO [main] org.springframework.web.context.ContextLoader.initWebApplicationContext Root WebApplicationContext: initialization started
01-Apr-2026 02:41:08.586 INFO [main] org.springframework.data.repository.config.RepositoryConfigurationDelegate.registerRepositoriesIn Bootstrapping Spring Data JPA repositories in DEFAULT mode.
01-Apr-2026 02:41:08.696 INFO [main] org.springframework.data.repository.config.RepositoryConfigurationDelegate.registerRepositoriesIn Finished Spring Data repository scanning in 95 ms. Found 1 JPA repository interfaces.
01-Apr-2026 02:41:08.698 INFO [main] org.springframework.data.repository.config.RepositoryConfigurationDelegate.registerRepositoriesIn Bootstrapping Spring Data JPA repositories in DEFAULT mode.
01-Apr-2026 02:41:08.706 INFO [main] org.springframework.data.repository.config.RepositoryConfigurationDelegate.registerRepositoriesIn Finished Spring Data repository scanning in 7 ms. Found 1 JPA repository interfaces.
01-Apr-2026 02:41:09.136 INFO [main] org.hibernate.jpa.internal.util.LogHelper.logPersistenceUnitInformation HHH000204: Processing PersistenceUnitInfo [
	name: default
	...]
01-Apr-2026 02:41:09.223 INFO [main] org.hibernate.Version.logVersion HHH000412: Hibernate Core {5.2.8.Final}
01-Apr-2026 02:41:09.236 INFO [main] org.hibernate.cfg.Environment.<clinit> HHH000206: hibernate.properties not found
01-Apr-2026 02:41:09.295 INFO [main] org.hibernate.annotations.common.reflection.java.JavaReflectionManager.<clinit> HCANN000001: Hibernate Commons Annotations {5.0.1.Final}
01-Apr-2026 02:41:09.910 INFO [main] org.hibernate.dialect.Dialect.<init> HHH000400: Using dialect: org.hibernate.dialect.MySQLDialect
01-Apr-2026 02:41:10.584 INFO [main] org.springframework.orm.jpa.AbstractEntityManagerFactoryBean.buildNativeEntityManagerFactory Initialized JPA EntityManagerFactory for persistence unit 'default'
01-Apr-2026 02:41:11.139 WARNING [main] org.springframework.context.support.AbstractApplicationContext.refresh Exception encountered during context initialization - cancelling refresh attempt: org.springframework.beans.factory.UnsatisfiedDependencyException: Error creating bean with name 'employeeServiceImpl': Unsatisfied dependency expressed through field 'employeeDAOWrapper'; nested exception is org.springframework.beans.factory.UnsatisfiedDependencyException: Error creating bean with name 'employeeDAOWrapper': Unsatisfied dependency expressed through field 'employeeDAO'; nested exception is org.springframework.beans.factory.BeanCreationException: Error creating bean with name 'employeeDAO' defined in com.microservices.learn.dao.EmployeeDAO defined in : Invocation of init method failed; nested exception is org.springframework.data.repository.query.QueryCreationException: Could not create query for public abstract java.lang.Integer com.microservices.learn.dao.EmployeeDAO.updateEmployeeSalaryByName(java.lang.Double,java.lang.String); Reason: Failed to create query for method public abstract java.lang.Integer com.microservices.learn.dao.EmployeeDAO.updateEmployeeSalaryByName(java.lang.Double,java.lang.String)! No property 'updateEmployeeSalaryByName' found for type 'EmployeeEntity'; nested exception is java.lang.IllegalArgumentException: Failed to create query for method public abstract java.lang.Integer com.microservices.learn.dao.EmployeeDAO.updateEmployeeSalaryByName(java.lang.Double,java.lang.String)! No property 'updateEmployeeSalaryByName' found for type 'EmployeeEntity'
01-Apr-2026 02:41:11.141 INFO [main] org.springframework.orm.jpa.AbstractEntityManagerFactoryBean.destroy Closing JPA EntityManagerFactory for persistence unit 'default'
01-Apr-2026 02:41:11.145 SEVERE [main] org.springframework.web.context.ContextLoader.initWebApplicationContext Context initialization failed
	org.springframework.beans.factory.UnsatisfiedDependencyException: Error creating bean with name 'employeeServiceImpl': Unsatisfied dependency expressed through field 'employeeDAOWrapper'; nested exception is org.springframework.beans.factory.UnsatisfiedDependencyException: Error creating bean with name 'employeeDAOWrapper': Unsatisfied dependency expressed through field 'employeeDAO'; nested exception is org.springframework.beans.factory.BeanCreationException: Error creating bean with name 'employeeDAO' defined in com.microservices.learn.dao.EmployeeDAO defined in : Invocation of init method failed; nested exception is org.springframework.data.repository.query.QueryCreationException: Could not create query for public abstract java.lang.Integer com.microservices.learn.dao.EmployeeDAO.updateEmployeeSalaryByName(java.lang.Double,java.lang.String); Reason: Failed to create query for method public abstract java.lang.Integer com.microservices.learn.dao.EmployeeDAO.updateEmployeeSalaryByName(java.lang.Double,java.lang.String)! No property 'updateEmployeeSalaryByName' found for type 'EmployeeEntity'; nested exception is java.lang.IllegalArgumentException: Failed to create query for method public abstract java.lang.Integer com.microservices.learn.dao.EmployeeDAO.updateEmployeeSalaryByName(java.lang.Double,java.lang.String)! No property 'updateEmployeeSalaryByName' found for type 'EmployeeEntity'
		at org.springframework.beans.factory.annotation.AutowiredAnnotationBeanPostProcessor$AutowiredFieldElement.resolveFieldValue(AutowiredAnnotationBeanPostProcessor.java:659)
		at org.springframework.beans.factory.annotation.AutowiredAnnotationBeanPostProcessor$AutowiredFieldElement.inject(AutowiredAnnotationBeanPostProcessor.java:639)
		at org.springframework.beans.factory.annotation.InjectionMetadata.inject(InjectionMetadata.java:119)
		at org.springframework.beans.factory.annotation.AutowiredAnnotationBeanPostProcessor.postProcessProperties(AutowiredAnnotationBeanPostProcessor.java:399)
		at org.springframework.beans.factory.support.AbstractAutowireCapableBeanFactory.populateBean(AbstractAutowireCapableBeanFactory.java:1431)
		at org.springframework.beans.factory.support.AbstractAutowireCapableBeanFactory.doCreateBean(AbstractAutowireCapableBeanFactory.java:619)
		at org.springframework.beans.factory.support.AbstractAutowireCapableBeanFactory.createBean(AbstractAutowireCapableBeanFactory.java:542)
		at org.springframework.beans.factory.support.AbstractBeanFactory.lambda$doGetBean$0(AbstractBeanFactory.java:335)
		at org.springframework.beans.factory.support.DefaultSingletonBeanRegistry.getSingleton(DefaultSingletonBeanRegistry.java:234)
		at org.springframework.beans.factory.support.AbstractBeanFactory.doGetBean(AbstractBeanFactory.java:333)
		at org.springframework.beans.factory.support.AbstractBeanFactory.getBean(AbstractBeanFactory.java:208)
		at org.springframework.beans.factory.support.DefaultListableBeanFactory.preInstantiateSingletons(DefaultListableBeanFactory.java:955)
		at org.springframework.context.support.AbstractApplicationContext.finishBeanFactoryInitialization(AbstractApplicationContext.java:918)
		at org.springframework.context.support.AbstractApplicationContext.refresh(AbstractApplicationContext.java:583)
		at org.springframework.web.context.ContextLoader.configureAndRefreshWebApplicationContext(ContextLoader.java:401)
		at org.springframework.web.context.ContextLoader.initWebApplicationContext(ContextLoader.java:292)
		at org.springframework.web.context.ContextLoaderListener.contextInitialized(ContextLoaderListener.java:103)
		at org.apache.catalina.core.StandardContext.listenerStart(StandardContext.java:4047)
		at org.apache.catalina.core.StandardContext.startInternal(StandardContext.java:4489)
		at org.apache.catalina.util.LifecycleBase.start(LifecycleBase.java:164)
		at org.apache.catalina.core.ContainerBase.addChildInternal(ContainerBase.java:597)
		at org.apache.catalina.core.ContainerBase.addChild(ContainerBase.java:569)
		at org.apache.catalina.core.StandardHost.addChild(StandardHost.java:608)
		at org.apache.catalina.startup.HostConfig.deployDirectory(HostConfig.java:1171)
		at org.apache.catalina.startup.HostConfig$DeployDirectory.run(HostConfig.java:1880)
		at java.util.concurrent.Executors$RunnableAdapter.call(Executors.java:511)
		at java.util.concurrent.FutureTask.run(FutureTask.java:266)
		at org.apache.tomcat.util.threads.InlineExecutorService.execute(InlineExecutorService.java:82)
		at java.util.concurrent.AbstractExecutorService.submit(AbstractExecutorService.java:112)
		at org.apache.catalina.startup.HostConfig.deployDirectories(HostConfig.java:1082)
		at org.apache.catalina.startup.HostConfig.deployApps(HostConfig.java:467)
		at org.apache.catalina.startup.HostConfig.start(HostConfig.java:1576)
		at org.apache.catalina.startup.HostConfig.lifecycleEvent(HostConfig.java:309)
		at org.apache.catalina.util.LifecycleBase.fireLifecycleEvent(LifecycleBase.java:109)
		at org.apache.catalina.util.LifecycleBase.setStateInternal(LifecycleBase.java:389)
		at org.apache.catalina.util.LifecycleBase.setState(LifecycleBase.java:336)
		at org.apache.catalina.core.ContainerBase.startInternal(ContainerBase.java:774)
		at org.apache.catalina.core.StandardHost.startInternal(StandardHost.java:726)
		at org.apache.catalina.util.LifecycleBase.start(LifecycleBase.java:164)
		at org.apache.catalina.core.ContainerBase$StartChild.call(ContainerBase.java:1201)
		at org.apache.catalina.core.ContainerBase$StartChild.call(ContainerBase.java:1191)
		at java.util.concurrent.FutureTask.run(FutureTask.java:266)
		at org.apache.tomcat.util.threads.InlineExecutorService.execute(InlineExecutorService.java:82)
		at java.util.concurrent.AbstractExecutorService.submit(AbstractExecutorService.java:134)
		at org.apache.catalina.core.ContainerBase.startInternal(ContainerBase.java:747)
		at org.apache.catalina.core.StandardEngine.startInternal(StandardEngine.java:209)
		at org.apache.catalina.util.LifecycleBase.start(LifecycleBase.java:164)
		at org.apache.catalina.core.StandardService.startInternal(StandardService.java:410)
		at org.apache.catalina.util.LifecycleBase.start(LifecycleBase.java:164)
		at org.apache.catalina.core.StandardServer.startInternal(StandardServer.java:872)
		at org.apache.catalina.util.LifecycleBase.start(LifecycleBase.java:164)
		at org.apache.catalina.startup.Catalina.start(Catalina.java:736)
		at sun.reflect.NativeMethodAccessorImpl.invoke0(Native Method)
		at sun.reflect.NativeMethodAccessorImpl.invoke(NativeMethodAccessorImpl.java:62)
		at sun.reflect.DelegatingMethodAccessorImpl.invoke(DelegatingMethodAccessorImpl.java:43)
		at java.lang.reflect.Method.invoke(Method.java:498)
		at org.apache.catalina.startup.Bootstrap.start(Bootstrap.java:342)
		at org.apache.catalina.startup.Bootstrap.main(Bootstrap.java:473)
	Caused by: org.springframework.beans.factory.UnsatisfiedDependencyException: Error creating bean with name 'employeeDAOWrapper': Unsatisfied dependency expressed through field 'employeeDAO'; nested exception is org.springframework.beans.factory.BeanCreationException: Error creating bean with name 'employeeDAO' defined in com.microservices.learn.dao.EmployeeDAO defined in : Invocation of init method failed; nested exception is org.springframework.data.repository.query.QueryCreationException: Could not create query for public abstract java.lang.Integer com.microservices.learn.dao.EmployeeDAO.updateEmployeeSalaryByName(java.lang.Double,java.lang.String); Reason: Failed to create query for method public abstract java.lang.Integer com.microservices.learn.dao.EmployeeDAO.updateEmployeeSalaryByName(java.lang.Double,java.lang.String)! No property 'updateEmployeeSalaryByName' found for type 'EmployeeEntity'; nested exception is java.lang.IllegalArgumentException: Failed to create query for method public abstract java.lang.Integer com.microservices.learn.dao.EmployeeDAO.updateEmployeeSalaryByName(java.lang.Double,java.lang.String)! No property 'updateEmployeeSalaryByName' found for type 'EmployeeEntity'
		at org.springframework.beans.factory.annotation.AutowiredAnnotationBeanPostProcessor$AutowiredFieldElement.resolveFieldValue(AutowiredAnnotationBeanPostProcessor.java:659)
		at org.springframework.beans.factory.annotation.AutowiredAnnotationBeanPostProcessor$AutowiredFieldElement.inject(AutowiredAnnotationBeanPostProcessor.java:639)
		at org.springframework.beans.factory.annotation.InjectionMetadata.inject(InjectionMetadata.java:119)
		at org.springframework.beans.factory.annotation.AutowiredAnnotationBeanPostProcessor.postProcessProperties(AutowiredAnnotationBeanPostProcessor.java:399)
		at org.springframework.beans.factory.support.AbstractAutowireCapableBeanFactory.populateBean(AbstractAutowireCapableBeanFactory.java:1431)
		at org.springframework.beans.factory.support.AbstractAutowireCapableBeanFactory.doCreateBean(AbstractAutowireCapableBeanFactory.java:619)
		at org.springframework.beans.factory.support.AbstractAutowireCapableBeanFactory.createBean(AbstractAutowireCapableBeanFactory.java:542)
		at org.springframework.beans.factory.support.AbstractBeanFactory.lambda$doGetBean$0(AbstractBeanFactory.java:335)
		at org.springframework.beans.factory.support.DefaultSingletonBeanRegistry.getSingleton(DefaultSingletonBeanRegistry.java:234)
		at org.springframework.beans.factory.support.AbstractBeanFactory.doGetBean(AbstractBeanFactory.java:333)
		at org.springframework.beans.factory.support.AbstractBeanFactory.getBean(AbstractBeanFactory.java:208)
		at org.springframework.beans.factory.config.DependencyDescriptor.resolveCandidate(DependencyDescriptor.java:276)
		at org.springframework.beans.factory.support.DefaultListableBeanFactory.doResolveDependency(DefaultListableBeanFactory.java:1391)
		at org.springframework.beans.factory.support.DefaultListableBeanFactory.resolveDependency(DefaultListableBeanFactory.java:1311)
		at org.springframework.beans.factory.annotation.AutowiredAnnotationBeanPostProcessor$AutowiredFieldElement.resolveFieldValue(AutowiredAnnotationBeanPostProcessor.java:656)
		... 57 more
	Caused by: org.springframework.beans.factory.BeanCreationException: Error creating bean with name 'employeeDAO' defined in com.microservices.learn.dao.EmployeeDAO defined in : Invocation of init method failed; nested exception is org.springframework.data.repository.query.QueryCreationException: Could not create query for public abstract java.lang.Integer com.microservices.learn.dao.EmployeeDAO.updateEmployeeSalaryByName(java.lang.Double,java.lang.String); Reason: Failed to create query for method public abstract java.lang.Integer com.microservices.learn.dao.EmployeeDAO.updateEmployeeSalaryByName(java.lang.Double,java.lang.String)! No property 'updateEmployeeSalaryByName' found for type 'EmployeeEntity'; nested exception is java.lang.IllegalArgumentException: Failed to create query for method public abstract java.lang.Integer com.microservices.learn.dao.EmployeeDAO.updateEmployeeSalaryByName(java.lang.Double,java.lang.String)! No property 'updateEmployeeSalaryByName' found for type 'EmployeeEntity'
		at org.springframework.beans.factory.support.AbstractAutowireCapableBeanFactory.initializeBean(AbstractAutowireCapableBeanFactory.java:1804)
		at org.springframework.beans.factory.support.AbstractAutowireCapableBeanFactory.doCreateBean(AbstractAutowireCapableBeanFactory.java:620)
		at org.springframework.beans.factory.support.AbstractAutowireCapableBeanFactory.createBean(AbstractAutowireCapableBeanFactory.java:542)
		at org.springframework.beans.factory.support.AbstractBeanFactory.lambda$doGetBean$0(AbstractBeanFactory.java:335)
		at org.springframework.beans.factory.support.DefaultSingletonBeanRegistry.getSingleton(DefaultSingletonBeanRegistry.java:234)
		at org.springframework.beans.factory.support.AbstractBeanFactory.doGetBean(AbstractBeanFactory.java:333)
		at org.springframework.beans.factory.support.AbstractBeanFactory.getBean(AbstractBeanFactory.java:208)
		at org.springframework.beans.factory.config.DependencyDescriptor.resolveCandidate(DependencyDescriptor.java:276)
		at org.springframework.beans.factory.support.DefaultListableBeanFactory.doResolveDependency(DefaultListableBeanFactory.java:1391)
		at org.springframework.beans.factory.support.DefaultListableBeanFactory.resolveDependency(DefaultListableBeanFactory.java:1311)
		at org.springframework.beans.factory.annotation.AutowiredAnnotationBeanPostProcessor$AutowiredFieldElement.resolveFieldValue(AutowiredAnnotationBeanPostProcessor.java:656)
		... 71 more
	Caused by: org.springframework.data.repository.query.QueryCreationException: Could not create query for public abstract java.lang.Integer com.microservices.learn.dao.EmployeeDAO.updateEmployeeSalaryByName(java.lang.Double,java.lang.String); Reason: Failed to create query for method public abstract java.lang.Integer com.microservices.learn.dao.EmployeeDAO.updateEmployeeSalaryByName(java.lang.Double,java.lang.String)! No property 'updateEmployeeSalaryByName' found for type 'EmployeeEntity'; nested exception is java.lang.IllegalArgumentException: Failed to create query for method public abstract java.lang.Integer com.microservices.learn.dao.EmployeeDAO.updateEmployeeSalaryByName(java.lang.Double,java.lang.String)! No property 'updateEmployeeSalaryByName' found for type 'EmployeeEntity'
		at org.springframework.data.repository.query.QueryCreationException.create(QueryCreationException.java:101)
		at org.springframework.data.repository.core.support.QueryExecutorMethodInterceptor.lookupQuery(QueryExecutorMethodInterceptor.java:107)
		at org.springframework.data.repository.core.support.QueryExecutorMethodInterceptor.lambda$mapMethodsToQuery$1(QueryExecutorMethodInterceptor.java:95)
		at java.util.stream.ReferencePipeline$3$1.accept(ReferencePipeline.java:193)
		at java.util.Iterator.forEachRemaining(Iterator.java:116)
		at java.util.Collections$UnmodifiableCollection$1.forEachRemaining(Collections.java:1051)
		at java.util.Spliterators$IteratorSpliterator.forEachRemaining(Spliterators.java:1801)
		at java.util.stream.AbstractPipeline.copyInto(AbstractPipeline.java:482)
		at java.util.stream.AbstractPipeline.wrapAndCopyInto(AbstractPipeline.java:472)
		at java.util.stream.ReduceOps$ReduceOp.evaluateSequential(ReduceOps.java:708)
		at java.util.stream.AbstractPipeline.evaluate(AbstractPipeline.java:234)
		at java.util.stream.ReferencePipeline.collect(ReferencePipeline.java:566)
		at org.springframework.data.repository.core.support.QueryExecutorMethodInterceptor.mapMethodsToQuery(QueryExecutorMethodInterceptor.java:97)
		at org.springframework.data.repository.core.support.QueryExecutorMethodInterceptor.lambda$new$0(QueryExecutorMethodInterceptor.java:87)
		at java.util.Optional.map(Optional.java:215)
		at org.springframework.data.repository.core.support.QueryExecutorMethodInterceptor.<init>(QueryExecutorMethodInterceptor.java:87)
		at org.springframework.data.repository.core.support.RepositoryFactorySupport.getRepository(RepositoryFactorySupport.java:365)
		at org.springframework.data.repository.core.support.RepositoryFactoryBeanSupport.lambda$afterPropertiesSet$5(RepositoryFactoryBeanSupport.java:323)
		at org.springframework.data.util.Lazy.getNullable(Lazy.java:231)
		at org.springframework.data.util.Lazy.get(Lazy.java:115)
		at org.springframework.data.repository.core.support.RepositoryFactoryBeanSupport.afterPropertiesSet(RepositoryFactoryBeanSupport.java:329)
		at org.springframework.data.jpa.repository.support.JpaRepositoryFactoryBean.afterPropertiesSet(JpaRepositoryFactoryBean.java:144)
		at org.springframework.beans.factory.support.AbstractAutowireCapableBeanFactory.invokeInitMethods(AbstractAutowireCapableBeanFactory.java:1863)
		at org.springframework.beans.factory.support.AbstractAutowireCapableBeanFactory.initializeBean(AbstractAutowireCapableBeanFactory.java:1800)
		... 81 more
	Caused by: java.lang.IllegalArgumentException: Failed to create query for method public abstract java.lang.Integer com.microservices.learn.dao.EmployeeDAO.updateEmployeeSalaryByName(java.lang.Double,java.lang.String)! No property 'updateEmployeeSalaryByName' found for type 'EmployeeEntity'
		at org.springframework.data.jpa.repository.query.PartTreeJpaQuery.<init>(PartTreeJpaQuery.java:96)
		at org.springframework.data.jpa.repository.query.JpaQueryLookupStrategy$CreateQueryLookupStrategy.resolveQuery(JpaQueryLookupStrategy.java:119)
		at org.springframework.data.jpa.repository.query.JpaQueryLookupStrategy$CreateIfNotFoundQueryLookupStrategy.resolveQuery(JpaQueryLookupStrategy.java:259)
		at org.springframework.data.jpa.repository.query.JpaQueryLookupStrategy$AbstractQueryLookupStrategy.resolveQuery(JpaQueryLookupStrategy.java:93)
		at org.springframework.data.repository.core.support.QueryExecutorMethodInterceptor.lookupQuery(QueryExecutorMethodInterceptor.java:103)
		... 103 more
	Caused by: org.springframework.data.mapping.PropertyReferenceException: No property 'updateEmployeeSalaryByName' found for type 'EmployeeEntity'
		at org.springframework.data.mapping.PropertyPath.<init>(PropertyPath.java:91)
		at org.springframework.data.mapping.PropertyPath.create(PropertyPath.java:438)
		at org.springframework.data.mapping.PropertyPath.create(PropertyPath.java:414)
		at org.springframework.data.mapping.PropertyPath.lambda$from$0(PropertyPath.java:367)
		at java.util.concurrent.ConcurrentMap.computeIfAbsent(ConcurrentMap.java:324)
		at org.springframework.data.mapping.PropertyPath.from(PropertyPath.java:349)
		at org.springframework.data.mapping.PropertyPath.from(PropertyPath.java:332)
		at org.springframework.data.repository.query.parser.Part.<init>(Part.java:81)
		at org.springframework.data.repository.query.parser.PartTree$OrPart.lambda$new$0(PartTree.java:250)
		at java.util.stream.ReferencePipeline$3$1.accept(ReferencePipeline.java:193)
		at java.util.stream.ReferencePipeline$2$1.accept(ReferencePipeline.java:175)
		at java.util.Spliterators$ArraySpliterator.forEachRemaining(Spliterators.java:948)
		at java.util.stream.AbstractPipeline.copyInto(AbstractPipeline.java:482)
		at java.util.stream.AbstractPipeline.wrapAndCopyInto(AbstractPipeline.java:472)
		at java.util.stream.ReduceOps$ReduceOp.evaluateSequential(ReduceOps.java:708)
		at java.util.stream.AbstractPipeline.evaluate(AbstractPipeline.java:234)
		at java.util.stream.ReferencePipeline.collect(ReferencePipeline.java:566)
		at org.springframework.data.repository.query.parser.PartTree$OrPart.<init>(PartTree.java:251)
		at org.springframework.data.repository.query.parser.PartTree$Predicate.lambda$new$0(PartTree.java:384)
		at java.util.stream.ReferencePipeline$3$1.accept(ReferencePipeline.java:193)
		at java.util.stream.ReferencePipeline$2$1.accept(ReferencePipeline.java:175)
		at java.util.Spliterators$ArraySpliterator.forEachRemaining(Spliterators.java:948)
		at java.util.stream.AbstractPipeline.copyInto(AbstractPipeline.java:482)
		at java.util.stream.AbstractPipeline.wrapAndCopyInto(AbstractPipeline.java:472)
		at java.util.stream.ReduceOps$ReduceOp.evaluateSequential(ReduceOps.java:708)
		at java.util.stream.AbstractPipeline.evaluate(AbstractPipeline.java:234)
		at java.util.stream.ReferencePipeline.collect(ReferencePipeline.java:566)
		at org.springframework.data.repository.query.parser.PartTree$Predicate.<init>(PartTree.java:385)
		at org.springframework.data.repository.query.parser.PartTree.<init>(PartTree.java:93)
		at org.springframework.data.jpa.repository.query.PartTreeJpaQuery.<init>(PartTreeJpaQuery.java:89)
		... 107 more
01-Apr-2026 02:41:11.157 SEVERE [main] org.apache.catalina.core.StandardContext.startInternal One or more listeners failed to start. Full details will be found in the appropriate container log file
01-Apr-2026 02:41:11.181 SEVERE [main] org.apache.catalina.core.StandardContext.startInternal Context [/employee-service] startup failed due to previous errors
01-Apr-2026 02:41:11.210 WARNING [main] org.apache.catalina.loader.WebappClassLoaderBase.clearReferencesJdbc The web application [employee-service] registered the JDBC driver [com.mysql.cj.jdbc.Driver] but failed to unregister it when the web application was stopped. To prevent a memory leak, the JDBC Driver has been forcibly unregistered.
01-Apr-2026 02:41:11.213 WARNING [main] org.apache.catalina.loader.WebappClassLoaderBase.clearReferencesThreads The web application [employee-service] appears to have started a thread named [mysql-cj-abandoned-connection-cleanup] but has failed to stop it. This is very likely to create a memory leak. Stack trace of thread:
 java.lang.Object.wait(Native Method)
 java.lang.ref.ReferenceQueue.remove(ReferenceQueue.java:144)
 com.mysql.cj.jdbc.AbandonedConnectionCleanupThread.run(AbandonedConnectionCleanupThread.java:91)
 java.util.concurrent.ThreadPoolExecutor.runWorker(ThreadPoolExecutor.java:1149)
 java.util.concurrent.ThreadPoolExecutor$Worker.run(ThreadPoolExecutor.java:624)
 java.lang.Thread.run(Thread.java:750)
01-Apr-2026 02:41:11.225 INFO [main] org.apache.catalina.startup.HostConfig.deployDirectory Deployment of web application directory [/Users/motocycopath/Desktop/java-full-stack-training/00-microservices-00/apache-tomcat-9.0.116/webapps/employee-service] has finished in [4,697] ms
01-Apr-2026 02:41:11.227 INFO [main] org.apache.catalina.startup.HostConfig.deployDirectory Deploying web application directory [/Users/motocycopath/Desktop/java-full-stack-training/00-microservices-00/apache-tomcat-9.0.116/webapps/docs]
01-Apr-2026 02:41:11.318 INFO [main] org.apache.catalina.startup.HostConfig.deployDirectory Deployment of web application directory [/Users/motocycopath/Desktop/java-full-stack-training/00-microservices-00/apache-tomcat-9.0.116/webapps/docs] has finished in [90] ms
01-Apr-2026 02:41:11.319 INFO [main] org.apache.catalina.startup.HostConfig.deployDirectory Deploying web application directory [/Users/motocycopath/Desktop/java-full-stack-training/00-microservices-00/apache-tomcat-9.0.116/webapps/manager]
01-Apr-2026 02:41:11.357 INFO [main] org.apache.catalina.startup.HostConfig.deployDirectory Deployment of web application directory [/Users/motocycopath/Desktop/java-full-stack-training/00-microservices-00/apache-tomcat-9.0.116/webapps/manager] has finished in [38] ms
01-Apr-2026 02:41:11.357 INFO [main] org.apache.catalina.startup.HostConfig.deployDirectory Deploying web application directory [/Users/motocycopath/Desktop/java-full-stack-training/00-microservices-00/apache-tomcat-9.0.116/webapps/examples]
01-Apr-2026 02:41:11.688 INFO [main] org.apache.catalina.startup.HostConfig.deployDirectory Deployment of web application directory [/Users/motocycopath/Desktop/java-full-stack-training/00-microservices-00/apache-tomcat-9.0.116/webapps/examples] has finished in [331] ms
01-Apr-2026 02:41:11.688 INFO [main] org.apache.catalina.startup.HostConfig.deployDirectory Deploying web application directory [/Users/motocycopath/Desktop/java-full-stack-training/00-microservices-00/apache-tomcat-9.0.116/webapps/ROOT]
01-Apr-2026 02:41:11.713 INFO [main] org.apache.catalina.startup.HostConfig.deployDirectory Deployment of web application directory [/Users/motocycopath/Desktop/java-full-stack-training/00-microservices-00/apache-tomcat-9.0.116/webapps/ROOT] has finished in [25] ms
01-Apr-2026 02:41:11.713 INFO [main] org.apache.catalina.startup.HostConfig.deployDirectory Deploying web application directory [/Users/motocycopath/Desktop/java-full-stack-training/00-microservices-00/apache-tomcat-9.0.116/webapps/host-manager]
01-Apr-2026 02:41:11.739 INFO [main] org.apache.catalina.startup.HostConfig.deployDirectory Deployment of web application directory [/Users/motocycopath/Desktop/java-full-stack-training/00-microservices-00/apache-tomcat-9.0.116/webapps/host-manager] has finished in [26] ms
01-Apr-2026 02:41:11.743 INFO [main] org.apache.coyote.AbstractProtocol.start Starting ProtocolHandler ["http-nio-8080"]
01-Apr-2026 02:41:11.756 INFO [main] org.apache.catalina.startup.Catalina.start Server startup in [5324] milliseconds
01-Apr-2026 02:41:14.006 INFO [mysql-cj-abandoned-connection-cleanup] org.apache.catalina.loader.WebappClassLoaderBase.checkStateForResourceLoading Illegal access: this web application instance has been stopped already. Could not load []. The following stack trace is thrown for debugging purposes as well as to attempt to terminate the thread which caused the illegal access.
	java.lang.IllegalStateException: Illegal access: this web application instance has been stopped already. Could not load []. The following stack trace is thrown for debugging purposes as well as to attempt to terminate the thread which caused the illegal access.
		at org.apache.catalina.loader.WebappClassLoaderBase.checkStateForResourceLoading(WebappClassLoaderBase.java:1370)
		at org.apache.catalina.loader.WebappClassLoaderBase.getResource(WebappClassLoaderBase.java:994)
		at com.mysql.cj.jdbc.AbandonedConnectionCleanupThread.checkThreadContextClassLoader(AbandonedConnectionCleanupThread.java:123)
		at com.mysql.cj.jdbc.AbandonedConnectionCleanupThread.run(AbandonedConnectionCleanupThread.java:90)
		at java.util.concurrent.ThreadPoolExecutor.runWorker(ThreadPoolExecutor.java:1149)
		at java.util.concurrent.ThreadPoolExecutor$Worker.run(ThreadPoolExecutor.java:624)
		at java.lang.Thread.run(Thread.java:750)
01-Apr-2026 02:46:12.612 INFO [main] org.apache.catalina.core.StandardServer.await A valid shutdown command was received via the shutdown port. Stopping the Server instance.
01-Apr-2026 02:46:12.633 INFO [main] org.apache.coyote.AbstractProtocol.pause Pausing ProtocolHandler ["http-nio-8080"]
01-Apr-2026 02:46:12.645 INFO [main] org.apache.catalina.core.StandardService.stopInternal Stopping service [Catalina]
01-Apr-2026 02:46:12.687 INFO [main] org.apache.coyote.AbstractProtocol.stop Stopping ProtocolHandler ["http-nio-8080"]
01-Apr-2026 02:46:12.701 INFO [main] org.apache.coyote.AbstractProtocol.destroy Destroying ProtocolHandler ["http-nio-8080"]
01-Apr-2026 02:46:19.573 INFO [main] org.apache.catalina.startup.VersionLoggerListener.log Server version name:   Apache Tomcat/9.0.116
01-Apr-2026 02:46:19.579 INFO [main] org.apache.catalina.startup.VersionLoggerListener.log Server built:          Mar 16 2026 15:05:42 UTC
01-Apr-2026 02:46:19.579 INFO [main] org.apache.catalina.startup.VersionLoggerListener.log Server version number: 9.0.116.0
01-Apr-2026 02:46:19.579 INFO [main] org.apache.catalina.startup.VersionLoggerListener.log OS Name:               Mac OS X
01-Apr-2026 02:46:19.579 INFO [main] org.apache.catalina.startup.VersionLoggerListener.log OS Version:            15.5
01-Apr-2026 02:46:19.579 INFO [main] org.apache.catalina.startup.VersionLoggerListener.log Architecture:          x86_64
01-Apr-2026 02:46:19.579 INFO [main] org.apache.catalina.startup.VersionLoggerListener.log Java Home:             /Library/Java/JavaVirtualMachines/temurin-8.jdk/Contents/Home/jre
01-Apr-2026 02:46:19.579 INFO [main] org.apache.catalina.startup.VersionLoggerListener.log JVM Version:           1.8.0_482-b08
01-Apr-2026 02:46:19.579 INFO [main] org.apache.catalina.startup.VersionLoggerListener.log JVM Vendor:            Temurin
01-Apr-2026 02:46:19.580 INFO [main] org.apache.catalina.startup.VersionLoggerListener.log CATALINA_BASE:         /Users/motocycopath/Desktop/java-full-stack-training/00-microservices-00/apache-tomcat-9.0.116
01-Apr-2026 02:46:19.580 INFO [main] org.apache.catalina.startup.VersionLoggerListener.log CATALINA_HOME:         /Users/motocycopath/Desktop/java-full-stack-training/00-microservices-00/apache-tomcat-9.0.116
01-Apr-2026 02:46:19.581 INFO [main] org.apache.catalina.startup.VersionLoggerListener.log Command line argument: -Djava.util.logging.config.file=/Users/motocycopath/Desktop/java-full-stack-training/00-microservices-00/apache-tomcat-9.0.116/conf/logging.properties
01-Apr-2026 02:46:19.582 INFO [main] org.apache.catalina.startup.VersionLoggerListener.log Command line argument: -Djava.util.logging.manager=org.apache.juli.ClassLoaderLogManager
01-Apr-2026 02:46:19.582 INFO [main] org.apache.catalina.startup.VersionLoggerListener.log Command line argument: -Djdk.tls.ephemeralDHKeySize=2048
01-Apr-2026 02:46:19.582 INFO [main] org.apache.catalina.startup.VersionLoggerListener.log Command line argument: -Djava.protocol.handler.pkgs=org.apache.catalina.webresources
01-Apr-2026 02:46:19.582 INFO [main] org.apache.catalina.startup.VersionLoggerListener.log Command line argument: -Dsun.io.useCanonCaches=false
01-Apr-2026 02:46:19.582 INFO [main] org.apache.catalina.startup.VersionLoggerListener.log Command line argument: -Dorg.apache.catalina.security.SecurityListener.UMASK=0027
01-Apr-2026 02:46:19.582 INFO [main] org.apache.catalina.startup.VersionLoggerListener.log Command line argument: -Dignore.endorsed.dirs=
01-Apr-2026 02:46:19.582 INFO [main] org.apache.catalina.startup.VersionLoggerListener.log Command line argument: -Dcatalina.base=/Users/motocycopath/Desktop/java-full-stack-training/00-microservices-00/apache-tomcat-9.0.116
01-Apr-2026 02:46:19.582 INFO [main] org.apache.catalina.startup.VersionLoggerListener.log Command line argument: -Dcatalina.home=/Users/motocycopath/Desktop/java-full-stack-training/00-microservices-00/apache-tomcat-9.0.116
01-Apr-2026 02:46:19.582 INFO [main] org.apache.catalina.startup.VersionLoggerListener.log Command line argument: -Djava.io.tmpdir=/Users/motocycopath/Desktop/java-full-stack-training/00-microservices-00/apache-tomcat-9.0.116/temp
01-Apr-2026 02:46:19.584 INFO [main] org.apache.catalina.core.AprLifecycleListener.lifecycleEvent The Apache Tomcat Native library which allows using OpenSSL was not found on the java.library.path: [/Users/motocycopath/Library/Java/Extensions:/Library/Java/Extensions:/Network/Library/Java/Extensions:/System/Library/Java/Extensions:/usr/lib/java:.]
01-Apr-2026 02:46:20.031 INFO [main] org.apache.coyote.AbstractProtocol.init Initializing ProtocolHandler ["http-nio-8080"]
01-Apr-2026 02:46:20.071 INFO [main] org.apache.catalina.startup.Catalina.load Server initialization in [667] milliseconds
01-Apr-2026 02:46:20.160 INFO [main] org.apache.catalina.core.StandardService.startInternal Starting service [Catalina]
01-Apr-2026 02:46:20.160 INFO [main] org.apache.catalina.core.StandardEngine.startInternal Starting Servlet engine: [Apache Tomcat/9.0.116]
01-Apr-2026 02:46:20.166 INFO [main] org.apache.catalina.startup.HostConfig.deployDirectory Deploying web application directory [/Users/motocycopath/Desktop/java-full-stack-training/00-microservices-00/apache-tomcat-9.0.116/webapps/employee-service]
01-Apr-2026 02:46:21.731 INFO [main] org.apache.jasper.servlet.TldScanner.scanJars At least one JAR was scanned for TLDs yet contained no TLDs. Enable debug logging for this logger for a complete list of JARs that were scanned but no TLDs were found in them. Skipping unneeded JARs during scanning can improve startup time and JSP compilation time.
01-Apr-2026 02:46:21.771 INFO [main] org.springframework.web.context.ContextLoader.initWebApplicationContext Root WebApplicationContext: initialization started
01-Apr-2026 02:46:22.273 INFO [main] org.springframework.data.repository.config.RepositoryConfigurationDelegate.registerRepositoriesIn Bootstrapping Spring Data JPA repositories in DEFAULT mode.
01-Apr-2026 02:46:22.386 INFO [main] org.springframework.data.repository.config.RepositoryConfigurationDelegate.registerRepositoriesIn Finished Spring Data repository scanning in 97 ms. Found 1 JPA repository interfaces.
01-Apr-2026 02:46:22.388 INFO [main] org.springframework.data.repository.config.RepositoryConfigurationDelegate.registerRepositoriesIn Bootstrapping Spring Data JPA repositories in DEFAULT mode.
01-Apr-2026 02:46:22.395 INFO [main] org.springframework.data.repository.config.RepositoryConfigurationDelegate.registerRepositoriesIn Finished Spring Data repository scanning in 7 ms. Found 1 JPA repository interfaces.
01-Apr-2026 02:46:22.763 INFO [main] org.hibernate.jpa.internal.util.LogHelper.logPersistenceUnitInformation HHH000204: Processing PersistenceUnitInfo [
	name: default
	...]
01-Apr-2026 02:46:22.846 INFO [main] org.hibernate.Version.logVersion HHH000412: Hibernate Core {5.2.8.Final}
01-Apr-2026 02:46:22.850 INFO [main] org.hibernate.cfg.Environment.<clinit> HHH000206: hibernate.properties not found
01-Apr-2026 02:46:22.896 INFO [main] org.hibernate.annotations.common.reflection.java.JavaReflectionManager.<clinit> HCANN000001: Hibernate Commons Annotations {5.0.1.Final}
01-Apr-2026 02:46:23.719 INFO [main] org.hibernate.dialect.Dialect.<init> HHH000400: Using dialect: org.hibernate.dialect.MySQLDialect
01-Apr-2026 02:46:24.236 INFO [main] org.hibernate.hql.internal.QueryTranslatorFactoryInitiator.initiateService HHH000397: Using ASTQueryTranslatorFactory
01-Apr-2026 02:46:24.314 INFO [main] org.springframework.orm.jpa.AbstractEntityManagerFactoryBean.buildNativeEntityManagerFactory Initialized JPA EntityManagerFactory for persistence unit 'default'
01-Apr-2026 02:46:24.976 INFO [main] org.springframework.web.context.ContextLoader.initWebApplicationContext Root WebApplicationContext initialized in 3205 ms
01-Apr-2026 02:46:25.010 INFO [main] org.springframework.web.servlet.FrameworkServlet.initServletBean Initializing Servlet 'cstspconf-web'
01-Apr-2026 02:46:25.670 INFO [main] org.springframework.web.servlet.FrameworkServlet.initServletBean Completed initialization in 659 ms
01-Apr-2026 02:46:25.702 INFO [main] org.apache.catalina.startup.HostConfig.deployDirectory Deployment of web application directory [/Users/motocycopath/Desktop/java-full-stack-training/00-microservices-00/apache-tomcat-9.0.116/webapps/employee-service] has finished in [5,535] ms
01-Apr-2026 02:46:25.703 INFO [main] org.apache.catalina.startup.HostConfig.deployDirectory Deploying web application directory [/Users/motocycopath/Desktop/java-full-stack-training/00-microservices-00/apache-tomcat-9.0.116/webapps/docs]
01-Apr-2026 02:46:25.745 INFO [main] org.apache.catalina.startup.HostConfig.deployDirectory Deployment of web application directory [/Users/motocycopath/Desktop/java-full-stack-training/00-microservices-00/apache-tomcat-9.0.116/webapps/docs] has finished in [42] ms
01-Apr-2026 02:46:25.745 INFO [main] org.apache.catalina.startup.HostConfig.deployDirectory Deploying web application directory [/Users/motocycopath/Desktop/java-full-stack-training/00-microservices-00/apache-tomcat-9.0.116/webapps/manager]
01-Apr-2026 02:46:25.778 INFO [main] org.apache.catalina.startup.HostConfig.deployDirectory Deployment of web application directory [/Users/motocycopath/Desktop/java-full-stack-training/00-microservices-00/apache-tomcat-9.0.116/webapps/manager] has finished in [33] ms
01-Apr-2026 02:46:25.778 INFO [main] org.apache.catalina.startup.HostConfig.deployDirectory Deploying web application directory [/Users/motocycopath/Desktop/java-full-stack-training/00-microservices-00/apache-tomcat-9.0.116/webapps/examples]
01-Apr-2026 02:46:26.005 INFO [main] org.apache.catalina.startup.HostConfig.deployDirectory Deployment of web application directory [/Users/motocycopath/Desktop/java-full-stack-training/00-microservices-00/apache-tomcat-9.0.116/webapps/examples] has finished in [227] ms
01-Apr-2026 02:46:26.006 INFO [main] org.apache.catalina.startup.HostConfig.deployDirectory Deploying web application directory [/Users/motocycopath/Desktop/java-full-stack-training/00-microservices-00/apache-tomcat-9.0.116/webapps/ROOT]
01-Apr-2026 02:46:26.025 INFO [main] org.apache.catalina.startup.HostConfig.deployDirectory Deployment of web application directory [/Users/motocycopath/Desktop/java-full-stack-training/00-microservices-00/apache-tomcat-9.0.116/webapps/ROOT] has finished in [19] ms
01-Apr-2026 02:46:26.026 INFO [main] org.apache.catalina.startup.HostConfig.deployDirectory Deploying web application directory [/Users/motocycopath/Desktop/java-full-stack-training/00-microservices-00/apache-tomcat-9.0.116/webapps/host-manager]
01-Apr-2026 02:46:26.054 INFO [main] org.apache.catalina.startup.HostConfig.deployDirectory Deployment of web application directory [/Users/motocycopath/Desktop/java-full-stack-training/00-microservices-00/apache-tomcat-9.0.116/webapps/host-manager] has finished in [28] ms
01-Apr-2026 02:46:26.056 INFO [main] org.apache.coyote.AbstractProtocol.start Starting ProtocolHandler ["http-nio-8080"]
01-Apr-2026 02:46:26.068 INFO [main] org.apache.catalina.startup.Catalina.start Server startup in [5996] milliseconds
