31-Mar-2026 01:55:32.526 INFO [main] org.apache.catalina.core.StandardServer.await A valid shutdown command was received via the shutdown port. Stopping the Server instance.
31-Mar-2026 01:55:32.535 INFO [main] org.apache.coyote.AbstractProtocol.pause Pausing ProtocolHandler ["http-nio-8080"]
31-Mar-2026 01:55:32.547 INFO [main] org.apache.catalina.core.StandardService.stopInternal Stopping service [Catalina]
31-Mar-2026 01:55:32.661 INFO [main] org.springframework.orm.jpa.AbstractEntityManagerFactoryBean.destroy Closing JPA EntityManagerFactory for persistence unit 'default'
31-Mar-2026 01:55:32.676 WARNING [main] org.apache.catalina.loader.WebappClassLoaderBase.clearReferencesJdbc The web application [employee-service] registered the JDBC driver [com.mysql.cj.jdbc.Driver] but failed to unregister it when the web application was stopped. To prevent a memory leak, the JDBC Driver has been forcibly unregistered.
31-Mar-2026 01:55:32.678 WARNING [main] org.apache.catalina.loader.WebappClassLoaderBase.clearReferencesThreads The web application [employee-service] appears to have started a thread named [mysql-cj-abandoned-connection-cleanup] but has failed to stop it. This is very likely to create a memory leak. Stack trace of thread:
 java.lang.Object.wait(Native Method)
 java.lang.ref.ReferenceQueue.remove(ReferenceQueue.java:144)
 com.mysql.cj.jdbc.AbandonedConnectionCleanupThread.run(AbandonedConnectionCleanupThread.java:91)
 java.util.concurrent.ThreadPoolExecutor.runWorker(ThreadPoolExecutor.java:1149)
 java.util.concurrent.ThreadPoolExecutor$Worker.run(ThreadPoolExecutor.java:624)
 java.lang.Thread.run(Thread.java:750)
31-Mar-2026 01:55:32.696 INFO [main] org.apache.coyote.AbstractProtocol.stop Stopping ProtocolHandler ["http-nio-8080"]
31-Mar-2026 01:55:32.728 INFO [main] org.apache.coyote.AbstractProtocol.destroy Destroying ProtocolHandler ["http-nio-8080"]
31-Mar-2026 19:51:51.542 INFO [main] org.apache.catalina.startup.VersionLoggerListener.log Server version name:   Apache Tomcat/9.0.116
31-Mar-2026 19:51:51.549 INFO [main] org.apache.catalina.startup.VersionLoggerListener.log Server built:          Mar 16 2026 15:05:42 UTC
31-Mar-2026 19:51:51.549 INFO [main] org.apache.catalina.startup.VersionLoggerListener.log Server version number: 9.0.116.0
31-Mar-2026 19:51:51.549 INFO [main] org.apache.catalina.startup.VersionLoggerListener.log OS Name:               Mac OS X
31-Mar-2026 19:51:51.549 INFO [main] org.apache.catalina.startup.VersionLoggerListener.log OS Version:            15.5
31-Mar-2026 19:51:51.549 INFO [main] org.apache.catalina.startup.VersionLoggerListener.log Architecture:          x86_64
31-Mar-2026 19:51:51.549 INFO [main] org.apache.catalina.startup.VersionLoggerListener.log Java Home:             /Library/Java/JavaVirtualMachines/temurin-8.jdk/Contents/Home/jre
31-Mar-2026 19:51:51.549 INFO [main] org.apache.catalina.startup.VersionLoggerListener.log JVM Version:           1.8.0_482-b08
31-Mar-2026 19:51:51.549 INFO [main] org.apache.catalina.startup.VersionLoggerListener.log JVM Vendor:            Temurin
31-Mar-2026 19:51:51.549 INFO [main] org.apache.catalina.startup.VersionLoggerListener.log CATALINA_BASE:         /Users/motocycopath/Desktop/java-full-stack-training/00-microservices-00/apache-tomcat-9.0.116
31-Mar-2026 19:51:51.549 INFO [main] org.apache.catalina.startup.VersionLoggerListener.log CATALINA_HOME:         /Users/motocycopath/Desktop/java-full-stack-training/00-microservices-00/apache-tomcat-9.0.116
31-Mar-2026 19:51:51.554 INFO [main] org.apache.catalina.startup.VersionLoggerListener.log Command line argument: -Djava.util.logging.config.file=/Users/motocycopath/Desktop/java-full-stack-training/00-microservices-00/apache-tomcat-9.0.116/conf/logging.properties
31-Mar-2026 19:51:51.554 INFO [main] org.apache.catalina.startup.VersionLoggerListener.log Command line argument: -Djava.util.logging.manager=org.apache.juli.ClassLoaderLogManager
31-Mar-2026 19:51:51.554 INFO [main] org.apache.catalina.startup.VersionLoggerListener.log Command line argument: -Djdk.tls.ephemeralDHKeySize=2048
31-Mar-2026 19:51:51.554 INFO [main] org.apache.catalina.startup.VersionLoggerListener.log Command line argument: -Djava.protocol.handler.pkgs=org.apache.catalina.webresources
31-Mar-2026 19:51:51.554 INFO [main] org.apache.catalina.startup.VersionLoggerListener.log Command line argument: -Dsun.io.useCanonCaches=false
31-Mar-2026 19:51:51.554 INFO [main] org.apache.catalina.startup.VersionLoggerListener.log Command line argument: -Dorg.apache.catalina.security.SecurityListener.UMASK=0027
31-Mar-2026 19:51:51.555 INFO [main] org.apache.catalina.startup.VersionLoggerListener.log Command line argument: -Dignore.endorsed.dirs=
31-Mar-2026 19:51:51.555 INFO [main] org.apache.catalina.startup.VersionLoggerListener.log Command line argument: -Dcatalina.base=/Users/motocycopath/Desktop/java-full-stack-training/00-microservices-00/apache-tomcat-9.0.116
31-Mar-2026 19:51:51.556 INFO [main] org.apache.catalina.startup.VersionLoggerListener.log Command line argument: -Dcatalina.home=/Users/motocycopath/Desktop/java-full-stack-training/00-microservices-00/apache-tomcat-9.0.116
31-Mar-2026 19:51:51.556 INFO [main] org.apache.catalina.startup.VersionLoggerListener.log Command line argument: -Djava.io.tmpdir=/Users/motocycopath/Desktop/java-full-stack-training/00-microservices-00/apache-tomcat-9.0.116/temp
31-Mar-2026 19:51:51.559 INFO [main] org.apache.catalina.core.AprLifecycleListener.lifecycleEvent The Apache Tomcat Native library which allows using OpenSSL was not found on the java.library.path: [/Users/motocycopath/Library/Java/Extensions:/Library/Java/Extensions:/Network/Library/Java/Extensions:/System/Library/Java/Extensions:/usr/lib/java:.]
31-Mar-2026 19:51:52.013 INFO [main] org.apache.coyote.AbstractProtocol.init Initializing ProtocolHandler ["http-nio-8080"]
31-Mar-2026 19:51:52.053 INFO [main] org.apache.catalina.startup.Catalina.load Server initialization in [675] milliseconds
31-Mar-2026 19:51:52.151 INFO [main] org.apache.catalina.core.StandardService.startInternal Starting service [Catalina]
31-Mar-2026 19:51:52.151 INFO [main] org.apache.catalina.core.StandardEngine.startInternal Starting Servlet engine: [Apache Tomcat/9.0.116]
31-Mar-2026 19:51:52.157 INFO [main] org.apache.catalina.startup.HostConfig.deployDirectory Deploying web application directory [/Users/motocycopath/Desktop/java-full-stack-training/00-microservices-00/apache-tomcat-9.0.116/webapps/employee-service]
31-Mar-2026 19:51:54.518 INFO [main] org.apache.jasper.servlet.TldScanner.scanJars At least one JAR was scanned for TLDs yet contained no TLDs. Enable debug logging for this logger for a complete list of JARs that were scanned but no TLDs were found in them. Skipping unneeded JARs during scanning can improve startup time and JSP compilation time.
31-Mar-2026 19:51:54.551 INFO [main] org.springframework.web.context.ContextLoader.initWebApplicationContext Root WebApplicationContext: initialization started
31-Mar-2026 19:51:55.085 INFO [main] org.springframework.data.repository.config.RepositoryConfigurationDelegate.registerRepositoriesIn Bootstrapping Spring Data JPA repositories in DEFAULT mode.
31-Mar-2026 19:51:55.199 INFO [main] org.springframework.data.repository.config.RepositoryConfigurationDelegate.registerRepositoriesIn Finished Spring Data repository scanning in 94 ms. Found 1 JPA repository interfaces.
31-Mar-2026 19:51:55.200 INFO [main] org.springframework.data.repository.config.RepositoryConfigurationDelegate.registerRepositoriesIn Bootstrapping Spring Data JPA repositories in DEFAULT mode.
31-Mar-2026 19:51:55.208 INFO [main] org.springframework.data.repository.config.RepositoryConfigurationDelegate.registerRepositoriesIn Finished Spring Data repository scanning in 7 ms. Found 1 JPA repository interfaces.
31-Mar-2026 19:51:55.622 INFO [main] org.hibernate.jpa.internal.util.LogHelper.logPersistenceUnitInformation HHH000204: Processing PersistenceUnitInfo [
	name: default
	...]
31-Mar-2026 19:51:55.689 INFO [main] org.hibernate.Version.logVersion HHH000412: Hibernate Core {5.2.8.Final}
31-Mar-2026 19:51:55.691 INFO [main] org.hibernate.cfg.Environment.<clinit> HHH000206: hibernate.properties not found
31-Mar-2026 19:51:55.728 INFO [main] org.hibernate.annotations.common.reflection.java.JavaReflectionManager.<clinit> HCANN000001: Hibernate Commons Annotations {5.0.1.Final}
31-Mar-2026 19:51:56.282 INFO [main] org.hibernate.dialect.Dialect.<init> HHH000400: Using dialect: org.hibernate.dialect.MySQLDialect
31-Mar-2026 19:51:56.932 INFO [main] org.springframework.orm.jpa.AbstractEntityManagerFactoryBean.buildNativeEntityManagerFactory Initialized JPA EntityManagerFactory for persistence unit 'default'
31-Mar-2026 19:51:57.510 INFO [main] org.springframework.web.context.ContextLoader.initWebApplicationContext Root WebApplicationContext initialized in 2958 ms
31-Mar-2026 19:51:57.558 INFO [main] org.springframework.web.servlet.FrameworkServlet.initServletBean Initializing Servlet 'cstspconf-web'
31-Mar-2026 19:51:58.135 INFO [main] org.springframework.web.servlet.FrameworkServlet.initServletBean Completed initialization in 576 ms
31-Mar-2026 19:51:58.173 INFO [main] org.apache.catalina.startup.HostConfig.deployDirectory Deployment of web application directory [/Users/motocycopath/Desktop/java-full-stack-training/00-microservices-00/apache-tomcat-9.0.116/webapps/employee-service] has finished in [6,015] ms
31-Mar-2026 19:51:58.174 INFO [main] org.apache.catalina.startup.HostConfig.deployDirectory Deploying web application directory [/Users/motocycopath/Desktop/java-full-stack-training/00-microservices-00/apache-tomcat-9.0.116/webapps/docs]
31-Mar-2026 19:51:58.213 INFO [main] org.apache.catalina.startup.HostConfig.deployDirectory Deployment of web application directory [/Users/motocycopath/Desktop/java-full-stack-training/00-microservices-00/apache-tomcat-9.0.116/webapps/docs] has finished in [39] ms
31-Mar-2026 19:51:58.213 INFO [main] org.apache.catalina.startup.HostConfig.deployDirectory Deploying web application directory [/Users/motocycopath/Desktop/java-full-stack-training/00-microservices-00/apache-tomcat-9.0.116/webapps/manager]
31-Mar-2026 19:51:58.249 INFO [main] org.apache.catalina.startup.HostConfig.deployDirectory Deployment of web application directory [/Users/motocycopath/Desktop/java-full-stack-training/00-microservices-00/apache-tomcat-9.0.116/webapps/manager] has finished in [36] ms
31-Mar-2026 19:51:58.249 INFO [main] org.apache.catalina.startup.HostConfig.deployDirectory Deploying web application directory [/Users/motocycopath/Desktop/java-full-stack-training/00-microservices-00/apache-tomcat-9.0.116/webapps/examples]
31-Mar-2026 19:51:58.468 INFO [main] org.apache.catalina.startup.HostConfig.deployDirectory Deployment of web application directory [/Users/motocycopath/Desktop/java-full-stack-training/00-microservices-00/apache-tomcat-9.0.116/webapps/examples] has finished in [219] ms
31-Mar-2026 19:51:58.468 INFO [main] org.apache.catalina.startup.HostConfig.deployDirectory Deploying web application directory [/Users/motocycopath/Desktop/java-full-stack-training/00-microservices-00/apache-tomcat-9.0.116/webapps/ROOT]
31-Mar-2026 19:51:58.487 INFO [main] org.apache.catalina.startup.HostConfig.deployDirectory Deployment of web application directory [/Users/motocycopath/Desktop/java-full-stack-training/00-microservices-00/apache-tomcat-9.0.116/webapps/ROOT] has finished in [18] ms
31-Mar-2026 19:51:58.488 INFO [main] org.apache.catalina.startup.HostConfig.deployDirectory Deploying web application directory [/Users/motocycopath/Desktop/java-full-stack-training/00-microservices-00/apache-tomcat-9.0.116/webapps/host-manager]
31-Mar-2026 19:51:58.517 INFO [main] org.apache.catalina.startup.HostConfig.deployDirectory Deployment of web application directory [/Users/motocycopath/Desktop/java-full-stack-training/00-microservices-00/apache-tomcat-9.0.116/webapps/host-manager] has finished in [28] ms
31-Mar-2026 19:51:58.521 INFO [main] org.apache.coyote.AbstractProtocol.start Starting ProtocolHandler ["http-nio-8080"]
31-Mar-2026 19:51:58.533 INFO [main] org.apache.catalina.startup.Catalina.start Server startup in [6480] milliseconds
31-Mar-2026 19:52:33.691 INFO [main] org.apache.catalina.core.StandardServer.await A valid shutdown command was received via the shutdown port. Stopping the Server instance.
31-Mar-2026 19:52:33.699 INFO [main] org.apache.coyote.AbstractProtocol.pause Pausing ProtocolHandler ["http-nio-8080"]
31-Mar-2026 19:52:33.711 INFO [main] org.apache.catalina.core.StandardService.stopInternal Stopping service [Catalina]
31-Mar-2026 19:52:33.794 INFO [main] org.springframework.orm.jpa.AbstractEntityManagerFactoryBean.destroy Closing JPA EntityManagerFactory for persistence unit 'default'
31-Mar-2026 19:52:33.814 WARNING [main] org.apache.catalina.loader.WebappClassLoaderBase.clearReferencesJdbc The web application [employee-service] registered the JDBC driver [com.mysql.cj.jdbc.Driver] but failed to unregister it when the web application was stopped. To prevent a memory leak, the JDBC Driver has been forcibly unregistered.
31-Mar-2026 19:52:33.817 WARNING [main] org.apache.catalina.loader.WebappClassLoaderBase.clearReferencesThreads The web application [employee-service] appears to have started a thread named [mysql-cj-abandoned-connection-cleanup] but has failed to stop it. This is very likely to create a memory leak. Stack trace of thread:
 java.lang.Object.wait(Native Method)
 java.lang.ref.ReferenceQueue.remove(ReferenceQueue.java:144)
 com.mysql.cj.jdbc.AbandonedConnectionCleanupThread.run(AbandonedConnectionCleanupThread.java:91)
 java.util.concurrent.ThreadPoolExecutor.runWorker(ThreadPoolExecutor.java:1149)
 java.util.concurrent.ThreadPoolExecutor$Worker.run(ThreadPoolExecutor.java:624)
 java.lang.Thread.run(Thread.java:750)
31-Mar-2026 19:52:33.850 INFO [main] org.apache.coyote.AbstractProtocol.stop Stopping ProtocolHandler ["http-nio-8080"]
31-Mar-2026 19:52:33.871 INFO [main] org.apache.coyote.AbstractProtocol.destroy Destroying ProtocolHandler ["http-nio-8080"]
31-Mar-2026 19:52:34.425 INFO [main] org.apache.catalina.startup.VersionLoggerListener.log Server version name:   Apache Tomcat/9.0.116
31-Mar-2026 19:52:34.427 INFO [main] org.apache.catalina.startup.VersionLoggerListener.log Server built:          Mar 16 2026 15:05:42 UTC
31-Mar-2026 19:52:34.427 INFO [main] org.apache.catalina.startup.VersionLoggerListener.log Server version number: 9.0.116.0
31-Mar-2026 19:52:34.427 INFO [main] org.apache.catalina.startup.VersionLoggerListener.log OS Name:               Mac OS X
31-Mar-2026 19:52:34.427 INFO [main] org.apache.catalina.startup.VersionLoggerListener.log OS Version:            15.5
31-Mar-2026 19:52:34.427 INFO [main] org.apache.catalina.startup.VersionLoggerListener.log Architecture:          aarch64
31-Mar-2026 19:52:34.427 INFO [main] org.apache.catalina.startup.VersionLoggerListener.log Java Home:             /Users/motocycopath/Library/Java/JavaVirtualMachines/jbr-17.0.14/Contents/Home
31-Mar-2026 19:52:34.427 INFO [main] org.apache.catalina.startup.VersionLoggerListener.log JVM Version:           17.0.14+1-b1367.22
31-Mar-2026 19:52:34.427 INFO [main] org.apache.catalina.startup.VersionLoggerListener.log JVM Vendor:            JetBrains s.r.o.
31-Mar-2026 19:52:34.427 INFO [main] org.apache.catalina.startup.VersionLoggerListener.log CATALINA_BASE:         /Users/motocycopath/Desktop/java-full-stack-training/00-microservices-00/apache-tomcat-9.0.116
31-Mar-2026 19:52:34.427 INFO [main] org.apache.catalina.startup.VersionLoggerListener.log CATALINA_HOME:         /Users/motocycopath/Desktop/java-full-stack-training/00-microservices-00/apache-tomcat-9.0.116
31-Mar-2026 19:52:34.433 INFO [main] org.apache.catalina.startup.VersionLoggerListener.log Command line argument: --add-opens=java.base/java.lang=ALL-UNNAMED
31-Mar-2026 19:52:34.433 INFO [main] org.apache.catalina.startup.VersionLoggerListener.log Command line argument: --add-opens=java.base/java.lang.invoke=ALL-UNNAMED
31-Mar-2026 19:52:34.433 INFO [main] org.apache.catalina.startup.VersionLoggerListener.log Command line argument: --add-opens=java.base/java.lang.reflect=ALL-UNNAMED
31-Mar-2026 19:52:34.433 INFO [main] org.apache.catalina.startup.VersionLoggerListener.log Command line argument: --add-opens=java.base/java.io=ALL-UNNAMED
31-Mar-2026 19:52:34.433 INFO [main] org.apache.catalina.startup.VersionLoggerListener.log Command line argument: --add-opens=java.base/java.util=ALL-UNNAMED
31-Mar-2026 19:52:34.433 INFO [main] org.apache.catalina.startup.VersionLoggerListener.log Command line argument: --add-opens=java.base/java.util.concurrent=ALL-UNNAMED
31-Mar-2026 19:52:34.433 INFO [main] org.apache.catalina.startup.VersionLoggerListener.log Command line argument: --add-opens=java.rmi/sun.rmi.transport=ALL-UNNAMED
31-Mar-2026 19:52:34.433 INFO [main] org.apache.catalina.startup.VersionLoggerListener.log Command line argument: -Djava.util.logging.config.file=/Users/motocycopath/Desktop/java-full-stack-training/00-microservices-00/apache-tomcat-9.0.116/conf/logging.properties
31-Mar-2026 19:52:34.433 INFO [main] org.apache.catalina.startup.VersionLoggerListener.log Command line argument: -Djava.util.logging.manager=org.apache.juli.ClassLoaderLogManager
31-Mar-2026 19:52:34.433 INFO [main] org.apache.catalina.startup.VersionLoggerListener.log Command line argument: -Djdk.tls.ephemeralDHKeySize=2048
31-Mar-2026 19:52:34.433 INFO [main] org.apache.catalina.startup.VersionLoggerListener.log Command line argument: -Djava.protocol.handler.pkgs=org.apache.catalina.webresources
31-Mar-2026 19:52:34.434 INFO [main] org.apache.catalina.startup.VersionLoggerListener.log Command line argument: -Dsun.io.useCanonCaches=false
31-Mar-2026 19:52:34.434 INFO [main] org.apache.catalina.startup.VersionLoggerListener.log Command line argument: -Dorg.apache.catalina.security.SecurityListener.UMASK=0027
31-Mar-2026 19:52:34.434 INFO [main] org.apache.catalina.startup.VersionLoggerListener.log Command line argument: -Dignore.endorsed.dirs=
31-Mar-2026 19:52:34.434 INFO [main] org.apache.catalina.startup.VersionLoggerListener.log Command line argument: -Dcatalina.base=/Users/motocycopath/Desktop/java-full-stack-training/00-microservices-00/apache-tomcat-9.0.116
31-Mar-2026 19:52:34.434 INFO [main] org.apache.catalina.startup.VersionLoggerListener.log Command line argument: -Dcatalina.home=/Users/motocycopath/Desktop/java-full-stack-training/00-microservices-00/apache-tomcat-9.0.116
31-Mar-2026 19:52:34.434 INFO [main] org.apache.catalina.startup.VersionLoggerListener.log Command line argument: -Djava.io.tmpdir=/Users/motocycopath/Desktop/java-full-stack-training/00-microservices-00/apache-tomcat-9.0.116/temp
31-Mar-2026 19:52:34.439 INFO [main] org.apache.catalina.core.AprLifecycleListener.lifecycleEvent The Apache Tomcat Native library which allows using OpenSSL was not found on the java.library.path: [/Users/motocycopath/Library/Java/Extensions:/Library/Java/Extensions:/Network/Library/Java/Extensions:/System/Library/Java/Extensions:/usr/lib/java:.]
31-Mar-2026 19:52:34.553 INFO [main] org.apache.coyote.AbstractProtocol.init Initializing ProtocolHandler ["http-nio-8080"]
31-Mar-2026 19:52:34.565 INFO [main] org.apache.catalina.startup.Catalina.load Server initialization in [205] milliseconds
31-Mar-2026 19:52:34.581 INFO [main] org.apache.catalina.core.StandardService.startInternal Starting service [Catalina]
31-Mar-2026 19:52:34.582 INFO [main] org.apache.catalina.core.StandardEngine.startInternal Starting Servlet engine: [Apache Tomcat/9.0.116]
31-Mar-2026 19:52:34.586 INFO [main] org.apache.catalina.startup.HostConfig.deployDirectory Deploying web application directory [/Users/motocycopath/Desktop/java-full-stack-training/00-microservices-00/apache-tomcat-9.0.116/webapps/employee-service]
31-Mar-2026 19:52:35.233 INFO [main] org.apache.jasper.servlet.TldScanner.scanJars At least one JAR was scanned for TLDs yet contained no TLDs. Enable debug logging for this logger for a complete list of JARs that were scanned but no TLDs were found in them. Skipping unneeded JARs during scanning can improve startup time and JSP compilation time.
31-Mar-2026 19:52:35.250 INFO [main] org.springframework.web.context.ContextLoader.initWebApplicationContext Root WebApplicationContext: initialization started
31-Mar-2026 19:52:35.401 INFO [main] org.springframework.data.repository.config.RepositoryConfigurationDelegate.registerRepositoriesIn Bootstrapping Spring Data JPA repositories in DEFAULT mode.
31-Mar-2026 19:52:35.435 INFO [main] org.springframework.data.repository.config.RepositoryConfigurationDelegate.registerRepositoriesIn Finished Spring Data repository scanning in 26 ms. Found 1 JPA repository interfaces.
31-Mar-2026 19:52:35.436 INFO [main] org.springframework.data.repository.config.RepositoryConfigurationDelegate.registerRepositoriesIn Bootstrapping Spring Data JPA repositories in DEFAULT mode.
31-Mar-2026 19:52:35.438 INFO [main] org.springframework.data.repository.config.RepositoryConfigurationDelegate.registerRepositoriesIn Finished Spring Data repository scanning in 2 ms. Found 1 JPA repository interfaces.
31-Mar-2026 19:52:35.556 INFO [main] org.hibernate.jpa.internal.util.LogHelper.logPersistenceUnitInformation HHH000204: Processing PersistenceUnitInfo [
	name: default
	...]
31-Mar-2026 19:52:35.614 INFO [main] org.hibernate.Version.logVersion HHH000412: Hibernate Core {5.2.8.Final}
31-Mar-2026 19:52:35.616 INFO [main] org.hibernate.cfg.Environment.<clinit> HHH000206: hibernate.properties not found
31-Mar-2026 19:52:35.632 WARNING [main] org.springframework.context.support.AbstractApplicationContext.refresh Exception encountered during context initialization - cancelling refresh attempt: org.springframework.beans.factory.BeanCreationException: Error creating bean with name 'entityManagerFactory' defined in ServletContext resource [/WEB-INF/cst_jpa_spring_config.xml]: Invocation of init method failed; nested exception is java.lang.NoClassDefFoundError: javax/xml/bind/JAXBException
31-Mar-2026 19:52:35.634 SEVERE [main] org.springframework.web.context.ContextLoader.initWebApplicationContext Context initialization failed
	org.springframework.beans.factory.BeanCreationException: Error creating bean with name 'entityManagerFactory' defined in ServletContext resource [/WEB-INF/cst_jpa_spring_config.xml]: Invocation of init method failed; nested exception is java.lang.NoClassDefFoundError: javax/xml/bind/JAXBException
		at org.springframework.beans.factory.support.AbstractAutowireCapableBeanFactory.initializeBean(AbstractAutowireCapableBeanFactory.java:1804)
		at org.springframework.beans.factory.support.AbstractAutowireCapableBeanFactory.doCreateBean(AbstractAutowireCapableBeanFactory.java:620)
		at org.springframework.beans.factory.support.AbstractAutowireCapableBeanFactory.createBean(AbstractAutowireCapableBeanFactory.java:542)
		at org.springframework.beans.factory.support.AbstractBeanFactory.lambda$doGetBean$0(AbstractBeanFactory.java:335)
		at org.springframework.beans.factory.support.DefaultSingletonBeanRegistry.getSingleton(DefaultSingletonBeanRegistry.java:234)
		at org.springframework.beans.factory.support.AbstractBeanFactory.doGetBean(AbstractBeanFactory.java:333)
		at org.springframework.beans.factory.support.AbstractBeanFactory.getBean(AbstractBeanFactory.java:208)
		at org.springframework.context.support.AbstractApplicationContext.getBean(AbstractApplicationContext.java:1154)
		at org.springframework.context.support.AbstractApplicationContext.finishBeanFactoryInitialization(AbstractApplicationContext.java:908)
		at org.springframework.context.support.AbstractApplicationContext.refresh(AbstractApplicationContext.java:583)
		at org.springframework.web.context.ContextLoader.configureAndRefreshWebApplicationContext(ContextLoader.java:401)
		at org.springframework.web.context.ContextLoader.initWebApplicationContext(ContextLoader.java:292)
		at org.springframework.web.context.ContextLoaderListener.contextInitialized(ContextLoaderListener.java:103)
		at org.apache.catalina.core.StandardContext.listenerStart(StandardContext.java:4047)
		at org.apache.catalina.core.StandardContext.startInternal(StandardContext.java:4489)
		at org.apache.catalina.util.LifecycleBase.start(LifecycleBase.java:164)
		at org.apache.catalina.core.ContainerBase.addChildInternal(ContainerBase.java:597)
		at org.apache.catalina.core.ContainerBase.addChild(ContainerBase.java:569)
		at org.apache.catalina.core.StandardHost.addChild(StandardHost.java:608)
		at org.apache.catalina.startup.HostConfig.deployDirectory(HostConfig.java:1171)
		at org.apache.catalina.startup.HostConfig$DeployDirectory.run(HostConfig.java:1880)
		at java.base/java.util.concurrent.Executors$RunnableAdapter.call(Executors.java:539)
		at java.base/java.util.concurrent.FutureTask.run(FutureTask.java:264)
		at org.apache.tomcat.util.threads.InlineExecutorService.execute(InlineExecutorService.java:82)
		at java.base/java.util.concurrent.AbstractExecutorService.submit(AbstractExecutorService.java:123)
		at org.apache.catalina.startup.HostConfig.deployDirectories(HostConfig.java:1082)
		at org.apache.catalina.startup.HostConfig.deployApps(HostConfig.java:467)
		at org.apache.catalina.startup.HostConfig.start(HostConfig.java:1576)
		at org.apache.catalina.startup.HostConfig.lifecycleEvent(HostConfig.java:309)
		at org.apache.catalina.util.LifecycleBase.fireLifecycleEvent(LifecycleBase.java:109)
		at org.apache.catalina.util.LifecycleBase.setStateInternal(LifecycleBase.java:389)
		at org.apache.catalina.util.LifecycleBase.setState(LifecycleBase.java:336)
		at org.apache.catalina.core.ContainerBase.startInternal(ContainerBase.java:774)
		at org.apache.catalina.core.StandardHost.startInternal(StandardHost.java:726)
		at org.apache.catalina.util.LifecycleBase.start(LifecycleBase.java:164)
		at org.apache.catalina.core.ContainerBase$StartChild.call(ContainerBase.java:1201)
		at org.apache.catalina.core.ContainerBase$StartChild.call(ContainerBase.java:1191)
		at java.base/java.util.concurrent.FutureTask.run(FutureTask.java:264)
		at org.apache.tomcat.util.threads.InlineExecutorService.execute(InlineExecutorService.java:82)
		at java.base/java.util.concurrent.AbstractExecutorService.submit(AbstractExecutorService.java:145)
		at org.apache.catalina.core.ContainerBase.startInternal(ContainerBase.java:747)
		at org.apache.catalina.core.StandardEngine.startInternal(StandardEngine.java:209)
		at org.apache.catalina.util.LifecycleBase.start(LifecycleBase.java:164)
		at org.apache.catalina.core.StandardService.startInternal(StandardService.java:410)
		at org.apache.catalina.util.LifecycleBase.start(LifecycleBase.java:164)
		at org.apache.catalina.core.StandardServer.startInternal(StandardServer.java:872)
		at org.apache.catalina.util.LifecycleBase.start(LifecycleBase.java:164)
		at org.apache.catalina.startup.Catalina.start(Catalina.java:736)
		at java.base/jdk.internal.reflect.NativeMethodAccessorImpl.invoke0(Native Method)
		at java.base/jdk.internal.reflect.NativeMethodAccessorImpl.invoke(NativeMethodAccessorImpl.java:77)
		at java.base/jdk.internal.reflect.DelegatingMethodAccessorImpl.invoke(DelegatingMethodAccessorImpl.java:43)
		at java.base/java.lang.reflect.Method.invoke(Method.java:569)
		at org.apache.catalina.startup.Bootstrap.start(Bootstrap.java:342)
		at org.apache.catalina.startup.Bootstrap.main(Bootstrap.java:473)
	Caused by: java.lang.NoClassDefFoundError: javax/xml/bind/JAXBException
		at org.hibernate.boot.spi.XmlMappingBinderAccess.<init>(XmlMappingBinderAccess.java:43)
		at org.hibernate.boot.MetadataSources.<init>(MetadataSources.java:87)
		at org.hibernate.jpa.boot.internal.EntityManagerFactoryBuilderImpl.<init>(EntityManagerFactoryBuilderImpl.java:208)
		at org.hibernate.jpa.boot.internal.EntityManagerFactoryBuilderImpl.<init>(EntityManagerFactoryBuilderImpl.java:163)
		at org.springframework.orm.jpa.vendor.SpringHibernateJpaPersistenceProvider.createContainerEntityManagerFactory(SpringHibernateJpaPersistenceProvider.java:52)
		at org.springframework.orm.jpa.LocalContainerEntityManagerFactoryBean.createNativeEntityManagerFactory(LocalContainerEntityManagerFactoryBean.java:365)
		at org.springframework.orm.jpa.AbstractEntityManagerFactoryBean.buildNativeEntityManagerFactory(AbstractEntityManagerFactoryBean.java:409)
		at org.springframework.orm.jpa.AbstractEntityManagerFactoryBean.afterPropertiesSet(AbstractEntityManagerFactoryBean.java:396)
		at org.springframework.orm.jpa.LocalContainerEntityManagerFactoryBean.afterPropertiesSet(LocalContainerEntityManagerFactoryBean.java:341)
		at org.springframework.beans.factory.support.AbstractAutowireCapableBeanFactory.invokeInitMethods(AbstractAutowireCapableBeanFactory.java:1863)
		at org.springframework.beans.factory.support.AbstractAutowireCapableBeanFactory.initializeBean(AbstractAutowireCapableBeanFactory.java:1800)
		... 53 more
	Caused by: java.lang.ClassNotFoundException: javax.xml.bind.JAXBException
		at org.apache.catalina.loader.WebappClassLoaderBase.loadClass(WebappClassLoaderBase.java:1351)
		at org.apache.catalina.loader.WebappClassLoaderBase.loadClass(WebappClassLoaderBase.java:1160)
		... 64 more
31-Mar-2026 19:52:35.635 SEVERE [main] org.apache.catalina.core.StandardContext.startInternal One or more listeners failed to start. Full details will be found in the appropriate container log file
31-Mar-2026 19:52:35.648 SEVERE [main] org.apache.catalina.core.StandardContext.startInternal Context [/employee-service] startup failed due to previous errors
31-Mar-2026 19:52:35.652 WARNING [main] org.apache.catalina.loader.WebappClassLoaderBase.clearReferencesJdbc The web application [employee-service] registered the JDBC driver [com.mysql.cj.jdbc.Driver] but failed to unregister it when the web application was stopped. To prevent a memory leak, the JDBC Driver has been forcibly unregistered.
31-Mar-2026 19:52:35.656 WARNING [main] org.apache.catalina.loader.WebappClassLoaderBase.clearReferencesThreads The web application [employee-service] appears to have started a thread named [mysql-cj-abandoned-connection-cleanup] but has failed to stop it. This is very likely to create a memory leak. Stack trace of thread:
 java.base@17.0.14/java.lang.Object.wait(Native Method)
 java.base@17.0.14/java.lang.ref.ReferenceQueue.remove(ReferenceQueue.java:155)
 com.mysql.cj.jdbc.AbandonedConnectionCleanupThread.run(AbandonedConnectionCleanupThread.java:91)
 java.base@17.0.14/java.util.concurrent.ThreadPoolExecutor.runWorker(ThreadPoolExecutor.java:1136)
 java.base@17.0.14/java.util.concurrent.ThreadPoolExecutor$Worker.run(ThreadPoolExecutor.java:635)
 java.base@17.0.14/java.lang.Thread.run(Thread.java:840)
31-Mar-2026 19:52:35.659 INFO [main] org.apache.catalina.startup.HostConfig.deployDirectory Deployment of web application directory [/Users/motocycopath/Desktop/java-full-stack-training/00-microservices-00/apache-tomcat-9.0.116/webapps/employee-service] has finished in [1,073] ms
31-Mar-2026 19:52:35.660 INFO [main] org.apache.catalina.startup.HostConfig.deployDirectory Deploying web application directory [/Users/motocycopath/Desktop/java-full-stack-training/00-microservices-00/apache-tomcat-9.0.116/webapps/docs]
31-Mar-2026 19:52:35.688 INFO [main] org.apache.catalina.startup.HostConfig.deployDirectory Deployment of web application directory [/Users/motocycopath/Desktop/java-full-stack-training/00-microservices-00/apache-tomcat-9.0.116/webapps/docs] has finished in [27] ms
31-Mar-2026 19:52:35.688 INFO [main] org.apache.catalina.startup.HostConfig.deployDirectory Deploying web application directory [/Users/motocycopath/Desktop/java-full-stack-training/00-microservices-00/apache-tomcat-9.0.116/webapps/manager]
31-Mar-2026 19:52:35.707 INFO [main] org.apache.catalina.startup.HostConfig.deployDirectory Deployment of web application directory [/Users/motocycopath/Desktop/java-full-stack-training/00-microservices-00/apache-tomcat-9.0.116/webapps/manager] has finished in [19] ms
31-Mar-2026 19:52:35.707 INFO [main] org.apache.catalina.startup.HostConfig.deployDirectory Deploying web application directory [/Users/motocycopath/Desktop/java-full-stack-training/00-microservices-00/apache-tomcat-9.0.116/webapps/examples]
31-Mar-2026 19:52:35.784 INFO [main] org.apache.catalina.startup.HostConfig.deployDirectory Deployment of web application directory [/Users/motocycopath/Desktop/java-full-stack-training/00-microservices-00/apache-tomcat-9.0.116/webapps/examples] has finished in [77] ms
31-Mar-2026 19:52:35.784 INFO [main] org.apache.catalina.startup.HostConfig.deployDirectory Deploying web application directory [/Users/motocycopath/Desktop/java-full-stack-training/00-microservices-00/apache-tomcat-9.0.116/webapps/ROOT]
31-Mar-2026 19:52:35.790 INFO [main] org.apache.catalina.startup.HostConfig.deployDirectory Deployment of web application directory [/Users/motocycopath/Desktop/java-full-stack-training/00-microservices-00/apache-tomcat-9.0.116/webapps/ROOT] has finished in [6] ms
31-Mar-2026 19:52:35.791 INFO [main] org.apache.catalina.startup.HostConfig.deployDirectory Deploying web application directory [/Users/motocycopath/Desktop/java-full-stack-training/00-microservices-00/apache-tomcat-9.0.116/webapps/host-manager]
31-Mar-2026 19:52:35.799 INFO [main] org.apache.catalina.startup.HostConfig.deployDirectory Deployment of web application directory [/Users/motocycopath/Desktop/java-full-stack-training/00-microservices-00/apache-tomcat-9.0.116/webapps/host-manager] has finished in [7] ms
31-Mar-2026 19:52:35.801 INFO [main] org.apache.coyote.AbstractProtocol.start Starting ProtocolHandler ["http-nio-8080"]
31-Mar-2026 19:52:35.807 INFO [main] org.apache.catalina.startup.Catalina.start Server startup in [1241] milliseconds
31-Mar-2026 19:52:40.517 INFO [mysql-cj-abandoned-connection-cleanup] org.apache.catalina.loader.WebappClassLoaderBase.checkStateForResourceLoading Illegal access: this web application instance has been stopped already. Could not load []. The following stack trace is thrown for debugging purposes as well as to attempt to terminate the thread which caused the illegal access.
	java.lang.IllegalStateException: Illegal access: this web application instance has been stopped already. Could not load []. The following stack trace is thrown for debugging purposes as well as to attempt to terminate the thread which caused the illegal access.
		at org.apache.catalina.loader.WebappClassLoaderBase.checkStateForResourceLoading(WebappClassLoaderBase.java:1370)
		at org.apache.catalina.loader.WebappClassLoaderBase.getResource(WebappClassLoaderBase.java:994)
		at com.mysql.cj.jdbc.AbandonedConnectionCleanupThread.checkThreadContextClassLoader(AbandonedConnectionCleanupThread.java:123)
		at com.mysql.cj.jdbc.AbandonedConnectionCleanupThread.run(AbandonedConnectionCleanupThread.java:90)
		at java.base/java.util.concurrent.ThreadPoolExecutor.runWorker(ThreadPoolExecutor.java:1136)
		at java.base/java.util.concurrent.ThreadPoolExecutor$Worker.run(ThreadPoolExecutor.java:635)
		at java.base/java.lang.Thread.run(Thread.java:840)
31-Mar-2026 20:09:09.949 INFO [Thread-1] org.apache.coyote.AbstractProtocol.pause Pausing ProtocolHandler ["http-nio-8080"]
31-Mar-2026 20:09:09.959 INFO [Thread-1] org.apache.catalina.core.StandardService.stopInternal Stopping service [Catalina]
31-Mar-2026 20:09:09.968 INFO [Thread-1] org.apache.coyote.AbstractProtocol.stop Stopping ProtocolHandler ["http-nio-8080"]
31-Mar-2026 20:09:09.971 INFO [Thread-1] org.apache.coyote.AbstractProtocol.destroy Destroying ProtocolHandler ["http-nio-8080"]
31-Mar-2026 20:58:03.483 INFO [main] org.apache.catalina.startup.VersionLoggerListener.log Server version name:   Apache Tomcat/9.0.116
31-Mar-2026 20:58:03.484 INFO [main] org.apache.catalina.startup.VersionLoggerListener.log Server built:          Mar 16 2026 15:05:42 UTC
31-Mar-2026 20:58:03.484 INFO [main] org.apache.catalina.startup.VersionLoggerListener.log Server version number: 9.0.116.0
31-Mar-2026 20:58:03.484 INFO [main] org.apache.catalina.startup.VersionLoggerListener.log OS Name:               Mac OS X
31-Mar-2026 20:58:03.484 INFO [main] org.apache.catalina.startup.VersionLoggerListener.log OS Version:            15.5
31-Mar-2026 20:58:03.485 INFO [main] org.apache.catalina.startup.VersionLoggerListener.log Architecture:          aarch64
31-Mar-2026 20:58:03.485 INFO [main] org.apache.catalina.startup.VersionLoggerListener.log Java Home:             /Users/motocycopath/Library/Java/JavaVirtualMachines/jbr-17.0.14/Contents/Home
31-Mar-2026 20:58:03.485 INFO [main] org.apache.catalina.startup.VersionLoggerListener.log JVM Version:           17.0.14+1-b1367.22
31-Mar-2026 20:58:03.485 INFO [main] org.apache.catalina.startup.VersionLoggerListener.log JVM Vendor:            JetBrains s.r.o.
31-Mar-2026 20:58:03.485 INFO [main] org.apache.catalina.startup.VersionLoggerListener.log CATALINA_BASE:         /Users/motocycopath/Desktop/java-full-stack-training/00-microservices-00/apache-tomcat-9.0.116
31-Mar-2026 20:58:03.485 INFO [main] org.apache.catalina.startup.VersionLoggerListener.log CATALINA_HOME:         /Users/motocycopath/Desktop/java-full-stack-training/00-microservices-00/apache-tomcat-9.0.116
31-Mar-2026 20:58:03.491 INFO [main] org.apache.catalina.startup.VersionLoggerListener.log Command line argument: --add-opens=java.base/java.lang=ALL-UNNAMED
31-Mar-2026 20:58:03.491 INFO [main] org.apache.catalina.startup.VersionLoggerListener.log Command line argument: --add-opens=java.base/java.lang.invoke=ALL-UNNAMED
31-Mar-2026 20:58:03.491 INFO [main] org.apache.catalina.startup.VersionLoggerListener.log Command line argument: --add-opens=java.base/java.lang.reflect=ALL-UNNAMED
31-Mar-2026 20:58:03.491 INFO [main] org.apache.catalina.startup.VersionLoggerListener.log Command line argument: --add-opens=java.base/java.io=ALL-UNNAMED
31-Mar-2026 20:58:03.491 INFO [main] org.apache.catalina.startup.VersionLoggerListener.log Command line argument: --add-opens=java.base/java.util=ALL-UNNAMED
31-Mar-2026 20:58:03.491 INFO [main] org.apache.catalina.startup.VersionLoggerListener.log Command line argument: --add-opens=java.base/java.util.concurrent=ALL-UNNAMED
31-Mar-2026 20:58:03.491 INFO [main] org.apache.catalina.startup.VersionLoggerListener.log Command line argument: --add-opens=java.rmi/sun.rmi.transport=ALL-UNNAMED
31-Mar-2026 20:58:03.491 INFO [main] org.apache.catalina.startup.VersionLoggerListener.log Command line argument: -Djava.util.logging.config.file=/Users/motocycopath/Desktop/java-full-stack-training/00-microservices-00/apache-tomcat-9.0.116/conf/logging.properties
31-Mar-2026 20:58:03.491 INFO [main] org.apache.catalina.startup.VersionLoggerListener.log Command line argument: -Djava.util.logging.manager=org.apache.juli.ClassLoaderLogManager
31-Mar-2026 20:58:03.491 INFO [main] org.apache.catalina.startup.VersionLoggerListener.log Command line argument: -Djdk.tls.ephemeralDHKeySize=2048
31-Mar-2026 20:58:03.491 INFO [main] org.apache.catalina.startup.VersionLoggerListener.log Command line argument: -Djava.protocol.handler.pkgs=org.apache.catalina.webresources
31-Mar-2026 20:58:03.491 INFO [main] org.apache.catalina.startup.VersionLoggerListener.log Command line argument: -Dsun.io.useCanonCaches=false
31-Mar-2026 20:58:03.491 INFO [main] org.apache.catalina.startup.VersionLoggerListener.log Command line argument: -Dorg.apache.catalina.security.SecurityListener.UMASK=0027
31-Mar-2026 20:58:03.491 INFO [main] org.apache.catalina.startup.VersionLoggerListener.log Command line argument: -Dignore.endorsed.dirs=
31-Mar-2026 20:58:03.491 INFO [main] org.apache.catalina.startup.VersionLoggerListener.log Command line argument: -Dcatalina.base=/Users/motocycopath/Desktop/java-full-stack-training/00-microservices-00/apache-tomcat-9.0.116
31-Mar-2026 20:58:03.491 INFO [main] org.apache.catalina.startup.VersionLoggerListener.log Command line argument: -Dcatalina.home=/Users/motocycopath/Desktop/java-full-stack-training/00-microservices-00/apache-tomcat-9.0.116
31-Mar-2026 20:58:03.491 INFO [main] org.apache.catalina.startup.VersionLoggerListener.log Command line argument: -Djava.io.tmpdir=/Users/motocycopath/Desktop/java-full-stack-training/00-microservices-00/apache-tomcat-9.0.116/temp
31-Mar-2026 20:58:03.497 INFO [main] org.apache.catalina.core.AprLifecycleListener.lifecycleEvent The Apache Tomcat Native library which allows using OpenSSL was not found on the java.library.path: [/Users/motocycopath/Library/Java/Extensions:/Library/Java/Extensions:/Network/Library/Java/Extensions:/System/Library/Java/Extensions:/usr/lib/java:.]
31-Mar-2026 20:58:03.607 INFO [main] org.apache.coyote.AbstractProtocol.init Initializing ProtocolHandler ["http-nio-8080"]
31-Mar-2026 20:58:03.619 INFO [main] org.apache.catalina.startup.Catalina.load Server initialization in [204] milliseconds
31-Mar-2026 20:58:03.634 INFO [main] org.apache.catalina.core.StandardService.startInternal Starting service [Catalina]
31-Mar-2026 20:58:03.634 INFO [main] org.apache.catalina.core.StandardEngine.startInternal Starting Servlet engine: [Apache Tomcat/9.0.116]
31-Mar-2026 20:58:03.636 INFO [main] org.apache.catalina.startup.HostConfig.deployDirectory Deploying web application directory [/Users/motocycopath/Desktop/java-full-stack-training/00-microservices-00/apache-tomcat-9.0.116/webapps/employee-service]
31-Mar-2026 20:58:04.265 INFO [main] org.apache.jasper.servlet.TldScanner.scanJars At least one JAR was scanned for TLDs yet contained no TLDs. Enable debug logging for this logger for a complete list of JARs that were scanned but no TLDs were found in them. Skipping unneeded JARs during scanning can improve startup time and JSP compilation time.
31-Mar-2026 20:58:04.278 INFO [main] org.springframework.web.context.ContextLoader.initWebApplicationContext Root WebApplicationContext: initialization started
31-Mar-2026 20:58:04.408 INFO [main] org.springframework.data.repository.config.RepositoryConfigurationDelegate.registerRepositoriesIn Bootstrapping Spring Data JPA repositories in DEFAULT mode.
31-Mar-2026 20:58:04.435 INFO [main] org.springframework.data.repository.config.RepositoryConfigurationDelegate.registerRepositoriesIn Finished Spring Data repository scanning in 21 ms. Found 1 JPA repository interfaces.
31-Mar-2026 20:58:04.436 INFO [main] org.springframework.data.repository.config.RepositoryConfigurationDelegate.registerRepositoriesIn Bootstrapping Spring Data JPA repositories in DEFAULT mode.
31-Mar-2026 20:58:04.438 INFO [main] org.springframework.data.repository.config.RepositoryConfigurationDelegate.registerRepositoriesIn Finished Spring Data repository scanning in 2 ms. Found 1 JPA repository interfaces.
31-Mar-2026 20:58:04.546 INFO [main] org.hibernate.jpa.internal.util.LogHelper.logPersistenceUnitInformation HHH000204: Processing PersistenceUnitInfo [
	name: default
	...]
31-Mar-2026 20:58:04.582 INFO [main] org.hibernate.Version.logVersion HHH000412: Hibernate Core {5.2.8.Final}
31-Mar-2026 20:58:04.582 INFO [main] org.hibernate.cfg.Environment.<clinit> HHH000206: hibernate.properties not found
31-Mar-2026 20:58:04.589 WARNING [main] org.springframework.context.support.AbstractApplicationContext.refresh Exception encountered during context initialization - cancelling refresh attempt: org.springframework.beans.factory.BeanCreationException: Error creating bean with name 'entityManagerFactory' defined in ServletContext resource [/WEB-INF/cst_jpa_spring_config.xml]: Invocation of init method failed; nested exception is java.lang.NoClassDefFoundError: javax/xml/bind/JAXBException
31-Mar-2026 20:58:04.590 SEVERE [main] org.springframework.web.context.ContextLoader.initWebApplicationContext Context initialization failed
	org.springframework.beans.factory.BeanCreationException: Error creating bean with name 'entityManagerFactory' defined in ServletContext resource [/WEB-INF/cst_jpa_spring_config.xml]: Invocation of init method failed; nested exception is java.lang.NoClassDefFoundError: javax/xml/bind/JAXBException
		at org.springframework.beans.factory.support.AbstractAutowireCapableBeanFactory.initializeBean(AbstractAutowireCapableBeanFactory.java:1804)
		at org.springframework.beans.factory.support.AbstractAutowireCapableBeanFactory.doCreateBean(AbstractAutowireCapableBeanFactory.java:620)
		at org.springframework.beans.factory.support.AbstractAutowireCapableBeanFactory.createBean(AbstractAutowireCapableBeanFactory.java:542)
		at org.springframework.beans.factory.support.AbstractBeanFactory.lambda$doGetBean$0(AbstractBeanFactory.java:335)
		at org.springframework.beans.factory.support.DefaultSingletonBeanRegistry.getSingleton(DefaultSingletonBeanRegistry.java:234)
		at org.springframework.beans.factory.support.AbstractBeanFactory.doGetBean(AbstractBeanFactory.java:333)
		at org.springframework.beans.factory.support.AbstractBeanFactory.getBean(AbstractBeanFactory.java:208)
		at org.springframework.context.support.AbstractApplicationContext.getBean(AbstractApplicationContext.java:1154)
		at org.springframework.context.support.AbstractApplicationContext.finishBeanFactoryInitialization(AbstractApplicationContext.java:908)
		at org.springframework.context.support.AbstractApplicationContext.refresh(AbstractApplicationContext.java:583)
		at org.springframework.web.context.ContextLoader.configureAndRefreshWebApplicationContext(ContextLoader.java:401)
		at org.springframework.web.context.ContextLoader.initWebApplicationContext(ContextLoader.java:292)
		at org.springframework.web.context.ContextLoaderListener.contextInitialized(ContextLoaderListener.java:103)
		at org.apache.catalina.core.StandardContext.listenerStart(StandardContext.java:4047)
		at org.apache.catalina.core.StandardContext.startInternal(StandardContext.java:4489)
		at org.apache.catalina.util.LifecycleBase.start(LifecycleBase.java:164)
		at org.apache.catalina.core.ContainerBase.addChildInternal(ContainerBase.java:597)
		at org.apache.catalina.core.ContainerBase.addChild(ContainerBase.java:569)
		at org.apache.catalina.core.StandardHost.addChild(StandardHost.java:608)
		at org.apache.catalina.startup.HostConfig.deployDirectory(HostConfig.java:1171)
		at org.apache.catalina.startup.HostConfig$DeployDirectory.run(HostConfig.java:1880)
		at java.base/java.util.concurrent.Executors$RunnableAdapter.call(Executors.java:539)
		at java.base/java.util.concurrent.FutureTask.run(FutureTask.java:264)
		at org.apache.tomcat.util.threads.InlineExecutorService.execute(InlineExecutorService.java:82)
		at java.base/java.util.concurrent.AbstractExecutorService.submit(AbstractExecutorService.java:123)
		at org.apache.catalina.startup.HostConfig.deployDirectories(HostConfig.java:1082)
		at org.apache.catalina.startup.HostConfig.deployApps(HostConfig.java:467)
		at org.apache.catalina.startup.HostConfig.start(HostConfig.java:1576)
		at org.apache.catalina.startup.HostConfig.lifecycleEvent(HostConfig.java:309)
		at org.apache.catalina.util.LifecycleBase.fireLifecycleEvent(LifecycleBase.java:109)
		at org.apache.catalina.util.LifecycleBase.setStateInternal(LifecycleBase.java:389)
		at org.apache.catalina.util.LifecycleBase.setState(LifecycleBase.java:336)
		at org.apache.catalina.core.ContainerBase.startInternal(ContainerBase.java:774)
		at org.apache.catalina.core.StandardHost.startInternal(StandardHost.java:726)
		at org.apache.catalina.util.LifecycleBase.start(LifecycleBase.java:164)
		at org.apache.catalina.core.ContainerBase$StartChild.call(ContainerBase.java:1201)
		at org.apache.catalina.core.ContainerBase$StartChild.call(ContainerBase.java:1191)
		at java.base/java.util.concurrent.FutureTask.run(FutureTask.java:264)
		at org.apache.tomcat.util.threads.InlineExecutorService.execute(InlineExecutorService.java:82)
		at java.base/java.util.concurrent.AbstractExecutorService.submit(AbstractExecutorService.java:145)
		at org.apache.catalina.core.ContainerBase.startInternal(ContainerBase.java:747)
		at org.apache.catalina.core.StandardEngine.startInternal(StandardEngine.java:209)
		at org.apache.catalina.util.LifecycleBase.start(LifecycleBase.java:164)
		at org.apache.catalina.core.StandardService.startInternal(StandardService.java:410)
		at org.apache.catalina.util.LifecycleBase.start(LifecycleBase.java:164)
		at org.apache.catalina.core.StandardServer.startInternal(StandardServer.java:872)
		at org.apache.catalina.util.LifecycleBase.start(LifecycleBase.java:164)
		at org.apache.catalina.startup.Catalina.start(Catalina.java:736)
		at java.base/jdk.internal.reflect.NativeMethodAccessorImpl.invoke0(Native Method)
		at java.base/jdk.internal.reflect.NativeMethodAccessorImpl.invoke(NativeMethodAccessorImpl.java:77)
		at java.base/jdk.internal.reflect.DelegatingMethodAccessorImpl.invoke(DelegatingMethodAccessorImpl.java:43)
		at java.base/java.lang.reflect.Method.invoke(Method.java:569)
		at org.apache.catalina.startup.Bootstrap.start(Bootstrap.java:342)
		at org.apache.catalina.startup.Bootstrap.main(Bootstrap.java:473)
	Caused by: java.lang.NoClassDefFoundError: javax/xml/bind/JAXBException
		at org.hibernate.boot.spi.XmlMappingBinderAccess.<init>(XmlMappingBinderAccess.java:43)
		at org.hibernate.boot.MetadataSources.<init>(MetadataSources.java:87)
		at org.hibernate.jpa.boot.internal.EntityManagerFactoryBuilderImpl.<init>(EntityManagerFactoryBuilderImpl.java:208)
		at org.hibernate.jpa.boot.internal.EntityManagerFactoryBuilderImpl.<init>(EntityManagerFactoryBuilderImpl.java:163)
		at org.springframework.orm.jpa.vendor.SpringHibernateJpaPersistenceProvider.createContainerEntityManagerFactory(SpringHibernateJpaPersistenceProvider.java:52)
		at org.springframework.orm.jpa.LocalContainerEntityManagerFactoryBean.createNativeEntityManagerFactory(LocalContainerEntityManagerFactoryBean.java:365)
		at org.springframework.orm.jpa.AbstractEntityManagerFactoryBean.buildNativeEntityManagerFactory(AbstractEntityManagerFactoryBean.java:409)
		at org.springframework.orm.jpa.AbstractEntityManagerFactoryBean.afterPropertiesSet(AbstractEntityManagerFactoryBean.java:396)
		at org.springframework.orm.jpa.LocalContainerEntityManagerFactoryBean.afterPropertiesSet(LocalContainerEntityManagerFactoryBean.java:341)
		at org.springframework.beans.factory.support.AbstractAutowireCapableBeanFactory.invokeInitMethods(AbstractAutowireCapableBeanFactory.java:1863)
		at org.springframework.beans.factory.support.AbstractAutowireCapableBeanFactory.initializeBean(AbstractAutowireCapableBeanFactory.java:1800)
		... 53 more
	Caused by: java.lang.ClassNotFoundException: javax.xml.bind.JAXBException
		at org.apache.catalina.loader.WebappClassLoaderBase.loadClass(WebappClassLoaderBase.java:1351)
		at org.apache.catalina.loader.WebappClassLoaderBase.loadClass(WebappClassLoaderBase.java:1160)
		... 64 more
31-Mar-2026 20:58:04.591 SEVERE [main] org.apache.catalina.core.StandardContext.startInternal One or more listeners failed to start. Full details will be found in the appropriate container log file
31-Mar-2026 20:58:04.599 SEVERE [main] org.apache.catalina.core.StandardContext.startInternal Context [/employee-service] startup failed due to previous errors
31-Mar-2026 20:58:04.602 WARNING [main] org.apache.catalina.loader.WebappClassLoaderBase.clearReferencesJdbc The web application [employee-service] registered the JDBC driver [com.mysql.cj.jdbc.Driver] but failed to unregister it when the web application was stopped. To prevent a memory leak, the JDBC Driver has been forcibly unregistered.
31-Mar-2026 20:58:04.603 WARNING [main] org.apache.catalina.loader.WebappClassLoaderBase.clearReferencesThreads The web application [employee-service] appears to have started a thread named [mysql-cj-abandoned-connection-cleanup] but has failed to stop it. This is very likely to create a memory leak. Stack trace of thread:
 java.base@17.0.14/java.lang.Object.wait(Native Method)
 java.base@17.0.14/java.lang.ref.ReferenceQueue.remove(ReferenceQueue.java:155)
 com.mysql.cj.jdbc.AbandonedConnectionCleanupThread.run(AbandonedConnectionCleanupThread.java:91)
 java.base@17.0.14/java.util.concurrent.ThreadPoolExecutor.runWorker(ThreadPoolExecutor.java:1136)
 java.base@17.0.14/java.util.concurrent.ThreadPoolExecutor$Worker.run(ThreadPoolExecutor.java:635)
 java.base@17.0.14/java.lang.Thread.run(Thread.java:840)
31-Mar-2026 20:58:04.606 INFO [main] org.apache.catalina.startup.HostConfig.deployDirectory Deployment of web application directory [/Users/motocycopath/Desktop/java-full-stack-training/00-microservices-00/apache-tomcat-9.0.116/webapps/employee-service] has finished in [970] ms
31-Mar-2026 20:58:04.606 INFO [main] org.apache.catalina.startup.HostConfig.deployDirectory Deploying web application directory [/Users/motocycopath/Desktop/java-full-stack-training/00-microservices-00/apache-tomcat-9.0.116/webapps/docs]
31-Mar-2026 20:58:04.623 INFO [main] org.apache.catalina.startup.HostConfig.deployDirectory Deployment of web application directory [/Users/motocycopath/Desktop/java-full-stack-training/00-microservices-00/apache-tomcat-9.0.116/webapps/docs] has finished in [16] ms
31-Mar-2026 20:58:04.623 INFO [main] org.apache.catalina.startup.HostConfig.deployDirectory Deploying web application directory [/Users/motocycopath/Desktop/java-full-stack-training/00-microservices-00/apache-tomcat-9.0.116/webapps/manager]
31-Mar-2026 20:58:04.634 INFO [main] org.apache.catalina.startup.HostConfig.deployDirectory Deployment of web application directory [/Users/motocycopath/Desktop/java-full-stack-training/00-microservices-00/apache-tomcat-9.0.116/webapps/manager] has finished in [11] ms
31-Mar-2026 20:58:04.635 INFO [main] org.apache.catalina.startup.HostConfig.deployDirectory Deploying web application directory [/Users/motocycopath/Desktop/java-full-stack-training/00-microservices-00/apache-tomcat-9.0.116/webapps/examples]
31-Mar-2026 20:58:04.699 INFO [main] org.apache.catalina.startup.HostConfig.deployDirectory Deployment of web application directory [/Users/motocycopath/Desktop/java-full-stack-training/00-microservices-00/apache-tomcat-9.0.116/webapps/examples] has finished in [64] ms
31-Mar-2026 20:58:04.699 INFO [main] org.apache.catalina.startup.HostConfig.deployDirectory Deploying web application directory [/Users/motocycopath/Desktop/java-full-stack-training/00-microservices-00/apache-tomcat-9.0.116/webapps/ROOT]
31-Mar-2026 20:58:04.704 INFO [main] org.apache.catalina.startup.HostConfig.deployDirectory Deployment of web application directory [/Users/motocycopath/Desktop/java-full-stack-training/00-microservices-00/apache-tomcat-9.0.116/webapps/ROOT] has finished in [5] ms
31-Mar-2026 20:58:04.704 INFO [main] org.apache.catalina.startup.HostConfig.deployDirectory Deploying web application directory [/Users/motocycopath/Desktop/java-full-stack-training/00-microservices-00/apache-tomcat-9.0.116/webapps/host-manager]
31-Mar-2026 20:58:04.711 INFO [main] org.apache.catalina.startup.HostConfig.deployDirectory Deployment of web application directory [/Users/motocycopath/Desktop/java-full-stack-training/00-microservices-00/apache-tomcat-9.0.116/webapps/host-manager] has finished in [7] ms
31-Mar-2026 20:58:04.712 INFO [main] org.apache.coyote.AbstractProtocol.start Starting ProtocolHandler ["http-nio-8080"]
31-Mar-2026 20:58:04.716 INFO [main] org.apache.catalina.startup.Catalina.start Server startup in [1096] milliseconds
31-Mar-2026 20:58:09.515 INFO [mysql-cj-abandoned-connection-cleanup] org.apache.catalina.loader.WebappClassLoaderBase.checkStateForResourceLoading Illegal access: this web application instance has been stopped already. Could not load []. The following stack trace is thrown for debugging purposes as well as to attempt to terminate the thread which caused the illegal access.
	java.lang.IllegalStateException: Illegal access: this web application instance has been stopped already. Could not load []. The following stack trace is thrown for debugging purposes as well as to attempt to terminate the thread which caused the illegal access.
		at org.apache.catalina.loader.WebappClassLoaderBase.checkStateForResourceLoading(WebappClassLoaderBase.java:1370)
		at org.apache.catalina.loader.WebappClassLoaderBase.getResource(WebappClassLoaderBase.java:994)
		at com.mysql.cj.jdbc.AbandonedConnectionCleanupThread.checkThreadContextClassLoader(AbandonedConnectionCleanupThread.java:123)
		at com.mysql.cj.jdbc.AbandonedConnectionCleanupThread.run(AbandonedConnectionCleanupThread.java:90)
		at java.base/java.util.concurrent.ThreadPoolExecutor.runWorker(ThreadPoolExecutor.java:1136)
		at java.base/java.util.concurrent.ThreadPoolExecutor$Worker.run(ThreadPoolExecutor.java:635)
		at java.base/java.lang.Thread.run(Thread.java:840)
31-Mar-2026 20:58:29.702 INFO [Thread-1] org.apache.coyote.AbstractProtocol.pause Pausing ProtocolHandler ["http-nio-8080"]
31-Mar-2026 20:58:29.710 INFO [Thread-1] org.apache.catalina.core.StandardService.stopInternal Stopping service [Catalina]
31-Mar-2026 20:58:29.727 INFO [Thread-1] org.apache.coyote.AbstractProtocol.stop Stopping ProtocolHandler ["http-nio-8080"]
31-Mar-2026 20:58:29.739 INFO [Thread-1] org.apache.coyote.AbstractProtocol.destroy Destroying ProtocolHandler ["http-nio-8080"]
31-Mar-2026 20:59:25.550 INFO [main] org.apache.catalina.startup.VersionLoggerListener.log Server version name:   Apache Tomcat/9.0.116
31-Mar-2026 20:59:25.552 INFO [main] org.apache.catalina.startup.VersionLoggerListener.log Server built:          Mar 16 2026 15:05:42 UTC
31-Mar-2026 20:59:25.552 INFO [main] org.apache.catalina.startup.VersionLoggerListener.log Server version number: 9.0.116.0
31-Mar-2026 20:59:25.552 INFO [main] org.apache.catalina.startup.VersionLoggerListener.log OS Name:               Mac OS X
31-Mar-2026 20:59:25.552 INFO [main] org.apache.catalina.startup.VersionLoggerListener.log OS Version:            15.5
31-Mar-2026 20:59:25.552 INFO [main] org.apache.catalina.startup.VersionLoggerListener.log Architecture:          aarch64
31-Mar-2026 20:59:25.552 INFO [main] org.apache.catalina.startup.VersionLoggerListener.log Java Home:             /Users/motocycopath/Library/Java/JavaVirtualMachines/jbr-17.0.14/Contents/Home
31-Mar-2026 20:59:25.552 INFO [main] org.apache.catalina.startup.VersionLoggerListener.log JVM Version:           17.0.14+1-b1367.22
31-Mar-2026 20:59:25.552 INFO [main] org.apache.catalina.startup.VersionLoggerListener.log JVM Vendor:            JetBrains s.r.o.
31-Mar-2026 20:59:25.552 INFO [main] org.apache.catalina.startup.VersionLoggerListener.log CATALINA_BASE:         /Users/motocycopath/Desktop/java-full-stack-training/00-microservices-00/apache-tomcat-9.0.116
31-Mar-2026 20:59:25.552 INFO [main] org.apache.catalina.startup.VersionLoggerListener.log CATALINA_HOME:         /Users/motocycopath/Desktop/java-full-stack-training/00-microservices-00/apache-tomcat-9.0.116
31-Mar-2026 20:59:25.558 INFO [main] org.apache.catalina.startup.VersionLoggerListener.log Command line argument: --add-opens=java.base/java.lang=ALL-UNNAMED
31-Mar-2026 20:59:25.558 INFO [main] org.apache.catalina.startup.VersionLoggerListener.log Command line argument: --add-opens=java.base/java.lang.invoke=ALL-UNNAMED
31-Mar-2026 20:59:25.558 INFO [main] org.apache.catalina.startup.VersionLoggerListener.log Command line argument: --add-opens=java.base/java.lang.reflect=ALL-UNNAMED
31-Mar-2026 20:59:25.558 INFO [main] org.apache.catalina.startup.VersionLoggerListener.log Command line argument: --add-opens=java.base/java.io=ALL-UNNAMED
31-Mar-2026 20:59:25.558 INFO [main] org.apache.catalina.startup.VersionLoggerListener.log Command line argument: --add-opens=java.base/java.util=ALL-UNNAMED
31-Mar-2026 20:59:25.558 INFO [main] org.apache.catalina.startup.VersionLoggerListener.log Command line argument: --add-opens=java.base/java.util.concurrent=ALL-UNNAMED
31-Mar-2026 20:59:25.558 INFO [main] org.apache.catalina.startup.VersionLoggerListener.log Command line argument: --add-opens=java.rmi/sun.rmi.transport=ALL-UNNAMED
31-Mar-2026 20:59:25.558 INFO [main] org.apache.catalina.startup.VersionLoggerListener.log Command line argument: -Djava.util.logging.config.file=/Users/motocycopath/Desktop/java-full-stack-training/00-microservices-00/apache-tomcat-9.0.116/conf/logging.properties
31-Mar-2026 20:59:25.558 INFO [main] org.apache.catalina.startup.VersionLoggerListener.log Command line argument: -Djava.util.logging.manager=org.apache.juli.ClassLoaderLogManager
31-Mar-2026 20:59:25.558 INFO [main] org.apache.catalina.startup.VersionLoggerListener.log Command line argument: -Djdk.tls.ephemeralDHKeySize=2048
31-Mar-2026 20:59:25.558 INFO [main] org.apache.catalina.startup.VersionLoggerListener.log Command line argument: -Djava.protocol.handler.pkgs=org.apache.catalina.webresources
31-Mar-2026 20:59:25.558 INFO [main] org.apache.catalina.startup.VersionLoggerListener.log Command line argument: -Dsun.io.useCanonCaches=false
31-Mar-2026 20:59:25.558 INFO [main] org.apache.catalina.startup.VersionLoggerListener.log Command line argument: -Dorg.apache.catalina.security.SecurityListener.UMASK=0027
31-Mar-2026 20:59:25.558 INFO [main] org.apache.catalina.startup.VersionLoggerListener.log Command line argument: -Dignore.endorsed.dirs=
31-Mar-2026 20:59:25.558 INFO [main] org.apache.catalina.startup.VersionLoggerListener.log Command line argument: -Dcatalina.base=/Users/motocycopath/Desktop/java-full-stack-training/00-microservices-00/apache-tomcat-9.0.116
31-Mar-2026 20:59:25.558 INFO [main] org.apache.catalina.startup.VersionLoggerListener.log Command line argument: -Dcatalina.home=/Users/motocycopath/Desktop/java-full-stack-training/00-microservices-00/apache-tomcat-9.0.116
31-Mar-2026 20:59:25.558 INFO [main] org.apache.catalina.startup.VersionLoggerListener.log Command line argument: -Djava.io.tmpdir=/Users/motocycopath/Desktop/java-full-stack-training/00-microservices-00/apache-tomcat-9.0.116/temp
31-Mar-2026 20:59:25.563 INFO [main] org.apache.catalina.core.AprLifecycleListener.lifecycleEvent The Apache Tomcat Native library which allows using OpenSSL was not found on the java.library.path: [/Users/motocycopath/Library/Java/Extensions:/Library/Java/Extensions:/Network/Library/Java/Extensions:/System/Library/Java/Extensions:/usr/lib/java:.]
31-Mar-2026 20:59:25.670 INFO [main] org.apache.coyote.AbstractProtocol.init Initializing ProtocolHandler ["http-nio-8080"]
31-Mar-2026 20:59:25.680 INFO [main] org.apache.catalina.startup.Catalina.load Server initialization in [199] milliseconds
31-Mar-2026 20:59:25.695 INFO [main] org.apache.catalina.core.StandardService.startInternal Starting service [Catalina]
31-Mar-2026 20:59:25.695 INFO [main] org.apache.catalina.core.StandardEngine.startInternal Starting Servlet engine: [Apache Tomcat/9.0.116]
31-Mar-2026 20:59:25.698 INFO [main] org.apache.catalina.startup.HostConfig.deployDirectory Deploying web application directory [/Users/motocycopath/Desktop/java-full-stack-training/00-microservices-00/apache-tomcat-9.0.116/webapps/employee-service]
31-Mar-2026 20:59:26.340 INFO [main] org.apache.jasper.servlet.TldScanner.scanJars At least one JAR was scanned for TLDs yet contained no TLDs. Enable debug logging for this logger for a complete list of JARs that were scanned but no TLDs were found in them. Skipping unneeded JARs during scanning can improve startup time and JSP compilation time.
31-Mar-2026 20:59:26.355 INFO [main] org.springframework.web.context.ContextLoader.initWebApplicationContext Root WebApplicationContext: initialization started
31-Mar-2026 20:59:26.484 INFO [main] org.springframework.data.repository.config.RepositoryConfigurationDelegate.registerRepositoriesIn Bootstrapping Spring Data JPA repositories in DEFAULT mode.
31-Mar-2026 20:59:26.513 INFO [main] org.springframework.data.repository.config.RepositoryConfigurationDelegate.registerRepositoriesIn Finished Spring Data repository scanning in 22 ms. Found 1 JPA repository interfaces.
31-Mar-2026 20:59:26.513 INFO [main] org.springframework.data.repository.config.RepositoryConfigurationDelegate.registerRepositoriesIn Bootstrapping Spring Data JPA repositories in DEFAULT mode.
31-Mar-2026 20:59:26.515 INFO [main] org.springframework.data.repository.config.RepositoryConfigurationDelegate.registerRepositoriesIn Finished Spring Data repository scanning in 1 ms. Found 1 JPA repository interfaces.
31-Mar-2026 20:59:26.622 INFO [main] org.hibernate.jpa.internal.util.LogHelper.logPersistenceUnitInformation HHH000204: Processing PersistenceUnitInfo [
	name: default
	...]
31-Mar-2026 20:59:26.654 INFO [main] org.hibernate.Version.logVersion HHH000412: Hibernate Core {5.2.8.Final}
31-Mar-2026 20:59:26.655 INFO [main] org.hibernate.cfg.Environment.<clinit> HHH000206: hibernate.properties not found
31-Mar-2026 20:59:26.661 WARNING [main] org.springframework.context.support.AbstractApplicationContext.refresh Exception encountered during context initialization - cancelling refresh attempt: org.springframework.beans.factory.BeanCreationException: Error creating bean with name 'entityManagerFactory' defined in ServletContext resource [/WEB-INF/cst_jpa_spring_config.xml]: Invocation of init method failed; nested exception is java.lang.NoClassDefFoundError: javax/xml/bind/JAXBException
31-Mar-2026 20:59:26.663 SEVERE [main] org.springframework.web.context.ContextLoader.initWebApplicationContext Context initialization failed
	org.springframework.beans.factory.BeanCreationException: Error creating bean with name 'entityManagerFactory' defined in ServletContext resource [/WEB-INF/cst_jpa_spring_config.xml]: Invocation of init method failed; nested exception is java.lang.NoClassDefFoundError: javax/xml/bind/JAXBException
		at org.springframework.beans.factory.support.AbstractAutowireCapableBeanFactory.initializeBean(AbstractAutowireCapableBeanFactory.java:1804)
		at org.springframework.beans.factory.support.AbstractAutowireCapableBeanFactory.doCreateBean(AbstractAutowireCapableBeanFactory.java:620)
		at org.springframework.beans.factory.support.AbstractAutowireCapableBeanFactory.createBean(AbstractAutowireCapableBeanFactory.java:542)
		at org.springframework.beans.factory.support.AbstractBeanFactory.lambda$doGetBean$0(AbstractBeanFactory.java:335)
		at org.springframework.beans.factory.support.DefaultSingletonBeanRegistry.getSingleton(DefaultSingletonBeanRegistry.java:234)
		at org.springframework.beans.factory.support.AbstractBeanFactory.doGetBean(AbstractBeanFactory.java:333)
		at org.springframework.beans.factory.support.AbstractBeanFactory.getBean(AbstractBeanFactory.java:208)
		at org.springframework.context.support.AbstractApplicationContext.getBean(AbstractApplicationContext.java:1154)
		at org.springframework.context.support.AbstractApplicationContext.finishBeanFactoryInitialization(AbstractApplicationContext.java:908)
		at org.springframework.context.support.AbstractApplicationContext.refresh(AbstractApplicationContext.java:583)
		at org.springframework.web.context.ContextLoader.configureAndRefreshWebApplicationContext(ContextLoader.java:401)
		at org.springframework.web.context.ContextLoader.initWebApplicationContext(ContextLoader.java:292)
		at org.springframework.web.context.ContextLoaderListener.contextInitialized(ContextLoaderListener.java:103)
		at org.apache.catalina.core.StandardContext.listenerStart(StandardContext.java:4047)
		at org.apache.catalina.core.StandardContext.startInternal(StandardContext.java:4489)
		at org.apache.catalina.util.LifecycleBase.start(LifecycleBase.java:164)
		at org.apache.catalina.core.ContainerBase.addChildInternal(ContainerBase.java:597)
		at org.apache.catalina.core.ContainerBase.addChild(ContainerBase.java:569)
		at org.apache.catalina.core.StandardHost.addChild(StandardHost.java:608)
		at org.apache.catalina.startup.HostConfig.deployDirectory(HostConfig.java:1171)
		at org.apache.catalina.startup.HostConfig$DeployDirectory.run(HostConfig.java:1880)
		at java.base/java.util.concurrent.Executors$RunnableAdapter.call(Executors.java:539)
		at java.base/java.util.concurrent.FutureTask.run(FutureTask.java:264)
		at org.apache.tomcat.util.threads.InlineExecutorService.execute(InlineExecutorService.java:82)
		at java.base/java.util.concurrent.AbstractExecutorService.submit(AbstractExecutorService.java:123)
		at org.apache.catalina.startup.HostConfig.deployDirectories(HostConfig.java:1082)
		at org.apache.catalina.startup.HostConfig.deployApps(HostConfig.java:467)
		at org.apache.catalina.startup.HostConfig.start(HostConfig.java:1576)
		at org.apache.catalina.startup.HostConfig.lifecycleEvent(HostConfig.java:309)
		at org.apache.catalina.util.LifecycleBase.fireLifecycleEvent(LifecycleBase.java:109)
		at org.apache.catalina.util.LifecycleBase.setStateInternal(LifecycleBase.java:389)
		at org.apache.catalina.util.LifecycleBase.setState(LifecycleBase.java:336)
		at org.apache.catalina.core.ContainerBase.startInternal(ContainerBase.java:774)
		at org.apache.catalina.core.StandardHost.startInternal(StandardHost.java:726)
		at org.apache.catalina.util.LifecycleBase.start(LifecycleBase.java:164)
		at org.apache.catalina.core.ContainerBase$StartChild.call(ContainerBase.java:1201)
		at org.apache.catalina.core.ContainerBase$StartChild.call(ContainerBase.java:1191)
		at java.base/java.util.concurrent.FutureTask.run(FutureTask.java:264)
		at org.apache.tomcat.util.threads.InlineExecutorService.execute(InlineExecutorService.java:82)
		at java.base/java.util.concurrent.AbstractExecutorService.submit(AbstractExecutorService.java:145)
		at org.apache.catalina.core.ContainerBase.startInternal(ContainerBase.java:747)
		at org.apache.catalina.core.StandardEngine.startInternal(StandardEngine.java:209)
		at org.apache.catalina.util.LifecycleBase.start(LifecycleBase.java:164)
		at org.apache.catalina.core.StandardService.startInternal(StandardService.java:410)
		at org.apache.catalina.util.LifecycleBase.start(LifecycleBase.java:164)
		at org.apache.catalina.core.StandardServer.startInternal(StandardServer.java:872)
		at org.apache.catalina.util.LifecycleBase.start(LifecycleBase.java:164)
		at org.apache.catalina.startup.Catalina.start(Catalina.java:736)
		at java.base/jdk.internal.reflect.NativeMethodAccessorImpl.invoke0(Native Method)
		at java.base/jdk.internal.reflect.NativeMethodAccessorImpl.invoke(NativeMethodAccessorImpl.java:77)
		at java.base/jdk.internal.reflect.DelegatingMethodAccessorImpl.invoke(DelegatingMethodAccessorImpl.java:43)
		at java.base/java.lang.reflect.Method.invoke(Method.java:569)
		at org.apache.catalina.startup.Bootstrap.start(Bootstrap.java:342)
		at org.apache.catalina.startup.Bootstrap.main(Bootstrap.java:473)
	Caused by: java.lang.NoClassDefFoundError: javax/xml/bind/JAXBException
		at org.hibernate.boot.spi.XmlMappingBinderAccess.<init>(XmlMappingBinderAccess.java:43)
		at org.hibernate.boot.MetadataSources.<init>(MetadataSources.java:87)
		at org.hibernate.jpa.boot.internal.EntityManagerFactoryBuilderImpl.<init>(EntityManagerFactoryBuilderImpl.java:208)
		at org.hibernate.jpa.boot.internal.EntityManagerFactoryBuilderImpl.<init>(EntityManagerFactoryBuilderImpl.java:163)
		at org.springframework.orm.jpa.vendor.SpringHibernateJpaPersistenceProvider.createContainerEntityManagerFactory(SpringHibernateJpaPersistenceProvider.java:52)
		at org.springframework.orm.jpa.LocalContainerEntityManagerFactoryBean.createNativeEntityManagerFactory(LocalContainerEntityManagerFactoryBean.java:365)
		at org.springframework.orm.jpa.AbstractEntityManagerFactoryBean.buildNativeEntityManagerFactory(AbstractEntityManagerFactoryBean.java:409)
		at org.springframework.orm.jpa.AbstractEntityManagerFactoryBean.afterPropertiesSet(AbstractEntityManagerFactoryBean.java:396)
		at org.springframework.orm.jpa.LocalContainerEntityManagerFactoryBean.afterPropertiesSet(LocalContainerEntityManagerFactoryBean.java:341)
		at org.springframework.beans.factory.support.AbstractAutowireCapableBeanFactory.invokeInitMethods(AbstractAutowireCapableBeanFactory.java:1863)
		at org.springframework.beans.factory.support.AbstractAutowireCapableBeanFactory.initializeBean(AbstractAutowireCapableBeanFactory.java:1800)
		... 53 more
	Caused by: java.lang.ClassNotFoundException: javax.xml.bind.JAXBException
		at org.apache.catalina.loader.WebappClassLoaderBase.loadClass(WebappClassLoaderBase.java:1351)
		at org.apache.catalina.loader.WebappClassLoaderBase.loadClass(WebappClassLoaderBase.java:1160)
		... 64 more
31-Mar-2026 20:59:26.664 SEVERE [main] org.apache.catalina.core.StandardContext.startInternal One or more listeners failed to start. Full details will be found in the appropriate container log file
31-Mar-2026 20:59:26.672 SEVERE [main] org.apache.catalina.core.StandardContext.startInternal Context [/employee-service] startup failed due to previous errors
31-Mar-2026 20:59:26.675 WARNING [main] org.apache.catalina.loader.WebappClassLoaderBase.clearReferencesJdbc The web application [employee-service] registered the JDBC driver [com.mysql.cj.jdbc.Driver] but failed to unregister it when the web application was stopped. To prevent a memory leak, the JDBC Driver has been forcibly unregistered.
31-Mar-2026 20:59:26.676 WARNING [main] org.apache.catalina.loader.WebappClassLoaderBase.clearReferencesThreads The web application [employee-service] appears to have started a thread named [mysql-cj-abandoned-connection-cleanup] but has failed to stop it. This is very likely to create a memory leak. Stack trace of thread:
 java.base@17.0.14/java.lang.Object.wait(Native Method)
 java.base@17.0.14/java.lang.ref.ReferenceQueue.remove(ReferenceQueue.java:155)
 com.mysql.cj.jdbc.AbandonedConnectionCleanupThread.run(AbandonedConnectionCleanupThread.java:91)
 java.base@17.0.14/java.util.concurrent.ThreadPoolExecutor.runWorker(ThreadPoolExecutor.java:1136)
 java.base@17.0.14/java.util.concurrent.ThreadPoolExecutor$Worker.run(ThreadPoolExecutor.java:635)
 java.base@17.0.14/java.lang.Thread.run(Thread.java:840)
31-Mar-2026 20:59:26.679 INFO [main] org.apache.catalina.startup.HostConfig.deployDirectory Deployment of web application directory [/Users/motocycopath/Desktop/java-full-stack-training/00-microservices-00/apache-tomcat-9.0.116/webapps/employee-service] has finished in [981] ms
31-Mar-2026 20:59:26.679 INFO [main] org.apache.catalina.startup.HostConfig.deployDirectory Deploying web application directory [/Users/motocycopath/Desktop/java-full-stack-training/00-microservices-00/apache-tomcat-9.0.116/webapps/docs]
31-Mar-2026 20:59:26.696 INFO [main] org.apache.catalina.startup.HostConfig.deployDirectory Deployment of web application directory [/Users/motocycopath/Desktop/java-full-stack-training/00-microservices-00/apache-tomcat-9.0.116/webapps/docs] has finished in [17] ms
31-Mar-2026 20:59:26.696 INFO [main] org.apache.catalina.startup.HostConfig.deployDirectory Deploying web application directory [/Users/motocycopath/Desktop/java-full-stack-training/00-microservices-00/apache-tomcat-9.0.116/webapps/manager]
31-Mar-2026 20:59:26.708 INFO [main] org.apache.catalina.startup.HostConfig.deployDirectory Deployment of web application directory [/Users/motocycopath/Desktop/java-full-stack-training/00-microservices-00/apache-tomcat-9.0.116/webapps/manager] has finished in [12] ms
31-Mar-2026 20:59:26.708 INFO [main] org.apache.catalina.startup.HostConfig.deployDirectory Deploying web application directory [/Users/motocycopath/Desktop/java-full-stack-training/00-microservices-00/apache-tomcat-9.0.116/webapps/examples]
31-Mar-2026 20:59:26.771 INFO [main] org.apache.catalina.startup.HostConfig.deployDirectory Deployment of web application directory [/Users/motocycopath/Desktop/java-full-stack-training/00-microservices-00/apache-tomcat-9.0.116/webapps/examples] has finished in [63] ms
31-Mar-2026 20:59:26.772 INFO [main] org.apache.catalina.startup.HostConfig.deployDirectory Deploying web application directory [/Users/motocycopath/Desktop/java-full-stack-training/00-microservices-00/apache-tomcat-9.0.116/webapps/ROOT]
31-Mar-2026 20:59:26.777 INFO [main] org.apache.catalina.startup.HostConfig.deployDirectory Deployment of web application directory [/Users/motocycopath/Desktop/java-full-stack-training/00-microservices-00/apache-tomcat-9.0.116/webapps/ROOT] has finished in [5] ms
31-Mar-2026 20:59:26.777 INFO [main] org.apache.catalina.startup.HostConfig.deployDirectory Deploying web application directory [/Users/motocycopath/Desktop/java-full-stack-training/00-microservices-00/apache-tomcat-9.0.116/webapps/host-manager]
31-Mar-2026 20:59:26.784 INFO [main] org.apache.catalina.startup.HostConfig.deployDirectory Deployment of web application directory [/Users/motocycopath/Desktop/java-full-stack-training/00-microservices-00/apache-tomcat-9.0.116/webapps/host-manager] has finished in [7] ms
31-Mar-2026 20:59:26.785 INFO [main] org.apache.coyote.AbstractProtocol.start Starting ProtocolHandler ["http-nio-8080"]
31-Mar-2026 20:59:26.789 INFO [main] org.apache.catalina.startup.Catalina.start Server startup in [1108] milliseconds
31-Mar-2026 20:59:31.589 INFO [mysql-cj-abandoned-connection-cleanup] org.apache.catalina.loader.WebappClassLoaderBase.checkStateForResourceLoading Illegal access: this web application instance has been stopped already. Could not load []. The following stack trace is thrown for debugging purposes as well as to attempt to terminate the thread which caused the illegal access.
	java.lang.IllegalStateException: Illegal access: this web application instance has been stopped already. Could not load []. The following stack trace is thrown for debugging purposes as well as to attempt to terminate the thread which caused the illegal access.
		at org.apache.catalina.loader.WebappClassLoaderBase.checkStateForResourceLoading(WebappClassLoaderBase.java:1370)
		at org.apache.catalina.loader.WebappClassLoaderBase.getResource(WebappClassLoaderBase.java:994)
		at com.mysql.cj.jdbc.AbandonedConnectionCleanupThread.checkThreadContextClassLoader(AbandonedConnectionCleanupThread.java:123)
		at com.mysql.cj.jdbc.AbandonedConnectionCleanupThread.run(AbandonedConnectionCleanupThread.java:90)
		at java.base/java.util.concurrent.ThreadPoolExecutor.runWorker(ThreadPoolExecutor.java:1136)
		at java.base/java.util.concurrent.ThreadPoolExecutor$Worker.run(ThreadPoolExecutor.java:635)
		at java.base/java.lang.Thread.run(Thread.java:840)
31-Mar-2026 21:02:40.817 INFO [main] org.apache.catalina.core.StandardServer.await A valid shutdown command was received via the shutdown port. Stopping the Server instance.
31-Mar-2026 21:02:40.818 INFO [main] org.apache.coyote.AbstractProtocol.pause Pausing ProtocolHandler ["http-nio-8080"]
31-Mar-2026 21:02:40.823 INFO [main] org.apache.catalina.core.StandardService.stopInternal Stopping service [Catalina]
31-Mar-2026 21:02:40.830 INFO [main] org.apache.coyote.AbstractProtocol.stop Stopping ProtocolHandler ["http-nio-8080"]
31-Mar-2026 21:02:40.832 INFO [main] org.apache.coyote.AbstractProtocol.destroy Destroying ProtocolHandler ["http-nio-8080"]
31-Mar-2026 21:02:41.518 INFO [main] org.apache.catalina.startup.VersionLoggerListener.log Server version name:   Apache Tomcat/9.0.116
31-Mar-2026 21:02:41.520 INFO [main] org.apache.catalina.startup.VersionLoggerListener.log Server built:          Mar 16 2026 15:05:42 UTC
31-Mar-2026 21:02:41.520 INFO [main] org.apache.catalina.startup.VersionLoggerListener.log Server version number: 9.0.116.0
31-Mar-2026 21:02:41.521 INFO [main] org.apache.catalina.startup.VersionLoggerListener.log OS Name:               Mac OS X
31-Mar-2026 21:02:41.521 INFO [main] org.apache.catalina.startup.VersionLoggerListener.log OS Version:            15.5
31-Mar-2026 21:02:41.521 INFO [main] org.apache.catalina.startup.VersionLoggerListener.log Architecture:          aarch64
31-Mar-2026 21:02:41.521 INFO [main] org.apache.catalina.startup.VersionLoggerListener.log Java Home:             /Users/motocycopath/Library/Java/JavaVirtualMachines/jbr-17.0.14/Contents/Home
31-Mar-2026 21:02:41.521 INFO [main] org.apache.catalina.startup.VersionLoggerListener.log JVM Version:           17.0.14+1-b1367.22
31-Mar-2026 21:02:41.521 INFO [main] org.apache.catalina.startup.VersionLoggerListener.log JVM Vendor:            JetBrains s.r.o.
31-Mar-2026 21:02:41.521 INFO [main] org.apache.catalina.startup.VersionLoggerListener.log CATALINA_BASE:         /Users/motocycopath/Desktop/java-full-stack-training/00-microservices-00/apache-tomcat-9.0.116
31-Mar-2026 21:02:41.521 INFO [main] org.apache.catalina.startup.VersionLoggerListener.log CATALINA_HOME:         /Users/motocycopath/Desktop/java-full-stack-training/00-microservices-00/apache-tomcat-9.0.116
31-Mar-2026 21:02:41.527 INFO [main] org.apache.catalina.startup.VersionLoggerListener.log Command line argument: --add-opens=java.base/java.lang=ALL-UNNAMED
31-Mar-2026 21:02:41.527 INFO [main] org.apache.catalina.startup.VersionLoggerListener.log Command line argument: --add-opens=java.base/java.lang.invoke=ALL-UNNAMED
31-Mar-2026 21:02:41.527 INFO [main] org.apache.catalina.startup.VersionLoggerListener.log Command line argument: --add-opens=java.base/java.lang.reflect=ALL-UNNAMED
31-Mar-2026 21:02:41.527 INFO [main] org.apache.catalina.startup.VersionLoggerListener.log Command line argument: --add-opens=java.base/java.io=ALL-UNNAMED
31-Mar-2026 21:02:41.527 INFO [main] org.apache.catalina.startup.VersionLoggerListener.log Command line argument: --add-opens=java.base/java.util=ALL-UNNAMED
31-Mar-2026 21:02:41.527 INFO [main] org.apache.catalina.startup.VersionLoggerListener.log Command line argument: --add-opens=java.base/java.util.concurrent=ALL-UNNAMED
31-Mar-2026 21:02:41.527 INFO [main] org.apache.catalina.startup.VersionLoggerListener.log Command line argument: --add-opens=java.rmi/sun.rmi.transport=ALL-UNNAMED
31-Mar-2026 21:02:41.527 INFO [main] org.apache.catalina.startup.VersionLoggerListener.log Command line argument: -Djava.util.logging.config.file=/Users/motocycopath/Desktop/java-full-stack-training/00-microservices-00/apache-tomcat-9.0.116/conf/logging.properties
31-Mar-2026 21:02:41.527 INFO [main] org.apache.catalina.startup.VersionLoggerListener.log Command line argument: -Djava.util.logging.manager=org.apache.juli.ClassLoaderLogManager
31-Mar-2026 21:02:41.527 INFO [main] org.apache.catalina.startup.VersionLoggerListener.log Command line argument: -Djdk.tls.ephemeralDHKeySize=2048
31-Mar-2026 21:02:41.527 INFO [main] org.apache.catalina.startup.VersionLoggerListener.log Command line argument: -Djava.protocol.handler.pkgs=org.apache.catalina.webresources
31-Mar-2026 21:02:41.527 INFO [main] org.apache.catalina.startup.VersionLoggerListener.log Command line argument: -Dsun.io.useCanonCaches=false
31-Mar-2026 21:02:41.527 INFO [main] org.apache.catalina.startup.VersionLoggerListener.log Command line argument: -Dorg.apache.catalina.security.SecurityListener.UMASK=0027
31-Mar-2026 21:02:41.527 INFO [main] org.apache.catalina.startup.VersionLoggerListener.log Command line argument: -Dignore.endorsed.dirs=
31-Mar-2026 21:02:41.528 INFO [main] org.apache.catalina.startup.VersionLoggerListener.log Command line argument: -Dcatalina.base=/Users/motocycopath/Desktop/java-full-stack-training/00-microservices-00/apache-tomcat-9.0.116
31-Mar-2026 21:02:41.528 INFO [main] org.apache.catalina.startup.VersionLoggerListener.log Command line argument: -Dcatalina.home=/Users/motocycopath/Desktop/java-full-stack-training/00-microservices-00/apache-tomcat-9.0.116
31-Mar-2026 21:02:41.528 INFO [main] org.apache.catalina.startup.VersionLoggerListener.log Command line argument: -Djava.io.tmpdir=/Users/motocycopath/Desktop/java-full-stack-training/00-microservices-00/apache-tomcat-9.0.116/temp
31-Mar-2026 21:02:41.532 INFO [main] org.apache.catalina.core.AprLifecycleListener.lifecycleEvent The Apache Tomcat Native library which allows using OpenSSL was not found on the java.library.path: [/Users/motocycopath/Library/Java/Extensions:/Library/Java/Extensions:/Network/Library/Java/Extensions:/System/Library/Java/Extensions:/usr/lib/java:.]
31-Mar-2026 21:02:41.637 INFO [main] org.apache.coyote.AbstractProtocol.init Initializing ProtocolHandler ["http-nio-8080"]
31-Mar-2026 21:02:41.648 INFO [main] org.apache.catalina.startup.Catalina.load Server initialization in [198] milliseconds
31-Mar-2026 21:02:41.664 INFO [main] org.apache.catalina.core.StandardService.startInternal Starting service [Catalina]
31-Mar-2026 21:02:41.664 INFO [main] org.apache.catalina.core.StandardEngine.startInternal Starting Servlet engine: [Apache Tomcat/9.0.116]
31-Mar-2026 21:02:41.666 INFO [main] org.apache.catalina.startup.HostConfig.deployDirectory Deploying web application directory [/Users/motocycopath/Desktop/java-full-stack-training/00-microservices-00/apache-tomcat-9.0.116/webapps/employee-service]
31-Mar-2026 21:02:42.306 INFO [main] org.apache.jasper.servlet.TldScanner.scanJars At least one JAR was scanned for TLDs yet contained no TLDs. Enable debug logging for this logger for a complete list of JARs that were scanned but no TLDs were found in them. Skipping unneeded JARs during scanning can improve startup time and JSP compilation time.
31-Mar-2026 21:02:42.321 INFO [main] org.springframework.web.context.ContextLoader.initWebApplicationContext Root WebApplicationContext: initialization started
31-Mar-2026 21:02:42.459 INFO [main] org.springframework.data.repository.config.RepositoryConfigurationDelegate.registerRepositoriesIn Bootstrapping Spring Data JPA repositories in DEFAULT mode.
31-Mar-2026 21:02:42.488 INFO [main] org.springframework.data.repository.config.RepositoryConfigurationDelegate.registerRepositoriesIn Finished Spring Data repository scanning in 22 ms. Found 1 JPA repository interfaces.
31-Mar-2026 21:02:42.488 INFO [main] org.springframework.data.repository.config.RepositoryConfigurationDelegate.registerRepositoriesIn Bootstrapping Spring Data JPA repositories in DEFAULT mode.
31-Mar-2026 21:02:42.490 INFO [main] org.springframework.data.repository.config.RepositoryConfigurationDelegate.registerRepositoriesIn Finished Spring Data repository scanning in 1 ms. Found 1 JPA repository interfaces.
31-Mar-2026 21:02:42.604 INFO [main] org.hibernate.jpa.internal.util.LogHelper.logPersistenceUnitInformation HHH000204: Processing PersistenceUnitInfo [
	name: default
	...]
31-Mar-2026 21:02:42.637 INFO [main] org.hibernate.Version.logVersion HHH000412: Hibernate Core {5.2.8.Final}
31-Mar-2026 21:02:42.638 INFO [main] org.hibernate.cfg.Environment.<clinit> HHH000206: hibernate.properties not found
31-Mar-2026 21:02:42.645 WARNING [main] org.springframework.context.support.AbstractApplicationContext.refresh Exception encountered during context initialization - cancelling refresh attempt: org.springframework.beans.factory.BeanCreationException: Error creating bean with name 'entityManagerFactory' defined in ServletContext resource [/WEB-INF/cst_jpa_spring_config.xml]: Invocation of init method failed; nested exception is java.lang.NoClassDefFoundError: javax/xml/bind/JAXBException
31-Mar-2026 21:02:42.646 SEVERE [main] org.springframework.web.context.ContextLoader.initWebApplicationContext Context initialization failed
	org.springframework.beans.factory.BeanCreationException: Error creating bean with name 'entityManagerFactory' defined in ServletContext resource [/WEB-INF/cst_jpa_spring_config.xml]: Invocation of init method failed; nested exception is java.lang.NoClassDefFoundError: javax/xml/bind/JAXBException
		at org.springframework.beans.factory.support.AbstractAutowireCapableBeanFactory.initializeBean(AbstractAutowireCapableBeanFactory.java:1804)
		at org.springframework.beans.factory.support.AbstractAutowireCapableBeanFactory.doCreateBean(AbstractAutowireCapableBeanFactory.java:620)
		at org.springframework.beans.factory.support.AbstractAutowireCapableBeanFactory.createBean(AbstractAutowireCapableBeanFactory.java:542)
		at org.springframework.beans.factory.support.AbstractBeanFactory.lambda$doGetBean$0(AbstractBeanFactory.java:335)
		at org.springframework.beans.factory.support.DefaultSingletonBeanRegistry.getSingleton(DefaultSingletonBeanRegistry.java:234)
		at org.springframework.beans.factory.support.AbstractBeanFactory.doGetBean(AbstractBeanFactory.java:333)
		at org.springframework.beans.factory.support.AbstractBeanFactory.getBean(AbstractBeanFactory.java:208)
		at org.springframework.context.support.AbstractApplicationContext.getBean(AbstractApplicationContext.java:1154)
		at org.springframework.context.support.AbstractApplicationContext.finishBeanFactoryInitialization(AbstractApplicationContext.java:908)
		at org.springframework.context.support.AbstractApplicationContext.refresh(AbstractApplicationContext.java:583)
		at org.springframework.web.context.ContextLoader.configureAndRefreshWebApplicationContext(ContextLoader.java:401)
		at org.springframework.web.context.ContextLoader.initWebApplicationContext(ContextLoader.java:292)
		at org.springframework.web.context.ContextLoaderListener.contextInitialized(ContextLoaderListener.java:103)
		at org.apache.catalina.core.StandardContext.listenerStart(StandardContext.java:4047)
		at org.apache.catalina.core.StandardContext.startInternal(StandardContext.java:4489)
		at org.apache.catalina.util.LifecycleBase.start(LifecycleBase.java:164)
		at org.apache.catalina.core.ContainerBase.addChildInternal(ContainerBase.java:597)
		at org.apache.catalina.core.ContainerBase.addChild(ContainerBase.java:569)
		at org.apache.catalina.core.StandardHost.addChild(StandardHost.java:608)
		at org.apache.catalina.startup.HostConfig.deployDirectory(HostConfig.java:1171)
		at org.apache.catalina.startup.HostConfig$DeployDirectory.run(HostConfig.java:1880)
		at java.base/java.util.concurrent.Executors$RunnableAdapter.call(Executors.java:539)
		at java.base/java.util.concurrent.FutureTask.run(FutureTask.java:264)
		at org.apache.tomcat.util.threads.InlineExecutorService.execute(InlineExecutorService.java:82)
		at java.base/java.util.concurrent.AbstractExecutorService.submit(AbstractExecutorService.java:123)
		at org.apache.catalina.startup.HostConfig.deployDirectories(HostConfig.java:1082)
		at org.apache.catalina.startup.HostConfig.deployApps(HostConfig.java:467)
		at org.apache.catalina.startup.HostConfig.start(HostConfig.java:1576)
		at org.apache.catalina.startup.HostConfig.lifecycleEvent(HostConfig.java:309)
		at org.apache.catalina.util.LifecycleBase.fireLifecycleEvent(LifecycleBase.java:109)
		at org.apache.catalina.util.LifecycleBase.setStateInternal(LifecycleBase.java:389)
		at org.apache.catalina.util.LifecycleBase.setState(LifecycleBase.java:336)
		at org.apache.catalina.core.ContainerBase.startInternal(ContainerBase.java:774)
		at org.apache.catalina.core.StandardHost.startInternal(StandardHost.java:726)
		at org.apache.catalina.util.LifecycleBase.start(LifecycleBase.java:164)
		at org.apache.catalina.core.ContainerBase$StartChild.call(ContainerBase.java:1201)
		at org.apache.catalina.core.ContainerBase$StartChild.call(ContainerBase.java:1191)
		at java.base/java.util.concurrent.FutureTask.run(FutureTask.java:264)
		at org.apache.tomcat.util.threads.InlineExecutorService.execute(InlineExecutorService.java:82)
		at java.base/java.util.concurrent.AbstractExecutorService.submit(AbstractExecutorService.java:145)
		at org.apache.catalina.core.ContainerBase.startInternal(ContainerBase.java:747)
		at org.apache.catalina.core.StandardEngine.startInternal(StandardEngine.java:209)
		at org.apache.catalina.util.LifecycleBase.start(LifecycleBase.java:164)
		at org.apache.catalina.core.StandardService.startInternal(StandardService.java:410)
		at org.apache.catalina.util.LifecycleBase.start(LifecycleBase.java:164)
		at org.apache.catalina.core.StandardServer.startInternal(StandardServer.java:872)
		at org.apache.catalina.util.LifecycleBase.start(LifecycleBase.java:164)
		at org.apache.catalina.startup.Catalina.start(Catalina.java:736)
		at java.base/jdk.internal.reflect.NativeMethodAccessorImpl.invoke0(Native Method)
		at java.base/jdk.internal.reflect.NativeMethodAccessorImpl.invoke(NativeMethodAccessorImpl.java:77)
		at java.base/jdk.internal.reflect.DelegatingMethodAccessorImpl.invoke(DelegatingMethodAccessorImpl.java:43)
		at java.base/java.lang.reflect.Method.invoke(Method.java:569)
		at org.apache.catalina.startup.Bootstrap.start(Bootstrap.java:342)
		at org.apache.catalina.startup.Bootstrap.main(Bootstrap.java:473)
	Caused by: java.lang.NoClassDefFoundError: javax/xml/bind/JAXBException
		at org.hibernate.boot.spi.XmlMappingBinderAccess.<init>(XmlMappingBinderAccess.java:43)
		at org.hibernate.boot.MetadataSources.<init>(MetadataSources.java:87)
		at org.hibernate.jpa.boot.internal.EntityManagerFactoryBuilderImpl.<init>(EntityManagerFactoryBuilderImpl.java:208)
		at org.hibernate.jpa.boot.internal.EntityManagerFactoryBuilderImpl.<init>(EntityManagerFactoryBuilderImpl.java:163)
		at org.springframework.orm.jpa.vendor.SpringHibernateJpaPersistenceProvider.createContainerEntityManagerFactory(SpringHibernateJpaPersistenceProvider.java:52)
		at org.springframework.orm.jpa.LocalContainerEntityManagerFactoryBean.createNativeEntityManagerFactory(LocalContainerEntityManagerFactoryBean.java:365)
		at org.springframework.orm.jpa.AbstractEntityManagerFactoryBean.buildNativeEntityManagerFactory(AbstractEntityManagerFactoryBean.java:409)
		at org.springframework.orm.jpa.AbstractEntityManagerFactoryBean.afterPropertiesSet(AbstractEntityManagerFactoryBean.java:396)
		at org.springframework.orm.jpa.LocalContainerEntityManagerFactoryBean.afterPropertiesSet(LocalContainerEntityManagerFactoryBean.java:341)
		at org.springframework.beans.factory.support.AbstractAutowireCapableBeanFactory.invokeInitMethods(AbstractAutowireCapableBeanFactory.java:1863)
		at org.springframework.beans.factory.support.AbstractAutowireCapableBeanFactory.initializeBean(AbstractAutowireCapableBeanFactory.java:1800)
		... 53 more
	Caused by: java.lang.ClassNotFoundException: javax.xml.bind.JAXBException
		at org.apache.catalina.loader.WebappClassLoaderBase.loadClass(WebappClassLoaderBase.java:1351)
		at org.apache.catalina.loader.WebappClassLoaderBase.loadClass(WebappClassLoaderBase.java:1160)
		... 64 more
31-Mar-2026 21:02:42.647 SEVERE [main] org.apache.catalina.core.StandardContext.startInternal One or more listeners failed to start. Full details will be found in the appropriate container log file
31-Mar-2026 21:02:42.655 SEVERE [main] org.apache.catalina.core.StandardContext.startInternal Context [/employee-service] startup failed due to previous errors
31-Mar-2026 21:02:42.658 WARNING [main] org.apache.catalina.loader.WebappClassLoaderBase.clearReferencesJdbc The web application [employee-service] registered the JDBC driver [com.mysql.cj.jdbc.Driver] but failed to unregister it when the web application was stopped. To prevent a memory leak, the JDBC Driver has been forcibly unregistered.
31-Mar-2026 21:02:42.658 WARNING [main] org.apache.catalina.loader.WebappClassLoaderBase.clearReferencesThreads The web application [employee-service] appears to have started a thread named [mysql-cj-abandoned-connection-cleanup] but has failed to stop it. This is very likely to create a memory leak. Stack trace of thread:
 java.base@17.0.14/java.lang.Object.wait(Native Method)
 java.base@17.0.14/java.lang.ref.ReferenceQueue.remove(ReferenceQueue.java:155)
 com.mysql.cj.jdbc.AbandonedConnectionCleanupThread.run(AbandonedConnectionCleanupThread.java:91)
 java.base@17.0.14/java.util.concurrent.ThreadPoolExecutor.runWorker(ThreadPoolExecutor.java:1136)
 java.base@17.0.14/java.util.concurrent.ThreadPoolExecutor$Worker.run(ThreadPoolExecutor.java:635)
 java.base@17.0.14/java.lang.Thread.run(Thread.java:840)
31-Mar-2026 21:02:42.661 INFO [main] org.apache.catalina.startup.HostConfig.deployDirectory Deployment of web application directory [/Users/motocycopath/Desktop/java-full-stack-training/00-microservices-00/apache-tomcat-9.0.116/webapps/employee-service] has finished in [995] ms
31-Mar-2026 21:02:42.661 INFO [main] org.apache.catalina.startup.HostConfig.deployDirectory Deploying web application directory [/Users/motocycopath/Desktop/java-full-stack-training/00-microservices-00/apache-tomcat-9.0.116/webapps/docs]
31-Mar-2026 21:02:42.676 INFO [main] org.apache.catalina.startup.HostConfig.deployDirectory Deployment of web application directory [/Users/motocycopath/Desktop/java-full-stack-training/00-microservices-00/apache-tomcat-9.0.116/webapps/docs] has finished in [15] ms
31-Mar-2026 21:02:42.676 INFO [main] org.apache.catalina.startup.HostConfig.deployDirectory Deploying web application directory [/Users/motocycopath/Desktop/java-full-stack-training/00-microservices-00/apache-tomcat-9.0.116/webapps/manager]
31-Mar-2026 21:02:42.687 INFO [main] org.apache.catalina.startup.HostConfig.deployDirectory Deployment of web application directory [/Users/motocycopath/Desktop/java-full-stack-training/00-microservices-00/apache-tomcat-9.0.116/webapps/manager] has finished in [11] ms
31-Mar-2026 21:02:42.687 INFO [main] org.apache.catalina.startup.HostConfig.deployDirectory Deploying web application directory [/Users/motocycopath/Desktop/java-full-stack-training/00-microservices-00/apache-tomcat-9.0.116/webapps/examples]
31-Mar-2026 21:02:42.750 INFO [main] org.apache.catalina.startup.HostConfig.deployDirectory Deployment of web application directory [/Users/motocycopath/Desktop/java-full-stack-training/00-microservices-00/apache-tomcat-9.0.116/webapps/examples] has finished in [63] ms
31-Mar-2026 21:02:42.750 INFO [main] org.apache.catalina.startup.HostConfig.deployDirectory Deploying web application directory [/Users/motocycopath/Desktop/java-full-stack-training/00-microservices-00/apache-tomcat-9.0.116/webapps/ROOT]
31-Mar-2026 21:02:42.755 INFO [main] org.apache.catalina.startup.HostConfig.deployDirectory Deployment of web application directory [/Users/motocycopath/Desktop/java-full-stack-training/00-microservices-00/apache-tomcat-9.0.116/webapps/ROOT] has finished in [5] ms
31-Mar-2026 21:02:42.755 INFO [main] org.apache.catalina.startup.HostConfig.deployDirectory Deploying web application directory [/Users/motocycopath/Desktop/java-full-stack-training/00-microservices-00/apache-tomcat-9.0.116/webapps/host-manager]
31-Mar-2026 21:02:42.761 INFO [main] org.apache.catalina.startup.HostConfig.deployDirectory Deployment of web application directory [/Users/motocycopath/Desktop/java-full-stack-training/00-microservices-00/apache-tomcat-9.0.116/webapps/host-manager] has finished in [6] ms
31-Mar-2026 21:02:42.762 INFO [main] org.apache.coyote.AbstractProtocol.start Starting ProtocolHandler ["http-nio-8080"]
31-Mar-2026 21:02:42.766 INFO [main] org.apache.catalina.startup.Catalina.start Server startup in [1118] milliseconds
31-Mar-2026 21:02:47.570 INFO [mysql-cj-abandoned-connection-cleanup] org.apache.catalina.loader.WebappClassLoaderBase.checkStateForResourceLoading Illegal access: this web application instance has been stopped already. Could not load []. The following stack trace is thrown for debugging purposes as well as to attempt to terminate the thread which caused the illegal access.
	java.lang.IllegalStateException: Illegal access: this web application instance has been stopped already. Could not load []. The following stack trace is thrown for debugging purposes as well as to attempt to terminate the thread which caused the illegal access.
		at org.apache.catalina.loader.WebappClassLoaderBase.checkStateForResourceLoading(WebappClassLoaderBase.java:1370)
		at org.apache.catalina.loader.WebappClassLoaderBase.getResource(WebappClassLoaderBase.java:994)
		at com.mysql.cj.jdbc.AbandonedConnectionCleanupThread.checkThreadContextClassLoader(AbandonedConnectionCleanupThread.java:123)
		at com.mysql.cj.jdbc.AbandonedConnectionCleanupThread.run(AbandonedConnectionCleanupThread.java:90)
		at java.base/java.util.concurrent.ThreadPoolExecutor.runWorker(ThreadPoolExecutor.java:1136)
		at java.base/java.util.concurrent.ThreadPoolExecutor$Worker.run(ThreadPoolExecutor.java:635)
		at java.base/java.lang.Thread.run(Thread.java:840)
31-Mar-2026 21:09:46.806 INFO [main] org.apache.catalina.core.StandardServer.await A valid shutdown command was received via the shutdown port. Stopping the Server instance.
31-Mar-2026 21:09:46.811 INFO [main] org.apache.coyote.AbstractProtocol.pause Pausing ProtocolHandler ["http-nio-8080"]
31-Mar-2026 21:09:46.819 INFO [main] org.apache.catalina.core.StandardService.stopInternal Stopping service [Catalina]
31-Mar-2026 21:09:46.828 INFO [main] org.apache.coyote.AbstractProtocol.stop Stopping ProtocolHandler ["http-nio-8080"]
31-Mar-2026 21:09:46.831 INFO [main] org.apache.coyote.AbstractProtocol.destroy Destroying ProtocolHandler ["http-nio-8080"]
31-Mar-2026 21:09:48.653 INFO [main] org.apache.catalina.startup.VersionLoggerListener.log Server version name:   Apache Tomcat/9.0.116
31-Mar-2026 21:09:48.656 INFO [main] org.apache.catalina.startup.VersionLoggerListener.log Server built:          Mar 16 2026 15:05:42 UTC
31-Mar-2026 21:09:48.656 INFO [main] org.apache.catalina.startup.VersionLoggerListener.log Server version number: 9.0.116.0
31-Mar-2026 21:09:48.656 INFO [main] org.apache.catalina.startup.VersionLoggerListener.log OS Name:               Mac OS X
31-Mar-2026 21:09:48.657 INFO [main] org.apache.catalina.startup.VersionLoggerListener.log OS Version:            15.5
31-Mar-2026 21:09:48.657 INFO [main] org.apache.catalina.startup.VersionLoggerListener.log Architecture:          x86_64
31-Mar-2026 21:09:48.657 INFO [main] org.apache.catalina.startup.VersionLoggerListener.log Java Home:             /Library/Java/JavaVirtualMachines/temurin-8.jdk/Contents/Home/jre
31-Mar-2026 21:09:48.657 INFO [main] org.apache.catalina.startup.VersionLoggerListener.log JVM Version:           1.8.0_482-b08
31-Mar-2026 21:09:48.657 INFO [main] org.apache.catalina.startup.VersionLoggerListener.log JVM Vendor:            Temurin
31-Mar-2026 21:09:48.657 INFO [main] org.apache.catalina.startup.VersionLoggerListener.log CATALINA_BASE:         /Users/motocycopath/Desktop/java-full-stack-training/00-microservices-00/apache-tomcat-9.0.116
31-Mar-2026 21:09:48.657 INFO [main] org.apache.catalina.startup.VersionLoggerListener.log CATALINA_HOME:         /Users/motocycopath/Desktop/java-full-stack-training/00-microservices-00/apache-tomcat-9.0.116
31-Mar-2026 21:09:48.667 INFO [main] org.apache.catalina.startup.VersionLoggerListener.log Command line argument: -Djava.util.logging.config.file=/Users/motocycopath/Desktop/java-full-stack-training/00-microservices-00/apache-tomcat-9.0.116/conf/logging.properties
31-Mar-2026 21:09:48.667 INFO [main] org.apache.catalina.startup.VersionLoggerListener.log Command line argument: -Djava.util.logging.manager=org.apache.juli.ClassLoaderLogManager
31-Mar-2026 21:09:48.667 INFO [main] org.apache.catalina.startup.VersionLoggerListener.log Command line argument: -Djdk.tls.ephemeralDHKeySize=2048
31-Mar-2026 21:09:48.667 INFO [main] org.apache.catalina.startup.VersionLoggerListener.log Command line argument: -Djava.protocol.handler.pkgs=org.apache.catalina.webresources
31-Mar-2026 21:09:48.667 INFO [main] org.apache.catalina.startup.VersionLoggerListener.log Command line argument: -Dsun.io.useCanonCaches=false
31-Mar-2026 21:09:48.668 INFO [main] org.apache.catalina.startup.VersionLoggerListener.log Command line argument: -Dorg.apache.catalina.security.SecurityListener.UMASK=0027
31-Mar-2026 21:09:48.668 INFO [main] org.apache.catalina.startup.VersionLoggerListener.log Command line argument: -Dignore.endorsed.dirs=
31-Mar-2026 21:09:48.668 INFO [main] org.apache.catalina.startup.VersionLoggerListener.log Command line argument: -Dcatalina.base=/Users/motocycopath/Desktop/java-full-stack-training/00-microservices-00/apache-tomcat-9.0.116
31-Mar-2026 21:09:48.668 INFO [main] org.apache.catalina.startup.VersionLoggerListener.log Command line argument: -Dcatalina.home=/Users/motocycopath/Desktop/java-full-stack-training/00-microservices-00/apache-tomcat-9.0.116
31-Mar-2026 21:09:48.668 INFO [main] org.apache.catalina.startup.VersionLoggerListener.log Command line argument: -Djava.io.tmpdir=/Users/motocycopath/Desktop/java-full-stack-training/00-microservices-00/apache-tomcat-9.0.116/temp
31-Mar-2026 21:09:48.671 INFO [main] org.apache.catalina.core.AprLifecycleListener.lifecycleEvent The Apache Tomcat Native library which allows using OpenSSL was not found on the java.library.path: [/Users/motocycopath/Library/Java/Extensions:/Library/Java/Extensions:/Network/Library/Java/Extensions:/System/Library/Java/Extensions:/usr/lib/java:.]
31-Mar-2026 21:09:49.108 INFO [main] org.apache.coyote.AbstractProtocol.init Initializing ProtocolHandler ["http-nio-8080"]
31-Mar-2026 21:09:49.146 INFO [main] org.apache.catalina.startup.Catalina.load Server initialization in [652] milliseconds
31-Mar-2026 21:09:49.237 INFO [main] org.apache.catalina.core.StandardService.startInternal Starting service [Catalina]
31-Mar-2026 21:09:49.238 INFO [main] org.apache.catalina.core.StandardEngine.startInternal Starting Servlet engine: [Apache Tomcat/9.0.116]
31-Mar-2026 21:09:49.243 INFO [main] org.apache.catalina.startup.HostConfig.deployDirectory Deploying web application directory [/Users/motocycopath/Desktop/java-full-stack-training/00-microservices-00/apache-tomcat-9.0.116/webapps/employee-service]
31-Mar-2026 21:09:50.834 INFO [main] org.apache.jasper.servlet.TldScanner.scanJars At least one JAR was scanned for TLDs yet contained no TLDs. Enable debug logging for this logger for a complete list of JARs that were scanned but no TLDs were found in them. Skipping unneeded JARs during scanning can improve startup time and JSP compilation time.
31-Mar-2026 21:09:50.868 INFO [main] org.springframework.web.context.ContextLoader.initWebApplicationContext Root WebApplicationContext: initialization started
31-Mar-2026 21:09:51.377 INFO [main] org.springframework.data.repository.config.RepositoryConfigurationDelegate.registerRepositoriesIn Bootstrapping Spring Data JPA repositories in DEFAULT mode.
31-Mar-2026 21:09:51.477 INFO [main] org.springframework.data.repository.config.RepositoryConfigurationDelegate.registerRepositoriesIn Finished Spring Data repository scanning in 83 ms. Found 1 JPA repository interfaces.
31-Mar-2026 21:09:51.479 INFO [main] org.springframework.data.repository.config.RepositoryConfigurationDelegate.registerRepositoriesIn Bootstrapping Spring Data JPA repositories in DEFAULT mode.
31-Mar-2026 21:09:51.487 INFO [main] org.springframework.data.repository.config.RepositoryConfigurationDelegate.registerRepositoriesIn Finished Spring Data repository scanning in 7 ms. Found 1 JPA repository interfaces.
31-Mar-2026 21:09:51.845 INFO [main] org.hibernate.jpa.internal.util.LogHelper.logPersistenceUnitInformation HHH000204: Processing PersistenceUnitInfo [
	name: default
	...]
31-Mar-2026 21:09:51.930 INFO [main] org.hibernate.Version.logVersion HHH000412: Hibernate Core {5.2.8.Final}
31-Mar-2026 21:09:51.933 INFO [main] org.hibernate.cfg.Environment.<clinit> HHH000206: hibernate.properties not found
31-Mar-2026 21:09:51.980 INFO [main] org.hibernate.annotations.common.reflection.java.JavaReflectionManager.<clinit> HCANN000001: Hibernate Commons Annotations {5.0.1.Final}
31-Mar-2026 21:09:52.500 INFO [main] org.hibernate.dialect.Dialect.<init> HHH000400: Using dialect: org.hibernate.dialect.MySQLDialect
31-Mar-2026 21:09:53.128 INFO [main] org.springframework.orm.jpa.AbstractEntityManagerFactoryBean.buildNativeEntityManagerFactory Initialized JPA EntityManagerFactory for persistence unit 'default'
31-Mar-2026 21:09:53.708 INFO [main] org.springframework.web.context.ContextLoader.initWebApplicationContext Root WebApplicationContext initialized in 2839 ms
31-Mar-2026 21:09:53.756 INFO [main] org.springframework.web.servlet.FrameworkServlet.initServletBean Initializing Servlet 'cstspconf-web'
31-Mar-2026 21:09:54.321 INFO [main] org.springframework.web.servlet.FrameworkServlet.initServletBean Completed initialization in 565 ms
31-Mar-2026 21:09:54.356 INFO [main] org.apache.catalina.startup.HostConfig.deployDirectory Deployment of web application directory [/Users/motocycopath/Desktop/java-full-stack-training/00-microservices-00/apache-tomcat-9.0.116/webapps/employee-service] has finished in [5,112] ms
31-Mar-2026 21:09:54.357 INFO [main] org.apache.catalina.startup.HostConfig.deployDirectory Deploying web application directory [/Users/motocycopath/Desktop/java-full-stack-training/00-microservices-00/apache-tomcat-9.0.116/webapps/docs]
31-Mar-2026 21:09:54.431 INFO [main] org.apache.catalina.startup.HostConfig.deployDirectory Deployment of web application directory [/Users/motocycopath/Desktop/java-full-stack-training/00-microservices-00/apache-tomcat-9.0.116/webapps/docs] has finished in [73] ms
31-Mar-2026 21:09:54.432 INFO [main] org.apache.catalina.startup.HostConfig.deployDirectory Deploying web application directory [/Users/motocycopath/Desktop/java-full-stack-training/00-microservices-00/apache-tomcat-9.0.116/webapps/manager]
31-Mar-2026 21:09:54.476 INFO [main] org.apache.catalina.startup.HostConfig.deployDirectory Deployment of web application directory [/Users/motocycopath/Desktop/java-full-stack-training/00-microservices-00/apache-tomcat-9.0.116/webapps/manager] has finished in [44] ms
31-Mar-2026 21:09:54.476 INFO [main] org.apache.catalina.startup.HostConfig.deployDirectory Deploying web application directory [/Users/motocycopath/Desktop/java-full-stack-training/00-microservices-00/apache-tomcat-9.0.116/webapps/examples]
31-Mar-2026 21:09:54.719 INFO [main] org.apache.catalina.startup.HostConfig.deployDirectory Deployment of web application directory [/Users/motocycopath/Desktop/java-full-stack-training/00-microservices-00/apache-tomcat-9.0.116/webapps/examples] has finished in [242] ms
31-Mar-2026 21:09:54.719 INFO [main] org.apache.catalina.startup.HostConfig.deployDirectory Deploying web application directory [/Users/motocycopath/Desktop/java-full-stack-training/00-microservices-00/apache-tomcat-9.0.116/webapps/ROOT]
31-Mar-2026 21:09:54.733 INFO [main] org.apache.catalina.startup.HostConfig.deployDirectory Deployment of web application directory [/Users/motocycopath/Desktop/java-full-stack-training/00-microservices-00/apache-tomcat-9.0.116/webapps/ROOT] has finished in [14] ms
31-Mar-2026 21:09:54.734 INFO [main] org.apache.catalina.startup.HostConfig.deployDirectory Deploying web application directory [/Users/motocycopath/Desktop/java-full-stack-training/00-microservices-00/apache-tomcat-9.0.116/webapps/host-manager]
31-Mar-2026 21:09:54.752 INFO [main] org.apache.catalina.startup.HostConfig.deployDirectory Deployment of web application directory [/Users/motocycopath/Desktop/java-full-stack-training/00-microservices-00/apache-tomcat-9.0.116/webapps/host-manager] has finished in [18] ms
31-Mar-2026 21:09:54.754 INFO [main] org.apache.coyote.AbstractProtocol.start Starting ProtocolHandler ["http-nio-8080"]
31-Mar-2026 21:09:54.765 INFO [main] org.apache.catalina.startup.Catalina.start Server startup in [5617] milliseconds
31-Mar-2026 21:10:34.540 WARNING [http-nio-8080-exec-1] org.springframework.web.servlet.DispatcherServlet.noHandlerFound No mapping for GET /employee-service/findEmployeeBySalaryGreaterThan/2
31-Mar-2026 21:11:02.292 INFO [main] org.apache.catalina.core.StandardServer.await A valid shutdown command was received via the shutdown port. Stopping the Server instance.
31-Mar-2026 21:11:02.298 INFO [main] org.apache.coyote.AbstractProtocol.pause Pausing ProtocolHandler ["http-nio-8080"]
31-Mar-2026 21:11:02.305 INFO [main] org.apache.catalina.core.StandardService.stopInternal Stopping service [Catalina]
31-Mar-2026 21:11:02.384 INFO [main] org.springframework.orm.jpa.AbstractEntityManagerFactoryBean.destroy Closing JPA EntityManagerFactory for persistence unit 'default'
31-Mar-2026 21:11:02.394 WARNING [main] org.apache.catalina.loader.WebappClassLoaderBase.clearReferencesJdbc The web application [employee-service] registered the JDBC driver [com.mysql.cj.jdbc.Driver] but failed to unregister it when the web application was stopped. To prevent a memory leak, the JDBC Driver has been forcibly unregistered.
31-Mar-2026 21:11:02.396 WARNING [main] org.apache.catalina.loader.WebappClassLoaderBase.clearReferencesThreads The web application [employee-service] appears to have started a thread named [mysql-cj-abandoned-connection-cleanup] but has failed to stop it. This is very likely to create a memory leak. Stack trace of thread:
 java.lang.Object.wait(Native Method)
 java.lang.ref.ReferenceQueue.remove(ReferenceQueue.java:144)
 com.mysql.cj.jdbc.AbandonedConnectionCleanupThread.run(AbandonedConnectionCleanupThread.java:91)
 java.util.concurrent.ThreadPoolExecutor.runWorker(ThreadPoolExecutor.java:1149)
 java.util.concurrent.ThreadPoolExecutor$Worker.run(ThreadPoolExecutor.java:624)
 java.lang.Thread.run(Thread.java:750)
31-Mar-2026 21:11:02.418 INFO [main] org.apache.coyote.AbstractProtocol.stop Stopping ProtocolHandler ["http-nio-8080"]
31-Mar-2026 21:11:02.436 INFO [main] org.apache.coyote.AbstractProtocol.destroy Destroying ProtocolHandler ["http-nio-8080"]
31-Mar-2026 21:11:04.218 INFO [main] org.apache.catalina.startup.VersionLoggerListener.log Server version name:   Apache Tomcat/9.0.116
31-Mar-2026 21:11:04.223 INFO [main] org.apache.catalina.startup.VersionLoggerListener.log Server built:          Mar 16 2026 15:05:42 UTC
31-Mar-2026 21:11:04.224 INFO [main] org.apache.catalina.startup.VersionLoggerListener.log Server version number: 9.0.116.0
31-Mar-2026 21:11:04.224 INFO [main] org.apache.catalina.startup.VersionLoggerListener.log OS Name:               Mac OS X
31-Mar-2026 21:11:04.224 INFO [main] org.apache.catalina.startup.VersionLoggerListener.log OS Version:            15.5
31-Mar-2026 21:11:04.224 INFO [main] org.apache.catalina.startup.VersionLoggerListener.log Architecture:          x86_64
31-Mar-2026 21:11:04.224 INFO [main] org.apache.catalina.startup.VersionLoggerListener.log Java Home:             /Library/Java/JavaVirtualMachines/temurin-8.jdk/Contents/Home/jre
31-Mar-2026 21:11:04.224 INFO [main] org.apache.catalina.startup.VersionLoggerListener.log JVM Version:           1.8.0_482-b08
31-Mar-2026 21:11:04.224 INFO [main] org.apache.catalina.startup.VersionLoggerListener.log JVM Vendor:            Temurin
31-Mar-2026 21:11:04.225 INFO [main] org.apache.catalina.startup.VersionLoggerListener.log CATALINA_BASE:         /Users/motocycopath/Desktop/java-full-stack-training/00-microservices-00/apache-tomcat-9.0.116
31-Mar-2026 21:11:04.225 INFO [main] org.apache.catalina.startup.VersionLoggerListener.log CATALINA_HOME:         /Users/motocycopath/Desktop/java-full-stack-training/00-microservices-00/apache-tomcat-9.0.116
31-Mar-2026 21:11:04.229 INFO [main] org.apache.catalina.startup.VersionLoggerListener.log Command line argument: -Djava.util.logging.config.file=/Users/motocycopath/Desktop/java-full-stack-training/00-microservices-00/apache-tomcat-9.0.116/conf/logging.properties
31-Mar-2026 21:11:04.229 INFO [main] org.apache.catalina.startup.VersionLoggerListener.log Command line argument: -Djava.util.logging.manager=org.apache.juli.ClassLoaderLogManager
31-Mar-2026 21:11:04.229 INFO [main] org.apache.catalina.startup.VersionLoggerListener.log Command line argument: -Djdk.tls.ephemeralDHKeySize=2048
31-Mar-2026 21:11:04.229 INFO [main] org.apache.catalina.startup.VersionLoggerListener.log Command line argument: -Djava.protocol.handler.pkgs=org.apache.catalina.webresources
31-Mar-2026 21:11:04.229 INFO [main] org.apache.catalina.startup.VersionLoggerListener.log Command line argument: -Dsun.io.useCanonCaches=false
31-Mar-2026 21:11:04.229 INFO [main] org.apache.catalina.startup.VersionLoggerListener.log Command line argument: -Dorg.apache.catalina.security.SecurityListener.UMASK=0027
31-Mar-2026 21:11:04.230 INFO [main] org.apache.catalina.startup.VersionLoggerListener.log Command line argument: -Dignore.endorsed.dirs=
31-Mar-2026 21:11:04.230 INFO [main] org.apache.catalina.startup.VersionLoggerListener.log Command line argument: -Dcatalina.base=/Users/motocycopath/Desktop/java-full-stack-training/00-microservices-00/apache-tomcat-9.0.116
31-Mar-2026 21:11:04.230 INFO [main] org.apache.catalina.startup.VersionLoggerListener.log Command line argument: -Dcatalina.home=/Users/motocycopath/Desktop/java-full-stack-training/00-microservices-00/apache-tomcat-9.0.116
31-Mar-2026 21:11:04.230 INFO [main] org.apache.catalina.startup.VersionLoggerListener.log Command line argument: -Djava.io.tmpdir=/Users/motocycopath/Desktop/java-full-stack-training/00-microservices-00/apache-tomcat-9.0.116/temp
31-Mar-2026 21:11:04.233 INFO [main] org.apache.catalina.core.AprLifecycleListener.lifecycleEvent The Apache Tomcat Native library which allows using OpenSSL was not found on the java.library.path: [/Users/motocycopath/Library/Java/Extensions:/Library/Java/Extensions:/Network/Library/Java/Extensions:/System/Library/Java/Extensions:/usr/lib/java:.]
31-Mar-2026 21:11:04.659 INFO [main] org.apache.coyote.AbstractProtocol.init Initializing ProtocolHandler ["http-nio-8080"]
31-Mar-2026 21:11:04.695 INFO [main] org.apache.catalina.startup.Catalina.load Server initialization in [642] milliseconds
31-Mar-2026 21:11:04.782 INFO [main] org.apache.catalina.core.StandardService.startInternal Starting service [Catalina]
31-Mar-2026 21:11:04.782 INFO [main] org.apache.catalina.core.StandardEngine.startInternal Starting Servlet engine: [Apache Tomcat/9.0.116]
31-Mar-2026 21:11:04.787 INFO [main] org.apache.catalina.startup.HostConfig.deployDirectory Deploying web application directory [/Users/motocycopath/Desktop/java-full-stack-training/00-microservices-00/apache-tomcat-9.0.116/webapps/employee-service]
31-Mar-2026 21:11:06.331 INFO [main] org.apache.jasper.servlet.TldScanner.scanJars At least one JAR was scanned for TLDs yet contained no TLDs. Enable debug logging for this logger for a complete list of JARs that were scanned but no TLDs were found in them. Skipping unneeded JARs during scanning can improve startup time and JSP compilation time.
31-Mar-2026 21:11:06.364 INFO [main] org.springframework.web.context.ContextLoader.initWebApplicationContext Root WebApplicationContext: initialization started
31-Mar-2026 21:11:06.864 INFO [main] org.springframework.data.repository.config.RepositoryConfigurationDelegate.registerRepositoriesIn Bootstrapping Spring Data JPA repositories in DEFAULT mode.
31-Mar-2026 21:11:06.961 INFO [main] org.springframework.data.repository.config.RepositoryConfigurationDelegate.registerRepositoriesIn Finished Spring Data repository scanning in 81 ms. Found 1 JPA repository interfaces.
31-Mar-2026 21:11:06.963 INFO [main] org.springframework.data.repository.config.RepositoryConfigurationDelegate.registerRepositoriesIn Bootstrapping Spring Data JPA repositories in DEFAULT mode.
31-Mar-2026 21:11:06.970 INFO [main] org.springframework.data.repository.config.RepositoryConfigurationDelegate.registerRepositoriesIn Finished Spring Data repository scanning in 6 ms. Found 1 JPA repository interfaces.
31-Mar-2026 21:11:07.326 INFO [main] org.hibernate.jpa.internal.util.LogHelper.logPersistenceUnitInformation HHH000204: Processing PersistenceUnitInfo [
	name: default
	...]
31-Mar-2026 21:11:07.399 INFO [main] org.hibernate.Version.logVersion HHH000412: Hibernate Core {5.2.8.Final}
31-Mar-2026 21:11:07.402 INFO [main] org.hibernate.cfg.Environment.<clinit> HHH000206: hibernate.properties not found
31-Mar-2026 21:11:07.460 INFO [main] org.hibernate.annotations.common.reflection.java.JavaReflectionManager.<clinit> HCANN000001: Hibernate Commons Annotations {5.0.1.Final}
31-Mar-2026 21:11:07.992 INFO [main] org.hibernate.dialect.Dialect.<init> HHH000400: Using dialect: org.hibernate.dialect.MySQLDialect
31-Mar-2026 21:11:08.590 INFO [main] org.springframework.orm.jpa.AbstractEntityManagerFactoryBean.buildNativeEntityManagerFactory Initialized JPA EntityManagerFactory for persistence unit 'default'
31-Mar-2026 21:11:09.417 INFO [main] org.springframework.web.context.ContextLoader.initWebApplicationContext Root WebApplicationContext initialized in 3053 ms
31-Mar-2026 21:11:09.465 INFO [main] org.springframework.web.servlet.FrameworkServlet.initServletBean Initializing Servlet 'cstspconf-web'
31-Mar-2026 21:11:10.105 INFO [main] org.springframework.web.servlet.FrameworkServlet.initServletBean Completed initialization in 640 ms
31-Mar-2026 21:11:10.141 INFO [main] org.apache.catalina.startup.HostConfig.deployDirectory Deployment of web application directory [/Users/motocycopath/Desktop/java-full-stack-training/00-microservices-00/apache-tomcat-9.0.116/webapps/employee-service] has finished in [5,352] ms
31-Mar-2026 21:11:10.142 INFO [main] org.apache.catalina.startup.HostConfig.deployDirectory Deploying web application directory [/Users/motocycopath/Desktop/java-full-stack-training/00-microservices-00/apache-tomcat-9.0.116/webapps/docs]
31-Mar-2026 21:11:10.182 INFO [main] org.apache.catalina.startup.HostConfig.deployDirectory Deployment of web application directory [/Users/motocycopath/Desktop/java-full-stack-training/00-microservices-00/apache-tomcat-9.0.116/webapps/docs] has finished in [39] ms
31-Mar-2026 21:11:10.182 INFO [main] org.apache.catalina.startup.HostConfig.deployDirectory Deploying web application directory [/Users/motocycopath/Desktop/java-full-stack-training/00-microservices-00/apache-tomcat-9.0.116/webapps/manager]
31-Mar-2026 21:11:10.217 INFO [main] org.apache.catalina.startup.HostConfig.deployDirectory Deployment of web application directory [/Users/motocycopath/Desktop/java-full-stack-training/00-microservices-00/apache-tomcat-9.0.116/webapps/manager] has finished in [35] ms
31-Mar-2026 21:11:10.218 INFO [main] org.apache.catalina.startup.HostConfig.deployDirectory Deploying web application directory [/Users/motocycopath/Desktop/java-full-stack-training/00-microservices-00/apache-tomcat-9.0.116/webapps/examples]
31-Mar-2026 21:11:10.434 INFO [main] org.apache.catalina.startup.HostConfig.deployDirectory Deployment of web application directory [/Users/motocycopath/Desktop/java-full-stack-training/00-microservices-00/apache-tomcat-9.0.116/webapps/examples] has finished in [216] ms
31-Mar-2026 21:11:10.434 INFO [main] org.apache.catalina.startup.HostConfig.deployDirectory Deploying web application directory [/Users/motocycopath/Desktop/java-full-stack-training/00-microservices-00/apache-tomcat-9.0.116/webapps/ROOT]
31-Mar-2026 21:11:10.446 INFO [main] org.apache.catalina.startup.HostConfig.deployDirectory Deployment of web application directory [/Users/motocycopath/Desktop/java-full-stack-training/00-microservices-00/apache-tomcat-9.0.116/webapps/ROOT] has finished in [12] ms
31-Mar-2026 21:11:10.447 INFO [main] org.apache.catalina.startup.HostConfig.deployDirectory Deploying web application directory [/Users/motocycopath/Desktop/java-full-stack-training/00-microservices-00/apache-tomcat-9.0.116/webapps/host-manager]
31-Mar-2026 21:11:10.472 INFO [main] org.apache.catalina.startup.HostConfig.deployDirectory Deployment of web application directory [/Users/motocycopath/Desktop/java-full-stack-training/00-microservices-00/apache-tomcat-9.0.116/webapps/host-manager] has finished in [25] ms
31-Mar-2026 21:11:10.475 INFO [main] org.apache.coyote.AbstractProtocol.start Starting ProtocolHandler ["http-nio-8080"]
31-Mar-2026 21:11:10.486 INFO [main] org.apache.catalina.startup.Catalina.start Server startup in [5789] milliseconds
31-Mar-2026 21:11:10.604 WARNING [http-nio-8080-exec-1] org.springframework.web.servlet.DispatcherServlet.noHandlerFound No mapping for GET /employee-service/findEmployeeBySalaryGreaterThan/2
31-Mar-2026 21:11:12.156 WARNING [http-nio-8080-exec-2] org.springframework.web.servlet.DispatcherServlet.noHandlerFound No mapping for GET /employee-service/findEmployeeBySalaryGreaterThan/2
31-Mar-2026 21:11:12.867 WARNING [http-nio-8080-exec-3] org.springframework.web.servlet.DispatcherServlet.noHandlerFound No mapping for GET /employee-service/findEmployeeBySalaryGreaterThan/2
31-Mar-2026 21:11:13.923 WARNING [http-nio-8080-exec-4] org.springframework.web.servlet.DispatcherServlet.noHandlerFound No mapping for GET /employee-service/findEmployeeBySalaryGreaterThan/2
31-Mar-2026 21:51:11.428 INFO [main] org.apache.catalina.core.StandardServer.await A valid shutdown command was received via the shutdown port. Stopping the Server instance.
31-Mar-2026 21:51:11.448 INFO [main] org.apache.coyote.AbstractProtocol.pause Pausing ProtocolHandler ["http-nio-8080"]
31-Mar-2026 21:51:11.460 INFO [main] org.apache.catalina.core.StandardService.stopInternal Stopping service [Catalina]
31-Mar-2026 21:51:11.549 INFO [main] org.springframework.orm.jpa.AbstractEntityManagerFactoryBean.destroy Closing JPA EntityManagerFactory for persistence unit 'default'
31-Mar-2026 21:51:11.563 WARNING [main] org.apache.catalina.loader.WebappClassLoaderBase.clearReferencesJdbc The web application [employee-service] registered the JDBC driver [com.mysql.cj.jdbc.Driver] but failed to unregister it when the web application was stopped. To prevent a memory leak, the JDBC Driver has been forcibly unregistered.
31-Mar-2026 21:51:11.565 WARNING [main] org.apache.catalina.loader.WebappClassLoaderBase.clearReferencesThreads The web application [employee-service] appears to have started a thread named [mysql-cj-abandoned-connection-cleanup] but has failed to stop it. This is very likely to create a memory leak. Stack trace of thread:
 java.lang.Object.wait(Native Method)
 java.lang.ref.ReferenceQueue.remove(ReferenceQueue.java:144)
 com.mysql.cj.jdbc.AbandonedConnectionCleanupThread.run(AbandonedConnectionCleanupThread.java:91)
 java.util.concurrent.ThreadPoolExecutor.runWorker(ThreadPoolExecutor.java:1149)
 java.util.concurrent.ThreadPoolExecutor$Worker.run(ThreadPoolExecutor.java:624)
 java.lang.Thread.run(Thread.java:750)
31-Mar-2026 21:51:11.634 INFO [main] org.apache.coyote.AbstractProtocol.stop Stopping ProtocolHandler ["http-nio-8080"]
31-Mar-2026 21:51:11.657 INFO [main] org.apache.coyote.AbstractProtocol.destroy Destroying ProtocolHandler ["http-nio-8080"]
31-Mar-2026 21:51:16.333 INFO [main] org.apache.catalina.startup.VersionLoggerListener.log Server version name:   Apache Tomcat/9.0.116
31-Mar-2026 21:51:16.339 INFO [main] org.apache.catalina.startup.VersionLoggerListener.log Server built:          Mar 16 2026 15:05:42 UTC
31-Mar-2026 21:51:16.339 INFO [main] org.apache.catalina.startup.VersionLoggerListener.log Server version number: 9.0.116.0
31-Mar-2026 21:51:16.339 INFO [main] org.apache.catalina.startup.VersionLoggerListener.log OS Name:               Mac OS X
31-Mar-2026 21:51:16.339 INFO [main] org.apache.catalina.startup.VersionLoggerListener.log OS Version:            15.5
31-Mar-2026 21:51:16.339 INFO [main] org.apache.catalina.startup.VersionLoggerListener.log Architecture:          x86_64
31-Mar-2026 21:51:16.339 INFO [main] org.apache.catalina.startup.VersionLoggerListener.log Java Home:             /Library/Java/JavaVirtualMachines/temurin-8.jdk/Contents/Home/jre
31-Mar-2026 21:51:16.339 INFO [main] org.apache.catalina.startup.VersionLoggerListener.log JVM Version:           1.8.0_482-b08
31-Mar-2026 21:51:16.340 INFO [main] org.apache.catalina.startup.VersionLoggerListener.log JVM Vendor:            Temurin
31-Mar-2026 21:51:16.340 INFO [main] org.apache.catalina.startup.VersionLoggerListener.log CATALINA_BASE:         /Users/motocycopath/Desktop/java-full-stack-training/00-microservices-00/apache-tomcat-9.0.116
31-Mar-2026 21:51:16.340 INFO [main] org.apache.catalina.startup.VersionLoggerListener.log CATALINA_HOME:         /Users/motocycopath/Desktop/java-full-stack-training/00-microservices-00/apache-tomcat-9.0.116
31-Mar-2026 21:51:16.345 INFO [main] org.apache.catalina.startup.VersionLoggerListener.log Command line argument: -Djava.util.logging.config.file=/Users/motocycopath/Desktop/java-full-stack-training/00-microservices-00/apache-tomcat-9.0.116/conf/logging.properties
31-Mar-2026 21:51:16.345 INFO [main] org.apache.catalina.startup.VersionLoggerListener.log Command line argument: -Djava.util.logging.manager=org.apache.juli.ClassLoaderLogManager
31-Mar-2026 21:51:16.345 INFO [main] org.apache.catalina.startup.VersionLoggerListener.log Command line argument: -Djdk.tls.ephemeralDHKeySize=2048
31-Mar-2026 21:51:16.345 INFO [main] org.apache.catalina.startup.VersionLoggerListener.log Command line argument: -Djava.protocol.handler.pkgs=org.apache.catalina.webresources
31-Mar-2026 21:51:16.345 INFO [main] org.apache.catalina.startup.VersionLoggerListener.log Command line argument: -Dsun.io.useCanonCaches=false
31-Mar-2026 21:51:16.345 INFO [main] org.apache.catalina.startup.VersionLoggerListener.log Command line argument: -Dorg.apache.catalina.security.SecurityListener.UMASK=0027
31-Mar-2026 21:51:16.345 INFO [main] org.apache.catalina.startup.VersionLoggerListener.log Command line argument: -Dignore.endorsed.dirs=
31-Mar-2026 21:51:16.345 INFO [main] org.apache.catalina.startup.VersionLoggerListener.log Command line argument: -Dcatalina.base=/Users/motocycopath/Desktop/java-full-stack-training/00-microservices-00/apache-tomcat-9.0.116
31-Mar-2026 21:51:16.345 INFO [main] org.apache.catalina.startup.VersionLoggerListener.log Command line argument: -Dcatalina.home=/Users/motocycopath/Desktop/java-full-stack-training/00-microservices-00/apache-tomcat-9.0.116
31-Mar-2026 21:51:16.345 INFO [main] org.apache.catalina.startup.VersionLoggerListener.log Command line argument: -Djava.io.tmpdir=/Users/motocycopath/Desktop/java-full-stack-training/00-microservices-00/apache-tomcat-9.0.116/temp
31-Mar-2026 21:51:16.348 INFO [main] org.apache.catalina.core.AprLifecycleListener.lifecycleEvent The Apache Tomcat Native library which allows using OpenSSL was not found on the java.library.path: [/Users/motocycopath/Library/Java/Extensions:/Library/Java/Extensions:/Network/Library/Java/Extensions:/System/Library/Java/Extensions:/usr/lib/java:.]
31-Mar-2026 21:51:16.783 INFO [main] org.apache.coyote.AbstractProtocol.init Initializing ProtocolHandler ["http-nio-8080"]
31-Mar-2026 21:51:16.826 INFO [main] org.apache.catalina.startup.Catalina.load Server initialization in [655] milliseconds
31-Mar-2026 21:51:16.916 INFO [main] org.apache.catalina.core.StandardService.startInternal Starting service [Catalina]
31-Mar-2026 21:51:16.917 INFO [main] org.apache.catalina.core.StandardEngine.startInternal Starting Servlet engine: [Apache Tomcat/9.0.116]
31-Mar-2026 21:51:16.922 INFO [main] org.apache.catalina.startup.HostConfig.deployDirectory Deploying web application directory [/Users/motocycopath/Desktop/java-full-stack-training/00-microservices-00/apache-tomcat-9.0.116/webapps/employee-service]
31-Mar-2026 21:51:18.446 INFO [main] org.apache.jasper.servlet.TldScanner.scanJars At least one JAR was scanned for TLDs yet contained no TLDs. Enable debug logging for this logger for a complete list of JARs that were scanned but no TLDs were found in them. Skipping unneeded JARs during scanning can improve startup time and JSP compilation time.
31-Mar-2026 21:51:18.477 INFO [main] org.springframework.web.context.ContextLoader.initWebApplicationContext Root WebApplicationContext: initialization started
31-Mar-2026 21:51:18.953 INFO [main] org.springframework.data.repository.config.RepositoryConfigurationDelegate.registerRepositoriesIn Bootstrapping Spring Data JPA repositories in DEFAULT mode.
31-Mar-2026 21:51:19.064 INFO [main] org.springframework.data.repository.config.RepositoryConfigurationDelegate.registerRepositoriesIn Finished Spring Data repository scanning in 97 ms. Found 1 JPA repository interfaces.
31-Mar-2026 21:51:19.066 INFO [main] org.springframework.data.repository.config.RepositoryConfigurationDelegate.registerRepositoriesIn Bootstrapping Spring Data JPA repositories in DEFAULT mode.
31-Mar-2026 21:51:19.073 INFO [main] org.springframework.data.repository.config.RepositoryConfigurationDelegate.registerRepositoriesIn Finished Spring Data repository scanning in 6 ms. Found 1 JPA repository interfaces.
31-Mar-2026 21:51:19.454 INFO [main] org.hibernate.jpa.internal.util.LogHelper.logPersistenceUnitInformation HHH000204: Processing PersistenceUnitInfo [
	name: default
	...]
31-Mar-2026 21:51:19.524 INFO [main] org.hibernate.Version.logVersion HHH000412: Hibernate Core {5.2.8.Final}
31-Mar-2026 21:51:19.525 INFO [main] org.hibernate.cfg.Environment.<clinit> HHH000206: hibernate.properties not found
31-Mar-2026 21:51:19.565 INFO [main] org.hibernate.annotations.common.reflection.java.JavaReflectionManager.<clinit> HCANN000001: Hibernate Commons Annotations {5.0.1.Final}
31-Mar-2026 21:51:20.137 INFO [main] org.hibernate.dialect.Dialect.<init> HHH000400: Using dialect: org.hibernate.dialect.MySQLDialect
31-Mar-2026 21:51:20.817 INFO [main] org.springframework.orm.jpa.AbstractEntityManagerFactoryBean.buildNativeEntityManagerFactory Initialized JPA EntityManagerFactory for persistence unit 'default'
31-Mar-2026 21:51:21.424 INFO [main] org.springframework.web.context.ContextLoader.initWebApplicationContext Root WebApplicationContext initialized in 2947 ms
31-Mar-2026 21:51:21.470 INFO [main] org.springframework.web.servlet.FrameworkServlet.initServletBean Initializing Servlet 'cstspconf-web'
31-Mar-2026 21:51:22.064 INFO [main] org.springframework.web.servlet.FrameworkServlet.initServletBean Completed initialization in 594 ms
31-Mar-2026 21:51:22.099 INFO [main] org.apache.catalina.startup.HostConfig.deployDirectory Deployment of web application directory [/Users/motocycopath/Desktop/java-full-stack-training/00-microservices-00/apache-tomcat-9.0.116/webapps/employee-service] has finished in [5,175] ms
31-Mar-2026 21:51:22.099 INFO [main] org.apache.catalina.startup.HostConfig.deployDirectory Deploying web application directory [/Users/motocycopath/Desktop/java-full-stack-training/00-microservices-00/apache-tomcat-9.0.116/webapps/docs]
31-Mar-2026 21:51:22.143 INFO [main] org.apache.catalina.startup.HostConfig.deployDirectory Deployment of web application directory [/Users/motocycopath/Desktop/java-full-stack-training/00-microservices-00/apache-tomcat-9.0.116/webapps/docs] has finished in [44] ms
31-Mar-2026 21:51:22.143 INFO [main] org.apache.catalina.startup.HostConfig.deployDirectory Deploying web application directory [/Users/motocycopath/Desktop/java-full-stack-training/00-microservices-00/apache-tomcat-9.0.116/webapps/manager]
31-Mar-2026 21:51:22.182 INFO [main] org.apache.catalina.startup.HostConfig.deployDirectory Deployment of web application directory [/Users/motocycopath/Desktop/java-full-stack-training/00-microservices-00/apache-tomcat-9.0.116/webapps/manager] has finished in [39] ms
31-Mar-2026 21:51:22.182 INFO [main] org.apache.catalina.startup.HostConfig.deployDirectory Deploying web application directory [/Users/motocycopath/Desktop/java-full-stack-training/00-microservices-00/apache-tomcat-9.0.116/webapps/examples]
31-Mar-2026 21:51:22.369 INFO [main] org.apache.catalina.startup.HostConfig.deployDirectory Deployment of web application directory [/Users/motocycopath/Desktop/java-full-stack-training/00-microservices-00/apache-tomcat-9.0.116/webapps/examples] has finished in [187] ms
31-Mar-2026 21:51:22.369 INFO [main] org.apache.catalina.startup.HostConfig.deployDirectory Deploying web application directory [/Users/motocycopath/Desktop/java-full-stack-training/00-microservices-00/apache-tomcat-9.0.116/webapps/ROOT]
31-Mar-2026 21:51:22.385 INFO [main] org.apache.catalina.startup.HostConfig.deployDirectory Deployment of web application directory [/Users/motocycopath/Desktop/java-full-stack-training/00-microservices-00/apache-tomcat-9.0.116/webapps/ROOT] has finished in [15] ms
31-Mar-2026 21:51:22.386 INFO [main] org.apache.catalina.startup.HostConfig.deployDirectory Deploying web application directory [/Users/motocycopath/Desktop/java-full-stack-training/00-microservices-00/apache-tomcat-9.0.116/webapps/host-manager]
31-Mar-2026 21:51:22.413 INFO [main] org.apache.catalina.startup.HostConfig.deployDirectory Deployment of web application directory [/Users/motocycopath/Desktop/java-full-stack-training/00-microservices-00/apache-tomcat-9.0.116/webapps/host-manager] has finished in [27] ms
31-Mar-2026 21:51:22.418 INFO [main] org.apache.coyote.AbstractProtocol.start Starting ProtocolHandler ["http-nio-8080"]
31-Mar-2026 21:51:22.427 INFO [main] org.apache.catalina.startup.Catalina.start Server startup in [5601] milliseconds
31-Mar-2026 21:53:18.337 INFO [main] org.apache.catalina.core.StandardServer.await A valid shutdown command was received via the shutdown port. Stopping the Server instance.
31-Mar-2026 21:53:18.343 INFO [main] org.apache.coyote.AbstractProtocol.pause Pausing ProtocolHandler ["http-nio-8080"]
31-Mar-2026 21:53:18.353 INFO [main] org.apache.catalina.core.StandardService.stopInternal Stopping service [Catalina]
31-Mar-2026 21:53:18.399 INFO [main] org.springframework.orm.jpa.AbstractEntityManagerFactoryBean.destroy Closing JPA EntityManagerFactory for persistence unit 'default'
31-Mar-2026 21:53:18.407 WARNING [main] org.apache.catalina.loader.WebappClassLoaderBase.clearReferencesJdbc The web application [employee-service] registered the JDBC driver [com.mysql.cj.jdbc.Driver] but failed to unregister it when the web application was stopped. To prevent a memory leak, the JDBC Driver has been forcibly unregistered.
31-Mar-2026 21:53:18.408 WARNING [main] org.apache.catalina.loader.WebappClassLoaderBase.clearReferencesThreads The web application [employee-service] appears to have started a thread named [mysql-cj-abandoned-connection-cleanup] but has failed to stop it. This is very likely to create a memory leak. Stack trace of thread:
 java.lang.Object.wait(Native Method)
 java.lang.ref.ReferenceQueue.remove(ReferenceQueue.java:144)
 com.mysql.cj.jdbc.AbandonedConnectionCleanupThread.run(AbandonedConnectionCleanupThread.java:91)
 java.util.concurrent.ThreadPoolExecutor.runWorker(ThreadPoolExecutor.java:1149)
 java.util.concurrent.ThreadPoolExecutor$Worker.run(ThreadPoolExecutor.java:624)
 java.lang.Thread.run(Thread.java:750)
31-Mar-2026 21:53:18.428 INFO [main] org.apache.coyote.AbstractProtocol.stop Stopping ProtocolHandler ["http-nio-8080"]
31-Mar-2026 21:53:18.445 INFO [main] org.apache.coyote.AbstractProtocol.destroy Destroying ProtocolHandler ["http-nio-8080"]
31-Mar-2026 21:53:22.356 INFO [main] org.apache.catalina.startup.VersionLoggerListener.log Server version name:   Apache Tomcat/9.0.116
31-Mar-2026 21:53:22.362 INFO [main] org.apache.catalina.startup.VersionLoggerListener.log Server built:          Mar 16 2026 15:05:42 UTC
31-Mar-2026 21:53:22.362 INFO [main] org.apache.catalina.startup.VersionLoggerListener.log Server version number: 9.0.116.0
31-Mar-2026 21:53:22.362 INFO [main] org.apache.catalina.startup.VersionLoggerListener.log OS Name:               Mac OS X
31-Mar-2026 21:53:22.362 INFO [main] org.apache.catalina.startup.VersionLoggerListener.log OS Version:            15.5
31-Mar-2026 21:53:22.362 INFO [main] org.apache.catalina.startup.VersionLoggerListener.log Architecture:          x86_64
31-Mar-2026 21:53:22.362 INFO [main] org.apache.catalina.startup.VersionLoggerListener.log Java Home:             /Library/Java/JavaVirtualMachines/temurin-8.jdk/Contents/Home/jre
31-Mar-2026 21:53:22.362 INFO [main] org.apache.catalina.startup.VersionLoggerListener.log JVM Version:           1.8.0_482-b08
31-Mar-2026 21:53:22.362 INFO [main] org.apache.catalina.startup.VersionLoggerListener.log JVM Vendor:            Temurin
31-Mar-2026 21:53:22.362 INFO [main] org.apache.catalina.startup.VersionLoggerListener.log CATALINA_BASE:         /Users/motocycopath/Desktop/java-full-stack-training/00-microservices-00/apache-tomcat-9.0.116
31-Mar-2026 21:53:22.363 INFO [main] org.apache.catalina.startup.VersionLoggerListener.log CATALINA_HOME:         /Users/motocycopath/Desktop/java-full-stack-training/00-microservices-00/apache-tomcat-9.0.116
31-Mar-2026 21:53:22.365 INFO [main] org.apache.catalina.startup.VersionLoggerListener.log Command line argument: -Djava.util.logging.config.file=/Users/motocycopath/Desktop/java-full-stack-training/00-microservices-00/apache-tomcat-9.0.116/conf/logging.properties
31-Mar-2026 21:53:22.365 INFO [main] org.apache.catalina.startup.VersionLoggerListener.log Command line argument: -Djava.util.logging.manager=org.apache.juli.ClassLoaderLogManager
31-Mar-2026 21:53:22.365 INFO [main] org.apache.catalina.startup.VersionLoggerListener.log Command line argument: -Djdk.tls.ephemeralDHKeySize=2048
31-Mar-2026 21:53:22.365 INFO [main] org.apache.catalina.startup.VersionLoggerListener.log Command line argument: -Djava.protocol.handler.pkgs=org.apache.catalina.webresources
31-Mar-2026 21:53:22.365 INFO [main] org.apache.catalina.startup.VersionLoggerListener.log Command line argument: -Dsun.io.useCanonCaches=false
31-Mar-2026 21:53:22.365 INFO [main] org.apache.catalina.startup.VersionLoggerListener.log Command line argument: -Dorg.apache.catalina.security.SecurityListener.UMASK=0027
31-Mar-2026 21:53:22.366 INFO [main] org.apache.catalina.startup.VersionLoggerListener.log Command line argument: -Dignore.endorsed.dirs=
31-Mar-2026 21:53:22.366 INFO [main] org.apache.catalina.startup.VersionLoggerListener.log Command line argument: -Dcatalina.base=/Users/motocycopath/Desktop/java-full-stack-training/00-microservices-00/apache-tomcat-9.0.116
31-Mar-2026 21:53:22.366 INFO [main] org.apache.catalina.startup.VersionLoggerListener.log Command line argument: -Dcatalina.home=/Users/motocycopath/Desktop/java-full-stack-training/00-microservices-00/apache-tomcat-9.0.116
31-Mar-2026 21:53:22.366 INFO [main] org.apache.catalina.startup.VersionLoggerListener.log Command line argument: -Djava.io.tmpdir=/Users/motocycopath/Desktop/java-full-stack-training/00-microservices-00/apache-tomcat-9.0.116/temp
31-Mar-2026 21:53:22.368 INFO [main] org.apache.catalina.core.AprLifecycleListener.lifecycleEvent The Apache Tomcat Native library which allows using OpenSSL was not found on the java.library.path: [/Users/motocycopath/Library/Java/Extensions:/Library/Java/Extensions:/Network/Library/Java/Extensions:/System/Library/Java/Extensions:/usr/lib/java:.]
31-Mar-2026 21:53:22.781 INFO [main] org.apache.coyote.AbstractProtocol.init Initializing ProtocolHandler ["http-nio-8080"]
31-Mar-2026 21:53:22.820 INFO [main] org.apache.catalina.startup.Catalina.load Server initialization in [624] milliseconds
31-Mar-2026 21:53:22.901 INFO [main] org.apache.catalina.core.StandardService.startInternal Starting service [Catalina]
31-Mar-2026 21:53:22.902 INFO [main] org.apache.catalina.core.StandardEngine.startInternal Starting Servlet engine: [Apache Tomcat/9.0.116]
31-Mar-2026 21:53:22.907 INFO [main] org.apache.catalina.startup.HostConfig.deployDirectory Deploying web application directory [/Users/motocycopath/Desktop/java-full-stack-training/00-microservices-00/apache-tomcat-9.0.116/webapps/employee-service]
31-Mar-2026 21:53:24.404 INFO [main] org.apache.jasper.servlet.TldScanner.scanJars At least one JAR was scanned for TLDs yet contained no TLDs. Enable debug logging for this logger for a complete list of JARs that were scanned but no TLDs were found in them. Skipping unneeded JARs during scanning can improve startup time and JSP compilation time.
31-Mar-2026 21:53:24.429 INFO [main] org.springframework.web.context.ContextLoader.initWebApplicationContext Root WebApplicationContext: initialization started
31-Mar-2026 21:53:24.828 INFO [main] org.springframework.data.repository.config.RepositoryConfigurationDelegate.registerRepositoriesIn Bootstrapping Spring Data JPA repositories in DEFAULT mode.
31-Mar-2026 21:53:24.857 INFO [main] org.springframework.data.repository.config.RepositoryConfigurationDelegate.registerRepositoriesIn Finished Spring Data repository scanning in 14 ms. Found 0 JPA repository interfaces.
31-Mar-2026 21:53:24.859 INFO [main] org.springframework.data.repository.config.RepositoryConfigurationDelegate.registerRepositoriesIn Bootstrapping Spring Data JPA repositories in DEFAULT mode.
31-Mar-2026 21:53:24.861 INFO [main] org.springframework.data.repository.config.RepositoryConfigurationDelegate.registerRepositoriesIn Finished Spring Data repository scanning in 1 ms. Found 0 JPA repository interfaces.
31-Mar-2026 21:53:25.197 INFO [main] org.hibernate.jpa.internal.util.LogHelper.logPersistenceUnitInformation HHH000204: Processing PersistenceUnitInfo [
	name: default
	...]
31-Mar-2026 21:53:25.275 INFO [main] org.hibernate.Version.logVersion HHH000412: Hibernate Core {5.2.8.Final}
31-Mar-2026 21:53:25.276 INFO [main] org.hibernate.cfg.Environment.<clinit> HHH000206: hibernate.properties not found
31-Mar-2026 21:53:25.316 INFO [main] org.hibernate.annotations.common.reflection.java.JavaReflectionManager.<clinit> HCANN000001: Hibernate Commons Annotations {5.0.1.Final}
31-Mar-2026 21:53:25.746 INFO [main] org.hibernate.dialect.Dialect.<init> HHH000400: Using dialect: org.hibernate.dialect.MySQLDialect
31-Mar-2026 21:53:26.143 INFO [main] org.springframework.orm.jpa.AbstractEntityManagerFactoryBean.buildNativeEntityManagerFactory Initialized JPA EntityManagerFactory for persistence unit 'default'
31-Mar-2026 21:53:26.243 INFO [main] org.springframework.web.context.ContextLoader.initWebApplicationContext Root WebApplicationContext initialized in 1813 ms
31-Mar-2026 21:53:26.289 INFO [main] org.springframework.web.servlet.FrameworkServlet.initServletBean Initializing Servlet 'cstspconf-web'
31-Mar-2026 21:53:26.865 INFO [main] org.springframework.web.servlet.FrameworkServlet.initServletBean Completed initialization in 576 ms
31-Mar-2026 21:53:26.898 INFO [main] org.apache.catalina.startup.HostConfig.deployDirectory Deployment of web application directory [/Users/motocycopath/Desktop/java-full-stack-training/00-microservices-00/apache-tomcat-9.0.116/webapps/employee-service] has finished in [3,989] ms
31-Mar-2026 21:53:26.898 INFO [main] org.apache.catalina.startup.HostConfig.deployDirectory Deploying web application directory [/Users/motocycopath/Desktop/java-full-stack-training/00-microservices-00/apache-tomcat-9.0.116/webapps/docs]
31-Mar-2026 21:53:26.936 INFO [main] org.apache.catalina.startup.HostConfig.deployDirectory Deployment of web application directory [/Users/motocycopath/Desktop/java-full-stack-training/00-microservices-00/apache-tomcat-9.0.116/webapps/docs] has finished in [38] ms
31-Mar-2026 21:53:26.936 INFO [main] org.apache.catalina.startup.HostConfig.deployDirectory Deploying web application directory [/Users/motocycopath/Desktop/java-full-stack-training/00-microservices-00/apache-tomcat-9.0.116/webapps/manager]
31-Mar-2026 21:53:26.970 INFO [main] org.apache.catalina.startup.HostConfig.deployDirectory Deployment of web application directory [/Users/motocycopath/Desktop/java-full-stack-training/00-microservices-00/apache-tomcat-9.0.116/webapps/manager] has finished in [34] ms
31-Mar-2026 21:53:26.971 INFO [main] org.apache.catalina.startup.HostConfig.deployDirectory Deploying web application directory [/Users/motocycopath/Desktop/java-full-stack-training/00-microservices-00/apache-tomcat-9.0.116/webapps/examples]
31-Mar-2026 21:53:27.172 INFO [main] org.apache.catalina.startup.HostConfig.deployDirectory Deployment of web application directory [/Users/motocycopath/Desktop/java-full-stack-training/00-microservices-00/apache-tomcat-9.0.116/webapps/examples] has finished in [201] ms
31-Mar-2026 21:53:27.173 INFO [main] org.apache.catalina.startup.HostConfig.deployDirectory Deploying web application directory [/Users/motocycopath/Desktop/java-full-stack-training/00-microservices-00/apache-tomcat-9.0.116/webapps/ROOT]
31-Mar-2026 21:53:27.193 INFO [main] org.apache.catalina.startup.HostConfig.deployDirectory Deployment of web application directory [/Users/motocycopath/Desktop/java-full-stack-training/00-microservices-00/apache-tomcat-9.0.116/webapps/ROOT] has finished in [20] ms
31-Mar-2026 21:53:27.195 INFO [main] org.apache.catalina.startup.HostConfig.deployDirectory Deploying web application directory [/Users/motocycopath/Desktop/java-full-stack-training/00-microservices-00/apache-tomcat-9.0.116/webapps/host-manager]
31-Mar-2026 21:53:27.218 INFO [main] org.apache.catalina.startup.HostConfig.deployDirectory Deployment of web application directory [/Users/motocycopath/Desktop/java-full-stack-training/00-microservices-00/apache-tomcat-9.0.116/webapps/host-manager] has finished in [24] ms
31-Mar-2026 21:53:27.221 INFO [main] org.apache.coyote.AbstractProtocol.start Starting ProtocolHandler ["http-nio-8080"]
31-Mar-2026 21:53:27.235 INFO [main] org.apache.catalina.startup.Catalina.start Server startup in [4415] milliseconds
31-Mar-2026 21:53:32.170 WARNING [http-nio-8080-exec-1] org.springframework.web.servlet.DispatcherServlet.noHandlerFound No mapping for GET /employee-service/findEmployeeBySalaryGreaterThan/2
31-Mar-2026 21:53:32.895 WARNING [http-nio-8080-exec-2] org.springframework.web.servlet.DispatcherServlet.noHandlerFound No mapping for GET /employee-service/findEmployeeBySalaryGreaterThan/2
31-Mar-2026 21:55:29.429 INFO [main] org.apache.catalina.core.StandardServer.await A valid shutdown command was received via the shutdown port. Stopping the Server instance.
31-Mar-2026 21:55:29.439 INFO [main] org.apache.coyote.AbstractProtocol.pause Pausing ProtocolHandler ["http-nio-8080"]
31-Mar-2026 21:55:29.444 INFO [main] org.apache.catalina.core.StandardService.stopInternal Stopping service [Catalina]
31-Mar-2026 21:55:29.529 INFO [main] org.springframework.orm.jpa.AbstractEntityManagerFactoryBean.destroy Closing JPA EntityManagerFactory for persistence unit 'default'
31-Mar-2026 21:55:29.534 WARNING [main] org.apache.catalina.loader.WebappClassLoaderBase.clearReferencesJdbc The web application [employee-service] registered the JDBC driver [com.mysql.cj.jdbc.Driver] but failed to unregister it when the web application was stopped. To prevent a memory leak, the JDBC Driver has been forcibly unregistered.
31-Mar-2026 21:55:29.536 WARNING [main] org.apache.catalina.loader.WebappClassLoaderBase.clearReferencesThreads The web application [employee-service] appears to have started a thread named [mysql-cj-abandoned-connection-cleanup] but has failed to stop it. This is very likely to create a memory leak. Stack trace of thread:
 java.lang.Object.wait(Native Method)
 java.lang.ref.ReferenceQueue.remove(ReferenceQueue.java:144)
 com.mysql.cj.jdbc.AbandonedConnectionCleanupThread.run(AbandonedConnectionCleanupThread.java:91)
 java.util.concurrent.ThreadPoolExecutor.runWorker(ThreadPoolExecutor.java:1149)
 java.util.concurrent.ThreadPoolExecutor$Worker.run(ThreadPoolExecutor.java:624)
 java.lang.Thread.run(Thread.java:750)
31-Mar-2026 21:55:29.552 INFO [main] org.apache.coyote.AbstractProtocol.stop Stopping ProtocolHandler ["http-nio-8080"]
31-Mar-2026 21:55:29.576 INFO [main] org.apache.coyote.AbstractProtocol.destroy Destroying ProtocolHandler ["http-nio-8080"]
31-Mar-2026 21:55:33.532 INFO [main] org.apache.catalina.startup.VersionLoggerListener.log Server version name:   Apache Tomcat/9.0.116
31-Mar-2026 21:55:33.539 INFO [main] org.apache.catalina.startup.VersionLoggerListener.log Server built:          Mar 16 2026 15:05:42 UTC
31-Mar-2026 21:55:33.539 INFO [main] org.apache.catalina.startup.VersionLoggerListener.log Server version number: 9.0.116.0
31-Mar-2026 21:55:33.539 INFO [main] org.apache.catalina.startup.VersionLoggerListener.log OS Name:               Mac OS X
31-Mar-2026 21:55:33.539 INFO [main] org.apache.catalina.startup.VersionLoggerListener.log OS Version:            15.5
31-Mar-2026 21:55:33.539 INFO [main] org.apache.catalina.startup.VersionLoggerListener.log Architecture:          x86_64
31-Mar-2026 21:55:33.539 INFO [main] org.apache.catalina.startup.VersionLoggerListener.log Java Home:             /Library/Java/JavaVirtualMachines/temurin-8.jdk/Contents/Home/jre
31-Mar-2026 21:55:33.539 INFO [main] org.apache.catalina.startup.VersionLoggerListener.log JVM Version:           1.8.0_482-b08
31-Mar-2026 21:55:33.539 INFO [main] org.apache.catalina.startup.VersionLoggerListener.log JVM Vendor:            Temurin
31-Mar-2026 21:55:33.540 INFO [main] org.apache.catalina.startup.VersionLoggerListener.log CATALINA_BASE:         /Users/motocycopath/Desktop/java-full-stack-training/00-microservices-00/apache-tomcat-9.0.116
31-Mar-2026 21:55:33.540 INFO [main] org.apache.catalina.startup.VersionLoggerListener.log CATALINA_HOME:         /Users/motocycopath/Desktop/java-full-stack-training/00-microservices-00/apache-tomcat-9.0.116
31-Mar-2026 21:55:33.545 INFO [main] org.apache.catalina.startup.VersionLoggerListener.log Command line argument: -Djava.util.logging.config.file=/Users/motocycopath/Desktop/java-full-stack-training/00-microservices-00/apache-tomcat-9.0.116/conf/logging.properties
31-Mar-2026 21:55:33.545 INFO [main] org.apache.catalina.startup.VersionLoggerListener.log Command line argument: -Djava.util.logging.manager=org.apache.juli.ClassLoaderLogManager
31-Mar-2026 21:55:33.545 INFO [main] org.apache.catalina.startup.VersionLoggerListener.log Command line argument: -Djdk.tls.ephemeralDHKeySize=2048
31-Mar-2026 21:55:33.545 INFO [main] org.apache.catalina.startup.VersionLoggerListener.log Command line argument: -Djava.protocol.handler.pkgs=org.apache.catalina.webresources
31-Mar-2026 21:55:33.545 INFO [main] org.apache.catalina.startup.VersionLoggerListener.log Command line argument: -Dsun.io.useCanonCaches=false
31-Mar-2026 21:55:33.545 INFO [main] org.apache.catalina.startup.VersionLoggerListener.log Command line argument: -Dorg.apache.catalina.security.SecurityListener.UMASK=0027
31-Mar-2026 21:55:33.546 INFO [main] org.apache.catalina.startup.VersionLoggerListener.log Command line argument: -Dignore.endorsed.dirs=
31-Mar-2026 21:55:33.546 INFO [main] org.apache.catalina.startup.VersionLoggerListener.log Command line argument: -Dcatalina.base=/Users/motocycopath/Desktop/java-full-stack-training/00-microservices-00/apache-tomcat-9.0.116
31-Mar-2026 21:55:33.546 INFO [main] org.apache.catalina.startup.VersionLoggerListener.log Command line argument: -Dcatalina.home=/Users/motocycopath/Desktop/java-full-stack-training/00-microservices-00/apache-tomcat-9.0.116
31-Mar-2026 21:55:33.546 INFO [main] org.apache.catalina.startup.VersionLoggerListener.log Command line argument: -Djava.io.tmpdir=/Users/motocycopath/Desktop/java-full-stack-training/00-microservices-00/apache-tomcat-9.0.116/temp
31-Mar-2026 21:55:33.548 INFO [main] org.apache.catalina.core.AprLifecycleListener.lifecycleEvent The Apache Tomcat Native library which allows using OpenSSL was not found on the java.library.path: [/Users/motocycopath/Library/Java/Extensions:/Library/Java/Extensions:/Network/Library/Java/Extensions:/System/Library/Java/Extensions:/usr/lib/java:.]
31-Mar-2026 21:55:34.001 INFO [main] org.apache.coyote.AbstractProtocol.init Initializing ProtocolHandler ["http-nio-8080"]
31-Mar-2026 21:55:34.039 INFO [main] org.apache.catalina.startup.Catalina.load Server initialization in [681] milliseconds
31-Mar-2026 21:55:34.130 INFO [main] org.apache.catalina.core.StandardService.startInternal Starting service [Catalina]
31-Mar-2026 21:55:34.130 INFO [main] org.apache.catalina.core.StandardEngine.startInternal Starting Servlet engine: [Apache Tomcat/9.0.116]
31-Mar-2026 21:55:34.135 INFO [main] org.apache.catalina.startup.HostConfig.deployDirectory Deploying web application directory [/Users/motocycopath/Desktop/java-full-stack-training/00-microservices-00/apache-tomcat-9.0.116/webapps/employee-service]
31-Mar-2026 21:55:35.842 INFO [main] org.apache.jasper.servlet.TldScanner.scanJars At least one JAR was scanned for TLDs yet contained no TLDs. Enable debug logging for this logger for a complete list of JARs that were scanned but no TLDs were found in them. Skipping unneeded JARs during scanning can improve startup time and JSP compilation time.
31-Mar-2026 21:55:35.872 INFO [main] org.springframework.web.context.ContextLoader.initWebApplicationContext Root WebApplicationContext: initialization started
31-Mar-2026 21:55:36.294 INFO [main] org.springframework.data.repository.config.RepositoryConfigurationDelegate.registerRepositoriesIn Bootstrapping Spring Data JPA repositories in DEFAULT mode.
31-Mar-2026 21:55:36.351 INFO [main] org.springframework.data.repository.config.RepositoryConfigurationDelegate.registerRepositoriesIn Finished Spring Data repository scanning in 28 ms. Found 0 JPA repository interfaces.
31-Mar-2026 21:55:36.358 INFO [main] org.springframework.data.repository.config.RepositoryConfigurationDelegate.registerRepositoriesIn Bootstrapping Spring Data JPA repositories in DEFAULT mode.
31-Mar-2026 21:55:36.362 INFO [main] org.springframework.data.repository.config.RepositoryConfigurationDelegate.registerRepositoriesIn Finished Spring Data repository scanning in 3 ms. Found 0 JPA repository interfaces.
31-Mar-2026 21:55:36.723 INFO [main] org.hibernate.jpa.internal.util.LogHelper.logPersistenceUnitInformation HHH000204: Processing PersistenceUnitInfo [
	name: default
	...]
31-Mar-2026 21:55:36.813 INFO [main] org.hibernate.Version.logVersion HHH000412: Hibernate Core {5.2.8.Final}
31-Mar-2026 21:55:36.814 INFO [main] org.hibernate.cfg.Environment.<clinit> HHH000206: hibernate.properties not found
31-Mar-2026 21:55:36.894 INFO [main] org.hibernate.annotations.common.reflection.java.JavaReflectionManager.<clinit> HCANN000001: Hibernate Commons Annotations {5.0.1.Final}
31-Mar-2026 21:55:37.456 INFO [main] org.hibernate.dialect.Dialect.<init> HHH000400: Using dialect: org.hibernate.dialect.MySQLDialect
31-Mar-2026 21:55:37.915 INFO [main] org.springframework.orm.jpa.AbstractEntityManagerFactoryBean.buildNativeEntityManagerFactory Initialized JPA EntityManagerFactory for persistence unit 'default'
31-Mar-2026 21:55:38.015 INFO [main] org.springframework.web.context.ContextLoader.initWebApplicationContext Root WebApplicationContext initialized in 2143 ms
31-Mar-2026 21:55:38.068 INFO [main] org.springframework.web.servlet.FrameworkServlet.initServletBean Initializing Servlet 'cstspconf-web'
31-Mar-2026 21:55:38.661 INFO [main] org.springframework.web.servlet.FrameworkServlet.initServletBean Completed initialization in 593 ms
31-Mar-2026 21:55:38.695 INFO [main] org.apache.catalina.startup.HostConfig.deployDirectory Deployment of web application directory [/Users/motocycopath/Desktop/java-full-stack-training/00-microservices-00/apache-tomcat-9.0.116/webapps/employee-service] has finished in [4,559] ms
31-Mar-2026 21:55:38.695 INFO [main] org.apache.catalina.startup.HostConfig.deployDirectory Deploying web application directory [/Users/motocycopath/Desktop/java-full-stack-training/00-microservices-00/apache-tomcat-9.0.116/webapps/docs]
31-Mar-2026 21:55:38.733 INFO [main] org.apache.catalina.startup.HostConfig.deployDirectory Deployment of web application directory [/Users/motocycopath/Desktop/java-full-stack-training/00-microservices-00/apache-tomcat-9.0.116/webapps/docs] has finished in [37] ms
31-Mar-2026 21:55:38.733 INFO [main] org.apache.catalina.startup.HostConfig.deployDirectory Deploying web application directory [/Users/motocycopath/Desktop/java-full-stack-training/00-microservices-00/apache-tomcat-9.0.116/webapps/manager]
31-Mar-2026 21:55:38.769 INFO [main] org.apache.catalina.startup.HostConfig.deployDirectory Deployment of web application directory [/Users/motocycopath/Desktop/java-full-stack-training/00-microservices-00/apache-tomcat-9.0.116/webapps/manager] has finished in [36] ms
31-Mar-2026 21:55:38.770 INFO [main] org.apache.catalina.startup.HostConfig.deployDirectory Deploying web application directory [/Users/motocycopath/Desktop/java-full-stack-training/00-microservices-00/apache-tomcat-9.0.116/webapps/examples]
31-Mar-2026 21:55:39.018 INFO [main] org.apache.catalina.startup.HostConfig.deployDirectory Deployment of web application directory [/Users/motocycopath/Desktop/java-full-stack-training/00-microservices-00/apache-tomcat-9.0.116/webapps/examples] has finished in [249] ms
31-Mar-2026 21:55:39.018 INFO [main] org.apache.catalina.startup.HostConfig.deployDirectory Deploying web application directory [/Users/motocycopath/Desktop/java-full-stack-training/00-microservices-00/apache-tomcat-9.0.116/webapps/ROOT]
31-Mar-2026 21:55:39.036 INFO [main] org.apache.catalina.startup.HostConfig.deployDirectory Deployment of web application directory [/Users/motocycopath/Desktop/java-full-stack-training/00-microservices-00/apache-tomcat-9.0.116/webapps/ROOT] has finished in [18] ms
31-Mar-2026 21:55:39.038 INFO [main] org.apache.catalina.startup.HostConfig.deployDirectory Deploying web application directory [/Users/motocycopath/Desktop/java-full-stack-training/00-microservices-00/apache-tomcat-9.0.116/webapps/host-manager]
31-Mar-2026 21:55:39.064 INFO [main] org.apache.catalina.startup.HostConfig.deployDirectory Deployment of web application directory [/Users/motocycopath/Desktop/java-full-stack-training/00-microservices-00/apache-tomcat-9.0.116/webapps/host-manager] has finished in [27] ms
31-Mar-2026 21:55:39.070 INFO [main] org.apache.coyote.AbstractProtocol.start Starting ProtocolHandler ["http-nio-8080"]
31-Mar-2026 21:55:39.084 INFO [main] org.apache.catalina.startup.Catalina.start Server startup in [5044] milliseconds
31-Mar-2026 22:00:27.432 WARNING [http-nio-8080-exec-1] org.springframework.web.servlet.DispatcherServlet.noHandlerFound No mapping for GET /employee-service/findEmployeeBySalaryGreaterThan/2
31-Mar-2026 22:03:47.264 INFO [main] org.apache.catalina.core.StandardServer.await A valid shutdown command was received via the shutdown port. Stopping the Server instance.
31-Mar-2026 22:03:47.272 INFO [main] org.apache.coyote.AbstractProtocol.pause Pausing ProtocolHandler ["http-nio-8080"]
31-Mar-2026 22:03:47.280 INFO [main] org.apache.catalina.core.StandardService.stopInternal Stopping service [Catalina]
31-Mar-2026 22:03:47.363 INFO [main] org.springframework.orm.jpa.AbstractEntityManagerFactoryBean.destroy Closing JPA EntityManagerFactory for persistence unit 'default'
31-Mar-2026 22:03:47.367 WARNING [main] org.apache.catalina.loader.WebappClassLoaderBase.clearReferencesJdbc The web application [employee-service] registered the JDBC driver [com.mysql.cj.jdbc.Driver] but failed to unregister it when the web application was stopped. To prevent a memory leak, the JDBC Driver has been forcibly unregistered.
31-Mar-2026 22:03:47.369 WARNING [main] org.apache.catalina.loader.WebappClassLoaderBase.clearReferencesThreads The web application [employee-service] appears to have started a thread named [mysql-cj-abandoned-connection-cleanup] but has failed to stop it. This is very likely to create a memory leak. Stack trace of thread:
 java.lang.Object.wait(Native Method)
 java.lang.ref.ReferenceQueue.remove(ReferenceQueue.java:144)
 com.mysql.cj.jdbc.AbandonedConnectionCleanupThread.run(AbandonedConnectionCleanupThread.java:91)
 java.util.concurrent.ThreadPoolExecutor.runWorker(ThreadPoolExecutor.java:1149)
 java.util.concurrent.ThreadPoolExecutor$Worker.run(ThreadPoolExecutor.java:624)
 java.lang.Thread.run(Thread.java:750)
31-Mar-2026 22:03:47.384 INFO [main] org.apache.coyote.AbstractProtocol.stop Stopping ProtocolHandler ["http-nio-8080"]
31-Mar-2026 22:03:47.400 INFO [main] org.apache.coyote.AbstractProtocol.destroy Destroying ProtocolHandler ["http-nio-8080"]
31-Mar-2026 22:03:51.391 INFO [main] org.apache.catalina.startup.VersionLoggerListener.log Server version name:   Apache Tomcat/9.0.116
31-Mar-2026 22:03:51.398 INFO [main] org.apache.catalina.startup.VersionLoggerListener.log Server built:          Mar 16 2026 15:05:42 UTC
31-Mar-2026 22:03:51.398 INFO [main] org.apache.catalina.startup.VersionLoggerListener.log Server version number: 9.0.116.0
31-Mar-2026 22:03:51.398 INFO [main] org.apache.catalina.startup.VersionLoggerListener.log OS Name:               Mac OS X
31-Mar-2026 22:03:51.399 INFO [main] org.apache.catalina.startup.VersionLoggerListener.log OS Version:            15.5
31-Mar-2026 22:03:51.399 INFO [main] org.apache.catalina.startup.VersionLoggerListener.log Architecture:          x86_64
31-Mar-2026 22:03:51.399 INFO [main] org.apache.catalina.startup.VersionLoggerListener.log Java Home:             /Library/Java/JavaVirtualMachines/temurin-8.jdk/Contents/Home/jre
31-Mar-2026 22:03:51.399 INFO [main] org.apache.catalina.startup.VersionLoggerListener.log JVM Version:           1.8.0_482-b08
31-Mar-2026 22:03:51.399 INFO [main] org.apache.catalina.startup.VersionLoggerListener.log JVM Vendor:            Temurin
31-Mar-2026 22:03:51.399 INFO [main] org.apache.catalina.startup.VersionLoggerListener.log CATALINA_BASE:         /Users/motocycopath/Desktop/java-full-stack-training/00-microservices-00/apache-tomcat-9.0.116
31-Mar-2026 22:03:51.399 INFO [main] org.apache.catalina.startup.VersionLoggerListener.log CATALINA_HOME:         /Users/motocycopath/Desktop/java-full-stack-training/00-microservices-00/apache-tomcat-9.0.116
31-Mar-2026 22:03:51.404 INFO [main] org.apache.catalina.startup.VersionLoggerListener.log Command line argument: -Djava.util.logging.config.file=/Users/motocycopath/Desktop/java-full-stack-training/00-microservices-00/apache-tomcat-9.0.116/conf/logging.properties
31-Mar-2026 22:03:51.404 INFO [main] org.apache.catalina.startup.VersionLoggerListener.log Command line argument: -Djava.util.logging.manager=org.apache.juli.ClassLoaderLogManager
31-Mar-2026 22:03:51.404 INFO [main] org.apache.catalina.startup.VersionLoggerListener.log Command line argument: -Djdk.tls.ephemeralDHKeySize=2048
31-Mar-2026 22:03:51.404 INFO [main] org.apache.catalina.startup.VersionLoggerListener.log Command line argument: -Djava.protocol.handler.pkgs=org.apache.catalina.webresources
31-Mar-2026 22:03:51.404 INFO [main] org.apache.catalina.startup.VersionLoggerListener.log Command line argument: -Dsun.io.useCanonCaches=false
31-Mar-2026 22:03:51.404 INFO [main] org.apache.catalina.startup.VersionLoggerListener.log Command line argument: -Dorg.apache.catalina.security.SecurityListener.UMASK=0027
31-Mar-2026 22:03:51.404 INFO [main] org.apache.catalina.startup.VersionLoggerListener.log Command line argument: -Dignore.endorsed.dirs=
31-Mar-2026 22:03:51.404 INFO [main] org.apache.catalina.startup.VersionLoggerListener.log Command line argument: -Dcatalina.base=/Users/motocycopath/Desktop/java-full-stack-training/00-microservices-00/apache-tomcat-9.0.116
31-Mar-2026 22:03:51.404 INFO [main] org.apache.catalina.startup.VersionLoggerListener.log Command line argument: -Dcatalina.home=/Users/motocycopath/Desktop/java-full-stack-training/00-microservices-00/apache-tomcat-9.0.116
31-Mar-2026 22:03:51.405 INFO [main] org.apache.catalina.startup.VersionLoggerListener.log Command line argument: -Djava.io.tmpdir=/Users/motocycopath/Desktop/java-full-stack-training/00-microservices-00/apache-tomcat-9.0.116/temp
31-Mar-2026 22:03:51.407 INFO [main] org.apache.catalina.core.AprLifecycleListener.lifecycleEvent The Apache Tomcat Native library which allows using OpenSSL was not found on the java.library.path: [/Users/motocycopath/Library/Java/Extensions:/Library/Java/Extensions:/Network/Library/Java/Extensions:/System/Library/Java/Extensions:/usr/lib/java:.]
31-Mar-2026 22:03:51.861 INFO [main] org.apache.coyote.AbstractProtocol.init Initializing ProtocolHandler ["http-nio-8080"]
31-Mar-2026 22:03:51.906 INFO [main] org.apache.catalina.startup.Catalina.load Server initialization in [684] milliseconds
31-Mar-2026 22:03:52.003 INFO [main] org.apache.catalina.core.StandardService.startInternal Starting service [Catalina]
31-Mar-2026 22:03:52.003 INFO [main] org.apache.catalina.core.StandardEngine.startInternal Starting Servlet engine: [Apache Tomcat/9.0.116]
31-Mar-2026 22:03:52.008 INFO [main] org.apache.catalina.startup.HostConfig.deployDirectory Deploying web application directory [/Users/motocycopath/Desktop/java-full-stack-training/00-microservices-00/apache-tomcat-9.0.116/webapps/employee-service]
31-Mar-2026 22:03:53.638 INFO [main] org.apache.jasper.servlet.TldScanner.scanJars At least one JAR was scanned for TLDs yet contained no TLDs. Enable debug logging for this logger for a complete list of JARs that were scanned but no TLDs were found in them. Skipping unneeded JARs during scanning can improve startup time and JSP compilation time.
31-Mar-2026 22:03:53.668 INFO [main] org.springframework.web.context.ContextLoader.initWebApplicationContext Root WebApplicationContext: initialization started
31-Mar-2026 22:03:54.067 INFO [main] org.springframework.data.repository.config.RepositoryConfigurationDelegate.registerRepositoriesIn Bootstrapping Spring Data JPA repositories in DEFAULT mode.
31-Mar-2026 22:03:54.102 INFO [main] org.springframework.data.repository.config.RepositoryConfigurationDelegate.registerRepositoriesIn Finished Spring Data repository scanning in 19 ms. Found 0 JPA repository interfaces.
31-Mar-2026 22:03:54.106 INFO [main] org.springframework.data.repository.config.RepositoryConfigurationDelegate.registerRepositoriesIn Bootstrapping Spring Data JPA repositories in DEFAULT mode.
31-Mar-2026 22:03:54.108 INFO [main] org.springframework.data.repository.config.RepositoryConfigurationDelegate.registerRepositoriesIn Finished Spring Data repository scanning in 1 ms. Found 0 JPA repository interfaces.
31-Mar-2026 22:03:54.441 INFO [main] org.hibernate.jpa.internal.util.LogHelper.logPersistenceUnitInformation HHH000204: Processing PersistenceUnitInfo [
	name: default
	...]
31-Mar-2026 22:03:54.519 INFO [main] org.hibernate.Version.logVersion HHH000412: Hibernate Core {5.2.8.Final}
31-Mar-2026 22:03:54.520 INFO [main] org.hibernate.cfg.Environment.<clinit> HHH000206: hibernate.properties not found
31-Mar-2026 22:03:54.578 INFO [main] org.hibernate.annotations.common.reflection.java.JavaReflectionManager.<clinit> HCANN000001: Hibernate Commons Annotations {5.0.1.Final}
31-Mar-2026 22:03:55.107 INFO [main] org.hibernate.dialect.Dialect.<init> HHH000400: Using dialect: org.hibernate.dialect.MySQLDialect
31-Mar-2026 22:03:55.592 INFO [main] org.springframework.orm.jpa.AbstractEntityManagerFactoryBean.buildNativeEntityManagerFactory Initialized JPA EntityManagerFactory for persistence unit 'default'
31-Mar-2026 22:03:55.700 INFO [main] org.springframework.web.context.ContextLoader.initWebApplicationContext Root WebApplicationContext initialized in 2032 ms
31-Mar-2026 22:03:55.749 INFO [main] org.springframework.web.servlet.FrameworkServlet.initServletBean Initializing Servlet 'cstspconf-web'
31-Mar-2026 22:03:56.368 INFO [main] org.springframework.web.servlet.FrameworkServlet.initServletBean Completed initialization in 619 ms
31-Mar-2026 22:03:56.403 INFO [main] org.apache.catalina.startup.HostConfig.deployDirectory Deployment of web application directory [/Users/motocycopath/Desktop/java-full-stack-training/00-microservices-00/apache-tomcat-9.0.116/webapps/employee-service] has finished in [4,393] ms
31-Mar-2026 22:03:56.404 INFO [main] org.apache.catalina.startup.HostConfig.deployDirectory Deploying web application directory [/Users/motocycopath/Desktop/java-full-stack-training/00-microservices-00/apache-tomcat-9.0.116/webapps/docs]
31-Mar-2026 22:03:56.438 INFO [main] org.apache.catalina.startup.HostConfig.deployDirectory Deployment of web application directory [/Users/motocycopath/Desktop/java-full-stack-training/00-microservices-00/apache-tomcat-9.0.116/webapps/docs] has finished in [35] ms
31-Mar-2026 22:03:56.438 INFO [main] org.apache.catalina.startup.HostConfig.deployDirectory Deploying web application directory [/Users/motocycopath/Desktop/java-full-stack-training/00-microservices-00/apache-tomcat-9.0.116/webapps/manager]
31-Mar-2026 22:03:56.477 INFO [main] org.apache.catalina.startup.HostConfig.deployDirectory Deployment of web application directory [/Users/motocycopath/Desktop/java-full-stack-training/00-microservices-00/apache-tomcat-9.0.116/webapps/manager] has finished in [39] ms
31-Mar-2026 22:03:56.477 INFO [main] org.apache.catalina.startup.HostConfig.deployDirectory Deploying web application directory [/Users/motocycopath/Desktop/java-full-stack-training/00-microservices-00/apache-tomcat-9.0.116/webapps/examples]
31-Mar-2026 22:03:56.682 INFO [main] org.apache.catalina.startup.HostConfig.deployDirectory Deployment of web application directory [/Users/motocycopath/Desktop/java-full-stack-training/00-microservices-00/apache-tomcat-9.0.116/webapps/examples] has finished in [205] ms
31-Mar-2026 22:03:56.683 INFO [main] org.apache.catalina.startup.HostConfig.deployDirectory Deploying web application directory [/Users/motocycopath/Desktop/java-full-stack-training/00-microservices-00/apache-tomcat-9.0.116/webapps/ROOT]
31-Mar-2026 22:03:56.701 INFO [main] org.apache.catalina.startup.HostConfig.deployDirectory Deployment of web application directory [/Users/motocycopath/Desktop/java-full-stack-training/00-microservices-00/apache-tomcat-9.0.116/webapps/ROOT] has finished in [18] ms
31-Mar-2026 22:03:56.702 INFO [main] org.apache.catalina.startup.HostConfig.deployDirectory Deploying web application directory [/Users/motocycopath/Desktop/java-full-stack-training/00-microservices-00/apache-tomcat-9.0.116/webapps/host-manager]
31-Mar-2026 22:03:56.719 INFO [main] org.apache.catalina.startup.HostConfig.deployDirectory Deployment of web application directory [/Users/motocycopath/Desktop/java-full-stack-training/00-microservices-00/apache-tomcat-9.0.116/webapps/host-manager] has finished in [17] ms
31-Mar-2026 22:03:56.722 INFO [main] org.apache.coyote.AbstractProtocol.start Starting ProtocolHandler ["http-nio-8080"]
31-Mar-2026 22:03:56.734 INFO [main] org.apache.catalina.startup.Catalina.start Server startup in [4827] milliseconds
31-Mar-2026 22:04:04.273 WARNING [http-nio-8080-exec-1] org.springframework.web.servlet.DispatcherServlet.noHandlerFound No mapping for GET /employee-service/findEmployeeBySalaryGreaterThan/2
31-Mar-2026 22:05:27.130 INFO [main] org.apache.catalina.core.StandardServer.await A valid shutdown command was received via the shutdown port. Stopping the Server instance.
31-Mar-2026 22:05:27.136 INFO [main] org.apache.coyote.AbstractProtocol.pause Pausing ProtocolHandler ["http-nio-8080"]
31-Mar-2026 22:05:27.142 INFO [main] org.apache.catalina.core.StandardService.stopInternal Stopping service [Catalina]
31-Mar-2026 22:05:27.213 INFO [main] org.springframework.orm.jpa.AbstractEntityManagerFactoryBean.destroy Closing JPA EntityManagerFactory for persistence unit 'default'
31-Mar-2026 22:05:27.217 WARNING [main] org.apache.catalina.loader.WebappClassLoaderBase.clearReferencesJdbc The web application [employee-service] registered the JDBC driver [com.mysql.cj.jdbc.Driver] but failed to unregister it when the web application was stopped. To prevent a memory leak, the JDBC Driver has been forcibly unregistered.
31-Mar-2026 22:05:27.218 WARNING [main] org.apache.catalina.loader.WebappClassLoaderBase.clearReferencesThreads The web application [employee-service] appears to have started a thread named [mysql-cj-abandoned-connection-cleanup] but has failed to stop it. This is very likely to create a memory leak. Stack trace of thread:
 java.lang.Object.wait(Native Method)
 java.lang.ref.ReferenceQueue.remove(ReferenceQueue.java:144)
 com.mysql.cj.jdbc.AbandonedConnectionCleanupThread.run(AbandonedConnectionCleanupThread.java:91)
 java.util.concurrent.ThreadPoolExecutor.runWorker(ThreadPoolExecutor.java:1149)
 java.util.concurrent.ThreadPoolExecutor$Worker.run(ThreadPoolExecutor.java:624)
 java.lang.Thread.run(Thread.java:750)
31-Mar-2026 22:05:27.231 INFO [main] org.apache.coyote.AbstractProtocol.stop Stopping ProtocolHandler ["http-nio-8080"]
31-Mar-2026 22:05:27.250 INFO [main] org.apache.coyote.AbstractProtocol.destroy Destroying ProtocolHandler ["http-nio-8080"]
31-Mar-2026 22:05:31.186 INFO [main] org.apache.catalina.startup.VersionLoggerListener.log Server version name:   Apache Tomcat/9.0.116
31-Mar-2026 22:05:31.191 INFO [main] org.apache.catalina.startup.VersionLoggerListener.log Server built:          Mar 16 2026 15:05:42 UTC
31-Mar-2026 22:05:31.191 INFO [main] org.apache.catalina.startup.VersionLoggerListener.log Server version number: 9.0.116.0
31-Mar-2026 22:05:31.192 INFO [main] org.apache.catalina.startup.VersionLoggerListener.log OS Name:               Mac OS X
31-Mar-2026 22:05:31.192 INFO [main] org.apache.catalina.startup.VersionLoggerListener.log OS Version:            15.5
31-Mar-2026 22:05:31.192 INFO [main] org.apache.catalina.startup.VersionLoggerListener.log Architecture:          x86_64
31-Mar-2026 22:05:31.192 INFO [main] org.apache.catalina.startup.VersionLoggerListener.log Java Home:             /Library/Java/JavaVirtualMachines/temurin-8.jdk/Contents/Home/jre
31-Mar-2026 22:05:31.192 INFO [main] org.apache.catalina.startup.VersionLoggerListener.log JVM Version:           1.8.0_482-b08
31-Mar-2026 22:05:31.192 INFO [main] org.apache.catalina.startup.VersionLoggerListener.log JVM Vendor:            Temurin
31-Mar-2026 22:05:31.192 INFO [main] org.apache.catalina.startup.VersionLoggerListener.log CATALINA_BASE:         /Users/motocycopath/Desktop/java-full-stack-training/00-microservices-00/apache-tomcat-9.0.116
31-Mar-2026 22:05:31.192 INFO [main] org.apache.catalina.startup.VersionLoggerListener.log CATALINA_HOME:         /Users/motocycopath/Desktop/java-full-stack-training/00-microservices-00/apache-tomcat-9.0.116
31-Mar-2026 22:05:31.197 INFO [main] org.apache.catalina.startup.VersionLoggerListener.log Command line argument: -Djava.util.logging.config.file=/Users/motocycopath/Desktop/java-full-stack-training/00-microservices-00/apache-tomcat-9.0.116/conf/logging.properties
31-Mar-2026 22:05:31.197 INFO [main] org.apache.catalina.startup.VersionLoggerListener.log Command line argument: -Djava.util.logging.manager=org.apache.juli.ClassLoaderLogManager
31-Mar-2026 22:05:31.197 INFO [main] org.apache.catalina.startup.VersionLoggerListener.log Command line argument: -Djdk.tls.ephemeralDHKeySize=2048
31-Mar-2026 22:05:31.197 INFO [main] org.apache.catalina.startup.VersionLoggerListener.log Command line argument: -Djava.protocol.handler.pkgs=org.apache.catalina.webresources
31-Mar-2026 22:05:31.197 INFO [main] org.apache.catalina.startup.VersionLoggerListener.log Command line argument: -Dsun.io.useCanonCaches=false
31-Mar-2026 22:05:31.197 INFO [main] org.apache.catalina.startup.VersionLoggerListener.log Command line argument: -Dorg.apache.catalina.security.SecurityListener.UMASK=0027
31-Mar-2026 22:05:31.197 INFO [main] org.apache.catalina.startup.VersionLoggerListener.log Command line argument: -Dignore.endorsed.dirs=
31-Mar-2026 22:05:31.197 INFO [main] org.apache.catalina.startup.VersionLoggerListener.log Command line argument: -Dcatalina.base=/Users/motocycopath/Desktop/java-full-stack-training/00-microservices-00/apache-tomcat-9.0.116
31-Mar-2026 22:05:31.198 INFO [main] org.apache.catalina.startup.VersionLoggerListener.log Command line argument: -Dcatalina.home=/Users/motocycopath/Desktop/java-full-stack-training/00-microservices-00/apache-tomcat-9.0.116
31-Mar-2026 22:05:31.198 INFO [main] org.apache.catalina.startup.VersionLoggerListener.log Command line argument: -Djava.io.tmpdir=/Users/motocycopath/Desktop/java-full-stack-training/00-microservices-00/apache-tomcat-9.0.116/temp
31-Mar-2026 22:05:31.201 INFO [main] org.apache.catalina.core.AprLifecycleListener.lifecycleEvent The Apache Tomcat Native library which allows using OpenSSL was not found on the java.library.path: [/Users/motocycopath/Library/Java/Extensions:/Library/Java/Extensions:/Network/Library/Java/Extensions:/System/Library/Java/Extensions:/usr/lib/java:.]
31-Mar-2026 22:05:31.665 INFO [main] org.apache.coyote.AbstractProtocol.init Initializing ProtocolHandler ["http-nio-8080"]
31-Mar-2026 22:05:31.708 INFO [main] org.apache.catalina.startup.Catalina.load Server initialization in [692] milliseconds
31-Mar-2026 22:05:31.814 INFO [main] org.apache.catalina.core.StandardService.startInternal Starting service [Catalina]
31-Mar-2026 22:05:31.814 INFO [main] org.apache.catalina.core.StandardEngine.startInternal Starting Servlet engine: [Apache Tomcat/9.0.116]
31-Mar-2026 22:05:31.820 INFO [main] org.apache.catalina.startup.HostConfig.deployDirectory Deploying web application directory [/Users/motocycopath/Desktop/java-full-stack-training/00-microservices-00/apache-tomcat-9.0.116/webapps/employee-service]
31-Mar-2026 22:05:33.492 INFO [main] org.apache.jasper.servlet.TldScanner.scanJars At least one JAR was scanned for TLDs yet contained no TLDs. Enable debug logging for this logger for a complete list of JARs that were scanned but no TLDs were found in them. Skipping unneeded JARs during scanning can improve startup time and JSP compilation time.
31-Mar-2026 22:05:33.523 INFO [main] org.springframework.web.context.ContextLoader.initWebApplicationContext Root WebApplicationContext: initialization started
31-Mar-2026 22:05:33.947 INFO [main] org.springframework.data.repository.config.RepositoryConfigurationDelegate.registerRepositoriesIn Bootstrapping Spring Data JPA repositories in DEFAULT mode.
31-Mar-2026 22:05:33.979 INFO [main] org.springframework.data.repository.config.RepositoryConfigurationDelegate.registerRepositoriesIn Finished Spring Data repository scanning in 15 ms. Found 0 JPA repository interfaces.
31-Mar-2026 22:05:33.982 INFO [main] org.springframework.data.repository.config.RepositoryConfigurationDelegate.registerRepositoriesIn Bootstrapping Spring Data JPA repositories in DEFAULT mode.
31-Mar-2026 22:05:33.982 INFO [main] org.springframework.data.repository.config.RepositoryConfigurationDelegate.registerRepositoriesIn Finished Spring Data repository scanning in 0 ms. Found 0 JPA repository interfaces.
31-Mar-2026 22:05:34.334 INFO [main] org.hibernate.jpa.internal.util.LogHelper.logPersistenceUnitInformation HHH000204: Processing PersistenceUnitInfo [
	name: default
	...]
31-Mar-2026 22:05:34.409 INFO [main] org.hibernate.Version.logVersion HHH000412: Hibernate Core {5.2.8.Final}
31-Mar-2026 22:05:34.411 INFO [main] org.hibernate.cfg.Environment.<clinit> HHH000206: hibernate.properties not found
31-Mar-2026 22:05:34.457 INFO [main] org.hibernate.annotations.common.reflection.java.JavaReflectionManager.<clinit> HCANN000001: Hibernate Commons Annotations {5.0.1.Final}
31-Mar-2026 22:05:34.949 INFO [main] org.hibernate.dialect.Dialect.<init> HHH000400: Using dialect: org.hibernate.dialect.MySQLDialect
31-Mar-2026 22:05:35.435 INFO [main] org.springframework.orm.jpa.AbstractEntityManagerFactoryBean.buildNativeEntityManagerFactory Initialized JPA EntityManagerFactory for persistence unit 'default'
31-Mar-2026 22:05:35.544 INFO [main] org.springframework.web.context.ContextLoader.initWebApplicationContext Root WebApplicationContext initialized in 2021 ms
31-Mar-2026 22:05:35.599 INFO [main] org.springframework.web.servlet.FrameworkServlet.initServletBean Initializing Servlet 'cstspconf-web'
31-Mar-2026 22:05:36.004 INFO [main] org.apache.catalina.startup.VersionLoggerListener.log Server version name:   Apache Tomcat/9.0.116
31-Mar-2026 22:05:36.008 INFO [main] org.apache.catalina.startup.VersionLoggerListener.log Server built:          Mar 16 2026 15:05:42 UTC
31-Mar-2026 22:05:36.008 INFO [main] org.apache.catalina.startup.VersionLoggerListener.log Server version number: 9.0.116.0
31-Mar-2026 22:05:36.008 INFO [main] org.apache.catalina.startup.VersionLoggerListener.log OS Name:               Mac OS X
31-Mar-2026 22:05:36.008 INFO [main] org.apache.catalina.startup.VersionLoggerListener.log OS Version:            15.5
31-Mar-2026 22:05:36.008 INFO [main] org.apache.catalina.startup.VersionLoggerListener.log Architecture:          x86_64
31-Mar-2026 22:05:36.008 INFO [main] org.apache.catalina.startup.VersionLoggerListener.log Java Home:             /Library/Java/JavaVirtualMachines/temurin-8.jdk/Contents/Home/jre
31-Mar-2026 22:05:36.008 INFO [main] org.apache.catalina.startup.VersionLoggerListener.log JVM Version:           1.8.0_482-b08
31-Mar-2026 22:05:36.008 INFO [main] org.apache.catalina.startup.VersionLoggerListener.log JVM Vendor:            Temurin
31-Mar-2026 22:05:36.008 INFO [main] org.apache.catalina.startup.VersionLoggerListener.log CATALINA_BASE:         /Users/motocycopath/Desktop/java-full-stack-training/00-microservices-00/apache-tomcat-9.0.116
31-Mar-2026 22:05:36.008 INFO [main] org.apache.catalina.startup.VersionLoggerListener.log CATALINA_HOME:         /Users/motocycopath/Desktop/java-full-stack-training/00-microservices-00/apache-tomcat-9.0.116
31-Mar-2026 22:05:36.015 INFO [main] org.apache.catalina.startup.VersionLoggerListener.log Command line argument: -Djava.util.logging.config.file=/Users/motocycopath/Desktop/java-full-stack-training/00-microservices-00/apache-tomcat-9.0.116/conf/logging.properties
31-Mar-2026 22:05:36.015 INFO [main] org.apache.catalina.startup.VersionLoggerListener.log Command line argument: -Djava.util.logging.manager=org.apache.juli.ClassLoaderLogManager
31-Mar-2026 22:05:36.015 INFO [main] org.apache.catalina.startup.VersionLoggerListener.log Command line argument: -Djdk.tls.ephemeralDHKeySize=2048
31-Mar-2026 22:05:36.015 INFO [main] org.apache.catalina.startup.VersionLoggerListener.log Command line argument: -Djava.protocol.handler.pkgs=org.apache.catalina.webresources
31-Mar-2026 22:05:36.015 INFO [main] org.apache.catalina.startup.VersionLoggerListener.log Command line argument: -Dsun.io.useCanonCaches=false
31-Mar-2026 22:05:36.015 INFO [main] org.apache.catalina.startup.VersionLoggerListener.log Command line argument: -Dorg.apache.catalina.security.SecurityListener.UMASK=0027
31-Mar-2026 22:05:36.015 INFO [main] org.apache.catalina.startup.VersionLoggerListener.log Command line argument: -Dignore.endorsed.dirs=
31-Mar-2026 22:05:36.015 INFO [main] org.apache.catalina.startup.VersionLoggerListener.log Command line argument: -Dcatalina.base=/Users/motocycopath/Desktop/java-full-stack-training/00-microservices-00/apache-tomcat-9.0.116
31-Mar-2026 22:05:36.015 INFO [main] org.apache.catalina.startup.VersionLoggerListener.log Command line argument: -Dcatalina.home=/Users/motocycopath/Desktop/java-full-stack-training/00-microservices-00/apache-tomcat-9.0.116
31-Mar-2026 22:05:36.015 INFO [main] org.apache.catalina.startup.VersionLoggerListener.log Command line argument: -Djava.io.tmpdir=/Users/motocycopath/Desktop/java-full-stack-training/00-microservices-00/apache-tomcat-9.0.116/temp
31-Mar-2026 22:05:36.019 INFO [main] org.apache.catalina.core.AprLifecycleListener.lifecycleEvent The Apache Tomcat Native library which allows using OpenSSL was not found on the java.library.path: [/Users/motocycopath/Library/Java/Extensions:/Library/Java/Extensions:/Network/Library/Java/Extensions:/System/Library/Java/Extensions:/usr/lib/java:.]
31-Mar-2026 22:05:36.330 INFO [main] org.springframework.web.servlet.FrameworkServlet.initServletBean Completed initialization in 731 ms
31-Mar-2026 22:05:36.338 SEVERE [main] org.apache.jasper.EmbeddedServletOptions.<init> The scratchDir you specified: [/Users/motocycopath/Desktop/java-full-stack-training/00-microservices-00/apache-tomcat-9.0.116/work/Catalina/localhost/employee-service] is unusable.
31-Mar-2026 22:05:36.382 INFO [main] org.apache.catalina.startup.HostConfig.deployDirectory Deployment of web application directory [/Users/motocycopath/Desktop/java-full-stack-training/00-microservices-00/apache-tomcat-9.0.116/webapps/employee-service] has finished in [4,558] ms
31-Mar-2026 22:05:36.383 INFO [main] org.apache.catalina.startup.HostConfig.deployDirectory Deploying web application directory [/Users/motocycopath/Desktop/java-full-stack-training/00-microservices-00/apache-tomcat-9.0.116/webapps/docs]
31-Mar-2026 22:05:36.432 INFO [main] org.apache.catalina.startup.HostConfig.deployDirectory Deployment of web application directory [/Users/motocycopath/Desktop/java-full-stack-training/00-microservices-00/apache-tomcat-9.0.116/webapps/docs] has finished in [49] ms
31-Mar-2026 22:05:36.433 INFO [main] org.apache.catalina.startup.HostConfig.deployDirectory Deploying web application directory [/Users/motocycopath/Desktop/java-full-stack-training/00-microservices-00/apache-tomcat-9.0.116/webapps/manager]
31-Mar-2026 22:05:36.475 INFO [main] org.apache.catalina.startup.HostConfig.deployDirectory Deployment of web application directory [/Users/motocycopath/Desktop/java-full-stack-training/00-microservices-00/apache-tomcat-9.0.116/webapps/manager] has finished in [42] ms
31-Mar-2026 22:05:36.475 INFO [main] org.apache.catalina.startup.HostConfig.deployDirectory Deploying web application directory [/Users/motocycopath/Desktop/java-full-stack-training/00-microservices-00/apache-tomcat-9.0.116/webapps/examples]
31-Mar-2026 22:05:36.537 INFO [main] org.apache.coyote.AbstractProtocol.init Initializing ProtocolHandler ["http-nio-8080"]
31-Mar-2026 22:05:36.572 SEVERE [main] org.apache.catalina.util.LifecycleBase.handleSubClassException Failed to initialize component [Connector["http-nio-8080"]]
	org.apache.catalina.LifecycleException: Protocol handler initialization failed
		at org.apache.catalina.connector.Connector.initInternal(Connector.java:1084)
		at org.apache.catalina.util.LifecycleBase.init(LifecycleBase.java:122)
		at org.apache.catalina.core.StandardService.initInternal(StandardService.java:520)
		at org.apache.catalina.util.LifecycleBase.init(LifecycleBase.java:122)
		at org.apache.catalina.core.StandardServer.initInternal(StandardServer.java:984)
		at org.apache.catalina.util.LifecycleBase.init(LifecycleBase.java:122)
		at org.apache.catalina.startup.Catalina.load(Catalina.java:687)
		at org.apache.catalina.startup.Catalina.load(Catalina.java:710)
		at sun.reflect.NativeMethodAccessorImpl.invoke0(Native Method)
		at sun.reflect.NativeMethodAccessorImpl.invoke(NativeMethodAccessorImpl.java:62)
		at sun.reflect.DelegatingMethodAccessorImpl.invoke(DelegatingMethodAccessorImpl.java:43)
		at java.lang.reflect.Method.invoke(Method.java:498)
		at org.apache.catalina.startup.Bootstrap.load(Bootstrap.java:299)
		at org.apache.catalina.startup.Bootstrap.main(Bootstrap.java:472)
	Caused by: java.net.BindException: Address already in use
		at sun.nio.ch.Net.bind0(Native Method)
		at sun.nio.ch.Net.bind(Net.java:461)
		at sun.nio.ch.Net.bind(Net.java:453)
		at sun.nio.ch.ServerSocketChannelImpl.bind(ServerSocketChannelImpl.java:222)
		at org.apache.tomcat.util.net.NioEndpoint.initServerSocket(NioEndpoint.java:296)
		at org.apache.tomcat.util.net.NioEndpoint.bind(NioEndpoint.java:251)
		at org.apache.tomcat.util.net.AbstractEndpoint.bindWithCleanup(AbstractEndpoint.java:1498)
		at org.apache.tomcat.util.net.AbstractEndpoint.init(AbstractEndpoint.java:1511)
		at org.apache.coyote.AbstractProtocol.init(AbstractProtocol.java:667)
		at org.apache.coyote.http11.AbstractHttp11Protocol.init(AbstractHttp11Protocol.java:80)
		at org.apache.catalina.connector.Connector.initInternal(Connector.java:1082)
		... 13 more
31-Mar-2026 22:05:36.575 INFO [main] org.apache.catalina.startup.Catalina.load Server initialization in [758] milliseconds
31-Mar-2026 22:05:36.786 INFO [main] org.apache.catalina.core.StandardService.startInternal Starting service [Catalina]
31-Mar-2026 22:05:36.787 INFO [main] org.apache.catalina.core.StandardEngine.startInternal Starting Servlet engine: [Apache Tomcat/9.0.116]
31-Mar-2026 22:05:36.803 INFO [main] org.apache.catalina.startup.HostConfig.deployDirectory Deploying web application directory [/Users/motocycopath/Desktop/java-full-stack-training/00-microservices-00/apache-tomcat-9.0.116/webapps/employee-service]
31-Mar-2026 22:05:36.846 INFO [main] org.apache.catalina.startup.HostConfig.deployDirectory Deployment of web application directory [/Users/motocycopath/Desktop/java-full-stack-training/00-microservices-00/apache-tomcat-9.0.116/webapps/examples] has finished in [370] ms
31-Mar-2026 22:05:36.846 INFO [main] org.apache.catalina.startup.HostConfig.deployDirectory Deploying web application directory [/Users/motocycopath/Desktop/java-full-stack-training/00-microservices-00/apache-tomcat-9.0.116/webapps/ROOT]
31-Mar-2026 22:05:36.882 INFO [main] org.apache.catalina.startup.HostConfig.deployDirectory Deployment of web application directory [/Users/motocycopath/Desktop/java-full-stack-training/00-microservices-00/apache-tomcat-9.0.116/webapps/ROOT] has finished in [35] ms
31-Mar-2026 22:05:36.885 INFO [main] org.apache.catalina.startup.HostConfig.deployDirectory Deploying web application directory [/Users/motocycopath/Desktop/java-full-stack-training/00-microservices-00/apache-tomcat-9.0.116/webapps/host-manager]
31-Mar-2026 22:05:36.922 INFO [main] org.apache.catalina.startup.HostConfig.deployDirectory Deployment of web application directory [/Users/motocycopath/Desktop/java-full-stack-training/00-microservices-00/apache-tomcat-9.0.116/webapps/host-manager] has finished in [38] ms
31-Mar-2026 22:05:36.927 INFO [main] org.apache.coyote.AbstractProtocol.start Starting ProtocolHandler ["http-nio-8080"]
31-Mar-2026 22:05:36.942 INFO [main] org.apache.catalina.startup.Catalina.start Server startup in [5233] milliseconds
31-Mar-2026 22:05:38.945 INFO [main] org.apache.jasper.servlet.TldScanner.scanJars At least one JAR was scanned for TLDs yet contained no TLDs. Enable debug logging for this logger for a complete list of JARs that were scanned but no TLDs were found in them. Skipping unneeded JARs during scanning can improve startup time and JSP compilation time.
31-Mar-2026 22:05:38.979 INFO [main] org.springframework.web.context.ContextLoader.initWebApplicationContext Root WebApplicationContext: initialization started
31-Mar-2026 22:05:39.400 INFO [main] org.springframework.data.repository.config.RepositoryConfigurationDelegate.registerRepositoriesIn Bootstrapping Spring Data JPA repositories in DEFAULT mode.
31-Mar-2026 22:05:39.432 INFO [main] org.springframework.data.repository.config.RepositoryConfigurationDelegate.registerRepositoriesIn Finished Spring Data repository scanning in 16 ms. Found 0 JPA repository interfaces.
31-Mar-2026 22:05:39.434 INFO [main] org.springframework.data.repository.config.RepositoryConfigurationDelegate.registerRepositoriesIn Bootstrapping Spring Data JPA repositories in DEFAULT mode.
31-Mar-2026 22:05:39.434 INFO [main] org.springframework.data.repository.config.RepositoryConfigurationDelegate.registerRepositoriesIn Finished Spring Data repository scanning in 0 ms. Found 0 JPA repository interfaces.
31-Mar-2026 22:05:39.790 INFO [main] org.hibernate.jpa.internal.util.LogHelper.logPersistenceUnitInformation HHH000204: Processing PersistenceUnitInfo [
	name: default
	...]
31-Mar-2026 22:05:39.870 INFO [main] org.hibernate.Version.logVersion HHH000412: Hibernate Core {5.2.8.Final}
31-Mar-2026 22:05:39.872 INFO [main] org.hibernate.cfg.Environment.<clinit> HHH000206: hibernate.properties not found
31-Mar-2026 22:05:39.912 INFO [main] org.hibernate.annotations.common.reflection.java.JavaReflectionManager.<clinit> HCANN000001: Hibernate Commons Annotations {5.0.1.Final}
31-Mar-2026 22:05:40.335 INFO [main] org.hibernate.dialect.Dialect.<init> HHH000400: Using dialect: org.hibernate.dialect.MySQLDialect
31-Mar-2026 22:05:40.803 INFO [main] org.springframework.orm.jpa.AbstractEntityManagerFactoryBean.buildNativeEntityManagerFactory Initialized JPA EntityManagerFactory for persistence unit 'default'
31-Mar-2026 22:05:40.931 INFO [main] org.springframework.web.context.ContextLoader.initWebApplicationContext Root WebApplicationContext initialized in 1951 ms
31-Mar-2026 22:05:40.981 INFO [main] org.springframework.web.servlet.FrameworkServlet.initServletBean Initializing Servlet 'cstspconf-web'
31-Mar-2026 22:05:41.578 INFO [main] org.springframework.web.servlet.FrameworkServlet.initServletBean Completed initialization in 596 ms
31-Mar-2026 22:05:41.610 INFO [main] org.apache.catalina.startup.HostConfig.deployDirectory Deployment of web application directory [/Users/motocycopath/Desktop/java-full-stack-training/00-microservices-00/apache-tomcat-9.0.116/webapps/employee-service] has finished in [4,804] ms
31-Mar-2026 22:05:41.610 INFO [main] org.apache.catalina.startup.HostConfig.deployDirectory Deploying web application directory [/Users/motocycopath/Desktop/java-full-stack-training/00-microservices-00/apache-tomcat-9.0.116/webapps/docs]
31-Mar-2026 22:05:41.645 INFO [main] org.apache.catalina.startup.HostConfig.deployDirectory Deployment of web application directory [/Users/motocycopath/Desktop/java-full-stack-training/00-microservices-00/apache-tomcat-9.0.116/webapps/docs] has finished in [35] ms
31-Mar-2026 22:05:41.645 INFO [main] org.apache.catalina.startup.HostConfig.deployDirectory Deploying web application directory [/Users/motocycopath/Desktop/java-full-stack-training/00-microservices-00/apache-tomcat-9.0.116/webapps/manager]
31-Mar-2026 22:05:41.682 INFO [main] org.apache.catalina.startup.HostConfig.deployDirectory Deployment of web application directory [/Users/motocycopath/Desktop/java-full-stack-training/00-microservices-00/apache-tomcat-9.0.116/webapps/manager] has finished in [37] ms
31-Mar-2026 22:05:41.682 INFO [main] org.apache.catalina.startup.HostConfig.deployDirectory Deploying web application directory [/Users/motocycopath/Desktop/java-full-stack-training/00-microservices-00/apache-tomcat-9.0.116/webapps/examples]
31-Mar-2026 22:05:41.886 INFO [main] org.apache.catalina.startup.HostConfig.deployDirectory Deployment of web application directory [/Users/motocycopath/Desktop/java-full-stack-training/00-microservices-00/apache-tomcat-9.0.116/webapps/examples] has finished in [204] ms
31-Mar-2026 22:05:41.886 INFO [main] org.apache.catalina.startup.HostConfig.deployDirectory Deploying web application directory [/Users/motocycopath/Desktop/java-full-stack-training/00-microservices-00/apache-tomcat-9.0.116/webapps/ROOT]
31-Mar-2026 22:05:41.903 INFO [main] org.apache.catalina.startup.HostConfig.deployDirectory Deployment of web application directory [/Users/motocycopath/Desktop/java-full-stack-training/00-microservices-00/apache-tomcat-9.0.116/webapps/ROOT] has finished in [17] ms
31-Mar-2026 22:05:41.903 INFO [main] org.apache.catalina.startup.HostConfig.deployDirectory Deploying web application directory [/Users/motocycopath/Desktop/java-full-stack-training/00-microservices-00/apache-tomcat-9.0.116/webapps/host-manager]
31-Mar-2026 22:05:41.925 INFO [main] org.apache.catalina.startup.HostConfig.deployDirectory Deployment of web application directory [/Users/motocycopath/Desktop/java-full-stack-training/00-microservices-00/apache-tomcat-9.0.116/webapps/host-manager] has finished in [22] ms
31-Mar-2026 22:05:41.929 INFO [main] org.apache.catalina.startup.Catalina.start Server startup in [5354] milliseconds
31-Mar-2026 22:05:41.930 SEVERE [main] org.apache.catalina.core.StandardServer.await Failed to create server shutdown socket on address [localhost] and port [8005] (base port [8005] and offset [0])
	java.net.BindException: Address already in use (Bind failed)
		at java.net.PlainSocketImpl.socketBind(Native Method)
		at java.net.AbstractPlainSocketImpl.bind(AbstractPlainSocketImpl.java:387)
		at java.net.ServerSocket.bind(ServerSocket.java:390)
		at java.net.ServerSocket.<init>(ServerSocket.java:252)
		at org.apache.catalina.core.StandardServer.await(StandardServer.java:535)
		at org.apache.catalina.startup.Catalina.await(Catalina.java:826)
		at org.apache.catalina.startup.Catalina.start(Catalina.java:774)
		at sun.reflect.NativeMethodAccessorImpl.invoke0(Native Method)
		at sun.reflect.NativeMethodAccessorImpl.invoke(NativeMethodAccessorImpl.java:62)
		at sun.reflect.DelegatingMethodAccessorImpl.invoke(DelegatingMethodAccessorImpl.java:43)
		at java.lang.reflect.Method.invoke(Method.java:498)
		at org.apache.catalina.startup.Bootstrap.start(Bootstrap.java:342)
		at org.apache.catalina.startup.Bootstrap.main(Bootstrap.java:473)
31-Mar-2026 22:05:41.931 INFO [main] org.apache.coyote.AbstractProtocol.pause Pausing ProtocolHandler ["http-nio-8080"]
31-Mar-2026 22:05:41.931 INFO [main] org.apache.catalina.core.StandardService.stopInternal Stopping service [Catalina]
31-Mar-2026 22:05:41.990 INFO [main] org.springframework.orm.jpa.AbstractEntityManagerFactoryBean.destroy Closing JPA EntityManagerFactory for persistence unit 'default'
31-Mar-2026 22:05:41.993 WARNING [main] org.apache.catalina.loader.WebappClassLoaderBase.clearReferencesJdbc The web application [employee-service] registered the JDBC driver [com.mysql.cj.jdbc.Driver] but failed to unregister it when the web application was stopped. To prevent a memory leak, the JDBC Driver has been forcibly unregistered.
31-Mar-2026 22:05:41.995 WARNING [main] org.apache.catalina.loader.WebappClassLoaderBase.clearReferencesThreads The web application [employee-service] appears to have started a thread named [mysql-cj-abandoned-connection-cleanup] but has failed to stop it. This is very likely to create a memory leak. Stack trace of thread:
 java.lang.Object.wait(Native Method)
 java.lang.ref.ReferenceQueue.remove(ReferenceQueue.java:144)
 com.mysql.cj.jdbc.AbandonedConnectionCleanupThread.run(AbandonedConnectionCleanupThread.java:91)
 java.util.concurrent.ThreadPoolExecutor.runWorker(ThreadPoolExecutor.java:1149)
 java.util.concurrent.ThreadPoolExecutor$Worker.run(ThreadPoolExecutor.java:624)
 java.lang.Thread.run(Thread.java:750)
31-Mar-2026 22:05:42.006 INFO [main] org.apache.coyote.AbstractProtocol.stop Stopping ProtocolHandler ["http-nio-8080"]
31-Mar-2026 22:05:42.011 INFO [main] org.apache.coyote.AbstractProtocol.destroy Destroying ProtocolHandler ["http-nio-8080"]
31-Mar-2026 22:07:37.000 INFO [Thread-2] org.apache.coyote.AbstractProtocol.pause Pausing ProtocolHandler ["http-nio-8080"]
31-Mar-2026 22:07:37.027 INFO [Thread-2] org.apache.catalina.core.StandardService.stopInternal Stopping service [Catalina]
31-Mar-2026 22:07:37.180 INFO [Thread-2] org.springframework.orm.jpa.AbstractEntityManagerFactoryBean.destroy Closing JPA EntityManagerFactory for persistence unit 'default'
31-Mar-2026 22:07:37.193 WARNING [Thread-2] org.apache.catalina.loader.WebappClassLoaderBase.clearReferencesJdbc The web application [employee-service] registered the JDBC driver [com.mysql.cj.jdbc.Driver] but failed to unregister it when the web application was stopped. To prevent a memory leak, the JDBC Driver has been forcibly unregistered.
31-Mar-2026 22:07:37.197 WARNING [Thread-2] org.apache.catalina.loader.WebappClassLoaderBase.clearReferencesThreads The web application [employee-service] appears to have started a thread named [mysql-cj-abandoned-connection-cleanup] but has failed to stop it. This is very likely to create a memory leak. Stack trace of thread:
 java.lang.Object.wait(Native Method)
 java.lang.ref.ReferenceQueue.remove(ReferenceQueue.java:144)
 com.mysql.cj.jdbc.AbandonedConnectionCleanupThread.run(AbandonedConnectionCleanupThread.java:91)
 java.util.concurrent.ThreadPoolExecutor.runWorker(ThreadPoolExecutor.java:1149)
 java.util.concurrent.ThreadPoolExecutor$Worker.run(ThreadPoolExecutor.java:624)
 java.lang.Thread.run(Thread.java:750)
31-Mar-2026 22:07:37.231 INFO [Thread-2] org.apache.coyote.AbstractProtocol.stop Stopping ProtocolHandler ["http-nio-8080"]
31-Mar-2026 22:07:37.263 INFO [Thread-2] org.apache.coyote.AbstractProtocol.destroy Destroying ProtocolHandler ["http-nio-8080"]
31-Mar-2026 22:16:41.344 INFO [main] org.apache.catalina.startup.VersionLoggerListener.log Server version name:   Apache Tomcat/9.0.116
31-Mar-2026 22:16:41.345 INFO [main] org.apache.catalina.startup.VersionLoggerListener.log Server built:          Mar 16 2026 15:05:42 UTC
31-Mar-2026 22:16:41.345 INFO [main] org.apache.catalina.startup.VersionLoggerListener.log Server version number: 9.0.116.0
31-Mar-2026 22:16:41.345 INFO [main] org.apache.catalina.startup.VersionLoggerListener.log OS Name:               Mac OS X
31-Mar-2026 22:16:41.345 INFO [main] org.apache.catalina.startup.VersionLoggerListener.log OS Version:            15.5
31-Mar-2026 22:16:41.345 INFO [main] org.apache.catalina.startup.VersionLoggerListener.log Architecture:          aarch64
31-Mar-2026 22:16:41.346 INFO [main] org.apache.catalina.startup.VersionLoggerListener.log Java Home:             /Users/motocycopath/Library/Java/JavaVirtualMachines/jbr-17.0.14/Contents/Home
31-Mar-2026 22:16:41.346 INFO [main] org.apache.catalina.startup.VersionLoggerListener.log JVM Version:           17.0.14+1-b1367.22
31-Mar-2026 22:16:41.346 INFO [main] org.apache.catalina.startup.VersionLoggerListener.log JVM Vendor:            JetBrains s.r.o.
31-Mar-2026 22:16:41.346 INFO [main] org.apache.catalina.startup.VersionLoggerListener.log CATALINA_BASE:         /Users/motocycopath/Desktop/java-full-stack-training/00-microservices-00/apache-tomcat-9.0.116
31-Mar-2026 22:16:41.346 INFO [main] org.apache.catalina.startup.VersionLoggerListener.log CATALINA_HOME:         /Users/motocycopath/Desktop/java-full-stack-training/00-microservices-00/apache-tomcat-9.0.116
31-Mar-2026 22:16:41.351 INFO [main] org.apache.catalina.startup.VersionLoggerListener.log Command line argument: --add-opens=java.base/java.lang=ALL-UNNAMED
31-Mar-2026 22:16:41.351 INFO [main] org.apache.catalina.startup.VersionLoggerListener.log Command line argument: --add-opens=java.base/java.lang.invoke=ALL-UNNAMED
31-Mar-2026 22:16:41.351 INFO [main] org.apache.catalina.startup.VersionLoggerListener.log Command line argument: --add-opens=java.base/java.lang.reflect=ALL-UNNAMED
31-Mar-2026 22:16:41.351 INFO [main] org.apache.catalina.startup.VersionLoggerListener.log Command line argument: --add-opens=java.base/java.io=ALL-UNNAMED
31-Mar-2026 22:16:41.352 INFO [main] org.apache.catalina.startup.VersionLoggerListener.log Command line argument: --add-opens=java.base/java.util=ALL-UNNAMED
31-Mar-2026 22:16:41.352 INFO [main] org.apache.catalina.startup.VersionLoggerListener.log Command line argument: --add-opens=java.base/java.util.concurrent=ALL-UNNAMED
31-Mar-2026 22:16:41.352 INFO [main] org.apache.catalina.startup.VersionLoggerListener.log Command line argument: --add-opens=java.rmi/sun.rmi.transport=ALL-UNNAMED
31-Mar-2026 22:16:41.352 INFO [main] org.apache.catalina.startup.VersionLoggerListener.log Command line argument: -Djava.util.logging.config.file=/Users/motocycopath/Desktop/java-full-stack-training/00-microservices-00/apache-tomcat-9.0.116/conf/logging.properties
31-Mar-2026 22:16:41.352 INFO [main] org.apache.catalina.startup.VersionLoggerListener.log Command line argument: -Djava.util.logging.manager=org.apache.juli.ClassLoaderLogManager
31-Mar-2026 22:16:41.352 INFO [main] org.apache.catalina.startup.VersionLoggerListener.log Command line argument: -Djdk.tls.ephemeralDHKeySize=2048
31-Mar-2026 22:16:41.352 INFO [main] org.apache.catalina.startup.VersionLoggerListener.log Command line argument: -Djava.protocol.handler.pkgs=org.apache.catalina.webresources
31-Mar-2026 22:16:41.352 INFO [main] org.apache.catalina.startup.VersionLoggerListener.log Command line argument: -Dsun.io.useCanonCaches=false
31-Mar-2026 22:16:41.352 INFO [main] org.apache.catalina.startup.VersionLoggerListener.log Command line argument: -Dorg.apache.catalina.security.SecurityListener.UMASK=0027
31-Mar-2026 22:16:41.352 INFO [main] org.apache.catalina.startup.VersionLoggerListener.log Command line argument: -Dignore.endorsed.dirs=
31-Mar-2026 22:16:41.352 INFO [main] org.apache.catalina.startup.VersionLoggerListener.log Command line argument: -Dcatalina.base=/Users/motocycopath/Desktop/java-full-stack-training/00-microservices-00/apache-tomcat-9.0.116
31-Mar-2026 22:16:41.352 INFO [main] org.apache.catalina.startup.VersionLoggerListener.log Command line argument: -Dcatalina.home=/Users/motocycopath/Desktop/java-full-stack-training/00-microservices-00/apache-tomcat-9.0.116
31-Mar-2026 22:16:41.352 INFO [main] org.apache.catalina.startup.VersionLoggerListener.log Command line argument: -Djava.io.tmpdir=/Users/motocycopath/Desktop/java-full-stack-training/00-microservices-00/apache-tomcat-9.0.116/temp
31-Mar-2026 22:16:41.357 INFO [main] org.apache.catalina.core.AprLifecycleListener.lifecycleEvent The Apache Tomcat Native library which allows using OpenSSL was not found on the java.library.path: [/Users/motocycopath/Library/Java/Extensions:/Library/Java/Extensions:/Network/Library/Java/Extensions:/System/Library/Java/Extensions:/usr/lib/java:.]
31-Mar-2026 22:16:41.460 INFO [main] org.apache.coyote.AbstractProtocol.init Initializing ProtocolHandler ["http-nio-8080"]
31-Mar-2026 22:16:41.471 INFO [main] org.apache.catalina.startup.Catalina.load Server initialization in [192] milliseconds
31-Mar-2026 22:16:41.487 INFO [main] org.apache.catalina.core.StandardService.startInternal Starting service [Catalina]
31-Mar-2026 22:16:41.487 INFO [main] org.apache.catalina.core.StandardEngine.startInternal Starting Servlet engine: [Apache Tomcat/9.0.116]
31-Mar-2026 22:16:41.490 INFO [main] org.apache.catalina.startup.HostConfig.deployDirectory Deploying web application directory [/Users/motocycopath/Desktop/java-full-stack-training/00-microservices-00/apache-tomcat-9.0.116/webapps/employee-service]
31-Mar-2026 22:16:42.133 INFO [main] org.apache.jasper.servlet.TldScanner.scanJars At least one JAR was scanned for TLDs yet contained no TLDs. Enable debug logging for this logger for a complete list of JARs that were scanned but no TLDs were found in them. Skipping unneeded JARs during scanning can improve startup time and JSP compilation time.
31-Mar-2026 22:16:42.148 INFO [main] org.springframework.web.context.ContextLoader.initWebApplicationContext Root WebApplicationContext: initialization started
31-Mar-2026 22:16:42.278 INFO [main] org.springframework.data.repository.config.RepositoryConfigurationDelegate.registerRepositoriesIn Bootstrapping Spring Data JPA repositories in DEFAULT mode.
31-Mar-2026 22:16:42.308 INFO [main] org.springframework.data.repository.config.RepositoryConfigurationDelegate.registerRepositoriesIn Finished Spring Data repository scanning in 22 ms. Found 1 JPA repository interfaces.
31-Mar-2026 22:16:42.309 INFO [main] org.springframework.data.repository.config.RepositoryConfigurationDelegate.registerRepositoriesIn Bootstrapping Spring Data JPA repositories in DEFAULT mode.
31-Mar-2026 22:16:42.310 INFO [main] org.springframework.data.repository.config.RepositoryConfigurationDelegate.registerRepositoriesIn Finished Spring Data repository scanning in 1 ms. Found 1 JPA repository interfaces.
31-Mar-2026 22:16:42.419 INFO [main] org.hibernate.jpa.internal.util.LogHelper.logPersistenceUnitInformation HHH000204: Processing PersistenceUnitInfo [
	name: default
	...]
31-Mar-2026 22:16:42.455 INFO [main] org.hibernate.Version.logVersion HHH000412: Hibernate Core {5.2.8.Final}
31-Mar-2026 22:16:42.456 INFO [main] org.hibernate.cfg.Environment.<clinit> HHH000206: hibernate.properties not found
31-Mar-2026 22:16:42.465 WARNING [main] org.springframework.context.support.AbstractApplicationContext.refresh Exception encountered during context initialization - cancelling refresh attempt: org.springframework.beans.factory.BeanCreationException: Error creating bean with name 'entityManagerFactory' defined in ServletContext resource [/WEB-INF/cst_jpa_spring_config.xml]: Invocation of init method failed; nested exception is java.lang.NoClassDefFoundError: javax/xml/bind/JAXBException
31-Mar-2026 22:16:42.466 SEVERE [main] org.springframework.web.context.ContextLoader.initWebApplicationContext Context initialization failed
	org.springframework.beans.factory.BeanCreationException: Error creating bean with name 'entityManagerFactory' defined in ServletContext resource [/WEB-INF/cst_jpa_spring_config.xml]: Invocation of init method failed; nested exception is java.lang.NoClassDefFoundError: javax/xml/bind/JAXBException
		at org.springframework.beans.factory.support.AbstractAutowireCapableBeanFactory.initializeBean(AbstractAutowireCapableBeanFactory.java:1804)
		at org.springframework.beans.factory.support.AbstractAutowireCapableBeanFactory.doCreateBean(AbstractAutowireCapableBeanFactory.java:620)
		at org.springframework.beans.factory.support.AbstractAutowireCapableBeanFactory.createBean(AbstractAutowireCapableBeanFactory.java:542)
		at org.springframework.beans.factory.support.AbstractBeanFactory.lambda$doGetBean$0(AbstractBeanFactory.java:335)
		at org.springframework.beans.factory.support.DefaultSingletonBeanRegistry.getSingleton(DefaultSingletonBeanRegistry.java:234)
		at org.springframework.beans.factory.support.AbstractBeanFactory.doGetBean(AbstractBeanFactory.java:333)
		at org.springframework.beans.factory.support.AbstractBeanFactory.getBean(AbstractBeanFactory.java:208)
		at org.springframework.context.support.AbstractApplicationContext.getBean(AbstractApplicationContext.java:1154)
		at org.springframework.context.support.AbstractApplicationContext.finishBeanFactoryInitialization(AbstractApplicationContext.java:908)
		at org.springframework.context.support.AbstractApplicationContext.refresh(AbstractApplicationContext.java:583)
		at org.springframework.web.context.ContextLoader.configureAndRefreshWebApplicationContext(ContextLoader.java:401)
		at org.springframework.web.context.ContextLoader.initWebApplicationContext(ContextLoader.java:292)
		at org.springframework.web.context.ContextLoaderListener.contextInitialized(ContextLoaderListener.java:103)
		at org.apache.catalina.core.StandardContext.listenerStart(StandardContext.java:4047)
		at org.apache.catalina.core.StandardContext.startInternal(StandardContext.java:4489)
		at org.apache.catalina.util.LifecycleBase.start(LifecycleBase.java:164)
		at org.apache.catalina.core.ContainerBase.addChildInternal(ContainerBase.java:597)
		at org.apache.catalina.core.ContainerBase.addChild(ContainerBase.java:569)
		at org.apache.catalina.core.StandardHost.addChild(StandardHost.java:608)
		at org.apache.catalina.startup.HostConfig.deployDirectory(HostConfig.java:1171)
		at org.apache.catalina.startup.HostConfig$DeployDirectory.run(HostConfig.java:1880)
		at java.base/java.util.concurrent.Executors$RunnableAdapter.call(Executors.java:539)
		at java.base/java.util.concurrent.FutureTask.run(FutureTask.java:264)
		at org.apache.tomcat.util.threads.InlineExecutorService.execute(InlineExecutorService.java:82)
		at java.base/java.util.concurrent.AbstractExecutorService.submit(AbstractExecutorService.java:123)
		at org.apache.catalina.startup.HostConfig.deployDirectories(HostConfig.java:1082)
		at org.apache.catalina.startup.HostConfig.deployApps(HostConfig.java:467)
		at org.apache.catalina.startup.HostConfig.start(HostConfig.java:1576)
		at org.apache.catalina.startup.HostConfig.lifecycleEvent(HostConfig.java:309)
		at org.apache.catalina.util.LifecycleBase.fireLifecycleEvent(LifecycleBase.java:109)
		at org.apache.catalina.util.LifecycleBase.setStateInternal(LifecycleBase.java:389)
		at org.apache.catalina.util.LifecycleBase.setState(LifecycleBase.java:336)
		at org.apache.catalina.core.ContainerBase.startInternal(ContainerBase.java:774)
		at org.apache.catalina.core.StandardHost.startInternal(StandardHost.java:726)
		at org.apache.catalina.util.LifecycleBase.start(LifecycleBase.java:164)
		at org.apache.catalina.core.ContainerBase$StartChild.call(ContainerBase.java:1201)
		at org.apache.catalina.core.ContainerBase$StartChild.call(ContainerBase.java:1191)
		at java.base/java.util.concurrent.FutureTask.run(FutureTask.java:264)
		at org.apache.tomcat.util.threads.InlineExecutorService.execute(InlineExecutorService.java:82)
		at java.base/java.util.concurrent.AbstractExecutorService.submit(AbstractExecutorService.java:145)
		at org.apache.catalina.core.ContainerBase.startInternal(ContainerBase.java:747)
		at org.apache.catalina.core.StandardEngine.startInternal(StandardEngine.java:209)
		at org.apache.catalina.util.LifecycleBase.start(LifecycleBase.java:164)
		at org.apache.catalina.core.StandardService.startInternal(StandardService.java:410)
		at org.apache.catalina.util.LifecycleBase.start(LifecycleBase.java:164)
		at org.apache.catalina.core.StandardServer.startInternal(StandardServer.java:872)
		at org.apache.catalina.util.LifecycleBase.start(LifecycleBase.java:164)
		at org.apache.catalina.startup.Catalina.start(Catalina.java:736)
		at java.base/jdk.internal.reflect.NativeMethodAccessorImpl.invoke0(Native Method)
		at java.base/jdk.internal.reflect.NativeMethodAccessorImpl.invoke(NativeMethodAccessorImpl.java:77)
		at java.base/jdk.internal.reflect.DelegatingMethodAccessorImpl.invoke(DelegatingMethodAccessorImpl.java:43)
		at java.base/java.lang.reflect.Method.invoke(Method.java:569)
		at org.apache.catalina.startup.Bootstrap.start(Bootstrap.java:342)
		at org.apache.catalina.startup.Bootstrap.main(Bootstrap.java:473)
	Caused by: java.lang.NoClassDefFoundError: javax/xml/bind/JAXBException
		at org.hibernate.boot.spi.XmlMappingBinderAccess.<init>(XmlMappingBinderAccess.java:43)
		at org.hibernate.boot.MetadataSources.<init>(MetadataSources.java:87)
		at org.hibernate.jpa.boot.internal.EntityManagerFactoryBuilderImpl.<init>(EntityManagerFactoryBuilderImpl.java:208)
		at org.hibernate.jpa.boot.internal.EntityManagerFactoryBuilderImpl.<init>(EntityManagerFactoryBuilderImpl.java:163)
		at org.springframework.orm.jpa.vendor.SpringHibernateJpaPersistenceProvider.createContainerEntityManagerFactory(SpringHibernateJpaPersistenceProvider.java:52)
		at org.springframework.orm.jpa.LocalContainerEntityManagerFactoryBean.createNativeEntityManagerFactory(LocalContainerEntityManagerFactoryBean.java:365)
		at org.springframework.orm.jpa.AbstractEntityManagerFactoryBean.buildNativeEntityManagerFactory(AbstractEntityManagerFactoryBean.java:409)
		at org.springframework.orm.jpa.AbstractEntityManagerFactoryBean.afterPropertiesSet(AbstractEntityManagerFactoryBean.java:396)
		at org.springframework.orm.jpa.LocalContainerEntityManagerFactoryBean.afterPropertiesSet(LocalContainerEntityManagerFactoryBean.java:341)
		at org.springframework.beans.factory.support.AbstractAutowireCapableBeanFactory.invokeInitMethods(AbstractAutowireCapableBeanFactory.java:1863)
		at org.springframework.beans.factory.support.AbstractAutowireCapableBeanFactory.initializeBean(AbstractAutowireCapableBeanFactory.java:1800)
		... 53 more
	Caused by: java.lang.ClassNotFoundException: javax.xml.bind.JAXBException
		at org.apache.catalina.loader.WebappClassLoaderBase.loadClass(WebappClassLoaderBase.java:1351)
		at org.apache.catalina.loader.WebappClassLoaderBase.loadClass(WebappClassLoaderBase.java:1160)
		... 64 more
31-Mar-2026 22:16:42.468 SEVERE [main] org.apache.catalina.core.StandardContext.startInternal One or more listeners failed to start. Full details will be found in the appropriate container log file
31-Mar-2026 22:16:42.476 SEVERE [main] org.apache.catalina.core.StandardContext.startInternal Context [/employee-service] startup failed due to previous errors
31-Mar-2026 22:16:42.479 WARNING [main] org.apache.catalina.loader.WebappClassLoaderBase.clearReferencesJdbc The web application [employee-service] registered the JDBC driver [com.mysql.cj.jdbc.Driver] but failed to unregister it when the web application was stopped. To prevent a memory leak, the JDBC Driver has been forcibly unregistered.
31-Mar-2026 22:16:42.479 WARNING [main] org.apache.catalina.loader.WebappClassLoaderBase.clearReferencesThreads The web application [employee-service] appears to have started a thread named [mysql-cj-abandoned-connection-cleanup] but has failed to stop it. This is very likely to create a memory leak. Stack trace of thread:
 java.base@17.0.14/java.lang.Object.wait(Native Method)
 java.base@17.0.14/java.lang.ref.ReferenceQueue.remove(ReferenceQueue.java:155)
 com.mysql.cj.jdbc.AbandonedConnectionCleanupThread.run(AbandonedConnectionCleanupThread.java:91)
 java.base@17.0.14/java.util.concurrent.ThreadPoolExecutor.runWorker(ThreadPoolExecutor.java:1136)
 java.base@17.0.14/java.util.concurrent.ThreadPoolExecutor$Worker.run(ThreadPoolExecutor.java:635)
 java.base@17.0.14/java.lang.Thread.run(Thread.java:840)
31-Mar-2026 22:16:42.483 INFO [main] org.apache.catalina.startup.HostConfig.deployDirectory Deployment of web application directory [/Users/motocycopath/Desktop/java-full-stack-training/00-microservices-00/apache-tomcat-9.0.116/webapps/employee-service] has finished in [993] ms
31-Mar-2026 22:16:42.483 INFO [main] org.apache.catalina.startup.HostConfig.deployDirectory Deploying web application directory [/Users/motocycopath/Desktop/java-full-stack-training/00-microservices-00/apache-tomcat-9.0.116/webapps/docs]
31-Mar-2026 22:16:42.501 INFO [main] org.apache.catalina.startup.HostConfig.deployDirectory Deployment of web application directory [/Users/motocycopath/Desktop/java-full-stack-training/00-microservices-00/apache-tomcat-9.0.116/webapps/docs] has finished in [18] ms
31-Mar-2026 22:16:42.501 INFO [main] org.apache.catalina.startup.HostConfig.deployDirectory Deploying web application directory [/Users/motocycopath/Desktop/java-full-stack-training/00-microservices-00/apache-tomcat-9.0.116/webapps/manager]
31-Mar-2026 22:16:42.520 INFO [main] org.apache.catalina.startup.HostConfig.deployDirectory Deployment of web application directory [/Users/motocycopath/Desktop/java-full-stack-training/00-microservices-00/apache-tomcat-9.0.116/webapps/manager] has finished in [19] ms
31-Mar-2026 22:16:42.520 INFO [main] org.apache.catalina.startup.HostConfig.deployDirectory Deploying web application directory [/Users/motocycopath/Desktop/java-full-stack-training/00-microservices-00/apache-tomcat-9.0.116/webapps/examples]
31-Mar-2026 22:16:42.608 INFO [main] org.apache.catalina.startup.HostConfig.deployDirectory Deployment of web application directory [/Users/motocycopath/Desktop/java-full-stack-training/00-microservices-00/apache-tomcat-9.0.116/webapps/examples] has finished in [88] ms
31-Mar-2026 22:16:42.608 INFO [main] org.apache.catalina.startup.HostConfig.deployDirectory Deploying web application directory [/Users/motocycopath/Desktop/java-full-stack-training/00-microservices-00/apache-tomcat-9.0.116/webapps/ROOT]
31-Mar-2026 22:16:42.613 INFO [main] org.apache.catalina.startup.HostConfig.deployDirectory Deployment of web application directory [/Users/motocycopath/Desktop/java-full-stack-training/00-microservices-00/apache-tomcat-9.0.116/webapps/ROOT] has finished in [5] ms
31-Mar-2026 22:16:42.613 INFO [main] org.apache.catalina.startup.HostConfig.deployDirectory Deploying web application directory [/Users/motocycopath/Desktop/java-full-stack-training/00-microservices-00/apache-tomcat-9.0.116/webapps/host-manager]
31-Mar-2026 22:16:42.621 INFO [main] org.apache.catalina.startup.HostConfig.deployDirectory Deployment of web application directory [/Users/motocycopath/Desktop/java-full-stack-training/00-microservices-00/apache-tomcat-9.0.116/webapps/host-manager] has finished in [8] ms
31-Mar-2026 22:16:42.622 INFO [main] org.apache.coyote.AbstractProtocol.start Starting ProtocolHandler ["http-nio-8080"]
31-Mar-2026 22:16:42.628 INFO [main] org.apache.catalina.startup.Catalina.start Server startup in [1156] milliseconds
31-Mar-2026 22:16:47.386 INFO [mysql-cj-abandoned-connection-cleanup] org.apache.catalina.loader.WebappClassLoaderBase.checkStateForResourceLoading Illegal access: this web application instance has been stopped already. Could not load []. The following stack trace is thrown for debugging purposes as well as to attempt to terminate the thread which caused the illegal access.
	java.lang.IllegalStateException: Illegal access: this web application instance has been stopped already. Could not load []. The following stack trace is thrown for debugging purposes as well as to attempt to terminate the thread which caused the illegal access.
		at org.apache.catalina.loader.WebappClassLoaderBase.checkStateForResourceLoading(WebappClassLoaderBase.java:1370)
		at org.apache.catalina.loader.WebappClassLoaderBase.getResource(WebappClassLoaderBase.java:994)
		at com.mysql.cj.jdbc.AbandonedConnectionCleanupThread.checkThreadContextClassLoader(AbandonedConnectionCleanupThread.java:123)
		at com.mysql.cj.jdbc.AbandonedConnectionCleanupThread.run(AbandonedConnectionCleanupThread.java:90)
		at java.base/java.util.concurrent.ThreadPoolExecutor.runWorker(ThreadPoolExecutor.java:1136)
		at java.base/java.util.concurrent.ThreadPoolExecutor$Worker.run(ThreadPoolExecutor.java:635)
		at java.base/java.lang.Thread.run(Thread.java:840)
31-Mar-2026 22:21:46.652 INFO [main] org.apache.catalina.core.StandardServer.await A valid shutdown command was received via the shutdown port. Stopping the Server instance.
31-Mar-2026 22:21:46.654 INFO [main] org.apache.coyote.AbstractProtocol.pause Pausing ProtocolHandler ["http-nio-8080"]
31-Mar-2026 22:21:46.658 INFO [main] org.apache.catalina.core.StandardService.stopInternal Stopping service [Catalina]
31-Mar-2026 22:21:46.669 INFO [main] org.apache.coyote.AbstractProtocol.stop Stopping ProtocolHandler ["http-nio-8080"]
31-Mar-2026 22:21:46.682 INFO [main] org.apache.coyote.AbstractProtocol.destroy Destroying ProtocolHandler ["http-nio-8080"]
31-Mar-2026 22:21:53.682 INFO [main] org.apache.catalina.startup.VersionLoggerListener.log Server version name:   Apache Tomcat/9.0.116
31-Mar-2026 22:21:53.688 INFO [main] org.apache.catalina.startup.VersionLoggerListener.log Server built:          Mar 16 2026 15:05:42 UTC
31-Mar-2026 22:21:53.689 INFO [main] org.apache.catalina.startup.VersionLoggerListener.log Server version number: 9.0.116.0
31-Mar-2026 22:21:53.689 INFO [main] org.apache.catalina.startup.VersionLoggerListener.log OS Name:               Mac OS X
31-Mar-2026 22:21:53.689 INFO [main] org.apache.catalina.startup.VersionLoggerListener.log OS Version:            15.5
31-Mar-2026 22:21:53.689 INFO [main] org.apache.catalina.startup.VersionLoggerListener.log Architecture:          x86_64
31-Mar-2026 22:21:53.689 INFO [main] org.apache.catalina.startup.VersionLoggerListener.log Java Home:             /Library/Java/JavaVirtualMachines/temurin-8.jdk/Contents/Home/jre
31-Mar-2026 22:21:53.689 INFO [main] org.apache.catalina.startup.VersionLoggerListener.log JVM Version:           1.8.0_482-b08
31-Mar-2026 22:21:53.689 INFO [main] org.apache.catalina.startup.VersionLoggerListener.log JVM Vendor:            Temurin
31-Mar-2026 22:21:53.689 INFO [main] org.apache.catalina.startup.VersionLoggerListener.log CATALINA_BASE:         /Users/motocycopath/Desktop/java-full-stack-training/00-microservices-00/apache-tomcat-9.0.116
31-Mar-2026 22:21:53.689 INFO [main] org.apache.catalina.startup.VersionLoggerListener.log CATALINA_HOME:         /Users/motocycopath/Desktop/java-full-stack-training/00-microservices-00/apache-tomcat-9.0.116
31-Mar-2026 22:21:53.692 INFO [main] org.apache.catalina.startup.VersionLoggerListener.log Command line argument: -Djava.util.logging.config.file=/Users/motocycopath/Desktop/java-full-stack-training/00-microservices-00/apache-tomcat-9.0.116/conf/logging.properties
31-Mar-2026 22:21:53.692 INFO [main] org.apache.catalina.startup.VersionLoggerListener.log Command line argument: -Djava.util.logging.manager=org.apache.juli.ClassLoaderLogManager
31-Mar-2026 22:21:53.692 INFO [main] org.apache.catalina.startup.VersionLoggerListener.log Command line argument: -Djdk.tls.ephemeralDHKeySize=2048
31-Mar-2026 22:21:53.692 INFO [main] org.apache.catalina.startup.VersionLoggerListener.log Command line argument: -Djava.protocol.handler.pkgs=org.apache.catalina.webresources
31-Mar-2026 22:21:53.692 INFO [main] org.apache.catalina.startup.VersionLoggerListener.log Command line argument: -Dsun.io.useCanonCaches=false
31-Mar-2026 22:21:53.693 INFO [main] org.apache.catalina.startup.VersionLoggerListener.log Command line argument: -Dorg.apache.catalina.security.SecurityListener.UMASK=0027
31-Mar-2026 22:21:53.693 INFO [main] org.apache.catalina.startup.VersionLoggerListener.log Command line argument: -Dignore.endorsed.dirs=
31-Mar-2026 22:21:53.693 INFO [main] org.apache.catalina.startup.VersionLoggerListener.log Command line argument: -Dcatalina.base=/Users/motocycopath/Desktop/java-full-stack-training/00-microservices-00/apache-tomcat-9.0.116
31-Mar-2026 22:21:53.693 INFO [main] org.apache.catalina.startup.VersionLoggerListener.log Command line argument: -Dcatalina.home=/Users/motocycopath/Desktop/java-full-stack-training/00-microservices-00/apache-tomcat-9.0.116
31-Mar-2026 22:21:53.693 INFO [main] org.apache.catalina.startup.VersionLoggerListener.log Command line argument: -Djava.io.tmpdir=/Users/motocycopath/Desktop/java-full-stack-training/00-microservices-00/apache-tomcat-9.0.116/temp
31-Mar-2026 22:21:53.695 INFO [main] org.apache.catalina.core.AprLifecycleListener.lifecycleEvent The Apache Tomcat Native library which allows using OpenSSL was not found on the java.library.path: [/Users/motocycopath/Library/Java/Extensions:/Library/Java/Extensions:/Network/Library/Java/Extensions:/System/Library/Java/Extensions:/usr/lib/java:.]
31-Mar-2026 22:21:54.138 INFO [main] org.apache.coyote.AbstractProtocol.init Initializing ProtocolHandler ["http-nio-8080"]
31-Mar-2026 22:21:54.176 INFO [main] org.apache.catalina.startup.Catalina.load Server initialization in [652] milliseconds
31-Mar-2026 22:21:54.270 INFO [main] org.apache.catalina.core.StandardService.startInternal Starting service [Catalina]
31-Mar-2026 22:21:54.270 INFO [main] org.apache.catalina.core.StandardEngine.startInternal Starting Servlet engine: [Apache Tomcat/9.0.116]
31-Mar-2026 22:21:54.275 INFO [main] org.apache.catalina.startup.HostConfig.deployDirectory Deploying web application directory [/Users/motocycopath/Desktop/java-full-stack-training/00-microservices-00/apache-tomcat-9.0.116/webapps/employee-service]
31-Mar-2026 22:21:55.930 INFO [main] org.apache.jasper.servlet.TldScanner.scanJars At least one JAR was scanned for TLDs yet contained no TLDs. Enable debug logging for this logger for a complete list of JARs that were scanned but no TLDs were found in them. Skipping unneeded JARs during scanning can improve startup time and JSP compilation time.
31-Mar-2026 22:21:55.965 INFO [main] org.springframework.web.context.ContextLoader.initWebApplicationContext Root WebApplicationContext: initialization started
31-Mar-2026 22:21:56.472 INFO [main] org.springframework.data.repository.config.RepositoryConfigurationDelegate.registerRepositoriesIn Bootstrapping Spring Data JPA repositories in DEFAULT mode.
31-Mar-2026 22:21:56.569 INFO [main] org.springframework.data.repository.config.RepositoryConfigurationDelegate.registerRepositoriesIn Finished Spring Data repository scanning in 81 ms. Found 1 JPA repository interfaces.
31-Mar-2026 22:21:56.570 INFO [main] org.springframework.data.repository.config.RepositoryConfigurationDelegate.registerRepositoriesIn Bootstrapping Spring Data JPA repositories in DEFAULT mode.
31-Mar-2026 22:21:56.583 INFO [main] org.springframework.data.repository.config.RepositoryConfigurationDelegate.registerRepositoriesIn Finished Spring Data repository scanning in 12 ms. Found 1 JPA repository interfaces.
31-Mar-2026 22:21:56.973 INFO [main] org.hibernate.jpa.internal.util.LogHelper.logPersistenceUnitInformation HHH000204: Processing PersistenceUnitInfo [
	name: default
	...]
31-Mar-2026 22:21:57.051 INFO [main] org.hibernate.Version.logVersion HHH000412: Hibernate Core {5.2.8.Final}
31-Mar-2026 22:21:57.053 INFO [main] org.hibernate.cfg.Environment.<clinit> HHH000206: hibernate.properties not found
31-Mar-2026 22:21:57.099 INFO [main] org.hibernate.annotations.common.reflection.java.JavaReflectionManager.<clinit> HCANN000001: Hibernate Commons Annotations {5.0.1.Final}
31-Mar-2026 22:21:57.583 INFO [main] org.hibernate.dialect.Dialect.<init> HHH000400: Using dialect: org.hibernate.dialect.MySQLDialect
31-Mar-2026 22:21:58.209 INFO [main] org.springframework.orm.jpa.AbstractEntityManagerFactoryBean.buildNativeEntityManagerFactory Initialized JPA EntityManagerFactory for persistence unit 'default'
31-Mar-2026 22:21:58.908 INFO [main] org.springframework.web.context.ContextLoader.initWebApplicationContext Root WebApplicationContext initialized in 2943 ms
31-Mar-2026 22:21:58.951 INFO [main] org.springframework.web.servlet.FrameworkServlet.initServletBean Initializing Servlet 'cstspconf-web'
31-Mar-2026 22:21:59.653 INFO [main] org.springframework.web.servlet.FrameworkServlet.initServletBean Completed initialization in 702 ms
31-Mar-2026 22:21:59.693 INFO [main] org.apache.catalina.startup.HostConfig.deployDirectory Deployment of web application directory [/Users/motocycopath/Desktop/java-full-stack-training/00-microservices-00/apache-tomcat-9.0.116/webapps/employee-service] has finished in [5,416] ms
31-Mar-2026 22:21:59.694 INFO [main] org.apache.catalina.startup.HostConfig.deployDirectory Deploying web application directory [/Users/motocycopath/Desktop/java-full-stack-training/00-microservices-00/apache-tomcat-9.0.116/webapps/docs]
31-Mar-2026 22:21:59.735 INFO [main] org.apache.catalina.startup.HostConfig.deployDirectory Deployment of web application directory [/Users/motocycopath/Desktop/java-full-stack-training/00-microservices-00/apache-tomcat-9.0.116/webapps/docs] has finished in [41] ms
31-Mar-2026 22:21:59.735 INFO [main] org.apache.catalina.startup.HostConfig.deployDirectory Deploying web application directory [/Users/motocycopath/Desktop/java-full-stack-training/00-microservices-00/apache-tomcat-9.0.116/webapps/manager]
31-Mar-2026 22:21:59.770 INFO [main] org.apache.catalina.startup.HostConfig.deployDirectory Deployment of web application directory [/Users/motocycopath/Desktop/java-full-stack-training/00-microservices-00/apache-tomcat-9.0.116/webapps/manager] has finished in [35] ms
31-Mar-2026 22:21:59.770 INFO [main] org.apache.catalina.startup.HostConfig.deployDirectory Deploying web application directory [/Users/motocycopath/Desktop/java-full-stack-training/00-microservices-00/apache-tomcat-9.0.116/webapps/examples]
31-Mar-2026 22:21:59.975 INFO [main] org.apache.catalina.startup.HostConfig.deployDirectory Deployment of web application directory [/Users/motocycopath/Desktop/java-full-stack-training/00-microservices-00/apache-tomcat-9.0.116/webapps/examples] has finished in [204] ms
31-Mar-2026 22:21:59.975 INFO [main] org.apache.catalina.startup.HostConfig.deployDirectory Deploying web application directory [/Users/motocycopath/Desktop/java-full-stack-training/00-microservices-00/apache-tomcat-9.0.116/webapps/ROOT]
31-Mar-2026 22:21:59.991 INFO [main] org.apache.catalina.startup.HostConfig.deployDirectory Deployment of web application directory [/Users/motocycopath/Desktop/java-full-stack-training/00-microservices-00/apache-tomcat-9.0.116/webapps/ROOT] has finished in [16] ms
31-Mar-2026 22:21:59.992 INFO [main] org.apache.catalina.startup.HostConfig.deployDirectory Deploying web application directory [/Users/motocycopath/Desktop/java-full-stack-training/00-microservices-00/apache-tomcat-9.0.116/webapps/host-manager]
31-Mar-2026 22:22:00.029 INFO [main] org.apache.catalina.startup.HostConfig.deployDirectory Deployment of web application directory [/Users/motocycopath/Desktop/java-full-stack-training/00-microservices-00/apache-tomcat-9.0.116/webapps/host-manager] has finished in [37] ms
31-Mar-2026 22:22:00.032 INFO [main] org.apache.coyote.AbstractProtocol.start Starting ProtocolHandler ["http-nio-8080"]
31-Mar-2026 22:22:00.042 INFO [main] org.apache.catalina.startup.Catalina.start Server startup in [5865] milliseconds
31-Mar-2026 22:22:11.728 INFO [http-nio-8080-exec-2] org.hibernate.hql.internal.QueryTranslatorFactoryInitiator.initiateService HHH000397: Using ASTQueryTranslatorFactory
31-Mar-2026 22:40:38.700 INFO [main] org.apache.catalina.core.StandardServer.await A valid shutdown command was received via the shutdown port. Stopping the Server instance.
31-Mar-2026 22:40:38.713 INFO [main] org.apache.coyote.AbstractProtocol.pause Pausing ProtocolHandler ["http-nio-8080"]
31-Mar-2026 22:40:38.727 INFO [main] org.apache.catalina.core.StandardService.stopInternal Stopping service [Catalina]
31-Mar-2026 22:40:38.821 INFO [main] org.springframework.orm.jpa.AbstractEntityManagerFactoryBean.destroy Closing JPA EntityManagerFactory for persistence unit 'default'
31-Mar-2026 22:40:38.834 WARNING [main] org.apache.catalina.loader.WebappClassLoaderBase.clearReferencesJdbc The web application [employee-service] registered the JDBC driver [com.mysql.cj.jdbc.Driver] but failed to unregister it when the web application was stopped. To prevent a memory leak, the JDBC Driver has been forcibly unregistered.
31-Mar-2026 22:40:38.837 WARNING [main] org.apache.catalina.loader.WebappClassLoaderBase.clearReferencesThreads The web application [employee-service] appears to have started a thread named [mysql-cj-abandoned-connection-cleanup] but has failed to stop it. This is very likely to create a memory leak. Stack trace of thread:
 java.lang.Object.wait(Native Method)
 java.lang.ref.ReferenceQueue.remove(ReferenceQueue.java:144)
 com.mysql.cj.jdbc.AbandonedConnectionCleanupThread.run(AbandonedConnectionCleanupThread.java:91)
 java.util.concurrent.ThreadPoolExecutor.runWorker(ThreadPoolExecutor.java:1149)
 java.util.concurrent.ThreadPoolExecutor$Worker.run(ThreadPoolExecutor.java:624)
 java.lang.Thread.run(Thread.java:750)
31-Mar-2026 22:40:39.044 INFO [main] org.apache.coyote.AbstractProtocol.stop Stopping ProtocolHandler ["http-nio-8080"]
31-Mar-2026 22:40:39.065 INFO [main] org.apache.coyote.AbstractProtocol.destroy Destroying ProtocolHandler ["http-nio-8080"]
31-Mar-2026 22:40:45.628 INFO [main] org.apache.catalina.startup.VersionLoggerListener.log Server version name:   Apache Tomcat/9.0.116
31-Mar-2026 22:40:45.633 INFO [main] org.apache.catalina.startup.VersionLoggerListener.log Server built:          Mar 16 2026 15:05:42 UTC
31-Mar-2026 22:40:45.634 INFO [main] org.apache.catalina.startup.VersionLoggerListener.log Server version number: 9.0.116.0
31-Mar-2026 22:40:45.634 INFO [main] org.apache.catalina.startup.VersionLoggerListener.log OS Name:               Mac OS X
31-Mar-2026 22:40:45.634 INFO [main] org.apache.catalina.startup.VersionLoggerListener.log OS Version:            15.5
31-Mar-2026 22:40:45.634 INFO [main] org.apache.catalina.startup.VersionLoggerListener.log Architecture:          x86_64
31-Mar-2026 22:40:45.634 INFO [main] org.apache.catalina.startup.VersionLoggerListener.log Java Home:             /Library/Java/JavaVirtualMachines/temurin-8.jdk/Contents/Home/jre
31-Mar-2026 22:40:45.634 INFO [main] org.apache.catalina.startup.VersionLoggerListener.log JVM Version:           1.8.0_482-b08
31-Mar-2026 22:40:45.634 INFO [main] org.apache.catalina.startup.VersionLoggerListener.log JVM Vendor:            Temurin
31-Mar-2026 22:40:45.634 INFO [main] org.apache.catalina.startup.VersionLoggerListener.log CATALINA_BASE:         /Users/motocycopath/Desktop/java-full-stack-training/00-microservices-00/apache-tomcat-9.0.116
31-Mar-2026 22:40:45.634 INFO [main] org.apache.catalina.startup.VersionLoggerListener.log CATALINA_HOME:         /Users/motocycopath/Desktop/java-full-stack-training/00-microservices-00/apache-tomcat-9.0.116
31-Mar-2026 22:40:45.638 INFO [main] org.apache.catalina.startup.VersionLoggerListener.log Command line argument: -Djava.util.logging.config.file=/Users/motocycopath/Desktop/java-full-stack-training/00-microservices-00/apache-tomcat-9.0.116/conf/logging.properties
31-Mar-2026 22:40:45.638 INFO [main] org.apache.catalina.startup.VersionLoggerListener.log Command line argument: -Djava.util.logging.manager=org.apache.juli.ClassLoaderLogManager
31-Mar-2026 22:40:45.638 INFO [main] org.apache.catalina.startup.VersionLoggerListener.log Command line argument: -Djdk.tls.ephemeralDHKeySize=2048
31-Mar-2026 22:40:45.638 INFO [main] org.apache.catalina.startup.VersionLoggerListener.log Command line argument: -Djava.protocol.handler.pkgs=org.apache.catalina.webresources
31-Mar-2026 22:40:45.638 INFO [main] org.apache.catalina.startup.VersionLoggerListener.log Command line argument: -Dsun.io.useCanonCaches=false
31-Mar-2026 22:40:45.638 INFO [main] org.apache.catalina.startup.VersionLoggerListener.log Command line argument: -Dorg.apache.catalina.security.SecurityListener.UMASK=0027
31-Mar-2026 22:40:45.639 INFO [main] org.apache.catalina.startup.VersionLoggerListener.log Command line argument: -Dignore.endorsed.dirs=
31-Mar-2026 22:40:45.639 INFO [main] org.apache.catalina.startup.VersionLoggerListener.log Command line argument: -Dcatalina.base=/Users/motocycopath/Desktop/java-full-stack-training/00-microservices-00/apache-tomcat-9.0.116
31-Mar-2026 22:40:45.639 INFO [main] org.apache.catalina.startup.VersionLoggerListener.log Command line argument: -Dcatalina.home=/Users/motocycopath/Desktop/java-full-stack-training/00-microservices-00/apache-tomcat-9.0.116
31-Mar-2026 22:40:45.639 INFO [main] org.apache.catalina.startup.VersionLoggerListener.log Command line argument: -Djava.io.tmpdir=/Users/motocycopath/Desktop/java-full-stack-training/00-microservices-00/apache-tomcat-9.0.116/temp
31-Mar-2026 22:40:45.641 INFO [main] org.apache.catalina.core.AprLifecycleListener.lifecycleEvent The Apache Tomcat Native library which allows using OpenSSL was not found on the java.library.path: [/Users/motocycopath/Library/Java/Extensions:/Library/Java/Extensions:/Network/Library/Java/Extensions:/System/Library/Java/Extensions:/usr/lib/java:.]
31-Mar-2026 22:40:46.089 INFO [main] org.apache.coyote.AbstractProtocol.init Initializing ProtocolHandler ["http-nio-8080"]
31-Mar-2026 22:40:46.126 INFO [main] org.apache.catalina.startup.Catalina.load Server initialization in [667] milliseconds
31-Mar-2026 22:40:46.216 INFO [main] org.apache.catalina.core.StandardService.startInternal Starting service [Catalina]
31-Mar-2026 22:40:46.216 INFO [main] org.apache.catalina.core.StandardEngine.startInternal Starting Servlet engine: [Apache Tomcat/9.0.116]
31-Mar-2026 22:40:46.222 INFO [main] org.apache.catalina.startup.HostConfig.deployDirectory Deploying web application directory [/Users/motocycopath/Desktop/java-full-stack-training/00-microservices-00/apache-tomcat-9.0.116/webapps/employee-service]
31-Mar-2026 22:40:47.770 INFO [main] org.apache.jasper.servlet.TldScanner.scanJars At least one JAR was scanned for TLDs yet contained no TLDs. Enable debug logging for this logger for a complete list of JARs that were scanned but no TLDs were found in them. Skipping unneeded JARs during scanning can improve startup time and JSP compilation time.
31-Mar-2026 22:40:47.803 INFO [main] org.springframework.web.context.ContextLoader.initWebApplicationContext Root WebApplicationContext: initialization started
31-Mar-2026 22:40:48.297 INFO [main] org.springframework.data.repository.config.RepositoryConfigurationDelegate.registerRepositoriesIn Bootstrapping Spring Data JPA repositories in DEFAULT mode.
31-Mar-2026 22:40:48.406 INFO [main] org.springframework.data.repository.config.RepositoryConfigurationDelegate.registerRepositoriesIn Finished Spring Data repository scanning in 92 ms. Found 1 JPA repository interfaces.
31-Mar-2026 22:40:48.409 INFO [main] org.springframework.data.repository.config.RepositoryConfigurationDelegate.registerRepositoriesIn Bootstrapping Spring Data JPA repositories in DEFAULT mode.
31-Mar-2026 22:40:48.417 INFO [main] org.springframework.data.repository.config.RepositoryConfigurationDelegate.registerRepositoriesIn Finished Spring Data repository scanning in 7 ms. Found 1 JPA repository interfaces.
31-Mar-2026 22:40:48.778 INFO [main] org.hibernate.jpa.internal.util.LogHelper.logPersistenceUnitInformation HHH000204: Processing PersistenceUnitInfo [
	name: default
	...]
31-Mar-2026 22:40:48.859 INFO [main] org.hibernate.Version.logVersion HHH000412: Hibernate Core {5.2.8.Final}
31-Mar-2026 22:40:48.863 INFO [main] org.hibernate.cfg.Environment.<clinit> HHH000206: hibernate.properties not found
31-Mar-2026 22:40:48.904 INFO [main] org.hibernate.annotations.common.reflection.java.JavaReflectionManager.<clinit> HCANN000001: Hibernate Commons Annotations {5.0.1.Final}
31-Mar-2026 22:40:49.433 INFO [main] org.hibernate.dialect.Dialect.<init> HHH000400: Using dialect: org.hibernate.dialect.MySQLDialect
31-Mar-2026 22:40:50.056 INFO [main] org.springframework.orm.jpa.AbstractEntityManagerFactoryBean.buildNativeEntityManagerFactory Initialized JPA EntityManagerFactory for persistence unit 'default'
31-Mar-2026 22:40:50.590 INFO [main] org.hibernate.hql.internal.QueryTranslatorFactoryInitiator.initiateService HHH000397: Using ASTQueryTranslatorFactory
31-Mar-2026 22:40:50.808 INFO [main] org.springframework.web.context.ContextLoader.initWebApplicationContext Root WebApplicationContext initialized in 3005 ms
31-Mar-2026 22:40:50.853 INFO [main] org.springframework.web.servlet.FrameworkServlet.initServletBean Initializing Servlet 'cstspconf-web'
31-Mar-2026 22:40:51.464 INFO [main] org.springframework.web.servlet.FrameworkServlet.initServletBean Completed initialization in 610 ms
31-Mar-2026 22:40:51.505 INFO [main] org.apache.catalina.startup.HostConfig.deployDirectory Deployment of web application directory [/Users/motocycopath/Desktop/java-full-stack-training/00-microservices-00/apache-tomcat-9.0.116/webapps/employee-service] has finished in [5,281] ms
31-Mar-2026 22:40:51.506 INFO [main] org.apache.catalina.startup.HostConfig.deployDirectory Deploying web application directory [/Users/motocycopath/Desktop/java-full-stack-training/00-microservices-00/apache-tomcat-9.0.116/webapps/docs]
31-Mar-2026 22:40:51.548 INFO [main] org.apache.catalina.startup.HostConfig.deployDirectory Deployment of web application directory [/Users/motocycopath/Desktop/java-full-stack-training/00-microservices-00/apache-tomcat-9.0.116/webapps/docs] has finished in [43] ms
31-Mar-2026 22:40:51.548 INFO [main] org.apache.catalina.startup.HostConfig.deployDirectory Deploying web application directory [/Users/motocycopath/Desktop/java-full-stack-training/00-microservices-00/apache-tomcat-9.0.116/webapps/manager]
31-Mar-2026 22:40:51.578 INFO [main] org.apache.catalina.startup.HostConfig.deployDirectory Deployment of web application directory [/Users/motocycopath/Desktop/java-full-stack-training/00-microservices-00/apache-tomcat-9.0.116/webapps/manager] has finished in [30] ms
31-Mar-2026 22:40:51.579 INFO [main] org.apache.catalina.startup.HostConfig.deployDirectory Deploying web application directory [/Users/motocycopath/Desktop/java-full-stack-training/00-microservices-00/apache-tomcat-9.0.116/webapps/examples]
31-Mar-2026 22:40:51.836 INFO [main] org.apache.catalina.startup.HostConfig.deployDirectory Deployment of web application directory [/Users/motocycopath/Desktop/java-full-stack-training/00-microservices-00/apache-tomcat-9.0.116/webapps/examples] has finished in [258] ms
31-Mar-2026 22:40:51.836 INFO [main] org.apache.catalina.startup.HostConfig.deployDirectory Deploying web application directory [/Users/motocycopath/Desktop/java-full-stack-training/00-microservices-00/apache-tomcat-9.0.116/webapps/ROOT]
31-Mar-2026 22:40:51.860 INFO [main] org.apache.catalina.startup.HostConfig.deployDirectory Deployment of web application directory [/Users/motocycopath/Desktop/java-full-stack-training/00-microservices-00/apache-tomcat-9.0.116/webapps/ROOT] has finished in [24] ms
31-Mar-2026 22:40:51.861 INFO [main] org.apache.catalina.startup.HostConfig.deployDirectory Deploying web application directory [/Users/motocycopath/Desktop/java-full-stack-training/00-microservices-00/apache-tomcat-9.0.116/webapps/host-manager]
31-Mar-2026 22:40:51.888 INFO [main] org.apache.catalina.startup.HostConfig.deployDirectory Deployment of web application directory [/Users/motocycopath/Desktop/java-full-stack-training/00-microservices-00/apache-tomcat-9.0.116/webapps/host-manager] has finished in [28] ms
31-Mar-2026 22:40:51.892 INFO [main] org.apache.coyote.AbstractProtocol.start Starting ProtocolHandler ["http-nio-8080"]
31-Mar-2026 22:40:51.903 INFO [main] org.apache.catalina.startup.Catalina.start Server startup in [5776] milliseconds
