30-Mar-2026 18:41:11.077 INFO [main] org.apache.catalina.startup.VersionLoggerListener.log Server version name:   Apache Tomcat/9.0.116
30-Mar-2026 18:41:11.085 INFO [main] org.apache.catalina.startup.VersionLoggerListener.log Server built:          Mar 16 2026 15:05:42 UTC
30-Mar-2026 18:41:11.085 INFO [main] org.apache.catalina.startup.VersionLoggerListener.log Server version number: 9.0.116.0
30-Mar-2026 18:41:11.085 INFO [main] org.apache.catalina.startup.VersionLoggerListener.log OS Name:               Mac OS X
30-Mar-2026 18:41:11.085 INFO [main] org.apache.catalina.startup.VersionLoggerListener.log OS Version:            15.5
30-Mar-2026 18:41:11.085 INFO [main] org.apache.catalina.startup.VersionLoggerListener.log Architecture:          x86_64
30-Mar-2026 18:41:11.085 INFO [main] org.apache.catalina.startup.VersionLoggerListener.log Java Home:             /Library/Java/JavaVirtualMachines/temurin-8.jdk/Contents/Home/jre
30-Mar-2026 18:41:11.085 INFO [main] org.apache.catalina.startup.VersionLoggerListener.log JVM Version:           1.8.0_482-b08
30-Mar-2026 18:41:11.085 INFO [main] org.apache.catalina.startup.VersionLoggerListener.log JVM Vendor:            Temurin
30-Mar-2026 18:41:11.085 INFO [main] org.apache.catalina.startup.VersionLoggerListener.log CATALINA_BASE:         /Users/motocycopath/Desktop/java-full-stack-training/00-microservices-00/apache-tomcat-9.0.116
30-Mar-2026 18:41:11.085 INFO [main] org.apache.catalina.startup.VersionLoggerListener.log CATALINA_HOME:         /Users/motocycopath/Desktop/java-full-stack-training/00-microservices-00/apache-tomcat-9.0.116
30-Mar-2026 18:41:11.090 INFO [main] org.apache.catalina.startup.VersionLoggerListener.log Command line argument: -Djava.util.logging.config.file=/Users/motocycopath/Desktop/java-full-stack-training/00-microservices-00/apache-tomcat-9.0.116/conf/logging.properties
30-Mar-2026 18:41:11.091 INFO [main] org.apache.catalina.startup.VersionLoggerListener.log Command line argument: -Djava.util.logging.manager=org.apache.juli.ClassLoaderLogManager
30-Mar-2026 18:41:11.091 INFO [main] org.apache.catalina.startup.VersionLoggerListener.log Command line argument: -Djdk.tls.ephemeralDHKeySize=2048
30-Mar-2026 18:41:11.092 INFO [main] org.apache.catalina.startup.VersionLoggerListener.log Command line argument: -Djava.protocol.handler.pkgs=org.apache.catalina.webresources
30-Mar-2026 18:41:11.092 INFO [main] org.apache.catalina.startup.VersionLoggerListener.log Command line argument: -Dsun.io.useCanonCaches=false
30-Mar-2026 18:41:11.092 INFO [main] org.apache.catalina.startup.VersionLoggerListener.log Command line argument: -Dorg.apache.catalina.security.SecurityListener.UMASK=0027
30-Mar-2026 18:41:11.092 INFO [main] org.apache.catalina.startup.VersionLoggerListener.log Command line argument: -Dignore.endorsed.dirs=
30-Mar-2026 18:41:11.092 INFO [main] org.apache.catalina.startup.VersionLoggerListener.log Command line argument: -Dcatalina.base=/Users/motocycopath/Desktop/java-full-stack-training/00-microservices-00/apache-tomcat-9.0.116
30-Mar-2026 18:41:11.092 INFO [main] org.apache.catalina.startup.VersionLoggerListener.log Command line argument: -Dcatalina.home=/Users/motocycopath/Desktop/java-full-stack-training/00-microservices-00/apache-tomcat-9.0.116
30-Mar-2026 18:41:11.092 INFO [main] org.apache.catalina.startup.VersionLoggerListener.log Command line argument: -Djava.io.tmpdir=/Users/motocycopath/Desktop/java-full-stack-training/00-microservices-00/apache-tomcat-9.0.116/temp
30-Mar-2026 18:41:11.094 INFO [main] org.apache.catalina.core.AprLifecycleListener.lifecycleEvent The Apache Tomcat Native library which allows using OpenSSL was not found on the java.library.path: [/Users/motocycopath/Library/Java/Extensions:/Library/Java/Extensions:/Network/Library/Java/Extensions:/System/Library/Java/Extensions:/usr/lib/java:.]
30-Mar-2026 18:41:11.530 INFO [main] org.apache.coyote.AbstractProtocol.init Initializing ProtocolHandler ["http-nio-8080"]
30-Mar-2026 18:41:11.573 INFO [main] org.apache.catalina.startup.Catalina.load Server initialization in [674] milliseconds
30-Mar-2026 18:41:11.657 INFO [main] org.apache.catalina.core.StandardService.startInternal Starting service [Catalina]
30-Mar-2026 18:41:11.657 INFO [main] org.apache.catalina.core.StandardEngine.startInternal Starting Servlet engine: [Apache Tomcat/9.0.116]
30-Mar-2026 18:41:11.662 INFO [main] org.apache.catalina.startup.HostConfig.deployDirectory Deploying web application directory [/Users/motocycopath/Desktop/java-full-stack-training/00-microservices-00/apache-tomcat-9.0.116/webapps/docs]
30-Mar-2026 18:41:12.058 INFO [main] org.apache.catalina.startup.HostConfig.deployDirectory Deployment of web application directory [/Users/motocycopath/Desktop/java-full-stack-training/00-microservices-00/apache-tomcat-9.0.116/webapps/docs] has finished in [395] ms
30-Mar-2026 18:41:12.058 INFO [main] org.apache.catalina.startup.HostConfig.deployDirectory Deploying web application directory [/Users/motocycopath/Desktop/java-full-stack-training/00-microservices-00/apache-tomcat-9.0.116/webapps/manager]
30-Mar-2026 18:41:12.104 INFO [main] org.apache.catalina.startup.HostConfig.deployDirectory Deployment of web application directory [/Users/motocycopath/Desktop/java-full-stack-training/00-microservices-00/apache-tomcat-9.0.116/webapps/manager] has finished in [46] ms
30-Mar-2026 18:41:12.104 INFO [main] org.apache.catalina.startup.HostConfig.deployDirectory Deploying web application directory [/Users/motocycopath/Desktop/java-full-stack-training/00-microservices-00/apache-tomcat-9.0.116/webapps/examples]
30-Mar-2026 18:41:12.450 INFO [main] org.apache.catalina.startup.HostConfig.deployDirectory Deployment of web application directory [/Users/motocycopath/Desktop/java-full-stack-training/00-microservices-00/apache-tomcat-9.0.116/webapps/examples] has finished in [346] ms
30-Mar-2026 18:41:12.450 INFO [main] org.apache.catalina.startup.HostConfig.deployDirectory Deploying web application directory [/Users/motocycopath/Desktop/java-full-stack-training/00-microservices-00/apache-tomcat-9.0.116/webapps/ROOT]
30-Mar-2026 18:41:12.473 INFO [main] org.apache.catalina.startup.HostConfig.deployDirectory Deployment of web application directory [/Users/motocycopath/Desktop/java-full-stack-training/00-microservices-00/apache-tomcat-9.0.116/webapps/ROOT] has finished in [23] ms
30-Mar-2026 18:41:12.473 INFO [main] org.apache.catalina.startup.HostConfig.deployDirectory Deploying web application directory [/Users/motocycopath/Desktop/java-full-stack-training/00-microservices-00/apache-tomcat-9.0.116/webapps/host-manager]
30-Mar-2026 18:41:12.498 INFO [main] org.apache.catalina.startup.HostConfig.deployDirectory Deployment of web application directory [/Users/motocycopath/Desktop/java-full-stack-training/00-microservices-00/apache-tomcat-9.0.116/webapps/host-manager] has finished in [25] ms
30-Mar-2026 18:41:12.504 INFO [main] org.apache.coyote.AbstractProtocol.start Starting ProtocolHandler ["http-nio-8080"]
30-Mar-2026 18:41:12.515 INFO [main] org.apache.catalina.startup.Catalina.start Server startup in [941] milliseconds
30-Mar-2026 18:44:32.842 INFO [Catalina-utility-1] org.apache.catalina.startup.HostConfig.deployWAR Deploying web application archive [/Users/motocycopath/Desktop/java-full-stack-training/00-microservices-00/apache-tomcat-9.0.116/webapps/employee-service.war]
30-Mar-2026 18:44:33.738 INFO [Catalina-utility-1] org.apache.jasper.servlet.TldScanner.scanJars At least one JAR was scanned for TLDs yet contained no TLDs. Enable debug logging for this logger for a complete list of JARs that were scanned but no TLDs were found in them. Skipping unneeded JARs during scanning can improve startup time and JSP compilation time.
30-Mar-2026 18:44:33.830 INFO [Catalina-utility-1] org.apache.catalina.startup.HostConfig.deployWAR Deployment of web application archive [/Users/motocycopath/Desktop/java-full-stack-training/00-microservices-00/apache-tomcat-9.0.116/webapps/employee-service.war] has finished in [989] ms
30-Mar-2026 20:27:00.625 INFO [Catalina-utility-1] org.apache.catalina.startup.HostConfig.reload Reloading context [/employee-service]
30-Mar-2026 20:27:00.632 INFO [Catalina-utility-1] org.apache.catalina.core.StandardContext.reload Reloading Context with name [/employee-service] has started
30-Mar-2026 20:27:00.890 SEVERE [Catalina-utility-1] org.apache.catalina.core.StandardContext.reload Exception starting Context with name [/employee-service]
	org.apache.catalina.LifecycleException: Failed to start component [StandardEngine[Catalina].StandardHost[localhost].StandardContext[/employee-service]]
		at org.apache.catalina.util.LifecycleBase.handleSubClassException(LifecycleBase.java:404)
		at org.apache.catalina.util.LifecycleBase.start(LifecycleBase.java:179)
		at org.apache.catalina.core.StandardContext.reload(StandardContext.java:3258)
		at org.apache.catalina.startup.HostConfig.reload(HostConfig.java:1411)
		at org.apache.catalina.startup.HostConfig.checkResources(HostConfig.java:1386)
		at org.apache.catalina.startup.HostConfig.check(HostConfig.java:1612)
		at org.apache.catalina.startup.HostConfig.lifecycleEvent(HostConfig.java:305)
		at org.apache.catalina.util.LifecycleBase.fireLifecycleEvent(LifecycleBase.java:109)
		at org.apache.catalina.core.ContainerBase.backgroundProcess(ContainerBase.java:971)
		at org.apache.catalina.core.ContainerBase$ContainerBackgroundProcessor.processChildren(ContainerBase.java:1170)
		at org.apache.catalina.core.ContainerBase$ContainerBackgroundProcessor.processChildren(ContainerBase.java:1174)
		at org.apache.catalina.core.ContainerBase$ContainerBackgroundProcessor.run(ContainerBase.java:1152)
		at java.util.concurrent.Executors$RunnableAdapter.call(Executors.java:511)
		at java.util.concurrent.FutureTask.runAndReset(FutureTask.java:308)
		at java.util.concurrent.ScheduledThreadPoolExecutor$ScheduledFutureTask.access$301(ScheduledThreadPoolExecutor.java:180)
		at java.util.concurrent.ScheduledThreadPoolExecutor$ScheduledFutureTask.run(ScheduledThreadPoolExecutor.java:294)
		at java.util.concurrent.ThreadPoolExecutor.runWorker(ThreadPoolExecutor.java:1149)
		at java.util.concurrent.ThreadPoolExecutor$Worker.run(ThreadPoolExecutor.java:624)
		at org.apache.tomcat.util.threads.TaskThread$WrappingRunnable.run(TaskThread.java:63)
		at java.lang.Thread.run(Thread.java:750)
	Caused by: java.lang.IllegalArgumentException: More than one fragment with the name [spring_web] was found. This is not legal with relative ordering. See section 8.2.2 2c of the Servlet specification for details. Consider using absolute ordering. Duplicate fragments found in [[file:/Users/motocycopath/Desktop/java-full-stack-training/00-microservices-00/apache-tomcat-9.0.116/webapps/employee-service/WEB-INF/lib/spring-web-5.3.22.jar, file:/Users/motocycopath/Desktop/java-full-stack-training/00-microservices-00/apache-tomcat-9.0.116/webapps/employee-service/WEB-INF/lib/spring-web-5.3.30.jar]].
		at org.apache.tomcat.util.descriptor.web.WebXml.orderWebFragments(WebXml.java:2214)
		at org.apache.tomcat.util.descriptor.web.WebXml.orderWebFragments(WebXml.java:2171)
		at org.apache.catalina.startup.ContextConfig.webConfig(ContextConfig.java:1261)
		at org.apache.catalina.startup.ContextConfig.configureStart(ContextConfig.java:971)
		at org.apache.catalina.startup.ContextConfig.lifecycleEvent(ContextConfig.java:288)
		at org.apache.catalina.util.LifecycleBase.fireLifecycleEvent(LifecycleBase.java:109)
		at org.apache.catalina.core.StandardContext.startInternal(StandardContext.java:4395)
		at org.apache.catalina.util.LifecycleBase.start(LifecycleBase.java:164)
		... 18 more
30-Mar-2026 20:27:00.897 INFO [Catalina-utility-1] org.apache.catalina.core.StandardContext.reload Reloading Context with name [/employee-service] is completed
30-Mar-2026 20:28:13.418 INFO [main] org.apache.catalina.core.StandardServer.await A valid shutdown command was received via the shutdown port. Stopping the Server instance.
30-Mar-2026 20:28:13.421 INFO [main] org.apache.coyote.AbstractProtocol.pause Pausing ProtocolHandler ["http-nio-8080"]
30-Mar-2026 20:28:13.433 INFO [main] org.apache.catalina.core.StandardService.stopInternal Stopping service [Catalina]
30-Mar-2026 20:28:13.480 INFO [main] org.apache.coyote.AbstractProtocol.stop Stopping ProtocolHandler ["http-nio-8080"]
30-Mar-2026 20:28:13.501 INFO [main] org.apache.coyote.AbstractProtocol.destroy Destroying ProtocolHandler ["http-nio-8080"]
30-Mar-2026 20:28:30.559 INFO [main] org.apache.catalina.startup.VersionLoggerListener.log Server version name:   Apache Tomcat/9.0.116
30-Mar-2026 20:28:30.568 INFO [main] org.apache.catalina.startup.VersionLoggerListener.log Server built:          Mar 16 2026 15:05:42 UTC
30-Mar-2026 20:28:30.568 INFO [main] org.apache.catalina.startup.VersionLoggerListener.log Server version number: 9.0.116.0
30-Mar-2026 20:28:30.568 INFO [main] org.apache.catalina.startup.VersionLoggerListener.log OS Name:               Mac OS X
30-Mar-2026 20:28:30.568 INFO [main] org.apache.catalina.startup.VersionLoggerListener.log OS Version:            15.5
30-Mar-2026 20:28:30.568 INFO [main] org.apache.catalina.startup.VersionLoggerListener.log Architecture:          x86_64
30-Mar-2026 20:28:30.568 INFO [main] org.apache.catalina.startup.VersionLoggerListener.log Java Home:             /Library/Java/JavaVirtualMachines/temurin-8.jdk/Contents/Home/jre
30-Mar-2026 20:28:30.568 INFO [main] org.apache.catalina.startup.VersionLoggerListener.log JVM Version:           1.8.0_482-b08
30-Mar-2026 20:28:30.568 INFO [main] org.apache.catalina.startup.VersionLoggerListener.log JVM Vendor:            Temurin
30-Mar-2026 20:28:30.568 INFO [main] org.apache.catalina.startup.VersionLoggerListener.log CATALINA_BASE:         /Users/motocycopath/Desktop/java-full-stack-training/00-microservices-00/apache-tomcat-9.0.116
30-Mar-2026 20:28:30.568 INFO [main] org.apache.catalina.startup.VersionLoggerListener.log CATALINA_HOME:         /Users/motocycopath/Desktop/java-full-stack-training/00-microservices-00/apache-tomcat-9.0.116
30-Mar-2026 20:28:30.574 INFO [main] org.apache.catalina.startup.VersionLoggerListener.log Command line argument: -Djava.util.logging.config.file=/Users/motocycopath/Desktop/java-full-stack-training/00-microservices-00/apache-tomcat-9.0.116/conf/logging.properties
30-Mar-2026 20:28:30.574 INFO [main] org.apache.catalina.startup.VersionLoggerListener.log Command line argument: -Djava.util.logging.manager=org.apache.juli.ClassLoaderLogManager
30-Mar-2026 20:28:30.574 INFO [main] org.apache.catalina.startup.VersionLoggerListener.log Command line argument: -Djdk.tls.ephemeralDHKeySize=2048
30-Mar-2026 20:28:30.574 INFO [main] org.apache.catalina.startup.VersionLoggerListener.log Command line argument: -Djava.protocol.handler.pkgs=org.apache.catalina.webresources
30-Mar-2026 20:28:30.574 INFO [main] org.apache.catalina.startup.VersionLoggerListener.log Command line argument: -Dsun.io.useCanonCaches=false
30-Mar-2026 20:28:30.574 INFO [main] org.apache.catalina.startup.VersionLoggerListener.log Command line argument: -Dorg.apache.catalina.security.SecurityListener.UMASK=0027
30-Mar-2026 20:28:30.574 INFO [main] org.apache.catalina.startup.VersionLoggerListener.log Command line argument: -Dignore.endorsed.dirs=
30-Mar-2026 20:28:30.574 INFO [main] org.apache.catalina.startup.VersionLoggerListener.log Command line argument: -Dcatalina.base=/Users/motocycopath/Desktop/java-full-stack-training/00-microservices-00/apache-tomcat-9.0.116
30-Mar-2026 20:28:30.575 INFO [main] org.apache.catalina.startup.VersionLoggerListener.log Command line argument: -Dcatalina.home=/Users/motocycopath/Desktop/java-full-stack-training/00-microservices-00/apache-tomcat-9.0.116
30-Mar-2026 20:28:30.575 INFO [main] org.apache.catalina.startup.VersionLoggerListener.log Command line argument: -Djava.io.tmpdir=/Users/motocycopath/Desktop/java-full-stack-training/00-microservices-00/apache-tomcat-9.0.116/temp
30-Mar-2026 20:28:30.577 INFO [main] org.apache.catalina.core.AprLifecycleListener.lifecycleEvent The Apache Tomcat Native library which allows using OpenSSL was not found on the java.library.path: [/Users/motocycopath/Library/Java/Extensions:/Library/Java/Extensions:/Network/Library/Java/Extensions:/System/Library/Java/Extensions:/usr/lib/java:.]
30-Mar-2026 20:28:31.017 INFO [main] org.apache.coyote.AbstractProtocol.init Initializing ProtocolHandler ["http-nio-8080"]
30-Mar-2026 20:28:31.056 INFO [main] org.apache.catalina.startup.Catalina.load Server initialization in [669] milliseconds
30-Mar-2026 20:28:31.147 INFO [main] org.apache.catalina.core.StandardService.startInternal Starting service [Catalina]
30-Mar-2026 20:28:31.148 INFO [main] org.apache.catalina.core.StandardEngine.startInternal Starting Servlet engine: [Apache Tomcat/9.0.116]
30-Mar-2026 20:28:31.163 INFO [main] org.apache.catalina.startup.HostConfig.deployWAR Deploying web application archive [/Users/motocycopath/Desktop/java-full-stack-training/00-microservices-00/apache-tomcat-9.0.116/webapps/employee-service.war]
30-Mar-2026 20:28:31.455 SEVERE [main] org.apache.catalina.startup.HostConfig.deployWAR Error deploying web application archive [/Users/motocycopath/Desktop/java-full-stack-training/00-microservices-00/apache-tomcat-9.0.116/webapps/employee-service.war]
	java.lang.IllegalStateException: Error starting child
		at org.apache.catalina.core.ContainerBase.addChildInternal(ContainerBase.java:600)
		at org.apache.catalina.core.ContainerBase.addChild(ContainerBase.java:569)
		at org.apache.catalina.core.StandardHost.addChild(StandardHost.java:608)
		at org.apache.catalina.startup.HostConfig.deployWAR(HostConfig.java:1010)
		at org.apache.catalina.startup.HostConfig$DeployWar.run(HostConfig.java:1858)
		at java.util.concurrent.Executors$RunnableAdapter.call(Executors.java:511)
		at java.util.concurrent.FutureTask.run(FutureTask.java:266)
		at org.apache.tomcat.util.threads.InlineExecutorService.execute(InlineExecutorService.java:82)
		at java.util.concurrent.AbstractExecutorService.submit(AbstractExecutorService.java:112)
		at org.apache.catalina.startup.HostConfig.deployWARs(HostConfig.java:814)
		at org.apache.catalina.startup.HostConfig.deployApps(HostConfig.java:465)
		at org.apache.catalina.startup.HostConfig.start(HostConfig.java:1576)
		at org.apache.catalina.startup.HostConfig.lifecycleEvent(HostConfig.java:309)
		at org.apache.catalina.util.LifecycleBase.fireLifecycleEvent(LifecycleBase.java:109)
		at org.apache.catalina.util.LifecycleBase.setStateInternal(LifecycleBase.java:389)
		at org.apache.catalina.util.LifecycleBase.setState(LifecycleBase.java:336)
		at org.apache.catalina.core.ContainerBase.startInternal(ContainerBase.java:774)
		at org.apache.catalina.core.StandardHost.startInternal(StandardHost.java:726)
		at org.apache.catalina.util.LifecycleBase.start(LifecycleBase.java:164)
		at org.apache.catalina.core.ContainerBase$StartChild.call(ContainerBase.java:1201)
		at org.apache.catalina.core.ContainerBase$StartChild.call(ContainerBase.java:1191)
		at java.util.concurrent.FutureTask.run(FutureTask.java:266)
		at org.apache.tomcat.util.threads.InlineExecutorService.execute(InlineExecutorService.java:82)
		at java.util.concurrent.AbstractExecutorService.submit(AbstractExecutorService.java:134)
		at org.apache.catalina.core.ContainerBase.startInternal(ContainerBase.java:747)
		at org.apache.catalina.core.StandardEngine.startInternal(StandardEngine.java:209)
		at org.apache.catalina.util.LifecycleBase.start(LifecycleBase.java:164)
		at org.apache.catalina.core.StandardService.startInternal(StandardService.java:410)
		at org.apache.catalina.util.LifecycleBase.start(LifecycleBase.java:164)
		at org.apache.catalina.core.StandardServer.startInternal(StandardServer.java:872)
		at org.apache.catalina.util.LifecycleBase.start(LifecycleBase.java:164)
		at org.apache.catalina.startup.Catalina.start(Catalina.java:736)
		at sun.reflect.NativeMethodAccessorImpl.invoke0(Native Method)
		at sun.reflect.NativeMethodAccessorImpl.invoke(NativeMethodAccessorImpl.java:62)
		at sun.reflect.DelegatingMethodAccessorImpl.invoke(DelegatingMethodAccessorImpl.java:43)
		at java.lang.reflect.Method.invoke(Method.java:498)
		at org.apache.catalina.startup.Bootstrap.start(Bootstrap.java:342)
		at org.apache.catalina.startup.Bootstrap.main(Bootstrap.java:473)
	Caused by: org.apache.catalina.LifecycleException: Failed to start component [StandardEngine[Catalina].StandardHost[localhost].StandardContext[/employee-service]]
		at org.apache.catalina.util.LifecycleBase.handleSubClassException(LifecycleBase.java:404)
		at org.apache.catalina.util.LifecycleBase.start(LifecycleBase.java:179)
		at org.apache.catalina.core.ContainerBase.addChildInternal(ContainerBase.java:597)
		... 37 more
	Caused by: java.lang.IllegalArgumentException: More than one fragment with the name [spring_web] was found. This is not legal with relative ordering. See section 8.2.2 2c of the Servlet specification for details. Consider using absolute ordering. Duplicate fragments found in [[file:/Users/motocycopath/Desktop/java-full-stack-training/00-microservices-00/apache-tomcat-9.0.116/webapps/employee-service/WEB-INF/lib/spring-web-5.3.22.jar, file:/Users/motocycopath/Desktop/java-full-stack-training/00-microservices-00/apache-tomcat-9.0.116/webapps/employee-service/WEB-INF/lib/spring-web-5.3.30.jar]].
		at org.apache.tomcat.util.descriptor.web.WebXml.orderWebFragments(WebXml.java:2214)
		at org.apache.tomcat.util.descriptor.web.WebXml.orderWebFragments(WebXml.java:2171)
		at org.apache.catalina.startup.ContextConfig.webConfig(ContextConfig.java:1261)
		at org.apache.catalina.startup.ContextConfig.configureStart(ContextConfig.java:971)
		at org.apache.catalina.startup.ContextConfig.lifecycleEvent(ContextConfig.java:288)
		at org.apache.catalina.util.LifecycleBase.fireLifecycleEvent(LifecycleBase.java:109)
		at org.apache.catalina.core.StandardContext.startInternal(StandardContext.java:4395)
		at org.apache.catalina.util.LifecycleBase.start(LifecycleBase.java:164)
		... 38 more
30-Mar-2026 20:28:31.458 INFO [main] org.apache.catalina.startup.HostConfig.deployWAR Deployment of web application archive [/Users/motocycopath/Desktop/java-full-stack-training/00-microservices-00/apache-tomcat-9.0.116/webapps/employee-service.war] has finished in [295] ms
30-Mar-2026 20:28:31.459 INFO [main] org.apache.catalina.startup.HostConfig.deployDirectory Deploying web application directory [/Users/motocycopath/Desktop/java-full-stack-training/00-microservices-00/apache-tomcat-9.0.116/webapps/docs]
30-Mar-2026 20:28:31.591 INFO [main] org.apache.catalina.startup.HostConfig.deployDirectory Deployment of web application directory [/Users/motocycopath/Desktop/java-full-stack-training/00-microservices-00/apache-tomcat-9.0.116/webapps/docs] has finished in [131] ms
30-Mar-2026 20:28:31.591 INFO [main] org.apache.catalina.startup.HostConfig.deployDirectory Deploying web application directory [/Users/motocycopath/Desktop/java-full-stack-training/00-microservices-00/apache-tomcat-9.0.116/webapps/manager]
30-Mar-2026 20:28:31.632 INFO [main] org.apache.catalina.startup.HostConfig.deployDirectory Deployment of web application directory [/Users/motocycopath/Desktop/java-full-stack-training/00-microservices-00/apache-tomcat-9.0.116/webapps/manager] has finished in [41] ms
30-Mar-2026 20:28:31.632 INFO [main] org.apache.catalina.startup.HostConfig.deployDirectory Deploying web application directory [/Users/motocycopath/Desktop/java-full-stack-training/00-microservices-00/apache-tomcat-9.0.116/webapps/examples]
30-Mar-2026 20:28:31.934 INFO [main] org.apache.catalina.startup.HostConfig.deployDirectory Deployment of web application directory [/Users/motocycopath/Desktop/java-full-stack-training/00-microservices-00/apache-tomcat-9.0.116/webapps/examples] has finished in [301] ms
30-Mar-2026 20:28:31.934 INFO [main] org.apache.catalina.startup.HostConfig.deployDirectory Deploying web application directory [/Users/motocycopath/Desktop/java-full-stack-training/00-microservices-00/apache-tomcat-9.0.116/webapps/ROOT]
30-Mar-2026 20:28:31.951 INFO [main] org.apache.catalina.startup.HostConfig.deployDirectory Deployment of web application directory [/Users/motocycopath/Desktop/java-full-stack-training/00-microservices-00/apache-tomcat-9.0.116/webapps/ROOT] has finished in [17] ms
30-Mar-2026 20:28:31.951 INFO [main] org.apache.catalina.startup.HostConfig.deployDirectory Deploying web application directory [/Users/motocycopath/Desktop/java-full-stack-training/00-microservices-00/apache-tomcat-9.0.116/webapps/host-manager]
30-Mar-2026 20:28:31.981 INFO [main] org.apache.catalina.startup.HostConfig.deployDirectory Deployment of web application directory [/Users/motocycopath/Desktop/java-full-stack-training/00-microservices-00/apache-tomcat-9.0.116/webapps/host-manager] has finished in [30] ms
30-Mar-2026 20:28:31.989 INFO [main] org.apache.coyote.AbstractProtocol.start Starting ProtocolHandler ["http-nio-8080"]
30-Mar-2026 20:28:31.998 INFO [main] org.apache.catalina.startup.Catalina.start Server startup in [941] milliseconds
NOTE: Picked up JDK_JAVA_OPTIONS:  --add-opens=java.base/java.lang=ALL-UNNAMED --add-opens=java.base/java.lang.invoke=ALL-UNNAMED --add-opens=java.base/java.lang.reflect=ALL-UNNAMED --add-opens=java.base/java.io=ALL-UNNAMED --add-opens=java.base/java.util=ALL-UNNAMED --add-opens=java.base/java.util.concurrent=ALL-UNNAMED --add-opens=java.rmi/sun.rmi.transport=ALL-UNNAMED
30-Mar-2026 20:42:18.357 INFO [main] org.apache.catalina.core.StandardServer.await A valid shutdown command was received via the shutdown port. Stopping the Server instance.
30-Mar-2026 20:42:18.365 INFO [main] org.apache.coyote.AbstractProtocol.pause Pausing ProtocolHandler ["http-nio-8080"]
30-Mar-2026 20:42:18.391 INFO [main] org.apache.catalina.core.StandardService.stopInternal Stopping service [Catalina]
30-Mar-2026 20:42:18.477 INFO [main] org.apache.coyote.AbstractProtocol.stop Stopping ProtocolHandler ["http-nio-8080"]
30-Mar-2026 20:42:18.498 INFO [main] org.apache.coyote.AbstractProtocol.destroy Destroying ProtocolHandler ["http-nio-8080"]
30-Mar-2026 20:42:18.509 INFO [main] org.apache.catalina.startup.VersionLoggerListener.log Server version name:   Apache Tomcat/9.0.116
30-Mar-2026 20:42:18.511 INFO [main] org.apache.catalina.startup.VersionLoggerListener.log Server built:          Mar 16 2026 15:05:42 UTC
30-Mar-2026 20:42:18.511 INFO [main] org.apache.catalina.startup.VersionLoggerListener.log Server version number: 9.0.116.0
30-Mar-2026 20:42:18.511 INFO [main] org.apache.catalina.startup.VersionLoggerListener.log OS Name:               Mac OS X
30-Mar-2026 20:42:18.511 INFO [main] org.apache.catalina.startup.VersionLoggerListener.log OS Version:            15.5
30-Mar-2026 20:42:18.511 INFO [main] org.apache.catalina.startup.VersionLoggerListener.log Architecture:          aarch64
30-Mar-2026 20:42:18.511 INFO [main] org.apache.catalina.startup.VersionLoggerListener.log Java Home:             /Users/motocycopath/Library/Java/JavaVirtualMachines/jbr-17.0.14/Contents/Home
30-Mar-2026 20:42:18.512 INFO [main] org.apache.catalina.startup.VersionLoggerListener.log JVM Version:           17.0.14+1-b1367.22
30-Mar-2026 20:42:18.512 INFO [main] org.apache.catalina.startup.VersionLoggerListener.log JVM Vendor:            JetBrains s.r.o.
30-Mar-2026 20:42:18.512 INFO [main] org.apache.catalina.startup.VersionLoggerListener.log CATALINA_BASE:         /Users/motocycopath/Desktop/java-full-stack-training/00-microservices-00/apache-tomcat-9.0.116
30-Mar-2026 20:42:18.512 INFO [main] org.apache.catalina.startup.VersionLoggerListener.log CATALINA_HOME:         /Users/motocycopath/Desktop/java-full-stack-training/00-microservices-00/apache-tomcat-9.0.116
30-Mar-2026 20:42:18.518 INFO [main] org.apache.catalina.startup.VersionLoggerListener.log Command line argument: --add-opens=java.base/java.lang=ALL-UNNAMED
30-Mar-2026 20:42:18.518 INFO [main] org.apache.catalina.startup.VersionLoggerListener.log Command line argument: --add-opens=java.base/java.lang.invoke=ALL-UNNAMED
30-Mar-2026 20:42:18.518 INFO [main] org.apache.catalina.startup.VersionLoggerListener.log Command line argument: --add-opens=java.base/java.lang.reflect=ALL-UNNAMED
30-Mar-2026 20:42:18.518 INFO [main] org.apache.catalina.startup.VersionLoggerListener.log Command line argument: --add-opens=java.base/java.io=ALL-UNNAMED
30-Mar-2026 20:42:18.518 INFO [main] org.apache.catalina.startup.VersionLoggerListener.log Command line argument: --add-opens=java.base/java.util=ALL-UNNAMED
30-Mar-2026 20:42:18.519 INFO [main] org.apache.catalina.startup.VersionLoggerListener.log Command line argument: --add-opens=java.base/java.util.concurrent=ALL-UNNAMED
30-Mar-2026 20:42:18.519 INFO [main] org.apache.catalina.startup.VersionLoggerListener.log Command line argument: --add-opens=java.rmi/sun.rmi.transport=ALL-UNNAMED
30-Mar-2026 20:42:18.519 INFO [main] org.apache.catalina.startup.VersionLoggerListener.log Command line argument: -Djava.util.logging.config.file=/Users/motocycopath/Desktop/java-full-stack-training/00-microservices-00/apache-tomcat-9.0.116/conf/logging.properties
30-Mar-2026 20:42:18.519 INFO [main] org.apache.catalina.startup.VersionLoggerListener.log Command line argument: -Djava.util.logging.manager=org.apache.juli.ClassLoaderLogManager
30-Mar-2026 20:42:18.519 INFO [main] org.apache.catalina.startup.VersionLoggerListener.log Command line argument: -Djdk.tls.ephemeralDHKeySize=2048
30-Mar-2026 20:42:18.519 INFO [main] org.apache.catalina.startup.VersionLoggerListener.log Command line argument: -Djava.protocol.handler.pkgs=org.apache.catalina.webresources
30-Mar-2026 20:42:18.519 INFO [main] org.apache.catalina.startup.VersionLoggerListener.log Command line argument: -Dsun.io.useCanonCaches=false
30-Mar-2026 20:42:18.519 INFO [main] org.apache.catalina.startup.VersionLoggerListener.log Command line argument: -Dorg.apache.catalina.security.SecurityListener.UMASK=0027
30-Mar-2026 20:42:18.519 INFO [main] org.apache.catalina.startup.VersionLoggerListener.log Command line argument: -Dignore.endorsed.dirs=
30-Mar-2026 20:42:18.519 INFO [main] org.apache.catalina.startup.VersionLoggerListener.log Command line argument: -Dcatalina.base=/Users/motocycopath/Desktop/java-full-stack-training/00-microservices-00/apache-tomcat-9.0.116
30-Mar-2026 20:42:18.519 INFO [main] org.apache.catalina.startup.VersionLoggerListener.log Command line argument: -Dcatalina.home=/Users/motocycopath/Desktop/java-full-stack-training/00-microservices-00/apache-tomcat-9.0.116
30-Mar-2026 20:42:18.519 INFO [main] org.apache.catalina.startup.VersionLoggerListener.log Command line argument: -Djava.io.tmpdir=/Users/motocycopath/Desktop/java-full-stack-training/00-microservices-00/apache-tomcat-9.0.116/temp
30-Mar-2026 20:42:18.524 INFO [main] org.apache.catalina.core.AprLifecycleListener.lifecycleEvent The Apache Tomcat Native library which allows using OpenSSL was not found on the java.library.path: [/Users/motocycopath/Library/Java/Extensions:/Library/Java/Extensions:/Network/Library/Java/Extensions:/System/Library/Java/Extensions:/usr/lib/java:.]
30-Mar-2026 20:42:18.632 INFO [main] org.apache.coyote.AbstractProtocol.init Initializing ProtocolHandler ["http-nio-8080"]
30-Mar-2026 20:42:18.642 INFO [main] org.apache.catalina.startup.Catalina.load Server initialization in [206] milliseconds
30-Mar-2026 20:42:18.657 INFO [main] org.apache.catalina.core.StandardService.startInternal Starting service [Catalina]
30-Mar-2026 20:42:18.657 INFO [main] org.apache.catalina.core.StandardEngine.startInternal Starting Servlet engine: [Apache Tomcat/9.0.116]
30-Mar-2026 20:42:18.661 INFO [main] org.apache.catalina.startup.HostConfig.deployWAR Deploying web application archive [/Users/motocycopath/Desktop/java-full-stack-training/00-microservices-00/apache-tomcat-9.0.116/webapps/employee-service.war]
30-Mar-2026 20:42:18.754 SEVERE [main] org.apache.catalina.startup.HostConfig.deployWAR Error deploying web application archive [/Users/motocycopath/Desktop/java-full-stack-training/00-microservices-00/apache-tomcat-9.0.116/webapps/employee-service.war]
	java.lang.IllegalStateException: Error starting child
		at org.apache.catalina.core.ContainerBase.addChildInternal(ContainerBase.java:600)
		at org.apache.catalina.core.ContainerBase.addChild(ContainerBase.java:569)
		at org.apache.catalina.core.StandardHost.addChild(StandardHost.java:608)
		at org.apache.catalina.startup.HostConfig.deployWAR(HostConfig.java:1010)
		at org.apache.catalina.startup.HostConfig$DeployWar.run(HostConfig.java:1858)
		at java.base/java.util.concurrent.Executors$RunnableAdapter.call(Executors.java:539)
		at java.base/java.util.concurrent.FutureTask.run(FutureTask.java:264)
		at org.apache.tomcat.util.threads.InlineExecutorService.execute(InlineExecutorService.java:82)
		at java.base/java.util.concurrent.AbstractExecutorService.submit(AbstractExecutorService.java:123)
		at org.apache.catalina.startup.HostConfig.deployWARs(HostConfig.java:814)
		at org.apache.catalina.startup.HostConfig.deployApps(HostConfig.java:465)
		at org.apache.catalina.startup.HostConfig.start(HostConfig.java:1576)
		at org.apache.catalina.startup.HostConfig.lifecycleEvent(HostConfig.java:309)
		at org.apache.catalina.util.LifecycleBase.fireLifecycleEvent(LifecycleBase.java:109)
		at org.apache.catalina.util.LifecycleBase.setStateInternal(LifecycleBase.java:389)
		at org.apache.catalina.util.LifecycleBase.setState(LifecycleBase.java:336)
		at org.apache.catalina.core.ContainerBase.startInternal(ContainerBase.java:774)
		at org.apache.catalina.core.StandardHost.startInternal(StandardHost.java:726)
		at org.apache.catalina.util.LifecycleBase.start(LifecycleBase.java:164)
		at org.apache.catalina.core.ContainerBase$StartChild.call(ContainerBase.java:1201)
		at org.apache.catalina.core.ContainerBase$StartChild.call(ContainerBase.java:1191)
		at java.base/java.util.concurrent.FutureTask.run(FutureTask.java:264)
		at org.apache.tomcat.util.threads.InlineExecutorService.execute(InlineExecutorService.java:82)
		at java.base/java.util.concurrent.AbstractExecutorService.submit(AbstractExecutorService.java:145)
		at org.apache.catalina.core.ContainerBase.startInternal(ContainerBase.java:747)
		at org.apache.catalina.core.StandardEngine.startInternal(StandardEngine.java:209)
		at org.apache.catalina.util.LifecycleBase.start(LifecycleBase.java:164)
		at org.apache.catalina.core.StandardService.startInternal(StandardService.java:410)
		at org.apache.catalina.util.LifecycleBase.start(LifecycleBase.java:164)
		at org.apache.catalina.core.StandardServer.startInternal(StandardServer.java:872)
		at org.apache.catalina.util.LifecycleBase.start(LifecycleBase.java:164)
		at org.apache.catalina.startup.Catalina.start(Catalina.java:736)
		at java.base/jdk.internal.reflect.NativeMethodAccessorImpl.invoke0(Native Method)
		at java.base/jdk.internal.reflect.NativeMethodAccessorImpl.invoke(NativeMethodAccessorImpl.java:77)
		at java.base/jdk.internal.reflect.DelegatingMethodAccessorImpl.invoke(DelegatingMethodAccessorImpl.java:43)
		at java.base/java.lang.reflect.Method.invoke(Method.java:569)
		at org.apache.catalina.startup.Bootstrap.start(Bootstrap.java:342)
		at org.apache.catalina.startup.Bootstrap.main(Bootstrap.java:473)
	Caused by: org.apache.catalina.LifecycleException: Failed to start component [StandardEngine[Catalina].StandardHost[localhost].StandardContext[/employee-service]]
		at org.apache.catalina.util.LifecycleBase.handleSubClassException(LifecycleBase.java:404)
		at org.apache.catalina.util.LifecycleBase.start(LifecycleBase.java:179)
		at org.apache.catalina.core.ContainerBase.addChildInternal(ContainerBase.java:597)
		... 37 more
	Caused by: java.lang.IllegalArgumentException: More than one fragment with the name [spring_web] was found. This is not legal with relative ordering. See section 8.2.2 2c of the Servlet specification for details. Consider using absolute ordering. Duplicate fragments found in [[file:/Users/motocycopath/Desktop/java-full-stack-training/00-microservices-00/apache-tomcat-9.0.116/webapps/employee-service/WEB-INF/lib/spring-web-5.3.22.jar, file:/Users/motocycopath/Desktop/java-full-stack-training/00-microservices-00/apache-tomcat-9.0.116/webapps/employee-service/WEB-INF/lib/spring-web-5.3.30.jar]].
		at org.apache.tomcat.util.descriptor.web.WebXml.orderWebFragments(WebXml.java:2214)
		at org.apache.tomcat.util.descriptor.web.WebXml.orderWebFragments(WebXml.java:2171)
		at org.apache.catalina.startup.ContextConfig.webConfig(ContextConfig.java:1261)
		at org.apache.catalina.startup.ContextConfig.configureStart(ContextConfig.java:971)
		at org.apache.catalina.startup.ContextConfig.lifecycleEvent(ContextConfig.java:288)
		at org.apache.catalina.util.LifecycleBase.fireLifecycleEvent(LifecycleBase.java:109)
		at org.apache.catalina.core.StandardContext.startInternal(StandardContext.java:4395)
		at org.apache.catalina.util.LifecycleBase.start(LifecycleBase.java:164)
		... 38 more
30-Mar-2026 20:42:18.755 INFO [main] org.apache.catalina.startup.HostConfig.deployWAR Deployment of web application archive [/Users/motocycopath/Desktop/java-full-stack-training/00-microservices-00/apache-tomcat-9.0.116/webapps/employee-service.war] has finished in [94] ms
30-Mar-2026 20:42:18.755 INFO [main] org.apache.catalina.startup.HostConfig.deployDirectory Deploying web application directory [/Users/motocycopath/Desktop/java-full-stack-training/00-microservices-00/apache-tomcat-9.0.116/webapps/docs]
30-Mar-2026 20:42:18.808 INFO [main] org.apache.catalina.startup.HostConfig.deployDirectory Deployment of web application directory [/Users/motocycopath/Desktop/java-full-stack-training/00-microservices-00/apache-tomcat-9.0.116/webapps/docs] has finished in [53] ms
30-Mar-2026 20:42:18.808 INFO [main] org.apache.catalina.startup.HostConfig.deployDirectory Deploying web application directory [/Users/motocycopath/Desktop/java-full-stack-training/00-microservices-00/apache-tomcat-9.0.116/webapps/manager]
30-Mar-2026 20:42:18.822 INFO [main] org.apache.catalina.startup.HostConfig.deployDirectory Deployment of web application directory [/Users/motocycopath/Desktop/java-full-stack-training/00-microservices-00/apache-tomcat-9.0.116/webapps/manager] has finished in [14] ms
30-Mar-2026 20:42:18.822 INFO [main] org.apache.catalina.startup.HostConfig.deployDirectory Deploying web application directory [/Users/motocycopath/Desktop/java-full-stack-training/00-microservices-00/apache-tomcat-9.0.116/webapps/examples]
30-Mar-2026 20:42:18.899 INFO [main] org.apache.catalina.startup.HostConfig.deployDirectory Deployment of web application directory [/Users/motocycopath/Desktop/java-full-stack-training/00-microservices-00/apache-tomcat-9.0.116/webapps/examples] has finished in [77] ms
30-Mar-2026 20:42:18.899 INFO [main] org.apache.catalina.startup.HostConfig.deployDirectory Deploying web application directory [/Users/motocycopath/Desktop/java-full-stack-training/00-microservices-00/apache-tomcat-9.0.116/webapps/ROOT]
30-Mar-2026 20:42:18.905 INFO [main] org.apache.catalina.startup.HostConfig.deployDirectory Deployment of web application directory [/Users/motocycopath/Desktop/java-full-stack-training/00-microservices-00/apache-tomcat-9.0.116/webapps/ROOT] has finished in [6] ms
30-Mar-2026 20:42:18.905 INFO [main] org.apache.catalina.startup.HostConfig.deployDirectory Deploying web application directory [/Users/motocycopath/Desktop/java-full-stack-training/00-microservices-00/apache-tomcat-9.0.116/webapps/host-manager]
30-Mar-2026 20:42:18.912 INFO [main] org.apache.catalina.startup.HostConfig.deployDirectory Deployment of web application directory [/Users/motocycopath/Desktop/java-full-stack-training/00-microservices-00/apache-tomcat-9.0.116/webapps/host-manager] has finished in [7] ms
30-Mar-2026 20:42:18.913 INFO [main] org.apache.coyote.AbstractProtocol.start Starting ProtocolHandler ["http-nio-8080"]
30-Mar-2026 20:42:18.917 INFO [main] org.apache.catalina.startup.Catalina.start Server startup in [274] milliseconds
30-Mar-2026 20:48:54.070 INFO [main] org.apache.catalina.core.StandardServer.await A valid shutdown command was received via the shutdown port. Stopping the Server instance.
30-Mar-2026 20:48:54.072 INFO [main] org.apache.coyote.AbstractProtocol.pause Pausing ProtocolHandler ["http-nio-8080"]
30-Mar-2026 20:48:54.076 INFO [main] org.apache.catalina.core.StandardService.stopInternal Stopping service [Catalina]
30-Mar-2026 20:48:54.093 INFO [main] org.apache.coyote.AbstractProtocol.stop Stopping ProtocolHandler ["http-nio-8080"]
30-Mar-2026 20:48:54.102 INFO [main] org.apache.coyote.AbstractProtocol.destroy Destroying ProtocolHandler ["http-nio-8080"]
NOTE: Picked up JDK_JAVA_OPTIONS:  --add-opens=java.base/java.lang=ALL-UNNAMED --add-opens=java.base/java.lang.invoke=ALL-UNNAMED --add-opens=java.base/java.lang.reflect=ALL-UNNAMED --add-opens=java.base/java.io=ALL-UNNAMED --add-opens=java.base/java.util=ALL-UNNAMED --add-opens=java.base/java.util.concurrent=ALL-UNNAMED --add-opens=java.rmi/sun.rmi.transport=ALL-UNNAMED
30-Mar-2026 20:48:54.249 INFO [main] org.apache.catalina.startup.VersionLoggerListener.log Server version name:   Apache Tomcat/9.0.116
30-Mar-2026 20:48:54.251 INFO [main] org.apache.catalina.startup.VersionLoggerListener.log Server built:          Mar 16 2026 15:05:42 UTC
30-Mar-2026 20:48:54.251 INFO [main] org.apache.catalina.startup.VersionLoggerListener.log Server version number: 9.0.116.0
30-Mar-2026 20:48:54.251 INFO [main] org.apache.catalina.startup.VersionLoggerListener.log OS Name:               Mac OS X
30-Mar-2026 20:48:54.251 INFO [main] org.apache.catalina.startup.VersionLoggerListener.log OS Version:            15.5
30-Mar-2026 20:48:54.251 INFO [main] org.apache.catalina.startup.VersionLoggerListener.log Architecture:          aarch64
30-Mar-2026 20:48:54.251 INFO [main] org.apache.catalina.startup.VersionLoggerListener.log Java Home:             /Users/motocycopath/Library/Java/JavaVirtualMachines/jbr-17.0.14/Contents/Home
30-Mar-2026 20:48:54.251 INFO [main] org.apache.catalina.startup.VersionLoggerListener.log JVM Version:           17.0.14+1-b1367.22
30-Mar-2026 20:48:54.251 INFO [main] org.apache.catalina.startup.VersionLoggerListener.log JVM Vendor:            JetBrains s.r.o.
30-Mar-2026 20:48:54.251 INFO [main] org.apache.catalina.startup.VersionLoggerListener.log CATALINA_BASE:         /Users/motocycopath/Desktop/java-full-stack-training/00-microservices-00/apache-tomcat-9.0.116
30-Mar-2026 20:48:54.251 INFO [main] org.apache.catalina.startup.VersionLoggerListener.log CATALINA_HOME:         /Users/motocycopath/Desktop/java-full-stack-training/00-microservices-00/apache-tomcat-9.0.116
30-Mar-2026 20:48:54.257 INFO [main] org.apache.catalina.startup.VersionLoggerListener.log Command line argument: --add-opens=java.base/java.lang=ALL-UNNAMED
30-Mar-2026 20:48:54.257 INFO [main] org.apache.catalina.startup.VersionLoggerListener.log Command line argument: --add-opens=java.base/java.lang.invoke=ALL-UNNAMED
30-Mar-2026 20:48:54.257 INFO [main] org.apache.catalina.startup.VersionLoggerListener.log Command line argument: --add-opens=java.base/java.lang.reflect=ALL-UNNAMED
30-Mar-2026 20:48:54.257 INFO [main] org.apache.catalina.startup.VersionLoggerListener.log Command line argument: --add-opens=java.base/java.io=ALL-UNNAMED
30-Mar-2026 20:48:54.257 INFO [main] org.apache.catalina.startup.VersionLoggerListener.log Command line argument: --add-opens=java.base/java.util=ALL-UNNAMED
30-Mar-2026 20:48:54.257 INFO [main] org.apache.catalina.startup.VersionLoggerListener.log Command line argument: --add-opens=java.base/java.util.concurrent=ALL-UNNAMED
30-Mar-2026 20:48:54.257 INFO [main] org.apache.catalina.startup.VersionLoggerListener.log Command line argument: --add-opens=java.rmi/sun.rmi.transport=ALL-UNNAMED
30-Mar-2026 20:48:54.257 INFO [main] org.apache.catalina.startup.VersionLoggerListener.log Command line argument: -Djava.util.logging.config.file=/Users/motocycopath/Desktop/java-full-stack-training/00-microservices-00/apache-tomcat-9.0.116/conf/logging.properties
30-Mar-2026 20:48:54.257 INFO [main] org.apache.catalina.startup.VersionLoggerListener.log Command line argument: -Djava.util.logging.manager=org.apache.juli.ClassLoaderLogManager
30-Mar-2026 20:48:54.257 INFO [main] org.apache.catalina.startup.VersionLoggerListener.log Command line argument: -Djdk.tls.ephemeralDHKeySize=2048
30-Mar-2026 20:48:54.257 INFO [main] org.apache.catalina.startup.VersionLoggerListener.log Command line argument: -Djava.protocol.handler.pkgs=org.apache.catalina.webresources
30-Mar-2026 20:48:54.257 INFO [main] org.apache.catalina.startup.VersionLoggerListener.log Command line argument: -Dsun.io.useCanonCaches=false
30-Mar-2026 20:48:54.257 INFO [main] org.apache.catalina.startup.VersionLoggerListener.log Command line argument: -Dorg.apache.catalina.security.SecurityListener.UMASK=0027
30-Mar-2026 20:48:54.257 INFO [main] org.apache.catalina.startup.VersionLoggerListener.log Command line argument: -Dignore.endorsed.dirs=
30-Mar-2026 20:48:54.257 INFO [main] org.apache.catalina.startup.VersionLoggerListener.log Command line argument: -Dcatalina.base=/Users/motocycopath/Desktop/java-full-stack-training/00-microservices-00/apache-tomcat-9.0.116
30-Mar-2026 20:48:54.257 INFO [main] org.apache.catalina.startup.VersionLoggerListener.log Command line argument: -Dcatalina.home=/Users/motocycopath/Desktop/java-full-stack-training/00-microservices-00/apache-tomcat-9.0.116
30-Mar-2026 20:48:54.257 INFO [main] org.apache.catalina.startup.VersionLoggerListener.log Command line argument: -Djava.io.tmpdir=/Users/motocycopath/Desktop/java-full-stack-training/00-microservices-00/apache-tomcat-9.0.116/temp
30-Mar-2026 20:48:54.261 INFO [main] org.apache.catalina.core.AprLifecycleListener.lifecycleEvent The Apache Tomcat Native library which allows using OpenSSL was not found on the java.library.path: [/Users/motocycopath/Library/Java/Extensions:/Library/Java/Extensions:/Network/Library/Java/Extensions:/System/Library/Java/Extensions:/usr/lib/java:.]
30-Mar-2026 20:48:54.366 INFO [main] org.apache.coyote.AbstractProtocol.init Initializing ProtocolHandler ["http-nio-8080"]
30-Mar-2026 20:48:54.378 INFO [main] org.apache.catalina.startup.Catalina.load Server initialization in [195] milliseconds
30-Mar-2026 20:48:54.393 INFO [main] org.apache.catalina.core.StandardService.startInternal Starting service [Catalina]
30-Mar-2026 20:48:54.393 INFO [main] org.apache.catalina.core.StandardEngine.startInternal Starting Servlet engine: [Apache Tomcat/9.0.116]
30-Mar-2026 20:48:54.398 INFO [main] org.apache.catalina.startup.HostConfig.deployWAR Deploying web application archive [/Users/motocycopath/Desktop/java-full-stack-training/00-microservices-00/apache-tomcat-9.0.116/webapps/employee-service.war]
30-Mar-2026 20:48:55.219 INFO [main] org.apache.jasper.servlet.TldScanner.scanJars At least one JAR was scanned for TLDs yet contained no TLDs. Enable debug logging for this logger for a complete list of JARs that were scanned but no TLDs were found in them. Skipping unneeded JARs during scanning can improve startup time and JSP compilation time.
30-Mar-2026 20:48:55.231 INFO [main] org.springframework.web.context.ContextLoader.initWebApplicationContext Root WebApplicationContext: initialization started
30-Mar-2026 20:48:55.350 INFO [main] org.springframework.data.repository.config.RepositoryConfigurationDelegate.registerRepositoriesIn Bootstrapping Spring Data JPA repositories in DEFAULT mode.
30-Mar-2026 20:48:55.363 INFO [main] org.springframework.data.repository.config.RepositoryConfigurationDelegate.registerRepositoriesIn Finished Spring Data repository scanning in 5 ms. Found 0 JPA repository interfaces.
30-Mar-2026 20:48:55.454 WARNING [main] org.springframework.context.support.AbstractApplicationContext.refresh Exception encountered during context initialization - cancelling refresh attempt: org.springframework.beans.factory.BeanInitializationException: Could not load properties; nested exception is java.io.FileNotFoundException: class path resource [com/accenture/ltt/resources/cst_conn.properties] cannot be opened because it does not exist
30-Mar-2026 20:48:55.458 SEVERE [main] org.springframework.web.context.ContextLoader.initWebApplicationContext Context initialization failed
	org.springframework.beans.factory.BeanInitializationException: Could not load properties; nested exception is java.io.FileNotFoundException: class path resource [com/accenture/ltt/resources/cst_conn.properties] cannot be opened because it does not exist
		at org.springframework.beans.factory.config.PropertyResourceConfigurer.postProcessBeanFactory(PropertyResourceConfigurer.java:89)
		at org.springframework.context.support.PostProcessorRegistrationDelegate.invokeBeanFactoryPostProcessors(PostProcessorRegistrationDelegate.java:325)
		at org.springframework.context.support.PostProcessorRegistrationDelegate.invokeBeanFactoryPostProcessors(PostProcessorRegistrationDelegate.java:183)
		at org.springframework.context.support.AbstractApplicationContext.invokeBeanFactoryPostProcessors(AbstractApplicationContext.java:748)
		at org.springframework.context.support.AbstractApplicationContext.refresh(AbstractApplicationContext.java:564)
		at org.springframework.web.context.ContextLoader.configureAndRefreshWebApplicationContext(ContextLoader.java:401)
		at org.springframework.web.context.ContextLoader.initWebApplicationContext(ContextLoader.java:292)
		at org.springframework.web.context.ContextLoaderListener.contextInitialized(ContextLoaderListener.java:103)
		at org.apache.catalina.core.StandardContext.listenerStart(StandardContext.java:4047)
		at org.apache.catalina.core.StandardContext.startInternal(StandardContext.java:4489)
		at org.apache.catalina.util.LifecycleBase.start(LifecycleBase.java:164)
		at org.apache.catalina.core.ContainerBase.addChildInternal(ContainerBase.java:597)
		at org.apache.catalina.core.ContainerBase.addChild(ContainerBase.java:569)
		at org.apache.catalina.core.StandardHost.addChild(StandardHost.java:608)
		at org.apache.catalina.startup.HostConfig.deployWAR(HostConfig.java:1010)
		at org.apache.catalina.startup.HostConfig$DeployWar.run(HostConfig.java:1858)
		at java.base/java.util.concurrent.Executors$RunnableAdapter.call(Executors.java:539)
		at java.base/java.util.concurrent.FutureTask.run(FutureTask.java:264)
		at org.apache.tomcat.util.threads.InlineExecutorService.execute(InlineExecutorService.java:82)
		at java.base/java.util.concurrent.AbstractExecutorService.submit(AbstractExecutorService.java:123)
		at org.apache.catalina.startup.HostConfig.deployWARs(HostConfig.java:814)
		at org.apache.catalina.startup.HostConfig.deployApps(HostConfig.java:465)
		at org.apache.catalina.startup.HostConfig.start(HostConfig.java:1576)
		at org.apache.catalina.startup.HostConfig.lifecycleEvent(HostConfig.java:309)
		at org.apache.catalina.util.LifecycleBase.fireLifecycleEvent(LifecycleBase.java:109)
		at org.apache.catalina.util.LifecycleBase.setStateInternal(LifecycleBase.java:389)
		at org.apache.catalina.util.LifecycleBase.setState(LifecycleBase.java:336)
		at org.apache.catalina.core.ContainerBase.startInternal(ContainerBase.java:774)
		at org.apache.catalina.core.StandardHost.startInternal(StandardHost.java:726)
		at org.apache.catalina.util.LifecycleBase.start(LifecycleBase.java:164)
		at org.apache.catalina.core.ContainerBase$StartChild.call(ContainerBase.java:1201)
		at org.apache.catalina.core.ContainerBase$StartChild.call(ContainerBase.java:1191)
		at java.base/java.util.concurrent.FutureTask.run(FutureTask.java:264)
		at org.apache.tomcat.util.threads.InlineExecutorService.execute(InlineExecutorService.java:82)
		at java.base/java.util.concurrent.AbstractExecutorService.submit(AbstractExecutorService.java:145)
		at org.apache.catalina.core.ContainerBase.startInternal(ContainerBase.java:747)
		at org.apache.catalina.core.StandardEngine.startInternal(StandardEngine.java:209)
		at org.apache.catalina.util.LifecycleBase.start(LifecycleBase.java:164)
		at org.apache.catalina.core.StandardService.startInternal(StandardService.java:410)
		at org.apache.catalina.util.LifecycleBase.start(LifecycleBase.java:164)
		at org.apache.catalina.core.StandardServer.startInternal(StandardServer.java:872)
		at org.apache.catalina.util.LifecycleBase.start(LifecycleBase.java:164)
		at org.apache.catalina.startup.Catalina.start(Catalina.java:736)
		at java.base/jdk.internal.reflect.NativeMethodAccessorImpl.invoke0(Native Method)
		at java.base/jdk.internal.reflect.NativeMethodAccessorImpl.invoke(NativeMethodAccessorImpl.java:77)
		at java.base/jdk.internal.reflect.DelegatingMethodAccessorImpl.invoke(DelegatingMethodAccessorImpl.java:43)
		at java.base/java.lang.reflect.Method.invoke(Method.java:569)
		at org.apache.catalina.startup.Bootstrap.start(Bootstrap.java:342)
		at org.apache.catalina.startup.Bootstrap.main(Bootstrap.java:473)
	Caused by: java.io.FileNotFoundException: class path resource [com/accenture/ltt/resources/cst_conn.properties] cannot be opened because it does not exist
		at org.springframework.core.io.ClassPathResource.getInputStream(ClassPathResource.java:199)
		at org.springframework.core.io.support.EncodedResource.getInputStream(EncodedResource.java:159)
		at org.springframework.core.io.support.PropertiesLoaderUtils.fillProperties(PropertiesLoaderUtils.java:110)
		at org.springframework.core.io.support.PropertiesLoaderSupport.loadProperties(PropertiesLoaderSupport.java:181)
		at org.springframework.core.io.support.PropertiesLoaderSupport.mergeProperties(PropertiesLoaderSupport.java:162)
		at org.springframework.beans.factory.config.PropertyResourceConfigurer.postProcessBeanFactory(PropertyResourceConfigurer.java:80)
		... 48 more
30-Mar-2026 20:48:55.459 SEVERE [main] org.apache.catalina.core.StandardContext.startInternal One or more listeners failed to start. Full details will be found in the appropriate container log file
30-Mar-2026 20:48:55.466 SEVERE [main] org.apache.catalina.core.StandardContext.startInternal Context [/employee-service] startup failed due to previous errors
30-Mar-2026 20:48:55.471 INFO [main] org.apache.catalina.startup.HostConfig.deployWAR Deployment of web application archive [/Users/motocycopath/Desktop/java-full-stack-training/00-microservices-00/apache-tomcat-9.0.116/webapps/employee-service.war] has finished in [1,073] ms
30-Mar-2026 20:48:55.472 INFO [main] org.apache.catalina.startup.HostConfig.deployDirectory Deploying web application directory [/Users/motocycopath/Desktop/java-full-stack-training/00-microservices-00/apache-tomcat-9.0.116/webapps/docs]
30-Mar-2026 20:48:55.484 INFO [main] org.apache.catalina.startup.HostConfig.deployDirectory Deployment of web application directory [/Users/motocycopath/Desktop/java-full-stack-training/00-microservices-00/apache-tomcat-9.0.116/webapps/docs] has finished in [11] ms
30-Mar-2026 20:48:55.484 INFO [main] org.apache.catalina.startup.HostConfig.deployDirectory Deploying web application directory [/Users/motocycopath/Desktop/java-full-stack-training/00-microservices-00/apache-tomcat-9.0.116/webapps/manager]
30-Mar-2026 20:48:55.494 INFO [main] org.apache.catalina.startup.HostConfig.deployDirectory Deployment of web application directory [/Users/motocycopath/Desktop/java-full-stack-training/00-microservices-00/apache-tomcat-9.0.116/webapps/manager] has finished in [10] ms
30-Mar-2026 20:48:55.494 INFO [main] org.apache.catalina.startup.HostConfig.deployDirectory Deploying web application directory [/Users/motocycopath/Desktop/java-full-stack-training/00-microservices-00/apache-tomcat-9.0.116/webapps/examples]
30-Mar-2026 20:48:55.556 INFO [main] org.apache.catalina.startup.HostConfig.deployDirectory Deployment of web application directory [/Users/motocycopath/Desktop/java-full-stack-training/00-microservices-00/apache-tomcat-9.0.116/webapps/examples] has finished in [62] ms
30-Mar-2026 20:48:55.556 INFO [main] org.apache.catalina.startup.HostConfig.deployDirectory Deploying web application directory [/Users/motocycopath/Desktop/java-full-stack-training/00-microservices-00/apache-tomcat-9.0.116/webapps/ROOT]
30-Mar-2026 20:48:55.562 INFO [main] org.apache.catalina.startup.HostConfig.deployDirectory Deployment of web application directory [/Users/motocycopath/Desktop/java-full-stack-training/00-microservices-00/apache-tomcat-9.0.116/webapps/ROOT] has finished in [6] ms
30-Mar-2026 20:48:55.562 INFO [main] org.apache.catalina.startup.HostConfig.deployDirectory Deploying web application directory [/Users/motocycopath/Desktop/java-full-stack-training/00-microservices-00/apache-tomcat-9.0.116/webapps/host-manager]
30-Mar-2026 20:48:55.569 INFO [main] org.apache.catalina.startup.HostConfig.deployDirectory Deployment of web application directory [/Users/motocycopath/Desktop/java-full-stack-training/00-microservices-00/apache-tomcat-9.0.116/webapps/host-manager] has finished in [7] ms
30-Mar-2026 20:48:55.570 INFO [main] org.apache.coyote.AbstractProtocol.start Starting ProtocolHandler ["http-nio-8080"]
30-Mar-2026 20:48:55.577 INFO [main] org.apache.catalina.startup.Catalina.start Server startup in [1198] milliseconds
30-Mar-2026 20:50:25.653 INFO [Catalina-utility-1] org.apache.catalina.startup.HostConfig.undeploy Undeploying context [/employee-service]
30-Mar-2026 20:51:15.737 INFO [Catalina-utility-2] org.apache.catalina.startup.HostConfig.deployDirectory Deploying web application directory [/Users/motocycopath/Desktop/java-full-stack-training/00-microservices-00/apache-tomcat-9.0.116/webapps/employee-service]
30-Mar-2026 20:51:15.769 INFO [Catalina-utility-2] org.apache.catalina.startup.HostConfig.deployDirectory Deployment of web application directory [/Users/motocycopath/Desktop/java-full-stack-training/00-microservices-00/apache-tomcat-9.0.116/webapps/employee-service] has finished in [32] ms
30-Mar-2026 20:52:05.825 INFO [Catalina-utility-1] org.apache.catalina.startup.HostConfig.reload Reloading context [/employee-service]
30-Mar-2026 20:52:05.827 INFO [Catalina-utility-1] org.apache.catalina.core.StandardContext.reload Reloading Context with name [/employee-service] has started
30-Mar-2026 20:52:06.481 INFO [Catalina-utility-1] org.apache.jasper.servlet.TldScanner.scanJars At least one JAR was scanned for TLDs yet contained no TLDs. Enable debug logging for this logger for a complete list of JARs that were scanned but no TLDs were found in them. Skipping unneeded JARs during scanning can improve startup time and JSP compilation time.
30-Mar-2026 20:52:06.490 INFO [Catalina-utility-1] org.springframework.web.context.ContextLoader.initWebApplicationContext Root WebApplicationContext: initialization started
30-Mar-2026 20:52:06.559 INFO [Catalina-utility-1] org.springframework.data.repository.config.RepositoryConfigurationDelegate.registerRepositoriesIn Bootstrapping Spring Data JPA repositories in DEFAULT mode.
30-Mar-2026 20:52:06.565 INFO [Catalina-utility-1] org.springframework.data.repository.config.RepositoryConfigurationDelegate.registerRepositoriesIn Finished Spring Data repository scanning in 1 ms. Found 0 JPA repository interfaces.
30-Mar-2026 20:52:06.607 WARNING [Catalina-utility-1] org.springframework.context.support.AbstractApplicationContext.refresh Exception encountered during context initialization - cancelling refresh attempt: org.springframework.beans.factory.BeanInitializationException: Could not load properties; nested exception is java.io.FileNotFoundException: class path resource [com/accenture/ltt/resources/cst_conn.properties] cannot be opened because it does not exist
30-Mar-2026 20:52:06.608 SEVERE [Catalina-utility-1] org.springframework.web.context.ContextLoader.initWebApplicationContext Context initialization failed
	org.springframework.beans.factory.BeanInitializationException: Could not load properties; nested exception is java.io.FileNotFoundException: class path resource [com/accenture/ltt/resources/cst_conn.properties] cannot be opened because it does not exist
		at org.springframework.beans.factory.config.PropertyResourceConfigurer.postProcessBeanFactory(PropertyResourceConfigurer.java:89)
		at org.springframework.context.support.PostProcessorRegistrationDelegate.invokeBeanFactoryPostProcessors(PostProcessorRegistrationDelegate.java:325)
		at org.springframework.context.support.PostProcessorRegistrationDelegate.invokeBeanFactoryPostProcessors(PostProcessorRegistrationDelegate.java:183)
		at org.springframework.context.support.AbstractApplicationContext.invokeBeanFactoryPostProcessors(AbstractApplicationContext.java:746)
		at org.springframework.context.support.AbstractApplicationContext.refresh(AbstractApplicationContext.java:564)
		at org.springframework.web.context.ContextLoader.configureAndRefreshWebApplicationContext(ContextLoader.java:401)
		at org.springframework.web.context.ContextLoader.initWebApplicationContext(ContextLoader.java:292)
		at org.springframework.web.context.ContextLoaderListener.contextInitialized(ContextLoaderListener.java:103)
		at org.apache.catalina.core.StandardContext.listenerStart(StandardContext.java:4047)
		at org.apache.catalina.core.StandardContext.startInternal(StandardContext.java:4489)
		at org.apache.catalina.util.LifecycleBase.start(LifecycleBase.java:164)
		at org.apache.catalina.core.StandardContext.reload(StandardContext.java:3258)
		at org.apache.catalina.startup.HostConfig.reload(HostConfig.java:1411)
		at org.apache.catalina.startup.HostConfig.checkResources(HostConfig.java:1386)
		at org.apache.catalina.startup.HostConfig.check(HostConfig.java:1612)
		at org.apache.catalina.startup.HostConfig.lifecycleEvent(HostConfig.java:305)
		at org.apache.catalina.util.LifecycleBase.fireLifecycleEvent(LifecycleBase.java:109)
		at org.apache.catalina.core.ContainerBase.backgroundProcess(ContainerBase.java:971)
		at org.apache.catalina.core.ContainerBase$ContainerBackgroundProcessor.processChildren(ContainerBase.java:1170)
		at org.apache.catalina.core.ContainerBase$ContainerBackgroundProcessor.processChildren(ContainerBase.java:1174)
		at org.apache.catalina.core.ContainerBase$ContainerBackgroundProcessor.run(ContainerBase.java:1152)
		at java.base/java.util.concurrent.Executors$RunnableAdapter.call(Executors.java:539)
		at java.base/java.util.concurrent.FutureTask.runAndReset(FutureTask.java:305)
		at java.base/java.util.concurrent.ScheduledThreadPoolExecutor$ScheduledFutureTask.run(ScheduledThreadPoolExecutor.java:305)
		at java.base/java.util.concurrent.ThreadPoolExecutor.runWorker(ThreadPoolExecutor.java:1136)
		at java.base/java.util.concurrent.ThreadPoolExecutor$Worker.run(ThreadPoolExecutor.java:635)
		at org.apache.tomcat.util.threads.TaskThread$WrappingRunnable.run(TaskThread.java:63)
		at java.base/java.lang.Thread.run(Thread.java:840)
	Caused by: java.io.FileNotFoundException: class path resource [com/accenture/ltt/resources/cst_conn.properties] cannot be opened because it does not exist
		at org.springframework.core.io.ClassPathResource.getInputStream(ClassPathResource.java:199)
		at org.springframework.core.io.support.EncodedResource.getInputStream(EncodedResource.java:159)
		at org.springframework.core.io.support.PropertiesLoaderUtils.fillProperties(PropertiesLoaderUtils.java:110)
		at org.springframework.core.io.support.PropertiesLoaderSupport.loadProperties(PropertiesLoaderSupport.java:181)
		at org.springframework.core.io.support.PropertiesLoaderSupport.mergeProperties(PropertiesLoaderSupport.java:162)
		at org.springframework.beans.factory.config.PropertyResourceConfigurer.postProcessBeanFactory(PropertyResourceConfigurer.java:80)
		... 27 more
30-Mar-2026 20:52:06.608 SEVERE [Catalina-utility-1] org.apache.catalina.core.StandardContext.startInternal One or more listeners failed to start. Full details will be found in the appropriate container log file
30-Mar-2026 20:52:06.609 SEVERE [Catalina-utility-1] org.apache.catalina.core.StandardContext.startInternal Context [/employee-service] startup failed due to previous errors
30-Mar-2026 20:52:06.611 INFO [Catalina-utility-1] org.apache.catalina.core.StandardContext.reload Reloading Context with name [/employee-service] is completed
30-Mar-2026 20:53:22.173 INFO [main] org.apache.catalina.core.StandardServer.await A valid shutdown command was received via the shutdown port. Stopping the Server instance.
30-Mar-2026 20:53:22.174 INFO [main] org.apache.coyote.AbstractProtocol.pause Pausing ProtocolHandler ["http-nio-8080"]
30-Mar-2026 20:53:22.180 INFO [main] org.apache.catalina.core.StandardService.stopInternal Stopping service [Catalina]
30-Mar-2026 20:53:22.187 INFO [main] org.apache.coyote.AbstractProtocol.stop Stopping ProtocolHandler ["http-nio-8080"]
30-Mar-2026 20:53:22.190 INFO [main] org.apache.coyote.AbstractProtocol.destroy Destroying ProtocolHandler ["http-nio-8080"]
NOTE: Picked up JDK_JAVA_OPTIONS:  --add-opens=java.base/java.lang=ALL-UNNAMED --add-opens=java.base/java.lang.invoke=ALL-UNNAMED --add-opens=java.base/java.lang.reflect=ALL-UNNAMED --add-opens=java.base/java.io=ALL-UNNAMED --add-opens=java.base/java.util=ALL-UNNAMED --add-opens=java.base/java.util.concurrent=ALL-UNNAMED --add-opens=java.rmi/sun.rmi.transport=ALL-UNNAMED
30-Mar-2026 20:53:22.345 INFO [main] org.apache.catalina.startup.VersionLoggerListener.log Server version name:   Apache Tomcat/9.0.116
30-Mar-2026 20:53:22.347 INFO [main] org.apache.catalina.startup.VersionLoggerListener.log Server built:          Mar 16 2026 15:05:42 UTC
30-Mar-2026 20:53:22.347 INFO [main] org.apache.catalina.startup.VersionLoggerListener.log Server version number: 9.0.116.0
30-Mar-2026 20:53:22.347 INFO [main] org.apache.catalina.startup.VersionLoggerListener.log OS Name:               Mac OS X
30-Mar-2026 20:53:22.347 INFO [main] org.apache.catalina.startup.VersionLoggerListener.log OS Version:            15.5
30-Mar-2026 20:53:22.347 INFO [main] org.apache.catalina.startup.VersionLoggerListener.log Architecture:          aarch64
30-Mar-2026 20:53:22.347 INFO [main] org.apache.catalina.startup.VersionLoggerListener.log Java Home:             /Users/motocycopath/Library/Java/JavaVirtualMachines/jbr-17.0.14/Contents/Home
30-Mar-2026 20:53:22.347 INFO [main] org.apache.catalina.startup.VersionLoggerListener.log JVM Version:           17.0.14+1-b1367.22
30-Mar-2026 20:53:22.347 INFO [main] org.apache.catalina.startup.VersionLoggerListener.log JVM Vendor:            JetBrains s.r.o.
30-Mar-2026 20:53:22.347 INFO [main] org.apache.catalina.startup.VersionLoggerListener.log CATALINA_BASE:         /Users/motocycopath/Desktop/java-full-stack-training/00-microservices-00/apache-tomcat-9.0.116
30-Mar-2026 20:53:22.347 INFO [main] org.apache.catalina.startup.VersionLoggerListener.log CATALINA_HOME:         /Users/motocycopath/Desktop/java-full-stack-training/00-microservices-00/apache-tomcat-9.0.116
30-Mar-2026 20:53:22.353 INFO [main] org.apache.catalina.startup.VersionLoggerListener.log Command line argument: --add-opens=java.base/java.lang=ALL-UNNAMED
30-Mar-2026 20:53:22.353 INFO [main] org.apache.catalina.startup.VersionLoggerListener.log Command line argument: --add-opens=java.base/java.lang.invoke=ALL-UNNAMED
30-Mar-2026 20:53:22.353 INFO [main] org.apache.catalina.startup.VersionLoggerListener.log Command line argument: --add-opens=java.base/java.lang.reflect=ALL-UNNAMED
30-Mar-2026 20:53:22.353 INFO [main] org.apache.catalina.startup.VersionLoggerListener.log Command line argument: --add-opens=java.base/java.io=ALL-UNNAMED
30-Mar-2026 20:53:22.353 INFO [main] org.apache.catalina.startup.VersionLoggerListener.log Command line argument: --add-opens=java.base/java.util=ALL-UNNAMED
30-Mar-2026 20:53:22.353 INFO [main] org.apache.catalina.startup.VersionLoggerListener.log Command line argument: --add-opens=java.base/java.util.concurrent=ALL-UNNAMED
30-Mar-2026 20:53:22.353 INFO [main] org.apache.catalina.startup.VersionLoggerListener.log Command line argument: --add-opens=java.rmi/sun.rmi.transport=ALL-UNNAMED
30-Mar-2026 20:53:22.353 INFO [main] org.apache.catalina.startup.VersionLoggerListener.log Command line argument: -Djava.util.logging.config.file=/Users/motocycopath/Desktop/java-full-stack-training/00-microservices-00/apache-tomcat-9.0.116/conf/logging.properties
30-Mar-2026 20:53:22.353 INFO [main] org.apache.catalina.startup.VersionLoggerListener.log Command line argument: -Djava.util.logging.manager=org.apache.juli.ClassLoaderLogManager
30-Mar-2026 20:53:22.353 INFO [main] org.apache.catalina.startup.VersionLoggerListener.log Command line argument: -Djdk.tls.ephemeralDHKeySize=2048
30-Mar-2026 20:53:22.353 INFO [main] org.apache.catalina.startup.VersionLoggerListener.log Command line argument: -Djava.protocol.handler.pkgs=org.apache.catalina.webresources
30-Mar-2026 20:53:22.353 INFO [main] org.apache.catalina.startup.VersionLoggerListener.log Command line argument: -Dsun.io.useCanonCaches=false
30-Mar-2026 20:53:22.354 INFO [main] org.apache.catalina.startup.VersionLoggerListener.log Command line argument: -Dorg.apache.catalina.security.SecurityListener.UMASK=0027
30-Mar-2026 20:53:22.354 INFO [main] org.apache.catalina.startup.VersionLoggerListener.log Command line argument: -Dignore.endorsed.dirs=
30-Mar-2026 20:53:22.354 INFO [main] org.apache.catalina.startup.VersionLoggerListener.log Command line argument: -Dcatalina.base=/Users/motocycopath/Desktop/java-full-stack-training/00-microservices-00/apache-tomcat-9.0.116
30-Mar-2026 20:53:22.354 INFO [main] org.apache.catalina.startup.VersionLoggerListener.log Command line argument: -Dcatalina.home=/Users/motocycopath/Desktop/java-full-stack-training/00-microservices-00/apache-tomcat-9.0.116
30-Mar-2026 20:53:22.354 INFO [main] org.apache.catalina.startup.VersionLoggerListener.log Command line argument: -Djava.io.tmpdir=/Users/motocycopath/Desktop/java-full-stack-training/00-microservices-00/apache-tomcat-9.0.116/temp
30-Mar-2026 20:53:22.357 INFO [main] org.apache.catalina.core.AprLifecycleListener.lifecycleEvent The Apache Tomcat Native library which allows using OpenSSL was not found on the java.library.path: [/Users/motocycopath/Library/Java/Extensions:/Library/Java/Extensions:/Network/Library/Java/Extensions:/System/Library/Java/Extensions:/usr/lib/java:.]
30-Mar-2026 20:53:22.464 INFO [main] org.apache.coyote.AbstractProtocol.init Initializing ProtocolHandler ["http-nio-8080"]
30-Mar-2026 20:53:22.474 INFO [main] org.apache.catalina.startup.Catalina.load Server initialization in [193] milliseconds
30-Mar-2026 20:53:22.489 INFO [main] org.apache.catalina.core.StandardService.startInternal Starting service [Catalina]
30-Mar-2026 20:53:22.489 INFO [main] org.apache.catalina.core.StandardEngine.startInternal Starting Servlet engine: [Apache Tomcat/9.0.116]
30-Mar-2026 20:53:22.491 INFO [main] org.apache.catalina.startup.HostConfig.deployDirectory Deploying web application directory [/Users/motocycopath/Desktop/java-full-stack-training/00-microservices-00/apache-tomcat-9.0.116/webapps/employee-service]
30-Mar-2026 20:53:23.165 INFO [main] org.apache.jasper.servlet.TldScanner.scanJars At least one JAR was scanned for TLDs yet contained no TLDs. Enable debug logging for this logger for a complete list of JARs that were scanned but no TLDs were found in them. Skipping unneeded JARs during scanning can improve startup time and JSP compilation time.
30-Mar-2026 20:53:23.178 INFO [main] org.springframework.web.context.ContextLoader.initWebApplicationContext Root WebApplicationContext: initialization started
30-Mar-2026 20:53:23.292 INFO [main] org.springframework.data.repository.config.RepositoryConfigurationDelegate.registerRepositoriesIn Bootstrapping Spring Data JPA repositories in DEFAULT mode.
30-Mar-2026 20:53:23.301 INFO [main] org.springframework.data.repository.config.RepositoryConfigurationDelegate.registerRepositoriesIn Finished Spring Data repository scanning in 2 ms. Found 0 JPA repository interfaces.
30-Mar-2026 20:53:23.344 WARNING [main] org.springframework.context.support.AbstractApplicationContext.refresh Exception encountered during context initialization - cancelling refresh attempt: org.springframework.beans.factory.BeanInitializationException: Could not load properties; nested exception is java.io.FileNotFoundException: class path resource [com/accenture/ltt/resources/cst_conn.properties] cannot be opened because it does not exist
30-Mar-2026 20:53:23.346 SEVERE [main] org.springframework.web.context.ContextLoader.initWebApplicationContext Context initialization failed
	org.springframework.beans.factory.BeanInitializationException: Could not load properties; nested exception is java.io.FileNotFoundException: class path resource [com/accenture/ltt/resources/cst_conn.properties] cannot be opened because it does not exist
		at org.springframework.beans.factory.config.PropertyResourceConfigurer.postProcessBeanFactory(PropertyResourceConfigurer.java:89)
		at org.springframework.context.support.PostProcessorRegistrationDelegate.invokeBeanFactoryPostProcessors(PostProcessorRegistrationDelegate.java:325)
		at org.springframework.context.support.PostProcessorRegistrationDelegate.invokeBeanFactoryPostProcessors(PostProcessorRegistrationDelegate.java:183)
		at org.springframework.context.support.AbstractApplicationContext.invokeBeanFactoryPostProcessors(AbstractApplicationContext.java:746)
		at org.springframework.context.support.AbstractApplicationContext.refresh(AbstractApplicationContext.java:564)
		at org.springframework.web.context.ContextLoader.configureAndRefreshWebApplicationContext(ContextLoader.java:401)
		at org.springframework.web.context.ContextLoader.initWebApplicationContext(ContextLoader.java:292)
		at org.springframework.web.context.ContextLoaderListener.contextInitialized(ContextLoaderListener.java:103)
		at org.apache.catalina.core.StandardContext.listenerStart(StandardContext.java:4047)
		at org.apache.catalina.core.StandardContext.startInternal(StandardContext.java:4489)
		at org.apache.catalina.util.LifecycleBase.start(LifecycleBase.java:164)
		at org.apache.catalina.core.ContainerBase.addChildInternal(ContainerBase.java:597)
		at org.apache.catalina.core.ContainerBase.addChild(ContainerBase.java:569)
		at org.apache.catalina.core.StandardHost.addChild(StandardHost.java:608)
		at org.apache.catalina.startup.HostConfig.deployDirectory(HostConfig.java:1171)
		at org.apache.catalina.startup.HostConfig$DeployDirectory.run(HostConfig.java:1880)
		at java.base/java.util.concurrent.Executors$RunnableAdapter.call(Executors.java:539)
		at java.base/java.util.concurrent.FutureTask.run(FutureTask.java:264)
		at org.apache.tomcat.util.threads.InlineExecutorService.execute(InlineExecutorService.java:82)
		at java.base/java.util.concurrent.AbstractExecutorService.submit(AbstractExecutorService.java:123)
		at org.apache.catalina.startup.HostConfig.deployDirectories(HostConfig.java:1082)
		at org.apache.catalina.startup.HostConfig.deployApps(HostConfig.java:467)
		at org.apache.catalina.startup.HostConfig.start(HostConfig.java:1576)
		at org.apache.catalina.startup.HostConfig.lifecycleEvent(HostConfig.java:309)
		at org.apache.catalina.util.LifecycleBase.fireLifecycleEvent(LifecycleBase.java:109)
		at org.apache.catalina.util.LifecycleBase.setStateInternal(LifecycleBase.java:389)
		at org.apache.catalina.util.LifecycleBase.setState(LifecycleBase.java:336)
		at org.apache.catalina.core.ContainerBase.startInternal(ContainerBase.java:774)
		at org.apache.catalina.core.StandardHost.startInternal(StandardHost.java:726)
		at org.apache.catalina.util.LifecycleBase.start(LifecycleBase.java:164)
		at org.apache.catalina.core.ContainerBase$StartChild.call(ContainerBase.java:1201)
		at org.apache.catalina.core.ContainerBase$StartChild.call(ContainerBase.java:1191)
		at java.base/java.util.concurrent.FutureTask.run(FutureTask.java:264)
		at org.apache.tomcat.util.threads.InlineExecutorService.execute(InlineExecutorService.java:82)
		at java.base/java.util.concurrent.AbstractExecutorService.submit(AbstractExecutorService.java:145)
		at org.apache.catalina.core.ContainerBase.startInternal(ContainerBase.java:747)
		at org.apache.catalina.core.StandardEngine.startInternal(StandardEngine.java:209)
		at org.apache.catalina.util.LifecycleBase.start(LifecycleBase.java:164)
		at org.apache.catalina.core.StandardService.startInternal(StandardService.java:410)
		at org.apache.catalina.util.LifecycleBase.start(LifecycleBase.java:164)
		at org.apache.catalina.core.StandardServer.startInternal(StandardServer.java:872)
		at org.apache.catalina.util.LifecycleBase.start(LifecycleBase.java:164)
		at org.apache.catalina.startup.Catalina.start(Catalina.java:736)
		at java.base/jdk.internal.reflect.NativeMethodAccessorImpl.invoke0(Native Method)
		at java.base/jdk.internal.reflect.NativeMethodAccessorImpl.invoke(NativeMethodAccessorImpl.java:77)
		at java.base/jdk.internal.reflect.DelegatingMethodAccessorImpl.invoke(DelegatingMethodAccessorImpl.java:43)
		at java.base/java.lang.reflect.Method.invoke(Method.java:569)
		at org.apache.catalina.startup.Bootstrap.start(Bootstrap.java:342)
		at org.apache.catalina.startup.Bootstrap.main(Bootstrap.java:473)
	Caused by: java.io.FileNotFoundException: class path resource [com/accenture/ltt/resources/cst_conn.properties] cannot be opened because it does not exist
		at org.springframework.core.io.ClassPathResource.getInputStream(ClassPathResource.java:199)
		at org.springframework.core.io.support.EncodedResource.getInputStream(EncodedResource.java:159)
		at org.springframework.core.io.support.PropertiesLoaderUtils.fillProperties(PropertiesLoaderUtils.java:110)
		at org.springframework.core.io.support.PropertiesLoaderSupport.loadProperties(PropertiesLoaderSupport.java:181)
		at org.springframework.core.io.support.PropertiesLoaderSupport.mergeProperties(PropertiesLoaderSupport.java:162)
		at org.springframework.beans.factory.config.PropertyResourceConfigurer.postProcessBeanFactory(PropertyResourceConfigurer.java:80)
		... 48 more
30-Mar-2026 20:53:23.346 SEVERE [main] org.apache.catalina.core.StandardContext.startInternal One or more listeners failed to start. Full details will be found in the appropriate container log file
30-Mar-2026 20:53:23.353 SEVERE [main] org.apache.catalina.core.StandardContext.startInternal Context [/employee-service] startup failed due to previous errors
30-Mar-2026 20:53:23.357 INFO [main] org.apache.catalina.startup.HostConfig.deployDirectory Deployment of web application directory [/Users/motocycopath/Desktop/java-full-stack-training/00-microservices-00/apache-tomcat-9.0.116/webapps/employee-service] has finished in [866] ms
30-Mar-2026 20:53:23.358 INFO [main] org.apache.catalina.startup.HostConfig.deployDirectory Deploying web application directory [/Users/motocycopath/Desktop/java-full-stack-training/00-microservices-00/apache-tomcat-9.0.116/webapps/docs]
30-Mar-2026 20:53:23.369 INFO [main] org.apache.catalina.startup.HostConfig.deployDirectory Deployment of web application directory [/Users/motocycopath/Desktop/java-full-stack-training/00-microservices-00/apache-tomcat-9.0.116/webapps/docs] has finished in [12] ms
30-Mar-2026 20:53:23.369 INFO [main] org.apache.catalina.startup.HostConfig.deployDirectory Deploying web application directory [/Users/motocycopath/Desktop/java-full-stack-training/00-microservices-00/apache-tomcat-9.0.116/webapps/manager]
30-Mar-2026 20:53:23.379 INFO [main] org.apache.catalina.startup.HostConfig.deployDirectory Deployment of web application directory [/Users/motocycopath/Desktop/java-full-stack-training/00-microservices-00/apache-tomcat-9.0.116/webapps/manager] has finished in [10] ms
30-Mar-2026 20:53:23.379 INFO [main] org.apache.catalina.startup.HostConfig.deployDirectory Deploying web application directory [/Users/motocycopath/Desktop/java-full-stack-training/00-microservices-00/apache-tomcat-9.0.116/webapps/examples]
30-Mar-2026 20:53:23.436 INFO [main] org.apache.catalina.startup.HostConfig.deployDirectory Deployment of web application directory [/Users/motocycopath/Desktop/java-full-stack-training/00-microservices-00/apache-tomcat-9.0.116/webapps/examples] has finished in [57] ms
30-Mar-2026 20:53:23.436 INFO [main] org.apache.catalina.startup.HostConfig.deployDirectory Deploying web application directory [/Users/motocycopath/Desktop/java-full-stack-training/00-microservices-00/apache-tomcat-9.0.116/webapps/ROOT]
30-Mar-2026 20:53:23.441 INFO [main] org.apache.catalina.startup.HostConfig.deployDirectory Deployment of web application directory [/Users/motocycopath/Desktop/java-full-stack-training/00-microservices-00/apache-tomcat-9.0.116/webapps/ROOT] has finished in [5] ms
30-Mar-2026 20:53:23.441 INFO [main] org.apache.catalina.startup.HostConfig.deployDirectory Deploying web application directory [/Users/motocycopath/Desktop/java-full-stack-training/00-microservices-00/apache-tomcat-9.0.116/webapps/host-manager]
30-Mar-2026 20:53:23.447 INFO [main] org.apache.catalina.startup.HostConfig.deployDirectory Deployment of web application directory [/Users/motocycopath/Desktop/java-full-stack-training/00-microservices-00/apache-tomcat-9.0.116/webapps/host-manager] has finished in [6] ms
30-Mar-2026 20:53:23.448 INFO [main] org.apache.coyote.AbstractProtocol.start Starting ProtocolHandler ["http-nio-8080"]
30-Mar-2026 20:53:23.454 INFO [main] org.apache.catalina.startup.Catalina.start Server startup in [979] milliseconds
30-Mar-2026 20:57:34.237 INFO [Catalina-utility-1] org.apache.catalina.startup.HostConfig.undeploy Undeploying context [/employee-service]
30-Mar-2026 20:57:44.348 INFO [Catalina-utility-1] org.apache.catalina.startup.HostConfig.deployDirectory Deploying web application directory [/Users/motocycopath/Desktop/java-full-stack-training/00-microservices-00/apache-tomcat-9.0.116/webapps/employee-service]
30-Mar-2026 20:57:44.382 INFO [Catalina-utility-1] org.apache.catalina.startup.HostConfig.deployDirectory Deployment of web application directory [/Users/motocycopath/Desktop/java-full-stack-training/00-microservices-00/apache-tomcat-9.0.116/webapps/employee-service] has finished in [35] ms
30-Mar-2026 20:57:54.392 INFO [Catalina-utility-1] org.apache.catalina.startup.HostConfig.reload Reloading context [/employee-service]
30-Mar-2026 20:57:54.393 INFO [Catalina-utility-1] org.apache.catalina.core.StandardContext.reload Reloading Context with name [/employee-service] has started
30-Mar-2026 20:57:54.955 INFO [Catalina-utility-1] org.apache.jasper.servlet.TldScanner.scanJars At least one JAR was scanned for TLDs yet contained no TLDs. Enable debug logging for this logger for a complete list of JARs that were scanned but no TLDs were found in them. Skipping unneeded JARs during scanning can improve startup time and JSP compilation time.
30-Mar-2026 20:57:54.991 INFO [Catalina-utility-1] org.springframework.web.servlet.FrameworkServlet.initServletBean Initializing Servlet 'cstspconf-web'
30-Mar-2026 20:57:55.124 WARNING [Catalina-utility-1] org.springframework.context.support.AbstractApplicationContext.refresh Exception encountered during context initialization - cancelling refresh attempt: org.springframework.beans.factory.UnsatisfiedDependencyException: Error creating bean with name 'employeeServiceImpl': Unsatisfied dependency expressed through field 'employeeDAOWrapper'; nested exception is org.springframework.beans.factory.UnsatisfiedDependencyException: Error creating bean with name 'employeeDAOWrapper': Unsatisfied dependency expressed through field 'employeeDAO'; nested exception is org.springframework.beans.factory.NoSuchBeanDefinitionException: No qualifying bean of type 'com.microservices.learn.dao.EmployeeDAO' available: expected at least 1 bean which qualifies as autowire candidate. Dependency annotations: {@org.springframework.beans.factory.annotation.Autowired(required=true)}
30-Mar-2026 20:57:55.125 SEVERE [Catalina-utility-1] org.springframework.web.servlet.FrameworkServlet.initServletBean Context initialization failed
	org.springframework.beans.factory.UnsatisfiedDependencyException: Error creating bean with name 'employeeServiceImpl': Unsatisfied dependency expressed through field 'employeeDAOWrapper'; nested exception is org.springframework.beans.factory.UnsatisfiedDependencyException: Error creating bean with name 'employeeDAOWrapper': Unsatisfied dependency expressed through field 'employeeDAO'; nested exception is org.springframework.beans.factory.NoSuchBeanDefinitionException: No qualifying bean of type 'com.microservices.learn.dao.EmployeeDAO' available: expected at least 1 bean which qualifies as autowire candidate. Dependency annotations: {@org.springframework.beans.factory.annotation.Autowired(required=true)}
		at org.springframework.beans.factory.annotation.AutowiredAnnotationBeanPostProcessor$AutowiredFieldElement.resolveFieldValue(AutowiredAnnotationBeanPostProcessor.java:659)
		at org.springframework.beans.factory.annotation.AutowiredAnnotationBeanPostProcessor$AutowiredFieldElement.inject(AutowiredAnnotationBeanPostProcessor.java:639)
		at org.springframework.beans.factory.annotation.InjectionMetadata.inject(InjectionMetadata.java:119)
		at org.springframework.beans.factory.annotation.AutowiredAnnotationBeanPostProcessor.postProcessProperties(AutowiredAnnotationBeanPostProcessor.java:399)
		at org.springframework.beans.factory.support.AbstractAutowireCapableBeanFactory.populateBean(AbstractAutowireCapableBeanFactory.java:1431)
		at org.springframework.beans.factory.support.AbstractAutowireCapableBeanFactory.doCreateBean(AbstractAutowireCapableBeanFactory.java:619)
		at org.springframework.beans.factory.support.AbstractAutowireCapableBeanFactory.createBean(AbstractAutowireCapableBeanFactory.java:542)
		at org.springframework.beans.factory.support.AbstractBeanFactory.lambda$doGetBean$0(AbstractBeanFactory.java:335)
		at org.springframework.beans.factory.support.DefaultSingletonBeanRegistry.getSingleton(DefaultSingletonBeanRegistry.java:234)
		at org.springframework.beans.factory.support.AbstractBeanFactory.doGetBean(AbstractBeanFactory.java:333)
		at org.springframework.beans.factory.support.AbstractBeanFactory.getBean(AbstractBeanFactory.java:208)
		at org.springframework.beans.factory.support.DefaultListableBeanFactory.preInstantiateSingletons(DefaultListableBeanFactory.java:955)
		at org.springframework.context.support.AbstractApplicationContext.finishBeanFactoryInitialization(AbstractApplicationContext.java:918)
		at org.springframework.context.support.AbstractApplicationContext.refresh(AbstractApplicationContext.java:583)
		at org.springframework.web.servlet.FrameworkServlet.configureAndRefreshWebApplicationContext(FrameworkServlet.java:702)
		at org.springframework.web.servlet.FrameworkServlet.createWebApplicationContext(FrameworkServlet.java:668)
		at org.springframework.web.servlet.FrameworkServlet.createWebApplicationContext(FrameworkServlet.java:716)
		at org.springframework.web.servlet.FrameworkServlet.initWebApplicationContext(FrameworkServlet.java:591)
		at org.springframework.web.servlet.FrameworkServlet.initServletBean(FrameworkServlet.java:530)
		at org.springframework.web.servlet.HttpServletBean.init(HttpServletBean.java:170)
		at javax.servlet.GenericServlet.init(GenericServlet.java:143)
		at org.apache.catalina.core.StandardWrapper.initServlet(StandardWrapper.java:986)
		at org.apache.catalina.core.StandardWrapper.loadServlet(StandardWrapper.java:943)
		at org.apache.catalina.core.StandardWrapper.load(StandardWrapper.java:840)
		at org.apache.catalina.core.StandardContext.loadOnStartup(StandardContext.java:4222)
		at org.apache.catalina.core.StandardContext.startInternal(StandardContext.java:4523)
		at org.apache.catalina.util.LifecycleBase.start(LifecycleBase.java:164)
		at org.apache.catalina.core.StandardContext.reload(StandardContext.java:3258)
		at org.apache.catalina.startup.HostConfig.reload(HostConfig.java:1411)
		at org.apache.catalina.startup.HostConfig.checkResources(HostConfig.java:1386)
		at org.apache.catalina.startup.HostConfig.check(HostConfig.java:1612)
		at org.apache.catalina.startup.HostConfig.lifecycleEvent(HostConfig.java:305)
		at org.apache.catalina.util.LifecycleBase.fireLifecycleEvent(LifecycleBase.java:109)
		at org.apache.catalina.core.ContainerBase.backgroundProcess(ContainerBase.java:971)
		at org.apache.catalina.core.ContainerBase$ContainerBackgroundProcessor.processChildren(ContainerBase.java:1170)
		at org.apache.catalina.core.ContainerBase$ContainerBackgroundProcessor.processChildren(ContainerBase.java:1174)
		at org.apache.catalina.core.ContainerBase$ContainerBackgroundProcessor.run(ContainerBase.java:1152)
		at java.base/java.util.concurrent.Executors$RunnableAdapter.call(Executors.java:539)
		at java.base/java.util.concurrent.FutureTask.runAndReset(FutureTask.java:305)
		at java.base/java.util.concurrent.ScheduledThreadPoolExecutor$ScheduledFutureTask.run(ScheduledThreadPoolExecutor.java:305)
		at java.base/java.util.concurrent.ThreadPoolExecutor.runWorker(ThreadPoolExecutor.java:1136)
		at java.base/java.util.concurrent.ThreadPoolExecutor$Worker.run(ThreadPoolExecutor.java:635)
		at org.apache.tomcat.util.threads.TaskThread$WrappingRunnable.run(TaskThread.java:63)
		at java.base/java.lang.Thread.run(Thread.java:840)
	Caused by: org.springframework.beans.factory.UnsatisfiedDependencyException: Error creating bean with name 'employeeDAOWrapper': Unsatisfied dependency expressed through field 'employeeDAO'; nested exception is org.springframework.beans.factory.NoSuchBeanDefinitionException: No qualifying bean of type 'com.microservices.learn.dao.EmployeeDAO' available: expected at least 1 bean which qualifies as autowire candidate. Dependency annotations: {@org.springframework.beans.factory.annotation.Autowired(required=true)}
		at org.springframework.beans.factory.annotation.AutowiredAnnotationBeanPostProcessor$AutowiredFieldElement.resolveFieldValue(AutowiredAnnotationBeanPostProcessor.java:659)
		at org.springframework.beans.factory.annotation.AutowiredAnnotationBeanPostProcessor$AutowiredFieldElement.inject(AutowiredAnnotationBeanPostProcessor.java:639)
		at org.springframework.beans.factory.annotation.InjectionMetadata.inject(InjectionMetadata.java:119)
		at org.springframework.beans.factory.annotation.AutowiredAnnotationBeanPostProcessor.postProcessProperties(AutowiredAnnotationBeanPostProcessor.java:399)
		at org.springframework.beans.factory.support.AbstractAutowireCapableBeanFactory.populateBean(AbstractAutowireCapableBeanFactory.java:1431)
		at org.springframework.beans.factory.support.AbstractAutowireCapableBeanFactory.doCreateBean(AbstractAutowireCapableBeanFactory.java:619)
		at org.springframework.beans.factory.support.AbstractAutowireCapableBeanFactory.createBean(AbstractAutowireCapableBeanFactory.java:542)
		at org.springframework.beans.factory.support.AbstractBeanFactory.lambda$doGetBean$0(AbstractBeanFactory.java:335)
		at org.springframework.beans.factory.support.DefaultSingletonBeanRegistry.getSingleton(DefaultSingletonBeanRegistry.java:234)
		at org.springframework.beans.factory.support.AbstractBeanFactory.doGetBean(AbstractBeanFactory.java:333)
		at org.springframework.beans.factory.support.AbstractBeanFactory.getBean(AbstractBeanFactory.java:208)
		at org.springframework.beans.factory.config.DependencyDescriptor.resolveCandidate(DependencyDescriptor.java:276)
		at org.springframework.beans.factory.support.DefaultListableBeanFactory.doResolveDependency(DefaultListableBeanFactory.java:1391)
		at org.springframework.beans.factory.support.DefaultListableBeanFactory.resolveDependency(DefaultListableBeanFactory.java:1311)
		at org.springframework.beans.factory.annotation.AutowiredAnnotationBeanPostProcessor$AutowiredFieldElement.resolveFieldValue(AutowiredAnnotationBeanPostProcessor.java:656)
		... 43 more
	Caused by: org.springframework.beans.factory.NoSuchBeanDefinitionException: No qualifying bean of type 'com.microservices.learn.dao.EmployeeDAO' available: expected at least 1 bean which qualifies as autowire candidate. Dependency annotations: {@org.springframework.beans.factory.annotation.Autowired(required=true)}
		at org.springframework.beans.factory.support.DefaultListableBeanFactory.raiseNoMatchingBeanFound(DefaultListableBeanFactory.java:1801)
		at org.springframework.beans.factory.support.DefaultListableBeanFactory.doResolveDependency(DefaultListableBeanFactory.java:1357)
		at org.springframework.beans.factory.support.DefaultListableBeanFactory.resolveDependency(DefaultListableBeanFactory.java:1311)
		at org.springframework.beans.factory.annotation.AutowiredAnnotationBeanPostProcessor$AutowiredFieldElement.resolveFieldValue(AutowiredAnnotationBeanPostProcessor.java:656)
		... 57 more
30-Mar-2026 20:57:55.126 INFO [Catalina-utility-1] org.apache.catalina.core.StandardContext.reload Reloading Context with name [/employee-service] is completed
30-Mar-2026 20:58:04.674 INFO [main] org.apache.catalina.core.StandardServer.await A valid shutdown command was received via the shutdown port. Stopping the Server instance.
30-Mar-2026 20:58:04.675 INFO [main] org.apache.coyote.AbstractProtocol.pause Pausing ProtocolHandler ["http-nio-8080"]
30-Mar-2026 20:58:04.677 INFO [main] org.apache.catalina.core.StandardService.stopInternal Stopping service [Catalina]
30-Mar-2026 20:58:04.688 INFO [main] org.apache.coyote.AbstractProtocol.stop Stopping ProtocolHandler ["http-nio-8080"]
30-Mar-2026 20:58:04.690 INFO [main] org.apache.coyote.AbstractProtocol.destroy Destroying ProtocolHandler ["http-nio-8080"]
NOTE: Picked up JDK_JAVA_OPTIONS:  --add-opens=java.base/java.lang=ALL-UNNAMED --add-opens=java.base/java.lang.invoke=ALL-UNNAMED --add-opens=java.base/java.lang.reflect=ALL-UNNAMED --add-opens=java.base/java.io=ALL-UNNAMED --add-opens=java.base/java.util=ALL-UNNAMED --add-opens=java.base/java.util.concurrent=ALL-UNNAMED --add-opens=java.rmi/sun.rmi.transport=ALL-UNNAMED
30-Mar-2026 20:58:04.851 INFO [main] org.apache.catalina.startup.VersionLoggerListener.log Server version name:   Apache Tomcat/9.0.116
30-Mar-2026 20:58:04.853 INFO [main] org.apache.catalina.startup.VersionLoggerListener.log Server built:          Mar 16 2026 15:05:42 UTC
30-Mar-2026 20:58:04.853 INFO [main] org.apache.catalina.startup.VersionLoggerListener.log Server version number: 9.0.116.0
30-Mar-2026 20:58:04.853 INFO [main] org.apache.catalina.startup.VersionLoggerListener.log OS Name:               Mac OS X
30-Mar-2026 20:58:04.853 INFO [main] org.apache.catalina.startup.VersionLoggerListener.log OS Version:            15.5
30-Mar-2026 20:58:04.853 INFO [main] org.apache.catalina.startup.VersionLoggerListener.log Architecture:          aarch64
30-Mar-2026 20:58:04.853 INFO [main] org.apache.catalina.startup.VersionLoggerListener.log Java Home:             /Users/motocycopath/Library/Java/JavaVirtualMachines/jbr-17.0.14/Contents/Home
30-Mar-2026 20:58:04.853 INFO [main] org.apache.catalina.startup.VersionLoggerListener.log JVM Version:           17.0.14+1-b1367.22
30-Mar-2026 20:58:04.853 INFO [main] org.apache.catalina.startup.VersionLoggerListener.log JVM Vendor:            JetBrains s.r.o.
30-Mar-2026 20:58:04.853 INFO [main] org.apache.catalina.startup.VersionLoggerListener.log CATALINA_BASE:         /Users/motocycopath/Desktop/java-full-stack-training/00-microservices-00/apache-tomcat-9.0.116
30-Mar-2026 20:58:04.853 INFO [main] org.apache.catalina.startup.VersionLoggerListener.log CATALINA_HOME:         /Users/motocycopath/Desktop/java-full-stack-training/00-microservices-00/apache-tomcat-9.0.116
30-Mar-2026 20:58:04.859 INFO [main] org.apache.catalina.startup.VersionLoggerListener.log Command line argument: --add-opens=java.base/java.lang=ALL-UNNAMED
30-Mar-2026 20:58:04.859 INFO [main] org.apache.catalina.startup.VersionLoggerListener.log Command line argument: --add-opens=java.base/java.lang.invoke=ALL-UNNAMED
30-Mar-2026 20:58:04.859 INFO [main] org.apache.catalina.startup.VersionLoggerListener.log Command line argument: --add-opens=java.base/java.lang.reflect=ALL-UNNAMED
30-Mar-2026 20:58:04.859 INFO [main] org.apache.catalina.startup.VersionLoggerListener.log Command line argument: --add-opens=java.base/java.io=ALL-UNNAMED
30-Mar-2026 20:58:04.859 INFO [main] org.apache.catalina.startup.VersionLoggerListener.log Command line argument: --add-opens=java.base/java.util=ALL-UNNAMED
30-Mar-2026 20:58:04.859 INFO [main] org.apache.catalina.startup.VersionLoggerListener.log Command line argument: --add-opens=java.base/java.util.concurrent=ALL-UNNAMED
30-Mar-2026 20:58:04.859 INFO [main] org.apache.catalina.startup.VersionLoggerListener.log Command line argument: --add-opens=java.rmi/sun.rmi.transport=ALL-UNNAMED
30-Mar-2026 20:58:04.859 INFO [main] org.apache.catalina.startup.VersionLoggerListener.log Command line argument: -Djava.util.logging.config.file=/Users/motocycopath/Desktop/java-full-stack-training/00-microservices-00/apache-tomcat-9.0.116/conf/logging.properties
30-Mar-2026 20:58:04.859 INFO [main] org.apache.catalina.startup.VersionLoggerListener.log Command line argument: -Djava.util.logging.manager=org.apache.juli.ClassLoaderLogManager
30-Mar-2026 20:58:04.859 INFO [main] org.apache.catalina.startup.VersionLoggerListener.log Command line argument: -Djdk.tls.ephemeralDHKeySize=2048
30-Mar-2026 20:58:04.859 INFO [main] org.apache.catalina.startup.VersionLoggerListener.log Command line argument: -Djava.protocol.handler.pkgs=org.apache.catalina.webresources
30-Mar-2026 20:58:04.859 INFO [main] org.apache.catalina.startup.VersionLoggerListener.log Command line argument: -Dsun.io.useCanonCaches=false
30-Mar-2026 20:58:04.859 INFO [main] org.apache.catalina.startup.VersionLoggerListener.log Command line argument: -Dorg.apache.catalina.security.SecurityListener.UMASK=0027
30-Mar-2026 20:58:04.859 INFO [main] org.apache.catalina.startup.VersionLoggerListener.log Command line argument: -Dignore.endorsed.dirs=
30-Mar-2026 20:58:04.859 INFO [main] org.apache.catalina.startup.VersionLoggerListener.log Command line argument: -Dcatalina.base=/Users/motocycopath/Desktop/java-full-stack-training/00-microservices-00/apache-tomcat-9.0.116
30-Mar-2026 20:58:04.859 INFO [main] org.apache.catalina.startup.VersionLoggerListener.log Command line argument: -Dcatalina.home=/Users/motocycopath/Desktop/java-full-stack-training/00-microservices-00/apache-tomcat-9.0.116
30-Mar-2026 20:58:04.859 INFO [main] org.apache.catalina.startup.VersionLoggerListener.log Command line argument: -Djava.io.tmpdir=/Users/motocycopath/Desktop/java-full-stack-training/00-microservices-00/apache-tomcat-9.0.116/temp
30-Mar-2026 20:58:04.863 INFO [main] org.apache.catalina.core.AprLifecycleListener.lifecycleEvent The Apache Tomcat Native library which allows using OpenSSL was not found on the java.library.path: [/Users/motocycopath/Library/Java/Extensions:/Library/Java/Extensions:/Network/Library/Java/Extensions:/System/Library/Java/Extensions:/usr/lib/java:.]
30-Mar-2026 20:58:04.968 INFO [main] org.apache.coyote.AbstractProtocol.init Initializing ProtocolHandler ["http-nio-8080"]
30-Mar-2026 20:58:04.979 INFO [main] org.apache.catalina.startup.Catalina.load Server initialization in [192] milliseconds
30-Mar-2026 20:58:04.994 INFO [main] org.apache.catalina.core.StandardService.startInternal Starting service [Catalina]
30-Mar-2026 20:58:04.994 INFO [main] org.apache.catalina.core.StandardEngine.startInternal Starting Servlet engine: [Apache Tomcat/9.0.116]
30-Mar-2026 20:58:04.996 INFO [main] org.apache.catalina.startup.HostConfig.deployDirectory Deploying web application directory [/Users/motocycopath/Desktop/java-full-stack-training/00-microservices-00/apache-tomcat-9.0.116/webapps/employee-service]
30-Mar-2026 20:58:05.635 INFO [main] org.apache.jasper.servlet.TldScanner.scanJars At least one JAR was scanned for TLDs yet contained no TLDs. Enable debug logging for this logger for a complete list of JARs that were scanned but no TLDs were found in them. Skipping unneeded JARs during scanning can improve startup time and JSP compilation time.
30-Mar-2026 20:58:05.689 INFO [main] org.springframework.web.servlet.FrameworkServlet.initServletBean Initializing Servlet 'cstspconf-web'
30-Mar-2026 20:58:05.850 WARNING [main] org.springframework.context.support.AbstractApplicationContext.refresh Exception encountered during context initialization - cancelling refresh attempt: org.springframework.beans.factory.UnsatisfiedDependencyException: Error creating bean with name 'employeeServiceImpl': Unsatisfied dependency expressed through field 'employeeDAOWrapper'; nested exception is org.springframework.beans.factory.UnsatisfiedDependencyException: Error creating bean with name 'employeeDAOWrapper': Unsatisfied dependency expressed through field 'employeeDAO'; nested exception is org.springframework.beans.factory.NoSuchBeanDefinitionException: No qualifying bean of type 'com.microservices.learn.dao.EmployeeDAO' available: expected at least 1 bean which qualifies as autowire candidate. Dependency annotations: {@org.springframework.beans.factory.annotation.Autowired(required=true)}
30-Mar-2026 20:58:05.851 SEVERE [main] org.springframework.web.servlet.FrameworkServlet.initServletBean Context initialization failed
	org.springframework.beans.factory.UnsatisfiedDependencyException: Error creating bean with name 'employeeServiceImpl': Unsatisfied dependency expressed through field 'employeeDAOWrapper'; nested exception is org.springframework.beans.factory.UnsatisfiedDependencyException: Error creating bean with name 'employeeDAOWrapper': Unsatisfied dependency expressed through field 'employeeDAO'; nested exception is org.springframework.beans.factory.NoSuchBeanDefinitionException: No qualifying bean of type 'com.microservices.learn.dao.EmployeeDAO' available: expected at least 1 bean which qualifies as autowire candidate. Dependency annotations: {@org.springframework.beans.factory.annotation.Autowired(required=true)}
		at org.springframework.beans.factory.annotation.AutowiredAnnotationBeanPostProcessor$AutowiredFieldElement.resolveFieldValue(AutowiredAnnotationBeanPostProcessor.java:659)
		at org.springframework.beans.factory.annotation.AutowiredAnnotationBeanPostProcessor$AutowiredFieldElement.inject(AutowiredAnnotationBeanPostProcessor.java:639)
		at org.springframework.beans.factory.annotation.InjectionMetadata.inject(InjectionMetadata.java:119)
		at org.springframework.beans.factory.annotation.AutowiredAnnotationBeanPostProcessor.postProcessProperties(AutowiredAnnotationBeanPostProcessor.java:399)
		at org.springframework.beans.factory.support.AbstractAutowireCapableBeanFactory.populateBean(AbstractAutowireCapableBeanFactory.java:1431)
		at org.springframework.beans.factory.support.AbstractAutowireCapableBeanFactory.doCreateBean(AbstractAutowireCapableBeanFactory.java:619)
		at org.springframework.beans.factory.support.AbstractAutowireCapableBeanFactory.createBean(AbstractAutowireCapableBeanFactory.java:542)
		at org.springframework.beans.factory.support.AbstractBeanFactory.lambda$doGetBean$0(AbstractBeanFactory.java:335)
		at org.springframework.beans.factory.support.DefaultSingletonBeanRegistry.getSingleton(DefaultSingletonBeanRegistry.java:234)
		at org.springframework.beans.factory.support.AbstractBeanFactory.doGetBean(AbstractBeanFactory.java:333)
		at org.springframework.beans.factory.support.AbstractBeanFactory.getBean(AbstractBeanFactory.java:208)
		at org.springframework.beans.factory.support.DefaultListableBeanFactory.preInstantiateSingletons(DefaultListableBeanFactory.java:955)
		at org.springframework.context.support.AbstractApplicationContext.finishBeanFactoryInitialization(AbstractApplicationContext.java:918)
		at org.springframework.context.support.AbstractApplicationContext.refresh(AbstractApplicationContext.java:583)
		at org.springframework.web.servlet.FrameworkServlet.configureAndRefreshWebApplicationContext(FrameworkServlet.java:702)
		at org.springframework.web.servlet.FrameworkServlet.createWebApplicationContext(FrameworkServlet.java:668)
		at org.springframework.web.servlet.FrameworkServlet.createWebApplicationContext(FrameworkServlet.java:716)
		at org.springframework.web.servlet.FrameworkServlet.initWebApplicationContext(FrameworkServlet.java:591)
		at org.springframework.web.servlet.FrameworkServlet.initServletBean(FrameworkServlet.java:530)
		at org.springframework.web.servlet.HttpServletBean.init(HttpServletBean.java:170)
		at javax.servlet.GenericServlet.init(GenericServlet.java:143)
		at org.apache.catalina.core.StandardWrapper.initServlet(StandardWrapper.java:986)
		at org.apache.catalina.core.StandardWrapper.loadServlet(StandardWrapper.java:943)
		at org.apache.catalina.core.StandardWrapper.load(StandardWrapper.java:840)
		at org.apache.catalina.core.StandardContext.loadOnStartup(StandardContext.java:4222)
		at org.apache.catalina.core.StandardContext.startInternal(StandardContext.java:4523)
		at org.apache.catalina.util.LifecycleBase.start(LifecycleBase.java:164)
		at org.apache.catalina.core.ContainerBase.addChildInternal(ContainerBase.java:597)
		at org.apache.catalina.core.ContainerBase.addChild(ContainerBase.java:569)
		at org.apache.catalina.core.StandardHost.addChild(StandardHost.java:608)
		at org.apache.catalina.startup.HostConfig.deployDirectory(HostConfig.java:1171)
		at org.apache.catalina.startup.HostConfig$DeployDirectory.run(HostConfig.java:1880)
		at java.base/java.util.concurrent.Executors$RunnableAdapter.call(Executors.java:539)
		at java.base/java.util.concurrent.FutureTask.run(FutureTask.java:264)
		at org.apache.tomcat.util.threads.InlineExecutorService.execute(InlineExecutorService.java:82)
		at java.base/java.util.concurrent.AbstractExecutorService.submit(AbstractExecutorService.java:123)
		at org.apache.catalina.startup.HostConfig.deployDirectories(HostConfig.java:1082)
		at org.apache.catalina.startup.HostConfig.deployApps(HostConfig.java:467)
		at org.apache.catalina.startup.HostConfig.start(HostConfig.java:1576)
		at org.apache.catalina.startup.HostConfig.lifecycleEvent(HostConfig.java:309)
		at org.apache.catalina.util.LifecycleBase.fireLifecycleEvent(LifecycleBase.java:109)
		at org.apache.catalina.util.LifecycleBase.setStateInternal(LifecycleBase.java:389)
		at org.apache.catalina.util.LifecycleBase.setState(LifecycleBase.java:336)
		at org.apache.catalina.core.ContainerBase.startInternal(ContainerBase.java:774)
		at org.apache.catalina.core.StandardHost.startInternal(StandardHost.java:726)
		at org.apache.catalina.util.LifecycleBase.start(LifecycleBase.java:164)
		at org.apache.catalina.core.ContainerBase$StartChild.call(ContainerBase.java:1201)
		at org.apache.catalina.core.ContainerBase$StartChild.call(ContainerBase.java:1191)
		at java.base/java.util.concurrent.FutureTask.run(FutureTask.java:264)
		at org.apache.tomcat.util.threads.InlineExecutorService.execute(InlineExecutorService.java:82)
		at java.base/java.util.concurrent.AbstractExecutorService.submit(AbstractExecutorService.java:145)
		at org.apache.catalina.core.ContainerBase.startInternal(ContainerBase.java:747)
		at org.apache.catalina.core.StandardEngine.startInternal(StandardEngine.java:209)
		at org.apache.catalina.util.LifecycleBase.start(LifecycleBase.java:164)
		at org.apache.catalina.core.StandardService.startInternal(StandardService.java:410)
		at org.apache.catalina.util.LifecycleBase.start(LifecycleBase.java:164)
		at org.apache.catalina.core.StandardServer.startInternal(StandardServer.java:872)
		at org.apache.catalina.util.LifecycleBase.start(LifecycleBase.java:164)
		at org.apache.catalina.startup.Catalina.start(Catalina.java:736)
		at java.base/jdk.internal.reflect.NativeMethodAccessorImpl.invoke0(Native Method)
		at java.base/jdk.internal.reflect.NativeMethodAccessorImpl.invoke(NativeMethodAccessorImpl.java:77)
		at java.base/jdk.internal.reflect.DelegatingMethodAccessorImpl.invoke(DelegatingMethodAccessorImpl.java:43)
		at java.base/java.lang.reflect.Method.invoke(Method.java:569)
		at org.apache.catalina.startup.Bootstrap.start(Bootstrap.java:342)
		at org.apache.catalina.startup.Bootstrap.main(Bootstrap.java:473)
	Caused by: org.springframework.beans.factory.UnsatisfiedDependencyException: Error creating bean with name 'employeeDAOWrapper': Unsatisfied dependency expressed through field 'employeeDAO'; nested exception is org.springframework.beans.factory.NoSuchBeanDefinitionException: No qualifying bean of type 'com.microservices.learn.dao.EmployeeDAO' available: expected at least 1 bean which qualifies as autowire candidate. Dependency annotations: {@org.springframework.beans.factory.annotation.Autowired(required=true)}
		at org.springframework.beans.factory.annotation.AutowiredAnnotationBeanPostProcessor$AutowiredFieldElement.resolveFieldValue(AutowiredAnnotationBeanPostProcessor.java:659)
		at org.springframework.beans.factory.annotation.AutowiredAnnotationBeanPostProcessor$AutowiredFieldElement.inject(AutowiredAnnotationBeanPostProcessor.java:639)
		at org.springframework.beans.factory.annotation.InjectionMetadata.inject(InjectionMetadata.java:119)
		at org.springframework.beans.factory.annotation.AutowiredAnnotationBeanPostProcessor.postProcessProperties(AutowiredAnnotationBeanPostProcessor.java:399)
		at org.springframework.beans.factory.support.AbstractAutowireCapableBeanFactory.populateBean(AbstractAutowireCapableBeanFactory.java:1431)
		at org.springframework.beans.factory.support.AbstractAutowireCapableBeanFactory.doCreateBean(AbstractAutowireCapableBeanFactory.java:619)
		at org.springframework.beans.factory.support.AbstractAutowireCapableBeanFactory.createBean(AbstractAutowireCapableBeanFactory.java:542)
		at org.springframework.beans.factory.support.AbstractBeanFactory.lambda$doGetBean$0(AbstractBeanFactory.java:335)
		at org.springframework.beans.factory.support.DefaultSingletonBeanRegistry.getSingleton(DefaultSingletonBeanRegistry.java:234)
		at org.springframework.beans.factory.support.AbstractBeanFactory.doGetBean(AbstractBeanFactory.java:333)
		at org.springframework.beans.factory.support.AbstractBeanFactory.getBean(AbstractBeanFactory.java:208)
		at org.springframework.beans.factory.config.DependencyDescriptor.resolveCandidate(DependencyDescriptor.java:276)
		at org.springframework.beans.factory.support.DefaultListableBeanFactory.doResolveDependency(DefaultListableBeanFactory.java:1391)
		at org.springframework.beans.factory.support.DefaultListableBeanFactory.resolveDependency(DefaultListableBeanFactory.java:1311)
		at org.springframework.beans.factory.annotation.AutowiredAnnotationBeanPostProcessor$AutowiredFieldElement.resolveFieldValue(AutowiredAnnotationBeanPostProcessor.java:656)
		... 64 more
	Caused by: org.springframework.beans.factory.NoSuchBeanDefinitionException: No qualifying bean of type 'com.microservices.learn.dao.EmployeeDAO' available: expected at least 1 bean which qualifies as autowire candidate. Dependency annotations: {@org.springframework.beans.factory.annotation.Autowired(required=true)}
		at org.springframework.beans.factory.support.DefaultListableBeanFactory.raiseNoMatchingBeanFound(DefaultListableBeanFactory.java:1801)
		at org.springframework.beans.factory.support.DefaultListableBeanFactory.doResolveDependency(DefaultListableBeanFactory.java:1357)
		at org.springframework.beans.factory.support.DefaultListableBeanFactory.resolveDependency(DefaultListableBeanFactory.java:1311)
		at org.springframework.beans.factory.annotation.AutowiredAnnotationBeanPostProcessor$AutowiredFieldElement.resolveFieldValue(AutowiredAnnotationBeanPostProcessor.java:656)
		... 78 more
30-Mar-2026 20:58:05.858 INFO [main] org.apache.catalina.startup.HostConfig.deployDirectory Deployment of web application directory [/Users/motocycopath/Desktop/java-full-stack-training/00-microservices-00/apache-tomcat-9.0.116/webapps/employee-service] has finished in [862] ms
30-Mar-2026 20:58:05.859 INFO [main] org.apache.catalina.startup.HostConfig.deployDirectory Deploying web application directory [/Users/motocycopath/Desktop/java-full-stack-training/00-microservices-00/apache-tomcat-9.0.116/webapps/docs]
30-Mar-2026 20:58:05.869 INFO [main] org.apache.catalina.startup.HostConfig.deployDirectory Deployment of web application directory [/Users/motocycopath/Desktop/java-full-stack-training/00-microservices-00/apache-tomcat-9.0.116/webapps/docs] has finished in [9] ms
30-Mar-2026 20:58:05.869 INFO [main] org.apache.catalina.startup.HostConfig.deployDirectory Deploying web application directory [/Users/motocycopath/Desktop/java-full-stack-training/00-microservices-00/apache-tomcat-9.0.116/webapps/manager]
30-Mar-2026 20:58:05.879 INFO [main] org.apache.catalina.startup.HostConfig.deployDirectory Deployment of web application directory [/Users/motocycopath/Desktop/java-full-stack-training/00-microservices-00/apache-tomcat-9.0.116/webapps/manager] has finished in [10] ms
30-Mar-2026 20:58:05.879 INFO [main] org.apache.catalina.startup.HostConfig.deployDirectory Deploying web application directory [/Users/motocycopath/Desktop/java-full-stack-training/00-microservices-00/apache-tomcat-9.0.116/webapps/examples]
30-Mar-2026 20:58:05.937 INFO [main] org.apache.catalina.startup.HostConfig.deployDirectory Deployment of web application directory [/Users/motocycopath/Desktop/java-full-stack-training/00-microservices-00/apache-tomcat-9.0.116/webapps/examples] has finished in [58] ms
30-Mar-2026 20:58:05.937 INFO [main] org.apache.catalina.startup.HostConfig.deployDirectory Deploying web application directory [/Users/motocycopath/Desktop/java-full-stack-training/00-microservices-00/apache-tomcat-9.0.116/webapps/ROOT]
30-Mar-2026 20:58:05.942 INFO [main] org.apache.catalina.startup.HostConfig.deployDirectory Deployment of web application directory [/Users/motocycopath/Desktop/java-full-stack-training/00-microservices-00/apache-tomcat-9.0.116/webapps/ROOT] has finished in [5] ms
30-Mar-2026 20:58:05.943 INFO [main] org.apache.catalina.startup.HostConfig.deployDirectory Deploying web application directory [/Users/motocycopath/Desktop/java-full-stack-training/00-microservices-00/apache-tomcat-9.0.116/webapps/host-manager]
30-Mar-2026 20:58:05.949 INFO [main] org.apache.catalina.startup.HostConfig.deployDirectory Deployment of web application directory [/Users/motocycopath/Desktop/java-full-stack-training/00-microservices-00/apache-tomcat-9.0.116/webapps/host-manager] has finished in [7] ms
30-Mar-2026 20:58:05.950 INFO [main] org.apache.coyote.AbstractProtocol.start Starting ProtocolHandler ["http-nio-8080"]
30-Mar-2026 20:58:05.954 INFO [main] org.apache.catalina.startup.Catalina.start Server startup in [975] milliseconds
30-Mar-2026 20:58:33.476 INFO [http-nio-8080-exec-1] org.springframework.web.servlet.FrameworkServlet.initServletBean Initializing Servlet 'cstspconf-web'
30-Mar-2026 20:58:33.501 WARNING [http-nio-8080-exec-1] org.springframework.context.support.AbstractApplicationContext.refresh Exception encountered during context initialization - cancelling refresh attempt: org.springframework.beans.factory.UnsatisfiedDependencyException: Error creating bean with name 'employeeServiceImpl': Unsatisfied dependency expressed through field 'employeeDAOWrapper'; nested exception is org.springframework.beans.factory.UnsatisfiedDependencyException: Error creating bean with name 'employeeDAOWrapper': Unsatisfied dependency expressed through field 'employeeDAO'; nested exception is org.springframework.beans.factory.NoSuchBeanDefinitionException: No qualifying bean of type 'com.microservices.learn.dao.EmployeeDAO' available: expected at least 1 bean which qualifies as autowire candidate. Dependency annotations: {@org.springframework.beans.factory.annotation.Autowired(required=true)}
30-Mar-2026 20:58:33.502 SEVERE [http-nio-8080-exec-1] org.springframework.web.servlet.FrameworkServlet.initServletBean Context initialization failed
	org.springframework.beans.factory.UnsatisfiedDependencyException: Error creating bean with name 'employeeServiceImpl': Unsatisfied dependency expressed through field 'employeeDAOWrapper'; nested exception is org.springframework.beans.factory.UnsatisfiedDependencyException: Error creating bean with name 'employeeDAOWrapper': Unsatisfied dependency expressed through field 'employeeDAO'; nested exception is org.springframework.beans.factory.NoSuchBeanDefinitionException: No qualifying bean of type 'com.microservices.learn.dao.EmployeeDAO' available: expected at least 1 bean which qualifies as autowire candidate. Dependency annotations: {@org.springframework.beans.factory.annotation.Autowired(required=true)}
		at org.springframework.beans.factory.annotation.AutowiredAnnotationBeanPostProcessor$AutowiredFieldElement.resolveFieldValue(AutowiredAnnotationBeanPostProcessor.java:659)
		at org.springframework.beans.factory.annotation.AutowiredAnnotationBeanPostProcessor$AutowiredFieldElement.inject(AutowiredAnnotationBeanPostProcessor.java:639)
		at org.springframework.beans.factory.annotation.InjectionMetadata.inject(InjectionMetadata.java:119)
		at org.springframework.beans.factory.annotation.AutowiredAnnotationBeanPostProcessor.postProcessProperties(AutowiredAnnotationBeanPostProcessor.java:399)
		at org.springframework.beans.factory.support.AbstractAutowireCapableBeanFactory.populateBean(AbstractAutowireCapableBeanFactory.java:1431)
		at org.springframework.beans.factory.support.AbstractAutowireCapableBeanFactory.doCreateBean(AbstractAutowireCapableBeanFactory.java:619)
		at org.springframework.beans.factory.support.AbstractAutowireCapableBeanFactory.createBean(AbstractAutowireCapableBeanFactory.java:542)
		at org.springframework.beans.factory.support.AbstractBeanFactory.lambda$doGetBean$0(AbstractBeanFactory.java:335)
		at org.springframework.beans.factory.support.DefaultSingletonBeanRegistry.getSingleton(DefaultSingletonBeanRegistry.java:234)
		at org.springframework.beans.factory.support.AbstractBeanFactory.doGetBean(AbstractBeanFactory.java:333)
		at org.springframework.beans.factory.support.AbstractBeanFactory.getBean(AbstractBeanFactory.java:208)
		at org.springframework.beans.factory.support.DefaultListableBeanFactory.preInstantiateSingletons(DefaultListableBeanFactory.java:955)
		at org.springframework.context.support.AbstractApplicationContext.finishBeanFactoryInitialization(AbstractApplicationContext.java:918)
		at org.springframework.context.support.AbstractApplicationContext.refresh(AbstractApplicationContext.java:583)
		at org.springframework.web.servlet.FrameworkServlet.configureAndRefreshWebApplicationContext(FrameworkServlet.java:702)
		at org.springframework.web.servlet.FrameworkServlet.createWebApplicationContext(FrameworkServlet.java:668)
		at org.springframework.web.servlet.FrameworkServlet.createWebApplicationContext(FrameworkServlet.java:716)
		at org.springframework.web.servlet.FrameworkServlet.initWebApplicationContext(FrameworkServlet.java:591)
		at org.springframework.web.servlet.FrameworkServlet.initServletBean(FrameworkServlet.java:530)
		at org.springframework.web.servlet.HttpServletBean.init(HttpServletBean.java:170)
		at javax.servlet.GenericServlet.init(GenericServlet.java:143)
		at org.apache.catalina.core.StandardWrapper.initServlet(StandardWrapper.java:986)
		at org.apache.catalina.core.StandardWrapper.loadServlet(StandardWrapper.java:943)
		at org.apache.catalina.core.StandardWrapper.allocate(StandardWrapper.java:661)
		at org.apache.catalina.core.StandardWrapperValve.invoke(StandardWrapperValve.java:114)
		at org.apache.catalina.core.StandardContextValve.invoke(StandardContextValve.java:88)
		at org.apache.catalina.authenticator.AuthenticatorBase.invoke(AuthenticatorBase.java:491)
		at org.apache.catalina.core.StandardHostValve.invoke(StandardHostValve.java:127)
		at org.apache.catalina.valves.ErrorReportValve.invoke(ErrorReportValve.java:83)
		at org.apache.catalina.valves.AbstractAccessLogValve.invoke(AbstractAccessLogValve.java:643)
		at org.apache.catalina.core.StandardEngineValve.invoke(StandardEngineValve.java:72)
		at org.apache.catalina.connector.CoyoteAdapter.service(CoyoteAdapter.java:344)
		at org.apache.coyote.http11.Http11Processor.service(Http11Processor.java:398)
		at org.apache.coyote.AbstractProcessorLight.process(AbstractProcessorLight.java:63)
		at org.apache.coyote.AbstractProtocol$ConnectionHandler.process(AbstractProtocol.java:939)
		at org.apache.tomcat.util.net.NioEndpoint$SocketProcessor.doRun(NioEndpoint.java:1832)
		at org.apache.tomcat.util.net.SocketProcessorBase.run(SocketProcessorBase.java:52)
		at org.apache.tomcat.util.threads.ThreadPoolExecutor.runWorker(ThreadPoolExecutor.java:973)
		at org.apache.tomcat.util.threads.ThreadPoolExecutor$Worker.run(ThreadPoolExecutor.java:491)
		at org.apache.tomcat.util.threads.TaskThread$WrappingRunnable.run(TaskThread.java:63)
		at java.base/java.lang.Thread.run(Thread.java:840)
	Caused by: org.springframework.beans.factory.UnsatisfiedDependencyException: Error creating bean with name 'employeeDAOWrapper': Unsatisfied dependency expressed through field 'employeeDAO'; nested exception is org.springframework.beans.factory.NoSuchBeanDefinitionException: No qualifying bean of type 'com.microservices.learn.dao.EmployeeDAO' available: expected at least 1 bean which qualifies as autowire candidate. Dependency annotations: {@org.springframework.beans.factory.annotation.Autowired(required=true)}
		at org.springframework.beans.factory.annotation.AutowiredAnnotationBeanPostProcessor$AutowiredFieldElement.resolveFieldValue(AutowiredAnnotationBeanPostProcessor.java:659)
		at org.springframework.beans.factory.annotation.AutowiredAnnotationBeanPostProcessor$AutowiredFieldElement.inject(AutowiredAnnotationBeanPostProcessor.java:639)
		at org.springframework.beans.factory.annotation.InjectionMetadata.inject(InjectionMetadata.java:119)
		at org.springframework.beans.factory.annotation.AutowiredAnnotationBeanPostProcessor.postProcessProperties(AutowiredAnnotationBeanPostProcessor.java:399)
		at org.springframework.beans.factory.support.AbstractAutowireCapableBeanFactory.populateBean(AbstractAutowireCapableBeanFactory.java:1431)
		at org.springframework.beans.factory.support.AbstractAutowireCapableBeanFactory.doCreateBean(AbstractAutowireCapableBeanFactory.java:619)
		at org.springframework.beans.factory.support.AbstractAutowireCapableBeanFactory.createBean(AbstractAutowireCapableBeanFactory.java:542)
		at org.springframework.beans.factory.support.AbstractBeanFactory.lambda$doGetBean$0(AbstractBeanFactory.java:335)
		at org.springframework.beans.factory.support.DefaultSingletonBeanRegistry.getSingleton(DefaultSingletonBeanRegistry.java:234)
		at org.springframework.beans.factory.support.AbstractBeanFactory.doGetBean(AbstractBeanFactory.java:333)
		at org.springframework.beans.factory.support.AbstractBeanFactory.getBean(AbstractBeanFactory.java:208)
		at org.springframework.beans.factory.config.DependencyDescriptor.resolveCandidate(DependencyDescriptor.java:276)
		at org.springframework.beans.factory.support.DefaultListableBeanFactory.doResolveDependency(DefaultListableBeanFactory.java:1391)
		at org.springframework.beans.factory.support.DefaultListableBeanFactory.resolveDependency(DefaultListableBeanFactory.java:1311)
		at org.springframework.beans.factory.annotation.AutowiredAnnotationBeanPostProcessor$AutowiredFieldElement.resolveFieldValue(AutowiredAnnotationBeanPostProcessor.java:656)
		... 40 more
	Caused by: org.springframework.beans.factory.NoSuchBeanDefinitionException: No qualifying bean of type 'com.microservices.learn.dao.EmployeeDAO' available: expected at least 1 bean which qualifies as autowire candidate. Dependency annotations: {@org.springframework.beans.factory.annotation.Autowired(required=true)}
		at org.springframework.beans.factory.support.DefaultListableBeanFactory.raiseNoMatchingBeanFound(DefaultListableBeanFactory.java:1801)
		at org.springframework.beans.factory.support.DefaultListableBeanFactory.doResolveDependency(DefaultListableBeanFactory.java:1357)
		at org.springframework.beans.factory.support.DefaultListableBeanFactory.resolveDependency(DefaultListableBeanFactory.java:1311)
		at org.springframework.beans.factory.annotation.AutowiredAnnotationBeanPostProcessor$AutowiredFieldElement.resolveFieldValue(AutowiredAnnotationBeanPostProcessor.java:656)
		... 54 more
30-Mar-2026 20:59:50.967 INFO [http-nio-8080-exec-3] org.springframework.web.servlet.FrameworkServlet.initServletBean Initializing Servlet 'cstspconf-web'
30-Mar-2026 20:59:51.057 WARNING [http-nio-8080-exec-3] org.springframework.context.support.AbstractApplicationContext.refresh Exception encountered during context initialization - cancelling refresh attempt: org.springframework.beans.factory.UnsatisfiedDependencyException: Error creating bean with name 'employeeServiceImpl': Unsatisfied dependency expressed through field 'employeeDAOWrapper'; nested exception is org.springframework.beans.factory.UnsatisfiedDependencyException: Error creating bean with name 'employeeDAOWrapper': Unsatisfied dependency expressed through field 'employeeDAO'; nested exception is org.springframework.beans.factory.NoSuchBeanDefinitionException: No qualifying bean of type 'com.microservices.learn.dao.EmployeeDAO' available: expected at least 1 bean which qualifies as autowire candidate. Dependency annotations: {@org.springframework.beans.factory.annotation.Autowired(required=true)}
30-Mar-2026 20:59:51.057 SEVERE [http-nio-8080-exec-3] org.springframework.web.servlet.FrameworkServlet.initServletBean Context initialization failed
	org.springframework.beans.factory.UnsatisfiedDependencyException: Error creating bean with name 'employeeServiceImpl': Unsatisfied dependency expressed through field 'employeeDAOWrapper'; nested exception is org.springframework.beans.factory.UnsatisfiedDependencyException: Error creating bean with name 'employeeDAOWrapper': Unsatisfied dependency expressed through field 'employeeDAO'; nested exception is org.springframework.beans.factory.NoSuchBeanDefinitionException: No qualifying bean of type 'com.microservices.learn.dao.EmployeeDAO' available: expected at least 1 bean which qualifies as autowire candidate. Dependency annotations: {@org.springframework.beans.factory.annotation.Autowired(required=true)}
		at org.springframework.beans.factory.annotation.AutowiredAnnotationBeanPostProcessor$AutowiredFieldElement.resolveFieldValue(AutowiredAnnotationBeanPostProcessor.java:659)
		at org.springframework.beans.factory.annotation.AutowiredAnnotationBeanPostProcessor$AutowiredFieldElement.inject(AutowiredAnnotationBeanPostProcessor.java:639)
		at org.springframework.beans.factory.annotation.InjectionMetadata.inject(InjectionMetadata.java:119)
		at org.springframework.beans.factory.annotation.AutowiredAnnotationBeanPostProcessor.postProcessProperties(AutowiredAnnotationBeanPostProcessor.java:399)
		at org.springframework.beans.factory.support.AbstractAutowireCapableBeanFactory.populateBean(AbstractAutowireCapableBeanFactory.java:1431)
		at org.springframework.beans.factory.support.AbstractAutowireCapableBeanFactory.doCreateBean(AbstractAutowireCapableBeanFactory.java:619)
		at org.springframework.beans.factory.support.AbstractAutowireCapableBeanFactory.createBean(AbstractAutowireCapableBeanFactory.java:542)
		at org.springframework.beans.factory.support.AbstractBeanFactory.lambda$doGetBean$0(AbstractBeanFactory.java:335)
		at org.springframework.beans.factory.support.DefaultSingletonBeanRegistry.getSingleton(DefaultSingletonBeanRegistry.java:234)
		at org.springframework.beans.factory.support.AbstractBeanFactory.doGetBean(AbstractBeanFactory.java:333)
		at org.springframework.beans.factory.support.AbstractBeanFactory.getBean(AbstractBeanFactory.java:208)
		at org.springframework.beans.factory.support.DefaultListableBeanFactory.preInstantiateSingletons(DefaultListableBeanFactory.java:955)
		at org.springframework.context.support.AbstractApplicationContext.finishBeanFactoryInitialization(AbstractApplicationContext.java:918)
		at org.springframework.context.support.AbstractApplicationContext.refresh(AbstractApplicationContext.java:583)
		at org.springframework.web.servlet.FrameworkServlet.configureAndRefreshWebApplicationContext(FrameworkServlet.java:702)
		at org.springframework.web.servlet.FrameworkServlet.createWebApplicationContext(FrameworkServlet.java:668)
		at org.springframework.web.servlet.FrameworkServlet.createWebApplicationContext(FrameworkServlet.java:716)
		at org.springframework.web.servlet.FrameworkServlet.initWebApplicationContext(FrameworkServlet.java:591)
		at org.springframework.web.servlet.FrameworkServlet.initServletBean(FrameworkServlet.java:530)
		at org.springframework.web.servlet.HttpServletBean.init(HttpServletBean.java:170)
		at javax.servlet.GenericServlet.init(GenericServlet.java:143)
		at org.apache.catalina.core.StandardWrapper.initServlet(StandardWrapper.java:986)
		at org.apache.catalina.core.StandardWrapper.loadServlet(StandardWrapper.java:943)
		at org.apache.catalina.core.StandardWrapper.allocate(StandardWrapper.java:661)
		at org.apache.catalina.core.StandardWrapperValve.invoke(StandardWrapperValve.java:114)
		at org.apache.catalina.core.StandardContextValve.invoke(StandardContextValve.java:88)
		at org.apache.catalina.authenticator.AuthenticatorBase.invoke(AuthenticatorBase.java:491)
		at org.apache.catalina.core.StandardHostValve.invoke(StandardHostValve.java:127)
		at org.apache.catalina.valves.ErrorReportValve.invoke(ErrorReportValve.java:83)
		at org.apache.catalina.valves.AbstractAccessLogValve.invoke(AbstractAccessLogValve.java:643)
		at org.apache.catalina.core.StandardEngineValve.invoke(StandardEngineValve.java:72)
		at org.apache.catalina.connector.CoyoteAdapter.service(CoyoteAdapter.java:344)
		at org.apache.coyote.http11.Http11Processor.service(Http11Processor.java:398)
		at org.apache.coyote.AbstractProcessorLight.process(AbstractProcessorLight.java:63)
		at org.apache.coyote.AbstractProtocol$ConnectionHandler.process(AbstractProtocol.java:939)
		at org.apache.tomcat.util.net.NioEndpoint$SocketProcessor.doRun(NioEndpoint.java:1832)
		at org.apache.tomcat.util.net.SocketProcessorBase.run(SocketProcessorBase.java:52)
		at org.apache.tomcat.util.threads.ThreadPoolExecutor.runWorker(ThreadPoolExecutor.java:973)
		at org.apache.tomcat.util.threads.ThreadPoolExecutor$Worker.run(ThreadPoolExecutor.java:491)
		at org.apache.tomcat.util.threads.TaskThread$WrappingRunnable.run(TaskThread.java:63)
		at java.base/java.lang.Thread.run(Thread.java:840)
	Caused by: org.springframework.beans.factory.UnsatisfiedDependencyException: Error creating bean with name 'employeeDAOWrapper': Unsatisfied dependency expressed through field 'employeeDAO'; nested exception is org.springframework.beans.factory.NoSuchBeanDefinitionException: No qualifying bean of type 'com.microservices.learn.dao.EmployeeDAO' available: expected at least 1 bean which qualifies as autowire candidate. Dependency annotations: {@org.springframework.beans.factory.annotation.Autowired(required=true)}
		at org.springframework.beans.factory.annotation.AutowiredAnnotationBeanPostProcessor$AutowiredFieldElement.resolveFieldValue(AutowiredAnnotationBeanPostProcessor.java:659)
		at org.springframework.beans.factory.annotation.AutowiredAnnotationBeanPostProcessor$AutowiredFieldElement.inject(AutowiredAnnotationBeanPostProcessor.java:639)
		at org.springframework.beans.factory.annotation.InjectionMetadata.inject(InjectionMetadata.java:119)
		at org.springframework.beans.factory.annotation.AutowiredAnnotationBeanPostProcessor.postProcessProperties(AutowiredAnnotationBeanPostProcessor.java:399)
		at org.springframework.beans.factory.support.AbstractAutowireCapableBeanFactory.populateBean(AbstractAutowireCapableBeanFactory.java:1431)
		at org.springframework.beans.factory.support.AbstractAutowireCapableBeanFactory.doCreateBean(AbstractAutowireCapableBeanFactory.java:619)
		at org.springframework.beans.factory.support.AbstractAutowireCapableBeanFactory.createBean(AbstractAutowireCapableBeanFactory.java:542)
		at org.springframework.beans.factory.support.AbstractBeanFactory.lambda$doGetBean$0(AbstractBeanFactory.java:335)
		at org.springframework.beans.factory.support.DefaultSingletonBeanRegistry.getSingleton(DefaultSingletonBeanRegistry.java:234)
		at org.springframework.beans.factory.support.AbstractBeanFactory.doGetBean(AbstractBeanFactory.java:333)
		at org.springframework.beans.factory.support.AbstractBeanFactory.getBean(AbstractBeanFactory.java:208)
		at org.springframework.beans.factory.config.DependencyDescriptor.resolveCandidate(DependencyDescriptor.java:276)
		at org.springframework.beans.factory.support.DefaultListableBeanFactory.doResolveDependency(DefaultListableBeanFactory.java:1391)
		at org.springframework.beans.factory.support.DefaultListableBeanFactory.resolveDependency(DefaultListableBeanFactory.java:1311)
		at org.springframework.beans.factory.annotation.AutowiredAnnotationBeanPostProcessor$AutowiredFieldElement.resolveFieldValue(AutowiredAnnotationBeanPostProcessor.java:656)
		... 40 more
	Caused by: org.springframework.beans.factory.NoSuchBeanDefinitionException: No qualifying bean of type 'com.microservices.learn.dao.EmployeeDAO' available: expected at least 1 bean which qualifies as autowire candidate. Dependency annotations: {@org.springframework.beans.factory.annotation.Autowired(required=true)}
		at org.springframework.beans.factory.support.DefaultListableBeanFactory.raiseNoMatchingBeanFound(DefaultListableBeanFactory.java:1801)
		at org.springframework.beans.factory.support.DefaultListableBeanFactory.doResolveDependency(DefaultListableBeanFactory.java:1357)
		at org.springframework.beans.factory.support.DefaultListableBeanFactory.resolveDependency(DefaultListableBeanFactory.java:1311)
		at org.springframework.beans.factory.annotation.AutowiredAnnotationBeanPostProcessor$AutowiredFieldElement.resolveFieldValue(AutowiredAnnotationBeanPostProcessor.java:656)
		... 54 more
30-Mar-2026 21:06:48.059 INFO [main] org.apache.catalina.core.StandardServer.await A valid shutdown command was received via the shutdown port. Stopping the Server instance.
30-Mar-2026 21:06:48.061 INFO [main] org.apache.coyote.AbstractProtocol.pause Pausing ProtocolHandler ["http-nio-8080"]
30-Mar-2026 21:06:48.065 INFO [main] org.apache.catalina.core.StandardService.stopInternal Stopping service [Catalina]
30-Mar-2026 21:06:48.088 INFO [main] org.apache.coyote.AbstractProtocol.stop Stopping ProtocolHandler ["http-nio-8080"]
30-Mar-2026 21:06:48.091 INFO [main] org.apache.coyote.AbstractProtocol.destroy Destroying ProtocolHandler ["http-nio-8080"]
NOTE: Picked up JDK_JAVA_OPTIONS:  --add-opens=java.base/java.lang=ALL-UNNAMED --add-opens=java.base/java.lang.invoke=ALL-UNNAMED --add-opens=java.base/java.lang.reflect=ALL-UNNAMED --add-opens=java.base/java.io=ALL-UNNAMED --add-opens=java.base/java.util=ALL-UNNAMED --add-opens=java.base/java.util.concurrent=ALL-UNNAMED --add-opens=java.rmi/sun.rmi.transport=ALL-UNNAMED
30-Mar-2026 21:06:48.239 INFO [main] org.apache.catalina.startup.VersionLoggerListener.log Server version name:   Apache Tomcat/9.0.116
30-Mar-2026 21:06:48.240 INFO [main] org.apache.catalina.startup.VersionLoggerListener.log Server built:          Mar 16 2026 15:05:42 UTC
30-Mar-2026 21:06:48.241 INFO [main] org.apache.catalina.startup.VersionLoggerListener.log Server version number: 9.0.116.0
30-Mar-2026 21:06:48.241 INFO [main] org.apache.catalina.startup.VersionLoggerListener.log OS Name:               Mac OS X
30-Mar-2026 21:06:48.241 INFO [main] org.apache.catalina.startup.VersionLoggerListener.log OS Version:            15.5
30-Mar-2026 21:06:48.241 INFO [main] org.apache.catalina.startup.VersionLoggerListener.log Architecture:          aarch64
30-Mar-2026 21:06:48.241 INFO [main] org.apache.catalina.startup.VersionLoggerListener.log Java Home:             /Users/motocycopath/Library/Java/JavaVirtualMachines/jbr-17.0.14/Contents/Home
30-Mar-2026 21:06:48.241 INFO [main] org.apache.catalina.startup.VersionLoggerListener.log JVM Version:           17.0.14+1-b1367.22
30-Mar-2026 21:06:48.241 INFO [main] org.apache.catalina.startup.VersionLoggerListener.log JVM Vendor:            JetBrains s.r.o.
30-Mar-2026 21:06:48.241 INFO [main] org.apache.catalina.startup.VersionLoggerListener.log CATALINA_BASE:         /Users/motocycopath/Desktop/java-full-stack-training/00-microservices-00/apache-tomcat-9.0.116
30-Mar-2026 21:06:48.241 INFO [main] org.apache.catalina.startup.VersionLoggerListener.log CATALINA_HOME:         /Users/motocycopath/Desktop/java-full-stack-training/00-microservices-00/apache-tomcat-9.0.116
30-Mar-2026 21:06:48.246 INFO [main] org.apache.catalina.startup.VersionLoggerListener.log Command line argument: --add-opens=java.base/java.lang=ALL-UNNAMED
30-Mar-2026 21:06:48.247 INFO [main] org.apache.catalina.startup.VersionLoggerListener.log Command line argument: --add-opens=java.base/java.lang.invoke=ALL-UNNAMED
30-Mar-2026 21:06:48.247 INFO [main] org.apache.catalina.startup.VersionLoggerListener.log Command line argument: --add-opens=java.base/java.lang.reflect=ALL-UNNAMED
30-Mar-2026 21:06:48.247 INFO [main] org.apache.catalina.startup.VersionLoggerListener.log Command line argument: --add-opens=java.base/java.io=ALL-UNNAMED
30-Mar-2026 21:06:48.247 INFO [main] org.apache.catalina.startup.VersionLoggerListener.log Command line argument: --add-opens=java.base/java.util=ALL-UNNAMED
30-Mar-2026 21:06:48.247 INFO [main] org.apache.catalina.startup.VersionLoggerListener.log Command line argument: --add-opens=java.base/java.util.concurrent=ALL-UNNAMED
30-Mar-2026 21:06:48.247 INFO [main] org.apache.catalina.startup.VersionLoggerListener.log Command line argument: --add-opens=java.rmi/sun.rmi.transport=ALL-UNNAMED
30-Mar-2026 21:06:48.247 INFO [main] org.apache.catalina.startup.VersionLoggerListener.log Command line argument: -Djava.util.logging.config.file=/Users/motocycopath/Desktop/java-full-stack-training/00-microservices-00/apache-tomcat-9.0.116/conf/logging.properties
30-Mar-2026 21:06:48.247 INFO [main] org.apache.catalina.startup.VersionLoggerListener.log Command line argument: -Djava.util.logging.manager=org.apache.juli.ClassLoaderLogManager
30-Mar-2026 21:06:48.247 INFO [main] org.apache.catalina.startup.VersionLoggerListener.log Command line argument: -Djdk.tls.ephemeralDHKeySize=2048
30-Mar-2026 21:06:48.247 INFO [main] org.apache.catalina.startup.VersionLoggerListener.log Command line argument: -Djava.protocol.handler.pkgs=org.apache.catalina.webresources
30-Mar-2026 21:06:48.247 INFO [main] org.apache.catalina.startup.VersionLoggerListener.log Command line argument: -Dsun.io.useCanonCaches=false
30-Mar-2026 21:06:48.247 INFO [main] org.apache.catalina.startup.VersionLoggerListener.log Command line argument: -Dorg.apache.catalina.security.SecurityListener.UMASK=0027
30-Mar-2026 21:06:48.247 INFO [main] org.apache.catalina.startup.VersionLoggerListener.log Command line argument: -Dignore.endorsed.dirs=
30-Mar-2026 21:06:48.247 INFO [main] org.apache.catalina.startup.VersionLoggerListener.log Command line argument: -Dcatalina.base=/Users/motocycopath/Desktop/java-full-stack-training/00-microservices-00/apache-tomcat-9.0.116
30-Mar-2026 21:06:48.247 INFO [main] org.apache.catalina.startup.VersionLoggerListener.log Command line argument: -Dcatalina.home=/Users/motocycopath/Desktop/java-full-stack-training/00-microservices-00/apache-tomcat-9.0.116
30-Mar-2026 21:06:48.247 INFO [main] org.apache.catalina.startup.VersionLoggerListener.log Command line argument: -Djava.io.tmpdir=/Users/motocycopath/Desktop/java-full-stack-training/00-microservices-00/apache-tomcat-9.0.116/temp
30-Mar-2026 21:06:48.251 INFO [main] org.apache.catalina.core.AprLifecycleListener.lifecycleEvent The Apache Tomcat Native library which allows using OpenSSL was not found on the java.library.path: [/Users/motocycopath/Library/Java/Extensions:/Library/Java/Extensions:/Network/Library/Java/Extensions:/System/Library/Java/Extensions:/usr/lib/java:.]
30-Mar-2026 21:06:48.357 INFO [main] org.apache.coyote.AbstractProtocol.init Initializing ProtocolHandler ["http-nio-8080"]
30-Mar-2026 21:06:48.367 INFO [main] org.apache.catalina.startup.Catalina.load Server initialization in [194] milliseconds
30-Mar-2026 21:06:48.381 INFO [main] org.apache.catalina.core.StandardService.startInternal Starting service [Catalina]
30-Mar-2026 21:06:48.381 INFO [main] org.apache.catalina.core.StandardEngine.startInternal Starting Servlet engine: [Apache Tomcat/9.0.116]
30-Mar-2026 21:06:48.383 INFO [main] org.apache.catalina.startup.HostConfig.deployDirectory Deploying web application directory [/Users/motocycopath/Desktop/java-full-stack-training/00-microservices-00/apache-tomcat-9.0.116/webapps/employee-service]
30-Mar-2026 21:06:49.154 INFO [main] org.apache.jasper.servlet.TldScanner.scanJars At least one JAR was scanned for TLDs yet contained no TLDs. Enable debug logging for this logger for a complete list of JARs that were scanned but no TLDs were found in them. Skipping unneeded JARs during scanning can improve startup time and JSP compilation time.
30-Mar-2026 21:06:49.208 INFO [main] org.springframework.web.servlet.FrameworkServlet.initServletBean Initializing Servlet 'cstspconf-web'
30-Mar-2026 21:06:49.369 WARNING [main] org.springframework.context.support.AbstractApplicationContext.refresh Exception encountered during context initialization - cancelling refresh attempt: org.springframework.beans.factory.UnsatisfiedDependencyException: Error creating bean with name 'employeeServiceImpl': Unsatisfied dependency expressed through field 'employeeDAOWrapper'; nested exception is org.springframework.beans.factory.UnsatisfiedDependencyException: Error creating bean with name 'employeeDAOWrapper': Unsatisfied dependency expressed through field 'employeeDAO'; nested exception is org.springframework.beans.factory.NoSuchBeanDefinitionException: No qualifying bean of type 'com.microservices.learn.dao.EmployeeDAO' available: expected at least 1 bean which qualifies as autowire candidate. Dependency annotations: {@org.springframework.beans.factory.annotation.Autowired(required=true)}
30-Mar-2026 21:06:49.371 SEVERE [main] org.springframework.web.servlet.FrameworkServlet.initServletBean Context initialization failed
	org.springframework.beans.factory.UnsatisfiedDependencyException: Error creating bean with name 'employeeServiceImpl': Unsatisfied dependency expressed through field 'employeeDAOWrapper'; nested exception is org.springframework.beans.factory.UnsatisfiedDependencyException: Error creating bean with name 'employeeDAOWrapper': Unsatisfied dependency expressed through field 'employeeDAO'; nested exception is org.springframework.beans.factory.NoSuchBeanDefinitionException: No qualifying bean of type 'com.microservices.learn.dao.EmployeeDAO' available: expected at least 1 bean which qualifies as autowire candidate. Dependency annotations: {@org.springframework.beans.factory.annotation.Autowired(required=true)}
		at org.springframework.beans.factory.annotation.AutowiredAnnotationBeanPostProcessor$AutowiredFieldElement.resolveFieldValue(AutowiredAnnotationBeanPostProcessor.java:659)
		at org.springframework.beans.factory.annotation.AutowiredAnnotationBeanPostProcessor$AutowiredFieldElement.inject(AutowiredAnnotationBeanPostProcessor.java:639)
		at org.springframework.beans.factory.annotation.InjectionMetadata.inject(InjectionMetadata.java:119)
		at org.springframework.beans.factory.annotation.AutowiredAnnotationBeanPostProcessor.postProcessProperties(AutowiredAnnotationBeanPostProcessor.java:399)
		at org.springframework.beans.factory.support.AbstractAutowireCapableBeanFactory.populateBean(AbstractAutowireCapableBeanFactory.java:1431)
		at org.springframework.beans.factory.support.AbstractAutowireCapableBeanFactory.doCreateBean(AbstractAutowireCapableBeanFactory.java:619)
		at org.springframework.beans.factory.support.AbstractAutowireCapableBeanFactory.createBean(AbstractAutowireCapableBeanFactory.java:542)
		at org.springframework.beans.factory.support.AbstractBeanFactory.lambda$doGetBean$0(AbstractBeanFactory.java:335)
		at org.springframework.beans.factory.support.DefaultSingletonBeanRegistry.getSingleton(DefaultSingletonBeanRegistry.java:234)
		at org.springframework.beans.factory.support.AbstractBeanFactory.doGetBean(AbstractBeanFactory.java:333)
		at org.springframework.beans.factory.support.AbstractBeanFactory.getBean(AbstractBeanFactory.java:208)
		at org.springframework.beans.factory.support.DefaultListableBeanFactory.preInstantiateSingletons(DefaultListableBeanFactory.java:955)
		at org.springframework.context.support.AbstractApplicationContext.finishBeanFactoryInitialization(AbstractApplicationContext.java:918)
		at org.springframework.context.support.AbstractApplicationContext.refresh(AbstractApplicationContext.java:583)
		at org.springframework.web.servlet.FrameworkServlet.configureAndRefreshWebApplicationContext(FrameworkServlet.java:702)
		at org.springframework.web.servlet.FrameworkServlet.createWebApplicationContext(FrameworkServlet.java:668)
		at org.springframework.web.servlet.FrameworkServlet.createWebApplicationContext(FrameworkServlet.java:716)
		at org.springframework.web.servlet.FrameworkServlet.initWebApplicationContext(FrameworkServlet.java:591)
		at org.springframework.web.servlet.FrameworkServlet.initServletBean(FrameworkServlet.java:530)
		at org.springframework.web.servlet.HttpServletBean.init(HttpServletBean.java:170)
		at javax.servlet.GenericServlet.init(GenericServlet.java:143)
		at org.apache.catalina.core.StandardWrapper.initServlet(StandardWrapper.java:986)
		at org.apache.catalina.core.StandardWrapper.loadServlet(StandardWrapper.java:943)
		at org.apache.catalina.core.StandardWrapper.load(StandardWrapper.java:840)
		at org.apache.catalina.core.StandardContext.loadOnStartup(StandardContext.java:4222)
		at org.apache.catalina.core.StandardContext.startInternal(StandardContext.java:4523)
		at org.apache.catalina.util.LifecycleBase.start(LifecycleBase.java:164)
		at org.apache.catalina.core.ContainerBase.addChildInternal(ContainerBase.java:597)
		at org.apache.catalina.core.ContainerBase.addChild(ContainerBase.java:569)
		at org.apache.catalina.core.StandardHost.addChild(StandardHost.java:608)
		at org.apache.catalina.startup.HostConfig.deployDirectory(HostConfig.java:1171)
		at org.apache.catalina.startup.HostConfig$DeployDirectory.run(HostConfig.java:1880)
		at java.base/java.util.concurrent.Executors$RunnableAdapter.call(Executors.java:539)
		at java.base/java.util.concurrent.FutureTask.run(FutureTask.java:264)
		at org.apache.tomcat.util.threads.InlineExecutorService.execute(InlineExecutorService.java:82)
		at java.base/java.util.concurrent.AbstractExecutorService.submit(AbstractExecutorService.java:123)
		at org.apache.catalina.startup.HostConfig.deployDirectories(HostConfig.java:1082)
		at org.apache.catalina.startup.HostConfig.deployApps(HostConfig.java:467)
		at org.apache.catalina.startup.HostConfig.start(HostConfig.java:1576)
		at org.apache.catalina.startup.HostConfig.lifecycleEvent(HostConfig.java:309)
		at org.apache.catalina.util.LifecycleBase.fireLifecycleEvent(LifecycleBase.java:109)
		at org.apache.catalina.util.LifecycleBase.setStateInternal(LifecycleBase.java:389)
		at org.apache.catalina.util.LifecycleBase.setState(LifecycleBase.java:336)
		at org.apache.catalina.core.ContainerBase.startInternal(ContainerBase.java:774)
		at org.apache.catalina.core.StandardHost.startInternal(StandardHost.java:726)
		at org.apache.catalina.util.LifecycleBase.start(LifecycleBase.java:164)
		at org.apache.catalina.core.ContainerBase$StartChild.call(ContainerBase.java:1201)
		at org.apache.catalina.core.ContainerBase$StartChild.call(ContainerBase.java:1191)
		at java.base/java.util.concurrent.FutureTask.run(FutureTask.java:264)
		at org.apache.tomcat.util.threads.InlineExecutorService.execute(InlineExecutorService.java:82)
		at java.base/java.util.concurrent.AbstractExecutorService.submit(AbstractExecutorService.java:145)
		at org.apache.catalina.core.ContainerBase.startInternal(ContainerBase.java:747)
		at org.apache.catalina.core.StandardEngine.startInternal(StandardEngine.java:209)
		at org.apache.catalina.util.LifecycleBase.start(LifecycleBase.java:164)
		at org.apache.catalina.core.StandardService.startInternal(StandardService.java:410)
		at org.apache.catalina.util.LifecycleBase.start(LifecycleBase.java:164)
		at org.apache.catalina.core.StandardServer.startInternal(StandardServer.java:872)
		at org.apache.catalina.util.LifecycleBase.start(LifecycleBase.java:164)
		at org.apache.catalina.startup.Catalina.start(Catalina.java:736)
		at java.base/jdk.internal.reflect.NativeMethodAccessorImpl.invoke0(Native Method)
		at java.base/jdk.internal.reflect.NativeMethodAccessorImpl.invoke(NativeMethodAccessorImpl.java:77)
		at java.base/jdk.internal.reflect.DelegatingMethodAccessorImpl.invoke(DelegatingMethodAccessorImpl.java:43)
		at java.base/java.lang.reflect.Method.invoke(Method.java:569)
		at org.apache.catalina.startup.Bootstrap.start(Bootstrap.java:342)
		at org.apache.catalina.startup.Bootstrap.main(Bootstrap.java:473)
	Caused by: org.springframework.beans.factory.UnsatisfiedDependencyException: Error creating bean with name 'employeeDAOWrapper': Unsatisfied dependency expressed through field 'employeeDAO'; nested exception is org.springframework.beans.factory.NoSuchBeanDefinitionException: No qualifying bean of type 'com.microservices.learn.dao.EmployeeDAO' available: expected at least 1 bean which qualifies as autowire candidate. Dependency annotations: {@org.springframework.beans.factory.annotation.Autowired(required=true)}
		at org.springframework.beans.factory.annotation.AutowiredAnnotationBeanPostProcessor$AutowiredFieldElement.resolveFieldValue(AutowiredAnnotationBeanPostProcessor.java:659)
		at org.springframework.beans.factory.annotation.AutowiredAnnotationBeanPostProcessor$AutowiredFieldElement.inject(AutowiredAnnotationBeanPostProcessor.java:639)
		at org.springframework.beans.factory.annotation.InjectionMetadata.inject(InjectionMetadata.java:119)
		at org.springframework.beans.factory.annotation.AutowiredAnnotationBeanPostProcessor.postProcessProperties(AutowiredAnnotationBeanPostProcessor.java:399)
		at org.springframework.beans.factory.support.AbstractAutowireCapableBeanFactory.populateBean(AbstractAutowireCapableBeanFactory.java:1431)
		at org.springframework.beans.factory.support.AbstractAutowireCapableBeanFactory.doCreateBean(AbstractAutowireCapableBeanFactory.java:619)
		at org.springframework.beans.factory.support.AbstractAutowireCapableBeanFactory.createBean(AbstractAutowireCapableBeanFactory.java:542)
		at org.springframework.beans.factory.support.AbstractBeanFactory.lambda$doGetBean$0(AbstractBeanFactory.java:335)
		at org.springframework.beans.factory.support.DefaultSingletonBeanRegistry.getSingleton(DefaultSingletonBeanRegistry.java:234)
		at org.springframework.beans.factory.support.AbstractBeanFactory.doGetBean(AbstractBeanFactory.java:333)
		at org.springframework.beans.factory.support.AbstractBeanFactory.getBean(AbstractBeanFactory.java:208)
		at org.springframework.beans.factory.config.DependencyDescriptor.resolveCandidate(DependencyDescriptor.java:276)
		at org.springframework.beans.factory.support.DefaultListableBeanFactory.doResolveDependency(DefaultListableBeanFactory.java:1391)
		at org.springframework.beans.factory.support.DefaultListableBeanFactory.resolveDependency(DefaultListableBeanFactory.java:1311)
		at org.springframework.beans.factory.annotation.AutowiredAnnotationBeanPostProcessor$AutowiredFieldElement.resolveFieldValue(AutowiredAnnotationBeanPostProcessor.java:656)
		... 64 more
	Caused by: org.springframework.beans.factory.NoSuchBeanDefinitionException: No qualifying bean of type 'com.microservices.learn.dao.EmployeeDAO' available: expected at least 1 bean which qualifies as autowire candidate. Dependency annotations: {@org.springframework.beans.factory.annotation.Autowired(required=true)}
		at org.springframework.beans.factory.support.DefaultListableBeanFactory.raiseNoMatchingBeanFound(DefaultListableBeanFactory.java:1801)
		at org.springframework.beans.factory.support.DefaultListableBeanFactory.doResolveDependency(DefaultListableBeanFactory.java:1357)
		at org.springframework.beans.factory.support.DefaultListableBeanFactory.resolveDependency(DefaultListableBeanFactory.java:1311)
		at org.springframework.beans.factory.annotation.AutowiredAnnotationBeanPostProcessor$AutowiredFieldElement.resolveFieldValue(AutowiredAnnotationBeanPostProcessor.java:656)
		... 78 more
30-Mar-2026 21:06:49.378 INFO [main] org.apache.catalina.startup.HostConfig.deployDirectory Deployment of web application directory [/Users/motocycopath/Desktop/java-full-stack-training/00-microservices-00/apache-tomcat-9.0.116/webapps/employee-service] has finished in [994] ms
30-Mar-2026 21:06:49.378 INFO [main] org.apache.catalina.startup.HostConfig.deployDirectory Deploying web application directory [/Users/motocycopath/Desktop/java-full-stack-training/00-microservices-00/apache-tomcat-9.0.116/webapps/docs]
30-Mar-2026 21:06:49.388 INFO [main] org.apache.catalina.startup.HostConfig.deployDirectory Deployment of web application directory [/Users/motocycopath/Desktop/java-full-stack-training/00-microservices-00/apache-tomcat-9.0.116/webapps/docs] has finished in [10] ms
30-Mar-2026 21:06:49.388 INFO [main] org.apache.catalina.startup.HostConfig.deployDirectory Deploying web application directory [/Users/motocycopath/Desktop/java-full-stack-training/00-microservices-00/apache-tomcat-9.0.116/webapps/manager]
30-Mar-2026 21:06:49.398 INFO [main] org.apache.catalina.startup.HostConfig.deployDirectory Deployment of web application directory [/Users/motocycopath/Desktop/java-full-stack-training/00-microservices-00/apache-tomcat-9.0.116/webapps/manager] has finished in [10] ms
30-Mar-2026 21:06:49.398 INFO [main] org.apache.catalina.startup.HostConfig.deployDirectory Deploying web application directory [/Users/motocycopath/Desktop/java-full-stack-training/00-microservices-00/apache-tomcat-9.0.116/webapps/examples]
30-Mar-2026 21:06:49.461 INFO [main] org.apache.catalina.startup.HostConfig.deployDirectory Deployment of web application directory [/Users/motocycopath/Desktop/java-full-stack-training/00-microservices-00/apache-tomcat-9.0.116/webapps/examples] has finished in [62] ms
30-Mar-2026 21:06:49.461 INFO [main] org.apache.catalina.startup.HostConfig.deployDirectory Deploying web application directory [/Users/motocycopath/Desktop/java-full-stack-training/00-microservices-00/apache-tomcat-9.0.116/webapps/ROOT]
30-Mar-2026 21:06:49.466 INFO [main] org.apache.catalina.startup.HostConfig.deployDirectory Deployment of web application directory [/Users/motocycopath/Desktop/java-full-stack-training/00-microservices-00/apache-tomcat-9.0.116/webapps/ROOT] has finished in [5] ms
30-Mar-2026 21:06:49.466 INFO [main] org.apache.catalina.startup.HostConfig.deployDirectory Deploying web application directory [/Users/motocycopath/Desktop/java-full-stack-training/00-microservices-00/apache-tomcat-9.0.116/webapps/host-manager]
30-Mar-2026 21:06:49.472 INFO [main] org.apache.catalina.startup.HostConfig.deployDirectory Deployment of web application directory [/Users/motocycopath/Desktop/java-full-stack-training/00-microservices-00/apache-tomcat-9.0.116/webapps/host-manager] has finished in [6] ms
30-Mar-2026 21:06:49.473 INFO [main] org.apache.coyote.AbstractProtocol.start Starting ProtocolHandler ["http-nio-8080"]
30-Mar-2026 21:06:49.477 INFO [main] org.apache.catalina.startup.Catalina.start Server startup in [1110] milliseconds
30-Mar-2026 21:06:54.068 INFO [http-nio-8080-exec-1] org.springframework.web.servlet.FrameworkServlet.initServletBean Initializing Servlet 'cstspconf-web'
30-Mar-2026 21:06:54.091 WARNING [http-nio-8080-exec-1] org.springframework.context.support.AbstractApplicationContext.refresh Exception encountered during context initialization - cancelling refresh attempt: org.springframework.beans.factory.UnsatisfiedDependencyException: Error creating bean with name 'employeeServiceImpl': Unsatisfied dependency expressed through field 'employeeDAOWrapper'; nested exception is org.springframework.beans.factory.UnsatisfiedDependencyException: Error creating bean with name 'employeeDAOWrapper': Unsatisfied dependency expressed through field 'employeeDAO'; nested exception is org.springframework.beans.factory.NoSuchBeanDefinitionException: No qualifying bean of type 'com.microservices.learn.dao.EmployeeDAO' available: expected at least 1 bean which qualifies as autowire candidate. Dependency annotations: {@org.springframework.beans.factory.annotation.Autowired(required=true)}
30-Mar-2026 21:06:54.091 SEVERE [http-nio-8080-exec-1] org.springframework.web.servlet.FrameworkServlet.initServletBean Context initialization failed
	org.springframework.beans.factory.UnsatisfiedDependencyException: Error creating bean with name 'employeeServiceImpl': Unsatisfied dependency expressed through field 'employeeDAOWrapper'; nested exception is org.springframework.beans.factory.UnsatisfiedDependencyException: Error creating bean with name 'employeeDAOWrapper': Unsatisfied dependency expressed through field 'employeeDAO'; nested exception is org.springframework.beans.factory.NoSuchBeanDefinitionException: No qualifying bean of type 'com.microservices.learn.dao.EmployeeDAO' available: expected at least 1 bean which qualifies as autowire candidate. Dependency annotations: {@org.springframework.beans.factory.annotation.Autowired(required=true)}
		at org.springframework.beans.factory.annotation.AutowiredAnnotationBeanPostProcessor$AutowiredFieldElement.resolveFieldValue(AutowiredAnnotationBeanPostProcessor.java:659)
		at org.springframework.beans.factory.annotation.AutowiredAnnotationBeanPostProcessor$AutowiredFieldElement.inject(AutowiredAnnotationBeanPostProcessor.java:639)
		at org.springframework.beans.factory.annotation.InjectionMetadata.inject(InjectionMetadata.java:119)
		at org.springframework.beans.factory.annotation.AutowiredAnnotationBeanPostProcessor.postProcessProperties(AutowiredAnnotationBeanPostProcessor.java:399)
		at org.springframework.beans.factory.support.AbstractAutowireCapableBeanFactory.populateBean(AbstractAutowireCapableBeanFactory.java:1431)
		at org.springframework.beans.factory.support.AbstractAutowireCapableBeanFactory.doCreateBean(AbstractAutowireCapableBeanFactory.java:619)
		at org.springframework.beans.factory.support.AbstractAutowireCapableBeanFactory.createBean(AbstractAutowireCapableBeanFactory.java:542)
		at org.springframework.beans.factory.support.AbstractBeanFactory.lambda$doGetBean$0(AbstractBeanFactory.java:335)
		at org.springframework.beans.factory.support.DefaultSingletonBeanRegistry.getSingleton(DefaultSingletonBeanRegistry.java:234)
		at org.springframework.beans.factory.support.AbstractBeanFactory.doGetBean(AbstractBeanFactory.java:333)
		at org.springframework.beans.factory.support.AbstractBeanFactory.getBean(AbstractBeanFactory.java:208)
		at org.springframework.beans.factory.support.DefaultListableBeanFactory.preInstantiateSingletons(DefaultListableBeanFactory.java:955)
		at org.springframework.context.support.AbstractApplicationContext.finishBeanFactoryInitialization(AbstractApplicationContext.java:918)
		at org.springframework.context.support.AbstractApplicationContext.refresh(AbstractApplicationContext.java:583)
		at org.springframework.web.servlet.FrameworkServlet.configureAndRefreshWebApplicationContext(FrameworkServlet.java:702)
		at org.springframework.web.servlet.FrameworkServlet.createWebApplicationContext(FrameworkServlet.java:668)
		at org.springframework.web.servlet.FrameworkServlet.createWebApplicationContext(FrameworkServlet.java:716)
		at org.springframework.web.servlet.FrameworkServlet.initWebApplicationContext(FrameworkServlet.java:591)
		at org.springframework.web.servlet.FrameworkServlet.initServletBean(FrameworkServlet.java:530)
		at org.springframework.web.servlet.HttpServletBean.init(HttpServletBean.java:170)
		at javax.servlet.GenericServlet.init(GenericServlet.java:143)
		at org.apache.catalina.core.StandardWrapper.initServlet(StandardWrapper.java:986)
		at org.apache.catalina.core.StandardWrapper.loadServlet(StandardWrapper.java:943)
		at org.apache.catalina.core.StandardWrapper.allocate(StandardWrapper.java:661)
		at org.apache.catalina.core.StandardWrapperValve.invoke(StandardWrapperValve.java:114)
		at org.apache.catalina.core.StandardContextValve.invoke(StandardContextValve.java:88)
		at org.apache.catalina.authenticator.AuthenticatorBase.invoke(AuthenticatorBase.java:491)
		at org.apache.catalina.core.StandardHostValve.invoke(StandardHostValve.java:127)
		at org.apache.catalina.valves.ErrorReportValve.invoke(ErrorReportValve.java:83)
		at org.apache.catalina.valves.AbstractAccessLogValve.invoke(AbstractAccessLogValve.java:643)
		at org.apache.catalina.core.StandardEngineValve.invoke(StandardEngineValve.java:72)
		at org.apache.catalina.connector.CoyoteAdapter.service(CoyoteAdapter.java:344)
		at org.apache.coyote.http11.Http11Processor.service(Http11Processor.java:398)
		at org.apache.coyote.AbstractProcessorLight.process(AbstractProcessorLight.java:63)
		at org.apache.coyote.AbstractProtocol$ConnectionHandler.process(AbstractProtocol.java:939)
		at org.apache.tomcat.util.net.NioEndpoint$SocketProcessor.doRun(NioEndpoint.java:1832)
		at org.apache.tomcat.util.net.SocketProcessorBase.run(SocketProcessorBase.java:52)
		at org.apache.tomcat.util.threads.ThreadPoolExecutor.runWorker(ThreadPoolExecutor.java:973)
		at org.apache.tomcat.util.threads.ThreadPoolExecutor$Worker.run(ThreadPoolExecutor.java:491)
		at org.apache.tomcat.util.threads.TaskThread$WrappingRunnable.run(TaskThread.java:63)
		at java.base/java.lang.Thread.run(Thread.java:840)
	Caused by: org.springframework.beans.factory.UnsatisfiedDependencyException: Error creating bean with name 'employeeDAOWrapper': Unsatisfied dependency expressed through field 'employeeDAO'; nested exception is org.springframework.beans.factory.NoSuchBeanDefinitionException: No qualifying bean of type 'com.microservices.learn.dao.EmployeeDAO' available: expected at least 1 bean which qualifies as autowire candidate. Dependency annotations: {@org.springframework.beans.factory.annotation.Autowired(required=true)}
		at org.springframework.beans.factory.annotation.AutowiredAnnotationBeanPostProcessor$AutowiredFieldElement.resolveFieldValue(AutowiredAnnotationBeanPostProcessor.java:659)
		at org.springframework.beans.factory.annotation.AutowiredAnnotationBeanPostProcessor$AutowiredFieldElement.inject(AutowiredAnnotationBeanPostProcessor.java:639)
		at org.springframework.beans.factory.annotation.InjectionMetadata.inject(InjectionMetadata.java:119)
		at org.springframework.beans.factory.annotation.AutowiredAnnotationBeanPostProcessor.postProcessProperties(AutowiredAnnotationBeanPostProcessor.java:399)
		at org.springframework.beans.factory.support.AbstractAutowireCapableBeanFactory.populateBean(AbstractAutowireCapableBeanFactory.java:1431)
		at org.springframework.beans.factory.support.AbstractAutowireCapableBeanFactory.doCreateBean(AbstractAutowireCapableBeanFactory.java:619)
		at org.springframework.beans.factory.support.AbstractAutowireCapableBeanFactory.createBean(AbstractAutowireCapableBeanFactory.java:542)
		at org.springframework.beans.factory.support.AbstractBeanFactory.lambda$doGetBean$0(AbstractBeanFactory.java:335)
		at org.springframework.beans.factory.support.DefaultSingletonBeanRegistry.getSingleton(DefaultSingletonBeanRegistry.java:234)
		at org.springframework.beans.factory.support.AbstractBeanFactory.doGetBean(AbstractBeanFactory.java:333)
		at org.springframework.beans.factory.support.AbstractBeanFactory.getBean(AbstractBeanFactory.java:208)
		at org.springframework.beans.factory.config.DependencyDescriptor.resolveCandidate(DependencyDescriptor.java:276)
		at org.springframework.beans.factory.support.DefaultListableBeanFactory.doResolveDependency(DefaultListableBeanFactory.java:1391)
		at org.springframework.beans.factory.support.DefaultListableBeanFactory.resolveDependency(DefaultListableBeanFactory.java:1311)
		at org.springframework.beans.factory.annotation.AutowiredAnnotationBeanPostProcessor$AutowiredFieldElement.resolveFieldValue(AutowiredAnnotationBeanPostProcessor.java:656)
		... 40 more
	Caused by: org.springframework.beans.factory.NoSuchBeanDefinitionException: No qualifying bean of type 'com.microservices.learn.dao.EmployeeDAO' available: expected at least 1 bean which qualifies as autowire candidate. Dependency annotations: {@org.springframework.beans.factory.annotation.Autowired(required=true)}
		at org.springframework.beans.factory.support.DefaultListableBeanFactory.raiseNoMatchingBeanFound(DefaultListableBeanFactory.java:1801)
		at org.springframework.beans.factory.support.DefaultListableBeanFactory.doResolveDependency(DefaultListableBeanFactory.java:1357)
		at org.springframework.beans.factory.support.DefaultListableBeanFactory.resolveDependency(DefaultListableBeanFactory.java:1311)
		at org.springframework.beans.factory.annotation.AutowiredAnnotationBeanPostProcessor$AutowiredFieldElement.resolveFieldValue(AutowiredAnnotationBeanPostProcessor.java:656)
		... 54 more
30-Mar-2026 21:07:40.022 INFO [Catalina-utility-2] org.apache.catalina.startup.HostConfig.undeploy Undeploying context [/employee-service]
30-Mar-2026 21:07:50.054 INFO [Catalina-utility-1] org.apache.catalina.startup.HostConfig.deployDirectory Deploying web application directory [/Users/motocycopath/Desktop/java-full-stack-training/00-microservices-00/apache-tomcat-9.0.116/webapps/employee-service]
30-Mar-2026 21:07:50.080 INFO [Catalina-utility-1] org.apache.catalina.startup.HostConfig.deployDirectory Deployment of web application directory [/Users/motocycopath/Desktop/java-full-stack-training/00-microservices-00/apache-tomcat-9.0.116/webapps/employee-service] has finished in [26] ms
30-Mar-2026 21:08:20.102 INFO [Catalina-utility-2] org.apache.catalina.startup.HostConfig.reload Reloading context [/employee-service]
30-Mar-2026 21:08:20.103 INFO [Catalina-utility-2] org.apache.catalina.core.StandardContext.reload Reloading Context with name [/employee-service] has started
30-Mar-2026 21:08:20.642 INFO [Catalina-utility-2] org.apache.jasper.servlet.TldScanner.scanJars At least one JAR was scanned for TLDs yet contained no TLDs. Enable debug logging for this logger for a complete list of JARs that were scanned but no TLDs were found in them. Skipping unneeded JARs during scanning can improve startup time and JSP compilation time.
30-Mar-2026 21:08:20.673 INFO [Catalina-utility-2] org.springframework.web.servlet.FrameworkServlet.initServletBean Initializing Servlet 'cstspconf-web'
30-Mar-2026 21:08:20.779 WARNING [Catalina-utility-2] org.springframework.context.support.AbstractApplicationContext.refresh Exception encountered during context initialization - cancelling refresh attempt: org.springframework.beans.factory.UnsatisfiedDependencyException: Error creating bean with name 'employeeServiceImpl': Unsatisfied dependency expressed through field 'employeeDAOWrapper'; nested exception is org.springframework.beans.factory.UnsatisfiedDependencyException: Error creating bean with name 'employeeDAOWrapper': Unsatisfied dependency expressed through field 'employeeDAO'; nested exception is org.springframework.beans.factory.NoSuchBeanDefinitionException: No qualifying bean of type 'com.microservices.learn.dao.EmployeeDAO' available: expected at least 1 bean which qualifies as autowire candidate. Dependency annotations: {@org.springframework.beans.factory.annotation.Autowired(required=true)}
30-Mar-2026 21:08:20.780 SEVERE [Catalina-utility-2] org.springframework.web.servlet.FrameworkServlet.initServletBean Context initialization failed
	org.springframework.beans.factory.UnsatisfiedDependencyException: Error creating bean with name 'employeeServiceImpl': Unsatisfied dependency expressed through field 'employeeDAOWrapper'; nested exception is org.springframework.beans.factory.UnsatisfiedDependencyException: Error creating bean with name 'employeeDAOWrapper': Unsatisfied dependency expressed through field 'employeeDAO'; nested exception is org.springframework.beans.factory.NoSuchBeanDefinitionException: No qualifying bean of type 'com.microservices.learn.dao.EmployeeDAO' available: expected at least 1 bean which qualifies as autowire candidate. Dependency annotations: {@org.springframework.beans.factory.annotation.Autowired(required=true)}
		at org.springframework.beans.factory.annotation.AutowiredAnnotationBeanPostProcessor$AutowiredFieldElement.resolveFieldValue(AutowiredAnnotationBeanPostProcessor.java:659)
		at org.springframework.beans.factory.annotation.AutowiredAnnotationBeanPostProcessor$AutowiredFieldElement.inject(AutowiredAnnotationBeanPostProcessor.java:639)
		at org.springframework.beans.factory.annotation.InjectionMetadata.inject(InjectionMetadata.java:119)
		at org.springframework.beans.factory.annotation.AutowiredAnnotationBeanPostProcessor.postProcessProperties(AutowiredAnnotationBeanPostProcessor.java:399)
		at org.springframework.beans.factory.support.AbstractAutowireCapableBeanFactory.populateBean(AbstractAutowireCapableBeanFactory.java:1431)
		at org.springframework.beans.factory.support.AbstractAutowireCapableBeanFactory.doCreateBean(AbstractAutowireCapableBeanFactory.java:619)
		at org.springframework.beans.factory.support.AbstractAutowireCapableBeanFactory.createBean(AbstractAutowireCapableBeanFactory.java:542)
		at org.springframework.beans.factory.support.AbstractBeanFactory.lambda$doGetBean$0(AbstractBeanFactory.java:335)
		at org.springframework.beans.factory.support.DefaultSingletonBeanRegistry.getSingleton(DefaultSingletonBeanRegistry.java:234)
		at org.springframework.beans.factory.support.AbstractBeanFactory.doGetBean(AbstractBeanFactory.java:333)
		at org.springframework.beans.factory.support.AbstractBeanFactory.getBean(AbstractBeanFactory.java:208)
		at org.springframework.beans.factory.support.DefaultListableBeanFactory.preInstantiateSingletons(DefaultListableBeanFactory.java:955)
		at org.springframework.context.support.AbstractApplicationContext.finishBeanFactoryInitialization(AbstractApplicationContext.java:918)
		at org.springframework.context.support.AbstractApplicationContext.refresh(AbstractApplicationContext.java:583)
		at org.springframework.web.servlet.FrameworkServlet.configureAndRefreshWebApplicationContext(FrameworkServlet.java:702)
		at org.springframework.web.servlet.FrameworkServlet.createWebApplicationContext(FrameworkServlet.java:668)
		at org.springframework.web.servlet.FrameworkServlet.createWebApplicationContext(FrameworkServlet.java:716)
		at org.springframework.web.servlet.FrameworkServlet.initWebApplicationContext(FrameworkServlet.java:591)
		at org.springframework.web.servlet.FrameworkServlet.initServletBean(FrameworkServlet.java:530)
		at org.springframework.web.servlet.HttpServletBean.init(HttpServletBean.java:170)
		at javax.servlet.GenericServlet.init(GenericServlet.java:143)
		at org.apache.catalina.core.StandardWrapper.initServlet(StandardWrapper.java:986)
		at org.apache.catalina.core.StandardWrapper.loadServlet(StandardWrapper.java:943)
		at org.apache.catalina.core.StandardWrapper.load(StandardWrapper.java:840)
		at org.apache.catalina.core.StandardContext.loadOnStartup(StandardContext.java:4222)
		at org.apache.catalina.core.StandardContext.startInternal(StandardContext.java:4523)
		at org.apache.catalina.util.LifecycleBase.start(LifecycleBase.java:164)
		at org.apache.catalina.core.StandardContext.reload(StandardContext.java:3258)
		at org.apache.catalina.startup.HostConfig.reload(HostConfig.java:1411)
		at org.apache.catalina.startup.HostConfig.checkResources(HostConfig.java:1386)
		at org.apache.catalina.startup.HostConfig.check(HostConfig.java:1612)
		at org.apache.catalina.startup.HostConfig.lifecycleEvent(HostConfig.java:305)
		at org.apache.catalina.util.LifecycleBase.fireLifecycleEvent(LifecycleBase.java:109)
		at org.apache.catalina.core.ContainerBase.backgroundProcess(ContainerBase.java:971)
		at org.apache.catalina.core.ContainerBase$ContainerBackgroundProcessor.processChildren(ContainerBase.java:1170)
		at org.apache.catalina.core.ContainerBase$ContainerBackgroundProcessor.processChildren(ContainerBase.java:1174)
		at org.apache.catalina.core.ContainerBase$ContainerBackgroundProcessor.run(ContainerBase.java:1152)
		at java.base/java.util.concurrent.Executors$RunnableAdapter.call(Executors.java:539)
		at java.base/java.util.concurrent.FutureTask.runAndReset(FutureTask.java:305)
		at java.base/java.util.concurrent.ScheduledThreadPoolExecutor$ScheduledFutureTask.run(ScheduledThreadPoolExecutor.java:305)
		at java.base/java.util.concurrent.ThreadPoolExecutor.runWorker(ThreadPoolExecutor.java:1136)
		at java.base/java.util.concurrent.ThreadPoolExecutor$Worker.run(ThreadPoolExecutor.java:635)
		at org.apache.tomcat.util.threads.TaskThread$WrappingRunnable.run(TaskThread.java:63)
		at java.base/java.lang.Thread.run(Thread.java:840)
	Caused by: org.springframework.beans.factory.UnsatisfiedDependencyException: Error creating bean with name 'employeeDAOWrapper': Unsatisfied dependency expressed through field 'employeeDAO'; nested exception is org.springframework.beans.factory.NoSuchBeanDefinitionException: No qualifying bean of type 'com.microservices.learn.dao.EmployeeDAO' available: expected at least 1 bean which qualifies as autowire candidate. Dependency annotations: {@org.springframework.beans.factory.annotation.Autowired(required=true)}
		at org.springframework.beans.factory.annotation.AutowiredAnnotationBeanPostProcessor$AutowiredFieldElement.resolveFieldValue(AutowiredAnnotationBeanPostProcessor.java:659)
		at org.springframework.beans.factory.annotation.AutowiredAnnotationBeanPostProcessor$AutowiredFieldElement.inject(AutowiredAnnotationBeanPostProcessor.java:639)
		at org.springframework.beans.factory.annotation.InjectionMetadata.inject(InjectionMetadata.java:119)
		at org.springframework.beans.factory.annotation.AutowiredAnnotationBeanPostProcessor.postProcessProperties(AutowiredAnnotationBeanPostProcessor.java:399)
		at org.springframework.beans.factory.support.AbstractAutowireCapableBeanFactory.populateBean(AbstractAutowireCapableBeanFactory.java:1431)
		at org.springframework.beans.factory.support.AbstractAutowireCapableBeanFactory.doCreateBean(AbstractAutowireCapableBeanFactory.java:619)
		at org.springframework.beans.factory.support.AbstractAutowireCapableBeanFactory.createBean(AbstractAutowireCapableBeanFactory.java:542)
		at org.springframework.beans.factory.support.AbstractBeanFactory.lambda$doGetBean$0(AbstractBeanFactory.java:335)
		at org.springframework.beans.factory.support.DefaultSingletonBeanRegistry.getSingleton(DefaultSingletonBeanRegistry.java:234)
		at org.springframework.beans.factory.support.AbstractBeanFactory.doGetBean(AbstractBeanFactory.java:333)
		at org.springframework.beans.factory.support.AbstractBeanFactory.getBean(AbstractBeanFactory.java:208)
		at org.springframework.beans.factory.config.DependencyDescriptor.resolveCandidate(DependencyDescriptor.java:276)
		at org.springframework.beans.factory.support.DefaultListableBeanFactory.doResolveDependency(DefaultListableBeanFactory.java:1391)
		at org.springframework.beans.factory.support.DefaultListableBeanFactory.resolveDependency(DefaultListableBeanFactory.java:1311)
		at org.springframework.beans.factory.annotation.AutowiredAnnotationBeanPostProcessor$AutowiredFieldElement.resolveFieldValue(AutowiredAnnotationBeanPostProcessor.java:656)
		... 43 more
	Caused by: org.springframework.beans.factory.NoSuchBeanDefinitionException: No qualifying bean of type 'com.microservices.learn.dao.EmployeeDAO' available: expected at least 1 bean which qualifies as autowire candidate. Dependency annotations: {@org.springframework.beans.factory.annotation.Autowired(required=true)}
		at org.springframework.beans.factory.support.DefaultListableBeanFactory.raiseNoMatchingBeanFound(DefaultListableBeanFactory.java:1801)
		at org.springframework.beans.factory.support.DefaultListableBeanFactory.doResolveDependency(DefaultListableBeanFactory.java:1357)
		at org.springframework.beans.factory.support.DefaultListableBeanFactory.resolveDependency(DefaultListableBeanFactory.java:1311)
		at org.springframework.beans.factory.annotation.AutowiredAnnotationBeanPostProcessor$AutowiredFieldElement.resolveFieldValue(AutowiredAnnotationBeanPostProcessor.java:656)
		... 57 more
30-Mar-2026 21:08:20.781 INFO [Catalina-utility-2] org.apache.catalina.core.StandardContext.reload Reloading Context with name [/employee-service] is completed
30-Mar-2026 21:08:25.131 INFO [main] org.apache.catalina.core.StandardServer.await A valid shutdown command was received via the shutdown port. Stopping the Server instance.
30-Mar-2026 21:08:25.132 INFO [main] org.apache.coyote.AbstractProtocol.pause Pausing ProtocolHandler ["http-nio-8080"]
30-Mar-2026 21:08:25.133 INFO [main] org.apache.catalina.core.StandardService.stopInternal Stopping service [Catalina]
30-Mar-2026 21:08:25.138 INFO [main] org.apache.coyote.AbstractProtocol.stop Stopping ProtocolHandler ["http-nio-8080"]
30-Mar-2026 21:08:25.139 INFO [main] org.apache.coyote.AbstractProtocol.destroy Destroying ProtocolHandler ["http-nio-8080"]
NOTE: Picked up JDK_JAVA_OPTIONS:  --add-opens=java.base/java.lang=ALL-UNNAMED --add-opens=java.base/java.lang.invoke=ALL-UNNAMED --add-opens=java.base/java.lang.reflect=ALL-UNNAMED --add-opens=java.base/java.io=ALL-UNNAMED --add-opens=java.base/java.util=ALL-UNNAMED --add-opens=java.base/java.util.concurrent=ALL-UNNAMED --add-opens=java.rmi/sun.rmi.transport=ALL-UNNAMED
30-Mar-2026 21:08:25.303 INFO [main] org.apache.catalina.startup.VersionLoggerListener.log Server version name:   Apache Tomcat/9.0.116
30-Mar-2026 21:08:25.305 INFO [main] org.apache.catalina.startup.VersionLoggerListener.log Server built:          Mar 16 2026 15:05:42 UTC
30-Mar-2026 21:08:25.305 INFO [main] org.apache.catalina.startup.VersionLoggerListener.log Server version number: 9.0.116.0
30-Mar-2026 21:08:25.305 INFO [main] org.apache.catalina.startup.VersionLoggerListener.log OS Name:               Mac OS X
30-Mar-2026 21:08:25.305 INFO [main] org.apache.catalina.startup.VersionLoggerListener.log OS Version:            15.5
30-Mar-2026 21:08:25.305 INFO [main] org.apache.catalina.startup.VersionLoggerListener.log Architecture:          aarch64
30-Mar-2026 21:08:25.305 INFO [main] org.apache.catalina.startup.VersionLoggerListener.log Java Home:             /Users/motocycopath/Library/Java/JavaVirtualMachines/jbr-17.0.14/Contents/Home
30-Mar-2026 21:08:25.306 INFO [main] org.apache.catalina.startup.VersionLoggerListener.log JVM Version:           17.0.14+1-b1367.22
30-Mar-2026 21:08:25.306 INFO [main] org.apache.catalina.startup.VersionLoggerListener.log JVM Vendor:            JetBrains s.r.o.
30-Mar-2026 21:08:25.306 INFO [main] org.apache.catalina.startup.VersionLoggerListener.log CATALINA_BASE:         /Users/motocycopath/Desktop/java-full-stack-training/00-microservices-00/apache-tomcat-9.0.116
30-Mar-2026 21:08:25.306 INFO [main] org.apache.catalina.startup.VersionLoggerListener.log CATALINA_HOME:         /Users/motocycopath/Desktop/java-full-stack-training/00-microservices-00/apache-tomcat-9.0.116
30-Mar-2026 21:08:25.310 INFO [main] org.apache.catalina.startup.VersionLoggerListener.log Command line argument: --add-opens=java.base/java.lang=ALL-UNNAMED
30-Mar-2026 21:08:25.310 INFO [main] org.apache.catalina.startup.VersionLoggerListener.log Command line argument: --add-opens=java.base/java.lang.invoke=ALL-UNNAMED
30-Mar-2026 21:08:25.310 INFO [main] org.apache.catalina.startup.VersionLoggerListener.log Command line argument: --add-opens=java.base/java.lang.reflect=ALL-UNNAMED
30-Mar-2026 21:08:25.310 INFO [main] org.apache.catalina.startup.VersionLoggerListener.log Command line argument: --add-opens=java.base/java.io=ALL-UNNAMED
30-Mar-2026 21:08:25.310 INFO [main] org.apache.catalina.startup.VersionLoggerListener.log Command line argument: --add-opens=java.base/java.util=ALL-UNNAMED
30-Mar-2026 21:08:25.310 INFO [main] org.apache.catalina.startup.VersionLoggerListener.log Command line argument: --add-opens=java.base/java.util.concurrent=ALL-UNNAMED
30-Mar-2026 21:08:25.310 INFO [main] org.apache.catalina.startup.VersionLoggerListener.log Command line argument: --add-opens=java.rmi/sun.rmi.transport=ALL-UNNAMED
30-Mar-2026 21:08:25.310 INFO [main] org.apache.catalina.startup.VersionLoggerListener.log Command line argument: -Djava.util.logging.config.file=/Users/motocycopath/Desktop/java-full-stack-training/00-microservices-00/apache-tomcat-9.0.116/conf/logging.properties
30-Mar-2026 21:08:25.310 INFO [main] org.apache.catalina.startup.VersionLoggerListener.log Command line argument: -Djava.util.logging.manager=org.apache.juli.ClassLoaderLogManager
30-Mar-2026 21:08:25.310 INFO [main] org.apache.catalina.startup.VersionLoggerListener.log Command line argument: -Djdk.tls.ephemeralDHKeySize=2048
30-Mar-2026 21:08:25.310 INFO [main] org.apache.catalina.startup.VersionLoggerListener.log Command line argument: -Djava.protocol.handler.pkgs=org.apache.catalina.webresources
30-Mar-2026 21:08:25.310 INFO [main] org.apache.catalina.startup.VersionLoggerListener.log Command line argument: -Dsun.io.useCanonCaches=false
30-Mar-2026 21:08:25.310 INFO [main] org.apache.catalina.startup.VersionLoggerListener.log Command line argument: -Dorg.apache.catalina.security.SecurityListener.UMASK=0027
30-Mar-2026 21:08:25.310 INFO [main] org.apache.catalina.startup.VersionLoggerListener.log Command line argument: -Dignore.endorsed.dirs=
30-Mar-2026 21:08:25.310 INFO [main] org.apache.catalina.startup.VersionLoggerListener.log Command line argument: -Dcatalina.base=/Users/motocycopath/Desktop/java-full-stack-training/00-microservices-00/apache-tomcat-9.0.116
30-Mar-2026 21:08:25.310 INFO [main] org.apache.catalina.startup.VersionLoggerListener.log Command line argument: -Dcatalina.home=/Users/motocycopath/Desktop/java-full-stack-training/00-microservices-00/apache-tomcat-9.0.116
30-Mar-2026 21:08:25.310 INFO [main] org.apache.catalina.startup.VersionLoggerListener.log Command line argument: -Djava.io.tmpdir=/Users/motocycopath/Desktop/java-full-stack-training/00-microservices-00/apache-tomcat-9.0.116/temp
30-Mar-2026 21:08:25.314 INFO [main] org.apache.catalina.core.AprLifecycleListener.lifecycleEvent The Apache Tomcat Native library which allows using OpenSSL was not found on the java.library.path: [/Users/motocycopath/Library/Java/Extensions:/Library/Java/Extensions:/Network/Library/Java/Extensions:/System/Library/Java/Extensions:/usr/lib/java:.]
30-Mar-2026 21:08:25.412 INFO [main] org.apache.coyote.AbstractProtocol.init Initializing ProtocolHandler ["http-nio-8080"]
30-Mar-2026 21:08:25.421 INFO [main] org.apache.catalina.startup.Catalina.load Server initialization in [180] milliseconds
30-Mar-2026 21:08:25.433 INFO [main] org.apache.catalina.core.StandardService.startInternal Starting service [Catalina]
30-Mar-2026 21:08:25.433 INFO [main] org.apache.catalina.core.StandardEngine.startInternal Starting Servlet engine: [Apache Tomcat/9.0.116]
30-Mar-2026 21:08:25.435 INFO [main] org.apache.catalina.startup.HostConfig.deployDirectory Deploying web application directory [/Users/motocycopath/Desktop/java-full-stack-training/00-microservices-00/apache-tomcat-9.0.116/webapps/employee-service]
30-Mar-2026 21:08:26.038 INFO [main] org.apache.jasper.servlet.TldScanner.scanJars At least one JAR was scanned for TLDs yet contained no TLDs. Enable debug logging for this logger for a complete list of JARs that were scanned but no TLDs were found in them. Skipping unneeded JARs during scanning can improve startup time and JSP compilation time.
30-Mar-2026 21:08:26.087 INFO [main] org.springframework.web.servlet.FrameworkServlet.initServletBean Initializing Servlet 'cstspconf-web'
30-Mar-2026 21:08:26.239 WARNING [main] org.springframework.context.support.AbstractApplicationContext.refresh Exception encountered during context initialization - cancelling refresh attempt: org.springframework.beans.factory.UnsatisfiedDependencyException: Error creating bean with name 'employeeServiceImpl': Unsatisfied dependency expressed through field 'employeeDAOWrapper'; nested exception is org.springframework.beans.factory.UnsatisfiedDependencyException: Error creating bean with name 'employeeDAOWrapper': Unsatisfied dependency expressed through field 'employeeDAO'; nested exception is org.springframework.beans.factory.NoSuchBeanDefinitionException: No qualifying bean of type 'com.microservices.learn.dao.EmployeeDAO' available: expected at least 1 bean which qualifies as autowire candidate. Dependency annotations: {@org.springframework.beans.factory.annotation.Autowired(required=true)}
30-Mar-2026 21:08:26.240 SEVERE [main] org.springframework.web.servlet.FrameworkServlet.initServletBean Context initialization failed
	org.springframework.beans.factory.UnsatisfiedDependencyException: Error creating bean with name 'employeeServiceImpl': Unsatisfied dependency expressed through field 'employeeDAOWrapper'; nested exception is org.springframework.beans.factory.UnsatisfiedDependencyException: Error creating bean with name 'employeeDAOWrapper': Unsatisfied dependency expressed through field 'employeeDAO'; nested exception is org.springframework.beans.factory.NoSuchBeanDefinitionException: No qualifying bean of type 'com.microservices.learn.dao.EmployeeDAO' available: expected at least 1 bean which qualifies as autowire candidate. Dependency annotations: {@org.springframework.beans.factory.annotation.Autowired(required=true)}
		at org.springframework.beans.factory.annotation.AutowiredAnnotationBeanPostProcessor$AutowiredFieldElement.resolveFieldValue(AutowiredAnnotationBeanPostProcessor.java:659)
		at org.springframework.beans.factory.annotation.AutowiredAnnotationBeanPostProcessor$AutowiredFieldElement.inject(AutowiredAnnotationBeanPostProcessor.java:639)
		at org.springframework.beans.factory.annotation.InjectionMetadata.inject(InjectionMetadata.java:119)
		at org.springframework.beans.factory.annotation.AutowiredAnnotationBeanPostProcessor.postProcessProperties(AutowiredAnnotationBeanPostProcessor.java:399)
		at org.springframework.beans.factory.support.AbstractAutowireCapableBeanFactory.populateBean(AbstractAutowireCapableBeanFactory.java:1431)
		at org.springframework.beans.factory.support.AbstractAutowireCapableBeanFactory.doCreateBean(AbstractAutowireCapableBeanFactory.java:619)
		at org.springframework.beans.factory.support.AbstractAutowireCapableBeanFactory.createBean(AbstractAutowireCapableBeanFactory.java:542)
		at org.springframework.beans.factory.support.AbstractBeanFactory.lambda$doGetBean$0(AbstractBeanFactory.java:335)
		at org.springframework.beans.factory.support.DefaultSingletonBeanRegistry.getSingleton(DefaultSingletonBeanRegistry.java:234)
		at org.springframework.beans.factory.support.AbstractBeanFactory.doGetBean(AbstractBeanFactory.java:333)
		at org.springframework.beans.factory.support.AbstractBeanFactory.getBean(AbstractBeanFactory.java:208)
		at org.springframework.beans.factory.support.DefaultListableBeanFactory.preInstantiateSingletons(DefaultListableBeanFactory.java:955)
		at org.springframework.context.support.AbstractApplicationContext.finishBeanFactoryInitialization(AbstractApplicationContext.java:918)
		at org.springframework.context.support.AbstractApplicationContext.refresh(AbstractApplicationContext.java:583)
		at org.springframework.web.servlet.FrameworkServlet.configureAndRefreshWebApplicationContext(FrameworkServlet.java:702)
		at org.springframework.web.servlet.FrameworkServlet.createWebApplicationContext(FrameworkServlet.java:668)
		at org.springframework.web.servlet.FrameworkServlet.createWebApplicationContext(FrameworkServlet.java:716)
		at org.springframework.web.servlet.FrameworkServlet.initWebApplicationContext(FrameworkServlet.java:591)
		at org.springframework.web.servlet.FrameworkServlet.initServletBean(FrameworkServlet.java:530)
		at org.springframework.web.servlet.HttpServletBean.init(HttpServletBean.java:170)
		at javax.servlet.GenericServlet.init(GenericServlet.java:143)
		at org.apache.catalina.core.StandardWrapper.initServlet(StandardWrapper.java:986)
		at org.apache.catalina.core.StandardWrapper.loadServlet(StandardWrapper.java:943)
		at org.apache.catalina.core.StandardWrapper.load(StandardWrapper.java:840)
		at org.apache.catalina.core.StandardContext.loadOnStartup(StandardContext.java:4222)
		at org.apache.catalina.core.StandardContext.startInternal(StandardContext.java:4523)
		at org.apache.catalina.util.LifecycleBase.start(LifecycleBase.java:164)
		at org.apache.catalina.core.ContainerBase.addChildInternal(ContainerBase.java:597)
		at org.apache.catalina.core.ContainerBase.addChild(ContainerBase.java:569)
		at org.apache.catalina.core.StandardHost.addChild(StandardHost.java:608)
		at org.apache.catalina.startup.HostConfig.deployDirectory(HostConfig.java:1171)
		at org.apache.catalina.startup.HostConfig$DeployDirectory.run(HostConfig.java:1880)
		at java.base/java.util.concurrent.Executors$RunnableAdapter.call(Executors.java:539)
		at java.base/java.util.concurrent.FutureTask.run(FutureTask.java:264)
		at org.apache.tomcat.util.threads.InlineExecutorService.execute(InlineExecutorService.java:82)
		at java.base/java.util.concurrent.AbstractExecutorService.submit(AbstractExecutorService.java:123)
		at org.apache.catalina.startup.HostConfig.deployDirectories(HostConfig.java:1082)
		at org.apache.catalina.startup.HostConfig.deployApps(HostConfig.java:467)
		at org.apache.catalina.startup.HostConfig.start(HostConfig.java:1576)
		at org.apache.catalina.startup.HostConfig.lifecycleEvent(HostConfig.java:309)
		at org.apache.catalina.util.LifecycleBase.fireLifecycleEvent(LifecycleBase.java:109)
		at org.apache.catalina.util.LifecycleBase.setStateInternal(LifecycleBase.java:389)
		at org.apache.catalina.util.LifecycleBase.setState(LifecycleBase.java:336)
		at org.apache.catalina.core.ContainerBase.startInternal(ContainerBase.java:774)
		at org.apache.catalina.core.StandardHost.startInternal(StandardHost.java:726)
		at org.apache.catalina.util.LifecycleBase.start(LifecycleBase.java:164)
		at org.apache.catalina.core.ContainerBase$StartChild.call(ContainerBase.java:1201)
		at org.apache.catalina.core.ContainerBase$StartChild.call(ContainerBase.java:1191)
		at java.base/java.util.concurrent.FutureTask.run(FutureTask.java:264)
		at org.apache.tomcat.util.threads.InlineExecutorService.execute(InlineExecutorService.java:82)
		at java.base/java.util.concurrent.AbstractExecutorService.submit(AbstractExecutorService.java:145)
		at org.apache.catalina.core.ContainerBase.startInternal(ContainerBase.java:747)
		at org.apache.catalina.core.StandardEngine.startInternal(StandardEngine.java:209)
		at org.apache.catalina.util.LifecycleBase.start(LifecycleBase.java:164)
		at org.apache.catalina.core.StandardService.startInternal(StandardService.java:410)
		at org.apache.catalina.util.LifecycleBase.start(LifecycleBase.java:164)
		at org.apache.catalina.core.StandardServer.startInternal(StandardServer.java:872)
		at org.apache.catalina.util.LifecycleBase.start(LifecycleBase.java:164)
		at org.apache.catalina.startup.Catalina.start(Catalina.java:736)
		at java.base/jdk.internal.reflect.NativeMethodAccessorImpl.invoke0(Native Method)
		at java.base/jdk.internal.reflect.NativeMethodAccessorImpl.invoke(NativeMethodAccessorImpl.java:77)
		at java.base/jdk.internal.reflect.DelegatingMethodAccessorImpl.invoke(DelegatingMethodAccessorImpl.java:43)
		at java.base/java.lang.reflect.Method.invoke(Method.java:569)
		at org.apache.catalina.startup.Bootstrap.start(Bootstrap.java:342)
		at org.apache.catalina.startup.Bootstrap.main(Bootstrap.java:473)
	Caused by: org.springframework.beans.factory.UnsatisfiedDependencyException: Error creating bean with name 'employeeDAOWrapper': Unsatisfied dependency expressed through field 'employeeDAO'; nested exception is org.springframework.beans.factory.NoSuchBeanDefinitionException: No qualifying bean of type 'com.microservices.learn.dao.EmployeeDAO' available: expected at least 1 bean which qualifies as autowire candidate. Dependency annotations: {@org.springframework.beans.factory.annotation.Autowired(required=true)}
		at org.springframework.beans.factory.annotation.AutowiredAnnotationBeanPostProcessor$AutowiredFieldElement.resolveFieldValue(AutowiredAnnotationBeanPostProcessor.java:659)
		at org.springframework.beans.factory.annotation.AutowiredAnnotationBeanPostProcessor$AutowiredFieldElement.inject(AutowiredAnnotationBeanPostProcessor.java:639)
		at org.springframework.beans.factory.annotation.InjectionMetadata.inject(InjectionMetadata.java:119)
		at org.springframework.beans.factory.annotation.AutowiredAnnotationBeanPostProcessor.postProcessProperties(AutowiredAnnotationBeanPostProcessor.java:399)
		at org.springframework.beans.factory.support.AbstractAutowireCapableBeanFactory.populateBean(AbstractAutowireCapableBeanFactory.java:1431)
		at org.springframework.beans.factory.support.AbstractAutowireCapableBeanFactory.doCreateBean(AbstractAutowireCapableBeanFactory.java:619)
		at org.springframework.beans.factory.support.AbstractAutowireCapableBeanFactory.createBean(AbstractAutowireCapableBeanFactory.java:542)
		at org.springframework.beans.factory.support.AbstractBeanFactory.lambda$doGetBean$0(AbstractBeanFactory.java:335)
		at org.springframework.beans.factory.support.DefaultSingletonBeanRegistry.getSingleton(DefaultSingletonBeanRegistry.java:234)
		at org.springframework.beans.factory.support.AbstractBeanFactory.doGetBean(AbstractBeanFactory.java:333)
		at org.springframework.beans.factory.support.AbstractBeanFactory.getBean(AbstractBeanFactory.java:208)
		at org.springframework.beans.factory.config.DependencyDescriptor.resolveCandidate(DependencyDescriptor.java:276)
		at org.springframework.beans.factory.support.DefaultListableBeanFactory.doResolveDependency(DefaultListableBeanFactory.java:1391)
		at org.springframework.beans.factory.support.DefaultListableBeanFactory.resolveDependency(DefaultListableBeanFactory.java:1311)
		at org.springframework.beans.factory.annotation.AutowiredAnnotationBeanPostProcessor$AutowiredFieldElement.resolveFieldValue(AutowiredAnnotationBeanPostProcessor.java:656)
		... 64 more
	Caused by: org.springframework.beans.factory.NoSuchBeanDefinitionException: No qualifying bean of type 'com.microservices.learn.dao.EmployeeDAO' available: expected at least 1 bean which qualifies as autowire candidate. Dependency annotations: {@org.springframework.beans.factory.annotation.Autowired(required=true)}
		at org.springframework.beans.factory.support.DefaultListableBeanFactory.raiseNoMatchingBeanFound(DefaultListableBeanFactory.java:1801)
		at org.springframework.beans.factory.support.DefaultListableBeanFactory.doResolveDependency(DefaultListableBeanFactory.java:1357)
		at org.springframework.beans.factory.support.DefaultListableBeanFactory.resolveDependency(DefaultListableBeanFactory.java:1311)
		at org.springframework.beans.factory.annotation.AutowiredAnnotationBeanPostProcessor$AutowiredFieldElement.resolveFieldValue(AutowiredAnnotationBeanPostProcessor.java:656)
		... 78 more
30-Mar-2026 21:08:26.247 INFO [main] org.apache.catalina.startup.HostConfig.deployDirectory Deployment of web application directory [/Users/motocycopath/Desktop/java-full-stack-training/00-microservices-00/apache-tomcat-9.0.116/webapps/employee-service] has finished in [812] ms
30-Mar-2026 21:08:26.247 INFO [main] org.apache.catalina.startup.HostConfig.deployDirectory Deploying web application directory [/Users/motocycopath/Desktop/java-full-stack-training/00-microservices-00/apache-tomcat-9.0.116/webapps/docs]
30-Mar-2026 21:08:26.255 INFO [main] org.apache.catalina.startup.HostConfig.deployDirectory Deployment of web application directory [/Users/motocycopath/Desktop/java-full-stack-training/00-microservices-00/apache-tomcat-9.0.116/webapps/docs] has finished in [8] ms
30-Mar-2026 21:08:26.255 INFO [main] org.apache.catalina.startup.HostConfig.deployDirectory Deploying web application directory [/Users/motocycopath/Desktop/java-full-stack-training/00-microservices-00/apache-tomcat-9.0.116/webapps/manager]
30-Mar-2026 21:08:26.265 INFO [main] org.apache.catalina.startup.HostConfig.deployDirectory Deployment of web application directory [/Users/motocycopath/Desktop/java-full-stack-training/00-microservices-00/apache-tomcat-9.0.116/webapps/manager] has finished in [10] ms
30-Mar-2026 21:08:26.265 INFO [main] org.apache.catalina.startup.HostConfig.deployDirectory Deploying web application directory [/Users/motocycopath/Desktop/java-full-stack-training/00-microservices-00/apache-tomcat-9.0.116/webapps/examples]
30-Mar-2026 21:08:26.323 INFO [main] org.apache.catalina.startup.HostConfig.deployDirectory Deployment of web application directory [/Users/motocycopath/Desktop/java-full-stack-training/00-microservices-00/apache-tomcat-9.0.116/webapps/examples] has finished in [58] ms
30-Mar-2026 21:08:26.323 INFO [main] org.apache.catalina.startup.HostConfig.deployDirectory Deploying web application directory [/Users/motocycopath/Desktop/java-full-stack-training/00-microservices-00/apache-tomcat-9.0.116/webapps/ROOT]
30-Mar-2026 21:08:26.328 INFO [main] org.apache.catalina.startup.HostConfig.deployDirectory Deployment of web application directory [/Users/motocycopath/Desktop/java-full-stack-training/00-microservices-00/apache-tomcat-9.0.116/webapps/ROOT] has finished in [5] ms
30-Mar-2026 21:08:26.328 INFO [main] org.apache.catalina.startup.HostConfig.deployDirectory Deploying web application directory [/Users/motocycopath/Desktop/java-full-stack-training/00-microservices-00/apache-tomcat-9.0.116/webapps/host-manager]
30-Mar-2026 21:08:26.333 INFO [main] org.apache.catalina.startup.HostConfig.deployDirectory Deployment of web application directory [/Users/motocycopath/Desktop/java-full-stack-training/00-microservices-00/apache-tomcat-9.0.116/webapps/host-manager] has finished in [5] ms
30-Mar-2026 21:08:26.334 INFO [main] org.apache.coyote.AbstractProtocol.start Starting ProtocolHandler ["http-nio-8080"]
30-Mar-2026 21:08:26.338 INFO [main] org.apache.catalina.startup.Catalina.start Server startup in [916] milliseconds
30-Mar-2026 21:08:43.277 INFO [http-nio-8080-exec-1] org.springframework.web.servlet.FrameworkServlet.initServletBean Initializing Servlet 'cstspconf-web'
30-Mar-2026 21:08:43.301 WARNING [http-nio-8080-exec-1] org.springframework.context.support.AbstractApplicationContext.refresh Exception encountered during context initialization - cancelling refresh attempt: org.springframework.beans.factory.UnsatisfiedDependencyException: Error creating bean with name 'employeeServiceImpl': Unsatisfied dependency expressed through field 'employeeDAOWrapper'; nested exception is org.springframework.beans.factory.UnsatisfiedDependencyException: Error creating bean with name 'employeeDAOWrapper': Unsatisfied dependency expressed through field 'employeeDAO'; nested exception is org.springframework.beans.factory.NoSuchBeanDefinitionException: No qualifying bean of type 'com.microservices.learn.dao.EmployeeDAO' available: expected at least 1 bean which qualifies as autowire candidate. Dependency annotations: {@org.springframework.beans.factory.annotation.Autowired(required=true)}
30-Mar-2026 21:08:43.302 SEVERE [http-nio-8080-exec-1] org.springframework.web.servlet.FrameworkServlet.initServletBean Context initialization failed
	org.springframework.beans.factory.UnsatisfiedDependencyException: Error creating bean with name 'employeeServiceImpl': Unsatisfied dependency expressed through field 'employeeDAOWrapper'; nested exception is org.springframework.beans.factory.UnsatisfiedDependencyException: Error creating bean with name 'employeeDAOWrapper': Unsatisfied dependency expressed through field 'employeeDAO'; nested exception is org.springframework.beans.factory.NoSuchBeanDefinitionException: No qualifying bean of type 'com.microservices.learn.dao.EmployeeDAO' available: expected at least 1 bean which qualifies as autowire candidate. Dependency annotations: {@org.springframework.beans.factory.annotation.Autowired(required=true)}
		at org.springframework.beans.factory.annotation.AutowiredAnnotationBeanPostProcessor$AutowiredFieldElement.resolveFieldValue(AutowiredAnnotationBeanPostProcessor.java:659)
		at org.springframework.beans.factory.annotation.AutowiredAnnotationBeanPostProcessor$AutowiredFieldElement.inject(AutowiredAnnotationBeanPostProcessor.java:639)
		at org.springframework.beans.factory.annotation.InjectionMetadata.inject(InjectionMetadata.java:119)
		at org.springframework.beans.factory.annotation.AutowiredAnnotationBeanPostProcessor.postProcessProperties(AutowiredAnnotationBeanPostProcessor.java:399)
		at org.springframework.beans.factory.support.AbstractAutowireCapableBeanFactory.populateBean(AbstractAutowireCapableBeanFactory.java:1431)
		at org.springframework.beans.factory.support.AbstractAutowireCapableBeanFactory.doCreateBean(AbstractAutowireCapableBeanFactory.java:619)
		at org.springframework.beans.factory.support.AbstractAutowireCapableBeanFactory.createBean(AbstractAutowireCapableBeanFactory.java:542)
		at org.springframework.beans.factory.support.AbstractBeanFactory.lambda$doGetBean$0(AbstractBeanFactory.java:335)
		at org.springframework.beans.factory.support.DefaultSingletonBeanRegistry.getSingleton(DefaultSingletonBeanRegistry.java:234)
		at org.springframework.beans.factory.support.AbstractBeanFactory.doGetBean(AbstractBeanFactory.java:333)
		at org.springframework.beans.factory.support.AbstractBeanFactory.getBean(AbstractBeanFactory.java:208)
		at org.springframework.beans.factory.support.DefaultListableBeanFactory.preInstantiateSingletons(DefaultListableBeanFactory.java:955)
		at org.springframework.context.support.AbstractApplicationContext.finishBeanFactoryInitialization(AbstractApplicationContext.java:918)
		at org.springframework.context.support.AbstractApplicationContext.refresh(AbstractApplicationContext.java:583)
		at org.springframework.web.servlet.FrameworkServlet.configureAndRefreshWebApplicationContext(FrameworkServlet.java:702)
		at org.springframework.web.servlet.FrameworkServlet.createWebApplicationContext(FrameworkServlet.java:668)
		at org.springframework.web.servlet.FrameworkServlet.createWebApplicationContext(FrameworkServlet.java:716)
		at org.springframework.web.servlet.FrameworkServlet.initWebApplicationContext(FrameworkServlet.java:591)
		at org.springframework.web.servlet.FrameworkServlet.initServletBean(FrameworkServlet.java:530)
		at org.springframework.web.servlet.HttpServletBean.init(HttpServletBean.java:170)
		at javax.servlet.GenericServlet.init(GenericServlet.java:143)
		at org.apache.catalina.core.StandardWrapper.initServlet(StandardWrapper.java:986)
		at org.apache.catalina.core.StandardWrapper.loadServlet(StandardWrapper.java:943)
		at org.apache.catalina.core.StandardWrapper.allocate(StandardWrapper.java:661)
		at org.apache.catalina.core.StandardWrapperValve.invoke(StandardWrapperValve.java:114)
		at org.apache.catalina.core.StandardContextValve.invoke(StandardContextValve.java:88)
		at org.apache.catalina.authenticator.AuthenticatorBase.invoke(AuthenticatorBase.java:491)
		at org.apache.catalina.core.StandardHostValve.invoke(StandardHostValve.java:127)
		at org.apache.catalina.valves.ErrorReportValve.invoke(ErrorReportValve.java:83)
		at org.apache.catalina.valves.AbstractAccessLogValve.invoke(AbstractAccessLogValve.java:643)
		at org.apache.catalina.core.StandardEngineValve.invoke(StandardEngineValve.java:72)
		at org.apache.catalina.connector.CoyoteAdapter.service(CoyoteAdapter.java:344)
		at org.apache.coyote.http11.Http11Processor.service(Http11Processor.java:398)
		at org.apache.coyote.AbstractProcessorLight.process(AbstractProcessorLight.java:63)
		at org.apache.coyote.AbstractProtocol$ConnectionHandler.process(AbstractProtocol.java:939)
		at org.apache.tomcat.util.net.NioEndpoint$SocketProcessor.doRun(NioEndpoint.java:1832)
		at org.apache.tomcat.util.net.SocketProcessorBase.run(SocketProcessorBase.java:52)
		at org.apache.tomcat.util.threads.ThreadPoolExecutor.runWorker(ThreadPoolExecutor.java:973)
		at org.apache.tomcat.util.threads.ThreadPoolExecutor$Worker.run(ThreadPoolExecutor.java:491)
		at org.apache.tomcat.util.threads.TaskThread$WrappingRunnable.run(TaskThread.java:63)
		at java.base/java.lang.Thread.run(Thread.java:840)
	Caused by: org.springframework.beans.factory.UnsatisfiedDependencyException: Error creating bean with name 'employeeDAOWrapper': Unsatisfied dependency expressed through field 'employeeDAO'; nested exception is org.springframework.beans.factory.NoSuchBeanDefinitionException: No qualifying bean of type 'com.microservices.learn.dao.EmployeeDAO' available: expected at least 1 bean which qualifies as autowire candidate. Dependency annotations: {@org.springframework.beans.factory.annotation.Autowired(required=true)}
		at org.springframework.beans.factory.annotation.AutowiredAnnotationBeanPostProcessor$AutowiredFieldElement.resolveFieldValue(AutowiredAnnotationBeanPostProcessor.java:659)
		at org.springframework.beans.factory.annotation.AutowiredAnnotationBeanPostProcessor$AutowiredFieldElement.inject(AutowiredAnnotationBeanPostProcessor.java:639)
		at org.springframework.beans.factory.annotation.InjectionMetadata.inject(InjectionMetadata.java:119)
		at org.springframework.beans.factory.annotation.AutowiredAnnotationBeanPostProcessor.postProcessProperties(AutowiredAnnotationBeanPostProcessor.java:399)
		at org.springframework.beans.factory.support.AbstractAutowireCapableBeanFactory.populateBean(AbstractAutowireCapableBeanFactory.java:1431)
		at org.springframework.beans.factory.support.AbstractAutowireCapableBeanFactory.doCreateBean(AbstractAutowireCapableBeanFactory.java:619)
		at org.springframework.beans.factory.support.AbstractAutowireCapableBeanFactory.createBean(AbstractAutowireCapableBeanFactory.java:542)
		at org.springframework.beans.factory.support.AbstractBeanFactory.lambda$doGetBean$0(AbstractBeanFactory.java:335)
		at org.springframework.beans.factory.support.DefaultSingletonBeanRegistry.getSingleton(DefaultSingletonBeanRegistry.java:234)
		at org.springframework.beans.factory.support.AbstractBeanFactory.doGetBean(AbstractBeanFactory.java:333)
		at org.springframework.beans.factory.support.AbstractBeanFactory.getBean(AbstractBeanFactory.java:208)
		at org.springframework.beans.factory.config.DependencyDescriptor.resolveCandidate(DependencyDescriptor.java:276)
		at org.springframework.beans.factory.support.DefaultListableBeanFactory.doResolveDependency(DefaultListableBeanFactory.java:1391)
		at org.springframework.beans.factory.support.DefaultListableBeanFactory.resolveDependency(DefaultListableBeanFactory.java:1311)
		at org.springframework.beans.factory.annotation.AutowiredAnnotationBeanPostProcessor$AutowiredFieldElement.resolveFieldValue(AutowiredAnnotationBeanPostProcessor.java:656)
		... 40 more
	Caused by: org.springframework.beans.factory.NoSuchBeanDefinitionException: No qualifying bean of type 'com.microservices.learn.dao.EmployeeDAO' available: expected at least 1 bean which qualifies as autowire candidate. Dependency annotations: {@org.springframework.beans.factory.annotation.Autowired(required=true)}
		at org.springframework.beans.factory.support.DefaultListableBeanFactory.raiseNoMatchingBeanFound(DefaultListableBeanFactory.java:1801)
		at org.springframework.beans.factory.support.DefaultListableBeanFactory.doResolveDependency(DefaultListableBeanFactory.java:1357)
		at org.springframework.beans.factory.support.DefaultListableBeanFactory.resolveDependency(DefaultListableBeanFactory.java:1311)
		at org.springframework.beans.factory.annotation.AutowiredAnnotationBeanPostProcessor$AutowiredFieldElement.resolveFieldValue(AutowiredAnnotationBeanPostProcessor.java:656)
		... 54 more
30-Mar-2026 21:08:46.197 INFO [http-nio-8080-exec-2] org.springframework.web.servlet.FrameworkServlet.initServletBean Initializing Servlet 'cstspconf-web'
30-Mar-2026 21:08:46.234 WARNING [http-nio-8080-exec-2] org.springframework.context.support.AbstractApplicationContext.refresh Exception encountered during context initialization - cancelling refresh attempt: org.springframework.beans.factory.UnsatisfiedDependencyException: Error creating bean with name 'employeeServiceImpl': Unsatisfied dependency expressed through field 'employeeDAOWrapper'; nested exception is org.springframework.beans.factory.UnsatisfiedDependencyException: Error creating bean with name 'employeeDAOWrapper': Unsatisfied dependency expressed through field 'employeeDAO'; nested exception is org.springframework.beans.factory.NoSuchBeanDefinitionException: No qualifying bean of type 'com.microservices.learn.dao.EmployeeDAO' available: expected at least 1 bean which qualifies as autowire candidate. Dependency annotations: {@org.springframework.beans.factory.annotation.Autowired(required=true)}
30-Mar-2026 21:08:46.234 SEVERE [http-nio-8080-exec-2] org.springframework.web.servlet.FrameworkServlet.initServletBean Context initialization failed
	org.springframework.beans.factory.UnsatisfiedDependencyException: Error creating bean with name 'employeeServiceImpl': Unsatisfied dependency expressed through field 'employeeDAOWrapper'; nested exception is org.springframework.beans.factory.UnsatisfiedDependencyException: Error creating bean with name 'employeeDAOWrapper': Unsatisfied dependency expressed through field 'employeeDAO'; nested exception is org.springframework.beans.factory.NoSuchBeanDefinitionException: No qualifying bean of type 'com.microservices.learn.dao.EmployeeDAO' available: expected at least 1 bean which qualifies as autowire candidate. Dependency annotations: {@org.springframework.beans.factory.annotation.Autowired(required=true)}
		at org.springframework.beans.factory.annotation.AutowiredAnnotationBeanPostProcessor$AutowiredFieldElement.resolveFieldValue(AutowiredAnnotationBeanPostProcessor.java:659)
		at org.springframework.beans.factory.annotation.AutowiredAnnotationBeanPostProcessor$AutowiredFieldElement.inject(AutowiredAnnotationBeanPostProcessor.java:639)
		at org.springframework.beans.factory.annotation.InjectionMetadata.inject(InjectionMetadata.java:119)
		at org.springframework.beans.factory.annotation.AutowiredAnnotationBeanPostProcessor.postProcessProperties(AutowiredAnnotationBeanPostProcessor.java:399)
		at org.springframework.beans.factory.support.AbstractAutowireCapableBeanFactory.populateBean(AbstractAutowireCapableBeanFactory.java:1431)
		at org.springframework.beans.factory.support.AbstractAutowireCapableBeanFactory.doCreateBean(AbstractAutowireCapableBeanFactory.java:619)
		at org.springframework.beans.factory.support.AbstractAutowireCapableBeanFactory.createBean(AbstractAutowireCapableBeanFactory.java:542)
		at org.springframework.beans.factory.support.AbstractBeanFactory.lambda$doGetBean$0(AbstractBeanFactory.java:335)
		at org.springframework.beans.factory.support.DefaultSingletonBeanRegistry.getSingleton(DefaultSingletonBeanRegistry.java:234)
		at org.springframework.beans.factory.support.AbstractBeanFactory.doGetBean(AbstractBeanFactory.java:333)
		at org.springframework.beans.factory.support.AbstractBeanFactory.getBean(AbstractBeanFactory.java:208)
		at org.springframework.beans.factory.support.DefaultListableBeanFactory.preInstantiateSingletons(DefaultListableBeanFactory.java:955)
		at org.springframework.context.support.AbstractApplicationContext.finishBeanFactoryInitialization(AbstractApplicationContext.java:918)
		at org.springframework.context.support.AbstractApplicationContext.refresh(AbstractApplicationContext.java:583)
		at org.springframework.web.servlet.FrameworkServlet.configureAndRefreshWebApplicationContext(FrameworkServlet.java:702)
		at org.springframework.web.servlet.FrameworkServlet.createWebApplicationContext(FrameworkServlet.java:668)
		at org.springframework.web.servlet.FrameworkServlet.createWebApplicationContext(FrameworkServlet.java:716)
		at org.springframework.web.servlet.FrameworkServlet.initWebApplicationContext(FrameworkServlet.java:591)
		at org.springframework.web.servlet.FrameworkServlet.initServletBean(FrameworkServlet.java:530)
		at org.springframework.web.servlet.HttpServletBean.init(HttpServletBean.java:170)
		at javax.servlet.GenericServlet.init(GenericServlet.java:143)
		at org.apache.catalina.core.StandardWrapper.initServlet(StandardWrapper.java:986)
		at org.apache.catalina.core.StandardWrapper.loadServlet(StandardWrapper.java:943)
		at org.apache.catalina.core.StandardWrapper.allocate(StandardWrapper.java:661)
		at org.apache.catalina.core.StandardWrapperValve.invoke(StandardWrapperValve.java:114)
		at org.apache.catalina.core.StandardContextValve.invoke(StandardContextValve.java:88)
		at org.apache.catalina.authenticator.AuthenticatorBase.invoke(AuthenticatorBase.java:491)
		at org.apache.catalina.core.StandardHostValve.invoke(StandardHostValve.java:127)
		at org.apache.catalina.valves.ErrorReportValve.invoke(ErrorReportValve.java:83)
		at org.apache.catalina.valves.AbstractAccessLogValve.invoke(AbstractAccessLogValve.java:643)
		at org.apache.catalina.core.StandardEngineValve.invoke(StandardEngineValve.java:72)
		at org.apache.catalina.connector.CoyoteAdapter.service(CoyoteAdapter.java:344)
		at org.apache.coyote.http11.Http11Processor.service(Http11Processor.java:398)
		at org.apache.coyote.AbstractProcessorLight.process(AbstractProcessorLight.java:63)
		at org.apache.coyote.AbstractProtocol$ConnectionHandler.process(AbstractProtocol.java:939)
		at org.apache.tomcat.util.net.NioEndpoint$SocketProcessor.doRun(NioEndpoint.java:1832)
		at org.apache.tomcat.util.net.SocketProcessorBase.run(SocketProcessorBase.java:52)
		at org.apache.tomcat.util.threads.ThreadPoolExecutor.runWorker(ThreadPoolExecutor.java:973)
		at org.apache.tomcat.util.threads.ThreadPoolExecutor$Worker.run(ThreadPoolExecutor.java:491)
		at org.apache.tomcat.util.threads.TaskThread$WrappingRunnable.run(TaskThread.java:63)
		at java.base/java.lang.Thread.run(Thread.java:840)
	Caused by: org.springframework.beans.factory.UnsatisfiedDependencyException: Error creating bean with name 'employeeDAOWrapper': Unsatisfied dependency expressed through field 'employeeDAO'; nested exception is org.springframework.beans.factory.NoSuchBeanDefinitionException: No qualifying bean of type 'com.microservices.learn.dao.EmployeeDAO' available: expected at least 1 bean which qualifies as autowire candidate. Dependency annotations: {@org.springframework.beans.factory.annotation.Autowired(required=true)}
		at org.springframework.beans.factory.annotation.AutowiredAnnotationBeanPostProcessor$AutowiredFieldElement.resolveFieldValue(AutowiredAnnotationBeanPostProcessor.java:659)
		at org.springframework.beans.factory.annotation.AutowiredAnnotationBeanPostProcessor$AutowiredFieldElement.inject(AutowiredAnnotationBeanPostProcessor.java:639)
		at org.springframework.beans.factory.annotation.InjectionMetadata.inject(InjectionMetadata.java:119)
		at org.springframework.beans.factory.annotation.AutowiredAnnotationBeanPostProcessor.postProcessProperties(AutowiredAnnotationBeanPostProcessor.java:399)
		at org.springframework.beans.factory.support.AbstractAutowireCapableBeanFactory.populateBean(AbstractAutowireCapableBeanFactory.java:1431)
		at org.springframework.beans.factory.support.AbstractAutowireCapableBeanFactory.doCreateBean(AbstractAutowireCapableBeanFactory.java:619)
		at org.springframework.beans.factory.support.AbstractAutowireCapableBeanFactory.createBean(AbstractAutowireCapableBeanFactory.java:542)
		at org.springframework.beans.factory.support.AbstractBeanFactory.lambda$doGetBean$0(AbstractBeanFactory.java:335)
		at org.springframework.beans.factory.support.DefaultSingletonBeanRegistry.getSingleton(DefaultSingletonBeanRegistry.java:234)
		at org.springframework.beans.factory.support.AbstractBeanFactory.doGetBean(AbstractBeanFactory.java:333)
		at org.springframework.beans.factory.support.AbstractBeanFactory.getBean(AbstractBeanFactory.java:208)
		at org.springframework.beans.factory.config.DependencyDescriptor.resolveCandidate(DependencyDescriptor.java:276)
		at org.springframework.beans.factory.support.DefaultListableBeanFactory.doResolveDependency(DefaultListableBeanFactory.java:1391)
		at org.springframework.beans.factory.support.DefaultListableBeanFactory.resolveDependency(DefaultListableBeanFactory.java:1311)
		at org.springframework.beans.factory.annotation.AutowiredAnnotationBeanPostProcessor$AutowiredFieldElement.resolveFieldValue(AutowiredAnnotationBeanPostProcessor.java:656)
		... 40 more
	Caused by: org.springframework.beans.factory.NoSuchBeanDefinitionException: No qualifying bean of type 'com.microservices.learn.dao.EmployeeDAO' available: expected at least 1 bean which qualifies as autowire candidate. Dependency annotations: {@org.springframework.beans.factory.annotation.Autowired(required=true)}
		at org.springframework.beans.factory.support.DefaultListableBeanFactory.raiseNoMatchingBeanFound(DefaultListableBeanFactory.java:1801)
		at org.springframework.beans.factory.support.DefaultListableBeanFactory.doResolveDependency(DefaultListableBeanFactory.java:1357)
		at org.springframework.beans.factory.support.DefaultListableBeanFactory.resolveDependency(DefaultListableBeanFactory.java:1311)
		at org.springframework.beans.factory.annotation.AutowiredAnnotationBeanPostProcessor$AutowiredFieldElement.resolveFieldValue(AutowiredAnnotationBeanPostProcessor.java:656)
		... 54 more
30-Mar-2026 21:08:47.001 INFO [http-nio-8080-exec-3] org.springframework.web.servlet.FrameworkServlet.initServletBean Initializing Servlet 'cstspconf-web'
30-Mar-2026 21:08:47.036 WARNING [http-nio-8080-exec-3] org.springframework.context.support.AbstractApplicationContext.refresh Exception encountered during context initialization - cancelling refresh attempt: org.springframework.beans.factory.UnsatisfiedDependencyException: Error creating bean with name 'employeeServiceImpl': Unsatisfied dependency expressed through field 'employeeDAOWrapper'; nested exception is org.springframework.beans.factory.UnsatisfiedDependencyException: Error creating bean with name 'employeeDAOWrapper': Unsatisfied dependency expressed through field 'employeeDAO'; nested exception is org.springframework.beans.factory.NoSuchBeanDefinitionException: No qualifying bean of type 'com.microservices.learn.dao.EmployeeDAO' available: expected at least 1 bean which qualifies as autowire candidate. Dependency annotations: {@org.springframework.beans.factory.annotation.Autowired(required=true)}
30-Mar-2026 21:08:47.037 SEVERE [http-nio-8080-exec-3] org.springframework.web.servlet.FrameworkServlet.initServletBean Context initialization failed
	org.springframework.beans.factory.UnsatisfiedDependencyException: Error creating bean with name 'employeeServiceImpl': Unsatisfied dependency expressed through field 'employeeDAOWrapper'; nested exception is org.springframework.beans.factory.UnsatisfiedDependencyException: Error creating bean with name 'employeeDAOWrapper': Unsatisfied dependency expressed through field 'employeeDAO'; nested exception is org.springframework.beans.factory.NoSuchBeanDefinitionException: No qualifying bean of type 'com.microservices.learn.dao.EmployeeDAO' available: expected at least 1 bean which qualifies as autowire candidate. Dependency annotations: {@org.springframework.beans.factory.annotation.Autowired(required=true)}
		at org.springframework.beans.factory.annotation.AutowiredAnnotationBeanPostProcessor$AutowiredFieldElement.resolveFieldValue(AutowiredAnnotationBeanPostProcessor.java:659)
		at org.springframework.beans.factory.annotation.AutowiredAnnotationBeanPostProcessor$AutowiredFieldElement.inject(AutowiredAnnotationBeanPostProcessor.java:639)
		at org.springframework.beans.factory.annotation.InjectionMetadata.inject(InjectionMetadata.java:119)
		at org.springframework.beans.factory.annotation.AutowiredAnnotationBeanPostProcessor.postProcessProperties(AutowiredAnnotationBeanPostProcessor.java:399)
		at org.springframework.beans.factory.support.AbstractAutowireCapableBeanFactory.populateBean(AbstractAutowireCapableBeanFactory.java:1431)
		at org.springframework.beans.factory.support.AbstractAutowireCapableBeanFactory.doCreateBean(AbstractAutowireCapableBeanFactory.java:619)
		at org.springframework.beans.factory.support.AbstractAutowireCapableBeanFactory.createBean(AbstractAutowireCapableBeanFactory.java:542)
		at org.springframework.beans.factory.support.AbstractBeanFactory.lambda$doGetBean$0(AbstractBeanFactory.java:335)
		at org.springframework.beans.factory.support.DefaultSingletonBeanRegistry.getSingleton(DefaultSingletonBeanRegistry.java:234)
		at org.springframework.beans.factory.support.AbstractBeanFactory.doGetBean(AbstractBeanFactory.java:333)
		at org.springframework.beans.factory.support.AbstractBeanFactory.getBean(AbstractBeanFactory.java:208)
		at org.springframework.beans.factory.support.DefaultListableBeanFactory.preInstantiateSingletons(DefaultListableBeanFactory.java:955)
		at org.springframework.context.support.AbstractApplicationContext.finishBeanFactoryInitialization(AbstractApplicationContext.java:918)
		at org.springframework.context.support.AbstractApplicationContext.refresh(AbstractApplicationContext.java:583)
		at org.springframework.web.servlet.FrameworkServlet.configureAndRefreshWebApplicationContext(FrameworkServlet.java:702)
		at org.springframework.web.servlet.FrameworkServlet.createWebApplicationContext(FrameworkServlet.java:668)
		at org.springframework.web.servlet.FrameworkServlet.createWebApplicationContext(FrameworkServlet.java:716)
		at org.springframework.web.servlet.FrameworkServlet.initWebApplicationContext(FrameworkServlet.java:591)
		at org.springframework.web.servlet.FrameworkServlet.initServletBean(FrameworkServlet.java:530)
		at org.springframework.web.servlet.HttpServletBean.init(HttpServletBean.java:170)
		at javax.servlet.GenericServlet.init(GenericServlet.java:143)
		at org.apache.catalina.core.StandardWrapper.initServlet(StandardWrapper.java:986)
		at org.apache.catalina.core.StandardWrapper.loadServlet(StandardWrapper.java:943)
		at org.apache.catalina.core.StandardWrapper.allocate(StandardWrapper.java:661)
		at org.apache.catalina.core.StandardWrapperValve.invoke(StandardWrapperValve.java:114)
		at org.apache.catalina.core.StandardContextValve.invoke(StandardContextValve.java:88)
		at org.apache.catalina.authenticator.AuthenticatorBase.invoke(AuthenticatorBase.java:491)
		at org.apache.catalina.core.StandardHostValve.invoke(StandardHostValve.java:127)
		at org.apache.catalina.valves.ErrorReportValve.invoke(ErrorReportValve.java:83)
		at org.apache.catalina.valves.AbstractAccessLogValve.invoke(AbstractAccessLogValve.java:643)
		at org.apache.catalina.core.StandardEngineValve.invoke(StandardEngineValve.java:72)
		at org.apache.catalina.connector.CoyoteAdapter.service(CoyoteAdapter.java:344)
		at org.apache.coyote.http11.Http11Processor.service(Http11Processor.java:398)
		at org.apache.coyote.AbstractProcessorLight.process(AbstractProcessorLight.java:63)
		at org.apache.coyote.AbstractProtocol$ConnectionHandler.process(AbstractProtocol.java:939)
		at org.apache.tomcat.util.net.NioEndpoint$SocketProcessor.doRun(NioEndpoint.java:1832)
		at org.apache.tomcat.util.net.SocketProcessorBase.run(SocketProcessorBase.java:52)
		at org.apache.tomcat.util.threads.ThreadPoolExecutor.runWorker(ThreadPoolExecutor.java:973)
		at org.apache.tomcat.util.threads.ThreadPoolExecutor$Worker.run(ThreadPoolExecutor.java:491)
		at org.apache.tomcat.util.threads.TaskThread$WrappingRunnable.run(TaskThread.java:63)
		at java.base/java.lang.Thread.run(Thread.java:840)
	Caused by: org.springframework.beans.factory.UnsatisfiedDependencyException: Error creating bean with name 'employeeDAOWrapper': Unsatisfied dependency expressed through field 'employeeDAO'; nested exception is org.springframework.beans.factory.NoSuchBeanDefinitionException: No qualifying bean of type 'com.microservices.learn.dao.EmployeeDAO' available: expected at least 1 bean which qualifies as autowire candidate. Dependency annotations: {@org.springframework.beans.factory.annotation.Autowired(required=true)}
		at org.springframework.beans.factory.annotation.AutowiredAnnotationBeanPostProcessor$AutowiredFieldElement.resolveFieldValue(AutowiredAnnotationBeanPostProcessor.java:659)
		at org.springframework.beans.factory.annotation.AutowiredAnnotationBeanPostProcessor$AutowiredFieldElement.inject(AutowiredAnnotationBeanPostProcessor.java:639)
		at org.springframework.beans.factory.annotation.InjectionMetadata.inject(InjectionMetadata.java:119)
		at org.springframework.beans.factory.annotation.AutowiredAnnotationBeanPostProcessor.postProcessProperties(AutowiredAnnotationBeanPostProcessor.java:399)
		at org.springframework.beans.factory.support.AbstractAutowireCapableBeanFactory.populateBean(AbstractAutowireCapableBeanFactory.java:1431)
		at org.springframework.beans.factory.support.AbstractAutowireCapableBeanFactory.doCreateBean(AbstractAutowireCapableBeanFactory.java:619)
		at org.springframework.beans.factory.support.AbstractAutowireCapableBeanFactory.createBean(AbstractAutowireCapableBeanFactory.java:542)
		at org.springframework.beans.factory.support.AbstractBeanFactory.lambda$doGetBean$0(AbstractBeanFactory.java:335)
		at org.springframework.beans.factory.support.DefaultSingletonBeanRegistry.getSingleton(DefaultSingletonBeanRegistry.java:234)
		at org.springframework.beans.factory.support.AbstractBeanFactory.doGetBean(AbstractBeanFactory.java:333)
		at org.springframework.beans.factory.support.AbstractBeanFactory.getBean(AbstractBeanFactory.java:208)
		at org.springframework.beans.factory.config.DependencyDescriptor.resolveCandidate(DependencyDescriptor.java:276)
		at org.springframework.beans.factory.support.DefaultListableBeanFactory.doResolveDependency(DefaultListableBeanFactory.java:1391)
		at org.springframework.beans.factory.support.DefaultListableBeanFactory.resolveDependency(DefaultListableBeanFactory.java:1311)
		at org.springframework.beans.factory.annotation.AutowiredAnnotationBeanPostProcessor$AutowiredFieldElement.resolveFieldValue(AutowiredAnnotationBeanPostProcessor.java:656)
		... 40 more
	Caused by: org.springframework.beans.factory.NoSuchBeanDefinitionException: No qualifying bean of type 'com.microservices.learn.dao.EmployeeDAO' available: expected at least 1 bean which qualifies as autowire candidate. Dependency annotations: {@org.springframework.beans.factory.annotation.Autowired(required=true)}
		at org.springframework.beans.factory.support.DefaultListableBeanFactory.raiseNoMatchingBeanFound(DefaultListableBeanFactory.java:1801)
		at org.springframework.beans.factory.support.DefaultListableBeanFactory.doResolveDependency(DefaultListableBeanFactory.java:1357)
		at org.springframework.beans.factory.support.DefaultListableBeanFactory.resolveDependency(DefaultListableBeanFactory.java:1311)
		at org.springframework.beans.factory.annotation.AutowiredAnnotationBeanPostProcessor$AutowiredFieldElement.resolveFieldValue(AutowiredAnnotationBeanPostProcessor.java:656)
		... 54 more
30-Mar-2026 21:08:47.180 INFO [http-nio-8080-exec-4] org.springframework.web.servlet.FrameworkServlet.initServletBean Initializing Servlet 'cstspconf-web'
30-Mar-2026 21:08:47.210 WARNING [http-nio-8080-exec-4] org.springframework.context.support.AbstractApplicationContext.refresh Exception encountered during context initialization - cancelling refresh attempt: org.springframework.beans.factory.UnsatisfiedDependencyException: Error creating bean with name 'employeeServiceImpl': Unsatisfied dependency expressed through field 'employeeDAOWrapper'; nested exception is org.springframework.beans.factory.UnsatisfiedDependencyException: Error creating bean with name 'employeeDAOWrapper': Unsatisfied dependency expressed through field 'employeeDAO'; nested exception is org.springframework.beans.factory.NoSuchBeanDefinitionException: No qualifying bean of type 'com.microservices.learn.dao.EmployeeDAO' available: expected at least 1 bean which qualifies as autowire candidate. Dependency annotations: {@org.springframework.beans.factory.annotation.Autowired(required=true)}
30-Mar-2026 21:08:47.210 SEVERE [http-nio-8080-exec-4] org.springframework.web.servlet.FrameworkServlet.initServletBean Context initialization failed
	org.springframework.beans.factory.UnsatisfiedDependencyException: Error creating bean with name 'employeeServiceImpl': Unsatisfied dependency expressed through field 'employeeDAOWrapper'; nested exception is org.springframework.beans.factory.UnsatisfiedDependencyException: Error creating bean with name 'employeeDAOWrapper': Unsatisfied dependency expressed through field 'employeeDAO'; nested exception is org.springframework.beans.factory.NoSuchBeanDefinitionException: No qualifying bean of type 'com.microservices.learn.dao.EmployeeDAO' available: expected at least 1 bean which qualifies as autowire candidate. Dependency annotations: {@org.springframework.beans.factory.annotation.Autowired(required=true)}
		at org.springframework.beans.factory.annotation.AutowiredAnnotationBeanPostProcessor$AutowiredFieldElement.resolveFieldValue(AutowiredAnnotationBeanPostProcessor.java:659)
		at org.springframework.beans.factory.annotation.AutowiredAnnotationBeanPostProcessor$AutowiredFieldElement.inject(AutowiredAnnotationBeanPostProcessor.java:639)
		at org.springframework.beans.factory.annotation.InjectionMetadata.inject(InjectionMetadata.java:119)
		at org.springframework.beans.factory.annotation.AutowiredAnnotationBeanPostProcessor.postProcessProperties(AutowiredAnnotationBeanPostProcessor.java:399)
		at org.springframework.beans.factory.support.AbstractAutowireCapableBeanFactory.populateBean(AbstractAutowireCapableBeanFactory.java:1431)
		at org.springframework.beans.factory.support.AbstractAutowireCapableBeanFactory.doCreateBean(AbstractAutowireCapableBeanFactory.java:619)
		at org.springframework.beans.factory.support.AbstractAutowireCapableBeanFactory.createBean(AbstractAutowireCapableBeanFactory.java:542)
		at org.springframework.beans.factory.support.AbstractBeanFactory.lambda$doGetBean$0(AbstractBeanFactory.java:335)
		at org.springframework.beans.factory.support.DefaultSingletonBeanRegistry.getSingleton(DefaultSingletonBeanRegistry.java:234)
		at org.springframework.beans.factory.support.AbstractBeanFactory.doGetBean(AbstractBeanFactory.java:333)
		at org.springframework.beans.factory.support.AbstractBeanFactory.getBean(AbstractBeanFactory.java:208)
		at org.springframework.beans.factory.support.DefaultListableBeanFactory.preInstantiateSingletons(DefaultListableBeanFactory.java:955)
		at org.springframework.context.support.AbstractApplicationContext.finishBeanFactoryInitialization(AbstractApplicationContext.java:918)
		at org.springframework.context.support.AbstractApplicationContext.refresh(AbstractApplicationContext.java:583)
		at org.springframework.web.servlet.FrameworkServlet.configureAndRefreshWebApplicationContext(FrameworkServlet.java:702)
		at org.springframework.web.servlet.FrameworkServlet.createWebApplicationContext(FrameworkServlet.java:668)
		at org.springframework.web.servlet.FrameworkServlet.createWebApplicationContext(FrameworkServlet.java:716)
		at org.springframework.web.servlet.FrameworkServlet.initWebApplicationContext(FrameworkServlet.java:591)
		at org.springframework.web.servlet.FrameworkServlet.initServletBean(FrameworkServlet.java:530)
		at org.springframework.web.servlet.HttpServletBean.init(HttpServletBean.java:170)
		at javax.servlet.GenericServlet.init(GenericServlet.java:143)
		at org.apache.catalina.core.StandardWrapper.initServlet(StandardWrapper.java:986)
		at org.apache.catalina.core.StandardWrapper.loadServlet(StandardWrapper.java:943)
		at org.apache.catalina.core.StandardWrapper.allocate(StandardWrapper.java:661)
		at org.apache.catalina.core.StandardWrapperValve.invoke(StandardWrapperValve.java:114)
		at org.apache.catalina.core.StandardContextValve.invoke(StandardContextValve.java:88)
		at org.apache.catalina.authenticator.AuthenticatorBase.invoke(AuthenticatorBase.java:491)
		at org.apache.catalina.core.StandardHostValve.invoke(StandardHostValve.java:127)
		at org.apache.catalina.valves.ErrorReportValve.invoke(ErrorReportValve.java:83)
		at org.apache.catalina.valves.AbstractAccessLogValve.invoke(AbstractAccessLogValve.java:643)
		at org.apache.catalina.core.StandardEngineValve.invoke(StandardEngineValve.java:72)
		at org.apache.catalina.connector.CoyoteAdapter.service(CoyoteAdapter.java:344)
		at org.apache.coyote.http11.Http11Processor.service(Http11Processor.java:398)
		at org.apache.coyote.AbstractProcessorLight.process(AbstractProcessorLight.java:63)
		at org.apache.coyote.AbstractProtocol$ConnectionHandler.process(AbstractProtocol.java:939)
		at org.apache.tomcat.util.net.NioEndpoint$SocketProcessor.doRun(NioEndpoint.java:1832)
		at org.apache.tomcat.util.net.SocketProcessorBase.run(SocketProcessorBase.java:52)
		at org.apache.tomcat.util.threads.ThreadPoolExecutor.runWorker(ThreadPoolExecutor.java:973)
		at org.apache.tomcat.util.threads.ThreadPoolExecutor$Worker.run(ThreadPoolExecutor.java:491)
		at org.apache.tomcat.util.threads.TaskThread$WrappingRunnable.run(TaskThread.java:63)
		at java.base/java.lang.Thread.run(Thread.java:840)
	Caused by: org.springframework.beans.factory.UnsatisfiedDependencyException: Error creating bean with name 'employeeDAOWrapper': Unsatisfied dependency expressed through field 'employeeDAO'; nested exception is org.springframework.beans.factory.NoSuchBeanDefinitionException: No qualifying bean of type 'com.microservices.learn.dao.EmployeeDAO' available: expected at least 1 bean which qualifies as autowire candidate. Dependency annotations: {@org.springframework.beans.factory.annotation.Autowired(required=true)}
		at org.springframework.beans.factory.annotation.AutowiredAnnotationBeanPostProcessor$AutowiredFieldElement.resolveFieldValue(AutowiredAnnotationBeanPostProcessor.java:659)
		at org.springframework.beans.factory.annotation.AutowiredAnnotationBeanPostProcessor$AutowiredFieldElement.inject(AutowiredAnnotationBeanPostProcessor.java:639)
		at org.springframework.beans.factory.annotation.InjectionMetadata.inject(InjectionMetadata.java:119)
		at org.springframework.beans.factory.annotation.AutowiredAnnotationBeanPostProcessor.postProcessProperties(AutowiredAnnotationBeanPostProcessor.java:399)
		at org.springframework.beans.factory.support.AbstractAutowireCapableBeanFactory.populateBean(AbstractAutowireCapableBeanFactory.java:1431)
		at org.springframework.beans.factory.support.AbstractAutowireCapableBeanFactory.doCreateBean(AbstractAutowireCapableBeanFactory.java:619)
		at org.springframework.beans.factory.support.AbstractAutowireCapableBeanFactory.createBean(AbstractAutowireCapableBeanFactory.java:542)
		at org.springframework.beans.factory.support.AbstractBeanFactory.lambda$doGetBean$0(AbstractBeanFactory.java:335)
		at org.springframework.beans.factory.support.DefaultSingletonBeanRegistry.getSingleton(DefaultSingletonBeanRegistry.java:234)
		at org.springframework.beans.factory.support.AbstractBeanFactory.doGetBean(AbstractBeanFactory.java:333)
		at org.springframework.beans.factory.support.AbstractBeanFactory.getBean(AbstractBeanFactory.java:208)
		at org.springframework.beans.factory.config.DependencyDescriptor.resolveCandidate(DependencyDescriptor.java:276)
		at org.springframework.beans.factory.support.DefaultListableBeanFactory.doResolveDependency(DefaultListableBeanFactory.java:1391)
		at org.springframework.beans.factory.support.DefaultListableBeanFactory.resolveDependency(DefaultListableBeanFactory.java:1311)
		at org.springframework.beans.factory.annotation.AutowiredAnnotationBeanPostProcessor$AutowiredFieldElement.resolveFieldValue(AutowiredAnnotationBeanPostProcessor.java:656)
		... 40 more
	Caused by: org.springframework.beans.factory.NoSuchBeanDefinitionException: No qualifying bean of type 'com.microservices.learn.dao.EmployeeDAO' available: expected at least 1 bean which qualifies as autowire candidate. Dependency annotations: {@org.springframework.beans.factory.annotation.Autowired(required=true)}
		at org.springframework.beans.factory.support.DefaultListableBeanFactory.raiseNoMatchingBeanFound(DefaultListableBeanFactory.java:1801)
		at org.springframework.beans.factory.support.DefaultListableBeanFactory.doResolveDependency(DefaultListableBeanFactory.java:1357)
		at org.springframework.beans.factory.support.DefaultListableBeanFactory.resolveDependency(DefaultListableBeanFactory.java:1311)
		at org.springframework.beans.factory.annotation.AutowiredAnnotationBeanPostProcessor$AutowiredFieldElement.resolveFieldValue(AutowiredAnnotationBeanPostProcessor.java:656)
		... 54 more
30-Mar-2026 21:08:47.341 INFO [http-nio-8080-exec-5] org.springframework.web.servlet.FrameworkServlet.initServletBean Initializing Servlet 'cstspconf-web'
30-Mar-2026 21:08:47.355 WARNING [http-nio-8080-exec-5] org.springframework.context.support.AbstractApplicationContext.refresh Exception encountered during context initialization - cancelling refresh attempt: org.springframework.beans.factory.UnsatisfiedDependencyException: Error creating bean with name 'employeeServiceImpl': Unsatisfied dependency expressed through field 'employeeDAOWrapper'; nested exception is org.springframework.beans.factory.UnsatisfiedDependencyException: Error creating bean with name 'employeeDAOWrapper': Unsatisfied dependency expressed through field 'employeeDAO'; nested exception is org.springframework.beans.factory.NoSuchBeanDefinitionException: No qualifying bean of type 'com.microservices.learn.dao.EmployeeDAO' available: expected at least 1 bean which qualifies as autowire candidate. Dependency annotations: {@org.springframework.beans.factory.annotation.Autowired(required=true)}
30-Mar-2026 21:08:47.355 SEVERE [http-nio-8080-exec-5] org.springframework.web.servlet.FrameworkServlet.initServletBean Context initialization failed
	org.springframework.beans.factory.UnsatisfiedDependencyException: Error creating bean with name 'employeeServiceImpl': Unsatisfied dependency expressed through field 'employeeDAOWrapper'; nested exception is org.springframework.beans.factory.UnsatisfiedDependencyException: Error creating bean with name 'employeeDAOWrapper': Unsatisfied dependency expressed through field 'employeeDAO'; nested exception is org.springframework.beans.factory.NoSuchBeanDefinitionException: No qualifying bean of type 'com.microservices.learn.dao.EmployeeDAO' available: expected at least 1 bean which qualifies as autowire candidate. Dependency annotations: {@org.springframework.beans.factory.annotation.Autowired(required=true)}
		at org.springframework.beans.factory.annotation.AutowiredAnnotationBeanPostProcessor$AutowiredFieldElement.resolveFieldValue(AutowiredAnnotationBeanPostProcessor.java:659)
		at org.springframework.beans.factory.annotation.AutowiredAnnotationBeanPostProcessor$AutowiredFieldElement.inject(AutowiredAnnotationBeanPostProcessor.java:639)
		at org.springframework.beans.factory.annotation.InjectionMetadata.inject(InjectionMetadata.java:119)
		at org.springframework.beans.factory.annotation.AutowiredAnnotationBeanPostProcessor.postProcessProperties(AutowiredAnnotationBeanPostProcessor.java:399)
		at org.springframework.beans.factory.support.AbstractAutowireCapableBeanFactory.populateBean(AbstractAutowireCapableBeanFactory.java:1431)
		at org.springframework.beans.factory.support.AbstractAutowireCapableBeanFactory.doCreateBean(AbstractAutowireCapableBeanFactory.java:619)
		at org.springframework.beans.factory.support.AbstractAutowireCapableBeanFactory.createBean(AbstractAutowireCapableBeanFactory.java:542)
		at org.springframework.beans.factory.support.AbstractBeanFactory.lambda$doGetBean$0(AbstractBeanFactory.java:335)
		at org.springframework.beans.factory.support.DefaultSingletonBeanRegistry.getSingleton(DefaultSingletonBeanRegistry.java:234)
		at org.springframework.beans.factory.support.AbstractBeanFactory.doGetBean(AbstractBeanFactory.java:333)
		at org.springframework.beans.factory.support.AbstractBeanFactory.getBean(AbstractBeanFactory.java:208)
		at org.springframework.beans.factory.support.DefaultListableBeanFactory.preInstantiateSingletons(DefaultListableBeanFactory.java:955)
		at org.springframework.context.support.AbstractApplicationContext.finishBeanFactoryInitialization(AbstractApplicationContext.java:918)
		at org.springframework.context.support.AbstractApplicationContext.refresh(AbstractApplicationContext.java:583)
		at org.springframework.web.servlet.FrameworkServlet.configureAndRefreshWebApplicationContext(FrameworkServlet.java:702)
		at org.springframework.web.servlet.FrameworkServlet.createWebApplicationContext(FrameworkServlet.java:668)
		at org.springframework.web.servlet.FrameworkServlet.createWebApplicationContext(FrameworkServlet.java:716)
		at org.springframework.web.servlet.FrameworkServlet.initWebApplicationContext(FrameworkServlet.java:591)
		at org.springframework.web.servlet.FrameworkServlet.initServletBean(FrameworkServlet.java:530)
		at org.springframework.web.servlet.HttpServletBean.init(HttpServletBean.java:170)
		at javax.servlet.GenericServlet.init(GenericServlet.java:143)
		at org.apache.catalina.core.StandardWrapper.initServlet(StandardWrapper.java:986)
		at org.apache.catalina.core.StandardWrapper.loadServlet(StandardWrapper.java:943)
		at org.apache.catalina.core.StandardWrapper.allocate(StandardWrapper.java:661)
		at org.apache.catalina.core.StandardWrapperValve.invoke(StandardWrapperValve.java:114)
		at org.apache.catalina.core.StandardContextValve.invoke(StandardContextValve.java:88)
		at org.apache.catalina.authenticator.AuthenticatorBase.invoke(AuthenticatorBase.java:491)
		at org.apache.catalina.core.StandardHostValve.invoke(StandardHostValve.java:127)
		at org.apache.catalina.valves.ErrorReportValve.invoke(ErrorReportValve.java:83)
		at org.apache.catalina.valves.AbstractAccessLogValve.invoke(AbstractAccessLogValve.java:643)
		at org.apache.catalina.core.StandardEngineValve.invoke(StandardEngineValve.java:72)
		at org.apache.catalina.connector.CoyoteAdapter.service(CoyoteAdapter.java:344)
		at org.apache.coyote.http11.Http11Processor.service(Http11Processor.java:398)
		at org.apache.coyote.AbstractProcessorLight.process(AbstractProcessorLight.java:63)
		at org.apache.coyote.AbstractProtocol$ConnectionHandler.process(AbstractProtocol.java:939)
		at org.apache.tomcat.util.net.NioEndpoint$SocketProcessor.doRun(NioEndpoint.java:1832)
		at org.apache.tomcat.util.net.SocketProcessorBase.run(SocketProcessorBase.java:52)
		at org.apache.tomcat.util.threads.ThreadPoolExecutor.runWorker(ThreadPoolExecutor.java:973)
		at org.apache.tomcat.util.threads.ThreadPoolExecutor$Worker.run(ThreadPoolExecutor.java:491)
		at org.apache.tomcat.util.threads.TaskThread$WrappingRunnable.run(TaskThread.java:63)
		at java.base/java.lang.Thread.run(Thread.java:840)
	Caused by: org.springframework.beans.factory.UnsatisfiedDependencyException: Error creating bean with name 'employeeDAOWrapper': Unsatisfied dependency expressed through field 'employeeDAO'; nested exception is org.springframework.beans.factory.NoSuchBeanDefinitionException: No qualifying bean of type 'com.microservices.learn.dao.EmployeeDAO' available: expected at least 1 bean which qualifies as autowire candidate. Dependency annotations: {@org.springframework.beans.factory.annotation.Autowired(required=true)}
		at org.springframework.beans.factory.annotation.AutowiredAnnotationBeanPostProcessor$AutowiredFieldElement.resolveFieldValue(AutowiredAnnotationBeanPostProcessor.java:659)
		at org.springframework.beans.factory.annotation.AutowiredAnnotationBeanPostProcessor$AutowiredFieldElement.inject(AutowiredAnnotationBeanPostProcessor.java:639)
		at org.springframework.beans.factory.annotation.InjectionMetadata.inject(InjectionMetadata.java:119)
		at org.springframework.beans.factory.annotation.AutowiredAnnotationBeanPostProcessor.postProcessProperties(AutowiredAnnotationBeanPostProcessor.java:399)
		at org.springframework.beans.factory.support.AbstractAutowireCapableBeanFactory.populateBean(AbstractAutowireCapableBeanFactory.java:1431)
		at org.springframework.beans.factory.support.AbstractAutowireCapableBeanFactory.doCreateBean(AbstractAutowireCapableBeanFactory.java:619)
		at org.springframework.beans.factory.support.AbstractAutowireCapableBeanFactory.createBean(AbstractAutowireCapableBeanFactory.java:542)
		at org.springframework.beans.factory.support.AbstractBeanFactory.lambda$doGetBean$0(AbstractBeanFactory.java:335)
		at org.springframework.beans.factory.support.DefaultSingletonBeanRegistry.getSingleton(DefaultSingletonBeanRegistry.java:234)
		at org.springframework.beans.factory.support.AbstractBeanFactory.doGetBean(AbstractBeanFactory.java:333)
		at org.springframework.beans.factory.support.AbstractBeanFactory.getBean(AbstractBeanFactory.java:208)
		at org.springframework.beans.factory.config.DependencyDescriptor.resolveCandidate(DependencyDescriptor.java:276)
		at org.springframework.beans.factory.support.DefaultListableBeanFactory.doResolveDependency(DefaultListableBeanFactory.java:1391)
		at org.springframework.beans.factory.support.DefaultListableBeanFactory.resolveDependency(DefaultListableBeanFactory.java:1311)
		at org.springframework.beans.factory.annotation.AutowiredAnnotationBeanPostProcessor$AutowiredFieldElement.resolveFieldValue(AutowiredAnnotationBeanPostProcessor.java:656)
		... 40 more
	Caused by: org.springframework.beans.factory.NoSuchBeanDefinitionException: No qualifying bean of type 'com.microservices.learn.dao.EmployeeDAO' available: expected at least 1 bean which qualifies as autowire candidate. Dependency annotations: {@org.springframework.beans.factory.annotation.Autowired(required=true)}
		at org.springframework.beans.factory.support.DefaultListableBeanFactory.raiseNoMatchingBeanFound(DefaultListableBeanFactory.java:1801)
		at org.springframework.beans.factory.support.DefaultListableBeanFactory.doResolveDependency(DefaultListableBeanFactory.java:1357)
		at org.springframework.beans.factory.support.DefaultListableBeanFactory.resolveDependency(DefaultListableBeanFactory.java:1311)
		at org.springframework.beans.factory.annotation.AutowiredAnnotationBeanPostProcessor$AutowiredFieldElement.resolveFieldValue(AutowiredAnnotationBeanPostProcessor.java:656)
		... 54 more
30-Mar-2026 21:08:47.487 INFO [http-nio-8080-exec-6] org.springframework.web.servlet.FrameworkServlet.initServletBean Initializing Servlet 'cstspconf-web'
30-Mar-2026 21:08:47.502 WARNING [http-nio-8080-exec-6] org.springframework.context.support.AbstractApplicationContext.refresh Exception encountered during context initialization - cancelling refresh attempt: org.springframework.beans.factory.UnsatisfiedDependencyException: Error creating bean with name 'employeeServiceImpl': Unsatisfied dependency expressed through field 'employeeDAOWrapper'; nested exception is org.springframework.beans.factory.UnsatisfiedDependencyException: Error creating bean with name 'employeeDAOWrapper': Unsatisfied dependency expressed through field 'employeeDAO'; nested exception is org.springframework.beans.factory.NoSuchBeanDefinitionException: No qualifying bean of type 'com.microservices.learn.dao.EmployeeDAO' available: expected at least 1 bean which qualifies as autowire candidate. Dependency annotations: {@org.springframework.beans.factory.annotation.Autowired(required=true)}
30-Mar-2026 21:08:47.503 SEVERE [http-nio-8080-exec-6] org.springframework.web.servlet.FrameworkServlet.initServletBean Context initialization failed
	org.springframework.beans.factory.UnsatisfiedDependencyException: Error creating bean with name 'employeeServiceImpl': Unsatisfied dependency expressed through field 'employeeDAOWrapper'; nested exception is org.springframework.beans.factory.UnsatisfiedDependencyException: Error creating bean with name 'employeeDAOWrapper': Unsatisfied dependency expressed through field 'employeeDAO'; nested exception is org.springframework.beans.factory.NoSuchBeanDefinitionException: No qualifying bean of type 'com.microservices.learn.dao.EmployeeDAO' available: expected at least 1 bean which qualifies as autowire candidate. Dependency annotations: {@org.springframework.beans.factory.annotation.Autowired(required=true)}
		at org.springframework.beans.factory.annotation.AutowiredAnnotationBeanPostProcessor$AutowiredFieldElement.resolveFieldValue(AutowiredAnnotationBeanPostProcessor.java:659)
		at org.springframework.beans.factory.annotation.AutowiredAnnotationBeanPostProcessor$AutowiredFieldElement.inject(AutowiredAnnotationBeanPostProcessor.java:639)
		at org.springframework.beans.factory.annotation.InjectionMetadata.inject(InjectionMetadata.java:119)
		at org.springframework.beans.factory.annotation.AutowiredAnnotationBeanPostProcessor.postProcessProperties(AutowiredAnnotationBeanPostProcessor.java:399)
		at org.springframework.beans.factory.support.AbstractAutowireCapableBeanFactory.populateBean(AbstractAutowireCapableBeanFactory.java:1431)
		at org.springframework.beans.factory.support.AbstractAutowireCapableBeanFactory.doCreateBean(AbstractAutowireCapableBeanFactory.java:619)
		at org.springframework.beans.factory.support.AbstractAutowireCapableBeanFactory.createBean(AbstractAutowireCapableBeanFactory.java:542)
		at org.springframework.beans.factory.support.AbstractBeanFactory.lambda$doGetBean$0(AbstractBeanFactory.java:335)
		at org.springframework.beans.factory.support.DefaultSingletonBeanRegistry.getSingleton(DefaultSingletonBeanRegistry.java:234)
		at org.springframework.beans.factory.support.AbstractBeanFactory.doGetBean(AbstractBeanFactory.java:333)
		at org.springframework.beans.factory.support.AbstractBeanFactory.getBean(AbstractBeanFactory.java:208)
		at org.springframework.beans.factory.support.DefaultListableBeanFactory.preInstantiateSingletons(DefaultListableBeanFactory.java:955)
		at org.springframework.context.support.AbstractApplicationContext.finishBeanFactoryInitialization(AbstractApplicationContext.java:918)
		at org.springframework.context.support.AbstractApplicationContext.refresh(AbstractApplicationContext.java:583)
		at org.springframework.web.servlet.FrameworkServlet.configureAndRefreshWebApplicationContext(FrameworkServlet.java:702)
		at org.springframework.web.servlet.FrameworkServlet.createWebApplicationContext(FrameworkServlet.java:668)
		at org.springframework.web.servlet.FrameworkServlet.createWebApplicationContext(FrameworkServlet.java:716)
		at org.springframework.web.servlet.FrameworkServlet.initWebApplicationContext(FrameworkServlet.java:591)
		at org.springframework.web.servlet.FrameworkServlet.initServletBean(FrameworkServlet.java:530)
		at org.springframework.web.servlet.HttpServletBean.init(HttpServletBean.java:170)
		at javax.servlet.GenericServlet.init(GenericServlet.java:143)
		at org.apache.catalina.core.StandardWrapper.initServlet(StandardWrapper.java:986)
		at org.apache.catalina.core.StandardWrapper.loadServlet(StandardWrapper.java:943)
		at org.apache.catalina.core.StandardWrapper.allocate(StandardWrapper.java:661)
		at org.apache.catalina.core.StandardWrapperValve.invoke(StandardWrapperValve.java:114)
		at org.apache.catalina.core.StandardContextValve.invoke(StandardContextValve.java:88)
		at org.apache.catalina.authenticator.AuthenticatorBase.invoke(AuthenticatorBase.java:491)
		at org.apache.catalina.core.StandardHostValve.invoke(StandardHostValve.java:127)
		at org.apache.catalina.valves.ErrorReportValve.invoke(ErrorReportValve.java:83)
		at org.apache.catalina.valves.AbstractAccessLogValve.invoke(AbstractAccessLogValve.java:643)
		at org.apache.catalina.core.StandardEngineValve.invoke(StandardEngineValve.java:72)
		at org.apache.catalina.connector.CoyoteAdapter.service(CoyoteAdapter.java:344)
		at org.apache.coyote.http11.Http11Processor.service(Http11Processor.java:398)
		at org.apache.coyote.AbstractProcessorLight.process(AbstractProcessorLight.java:63)
		at org.apache.coyote.AbstractProtocol$ConnectionHandler.process(AbstractProtocol.java:939)
		at org.apache.tomcat.util.net.NioEndpoint$SocketProcessor.doRun(NioEndpoint.java:1832)
		at org.apache.tomcat.util.net.SocketProcessorBase.run(SocketProcessorBase.java:52)
		at org.apache.tomcat.util.threads.ThreadPoolExecutor.runWorker(ThreadPoolExecutor.java:973)
		at org.apache.tomcat.util.threads.ThreadPoolExecutor$Worker.run(ThreadPoolExecutor.java:491)
		at org.apache.tomcat.util.threads.TaskThread$WrappingRunnable.run(TaskThread.java:63)
		at java.base/java.lang.Thread.run(Thread.java:840)
	Caused by: org.springframework.beans.factory.UnsatisfiedDependencyException: Error creating bean with name 'employeeDAOWrapper': Unsatisfied dependency expressed through field 'employeeDAO'; nested exception is org.springframework.beans.factory.NoSuchBeanDefinitionException: No qualifying bean of type 'com.microservices.learn.dao.EmployeeDAO' available: expected at least 1 bean which qualifies as autowire candidate. Dependency annotations: {@org.springframework.beans.factory.annotation.Autowired(required=true)}
		at org.springframework.beans.factory.annotation.AutowiredAnnotationBeanPostProcessor$AutowiredFieldElement.resolveFieldValue(AutowiredAnnotationBeanPostProcessor.java:659)
		at org.springframework.beans.factory.annotation.AutowiredAnnotationBeanPostProcessor$AutowiredFieldElement.inject(AutowiredAnnotationBeanPostProcessor.java:639)
		at org.springframework.beans.factory.annotation.InjectionMetadata.inject(InjectionMetadata.java:119)
		at org.springframework.beans.factory.annotation.AutowiredAnnotationBeanPostProcessor.postProcessProperties(AutowiredAnnotationBeanPostProcessor.java:399)
		at org.springframework.beans.factory.support.AbstractAutowireCapableBeanFactory.populateBean(AbstractAutowireCapableBeanFactory.java:1431)
		at org.springframework.beans.factory.support.AbstractAutowireCapableBeanFactory.doCreateBean(AbstractAutowireCapableBeanFactory.java:619)
		at org.springframework.beans.factory.support.AbstractAutowireCapableBeanFactory.createBean(AbstractAutowireCapableBeanFactory.java:542)
		at org.springframework.beans.factory.support.AbstractBeanFactory.lambda$doGetBean$0(AbstractBeanFactory.java:335)
		at org.springframework.beans.factory.support.DefaultSingletonBeanRegistry.getSingleton(DefaultSingletonBeanRegistry.java:234)
		at org.springframework.beans.factory.support.AbstractBeanFactory.doGetBean(AbstractBeanFactory.java:333)
		at org.springframework.beans.factory.support.AbstractBeanFactory.getBean(AbstractBeanFactory.java:208)
		at org.springframework.beans.factory.config.DependencyDescriptor.resolveCandidate(DependencyDescriptor.java:276)
		at org.springframework.beans.factory.support.DefaultListableBeanFactory.doResolveDependency(DefaultListableBeanFactory.java:1391)
		at org.springframework.beans.factory.support.DefaultListableBeanFactory.resolveDependency(DefaultListableBeanFactory.java:1311)
		at org.springframework.beans.factory.annotation.AutowiredAnnotationBeanPostProcessor$AutowiredFieldElement.resolveFieldValue(AutowiredAnnotationBeanPostProcessor.java:656)
		... 40 more
	Caused by: org.springframework.beans.factory.NoSuchBeanDefinitionException: No qualifying bean of type 'com.microservices.learn.dao.EmployeeDAO' available: expected at least 1 bean which qualifies as autowire candidate. Dependency annotations: {@org.springframework.beans.factory.annotation.Autowired(required=true)}
		at org.springframework.beans.factory.support.DefaultListableBeanFactory.raiseNoMatchingBeanFound(DefaultListableBeanFactory.java:1801)
		at org.springframework.beans.factory.support.DefaultListableBeanFactory.doResolveDependency(DefaultListableBeanFactory.java:1357)
		at org.springframework.beans.factory.support.DefaultListableBeanFactory.resolveDependency(DefaultListableBeanFactory.java:1311)
		at org.springframework.beans.factory.annotation.AutowiredAnnotationBeanPostProcessor$AutowiredFieldElement.resolveFieldValue(AutowiredAnnotationBeanPostProcessor.java:656)
		... 54 more
30-Mar-2026 21:08:47.629 INFO [http-nio-8080-exec-7] org.springframework.web.servlet.FrameworkServlet.initServletBean Initializing Servlet 'cstspconf-web'
30-Mar-2026 21:08:47.640 WARNING [http-nio-8080-exec-7] org.springframework.context.support.AbstractApplicationContext.refresh Exception encountered during context initialization - cancelling refresh attempt: org.springframework.beans.factory.UnsatisfiedDependencyException: Error creating bean with name 'employeeServiceImpl': Unsatisfied dependency expressed through field 'employeeDAOWrapper'; nested exception is org.springframework.beans.factory.UnsatisfiedDependencyException: Error creating bean with name 'employeeDAOWrapper': Unsatisfied dependency expressed through field 'employeeDAO'; nested exception is org.springframework.beans.factory.NoSuchBeanDefinitionException: No qualifying bean of type 'com.microservices.learn.dao.EmployeeDAO' available: expected at least 1 bean which qualifies as autowire candidate. Dependency annotations: {@org.springframework.beans.factory.annotation.Autowired(required=true)}
30-Mar-2026 21:08:47.640 SEVERE [http-nio-8080-exec-7] org.springframework.web.servlet.FrameworkServlet.initServletBean Context initialization failed
	org.springframework.beans.factory.UnsatisfiedDependencyException: Error creating bean with name 'employeeServiceImpl': Unsatisfied dependency expressed through field 'employeeDAOWrapper'; nested exception is org.springframework.beans.factory.UnsatisfiedDependencyException: Error creating bean with name 'employeeDAOWrapper': Unsatisfied dependency expressed through field 'employeeDAO'; nested exception is org.springframework.beans.factory.NoSuchBeanDefinitionException: No qualifying bean of type 'com.microservices.learn.dao.EmployeeDAO' available: expected at least 1 bean which qualifies as autowire candidate. Dependency annotations: {@org.springframework.beans.factory.annotation.Autowired(required=true)}
		at org.springframework.beans.factory.annotation.AutowiredAnnotationBeanPostProcessor$AutowiredFieldElement.resolveFieldValue(AutowiredAnnotationBeanPostProcessor.java:659)
		at org.springframework.beans.factory.annotation.AutowiredAnnotationBeanPostProcessor$AutowiredFieldElement.inject(AutowiredAnnotationBeanPostProcessor.java:639)
		at org.springframework.beans.factory.annotation.InjectionMetadata.inject(InjectionMetadata.java:119)
		at org.springframework.beans.factory.annotation.AutowiredAnnotationBeanPostProcessor.postProcessProperties(AutowiredAnnotationBeanPostProcessor.java:399)
		at org.springframework.beans.factory.support.AbstractAutowireCapableBeanFactory.populateBean(AbstractAutowireCapableBeanFactory.java:1431)
		at org.springframework.beans.factory.support.AbstractAutowireCapableBeanFactory.doCreateBean(AbstractAutowireCapableBeanFactory.java:619)
		at org.springframework.beans.factory.support.AbstractAutowireCapableBeanFactory.createBean(AbstractAutowireCapableBeanFactory.java:542)
		at org.springframework.beans.factory.support.AbstractBeanFactory.lambda$doGetBean$0(AbstractBeanFactory.java:335)
		at org.springframework.beans.factory.support.DefaultSingletonBeanRegistry.getSingleton(DefaultSingletonBeanRegistry.java:234)
		at org.springframework.beans.factory.support.AbstractBeanFactory.doGetBean(AbstractBeanFactory.java:333)
		at org.springframework.beans.factory.support.AbstractBeanFactory.getBean(AbstractBeanFactory.java:208)
		at org.springframework.beans.factory.support.DefaultListableBeanFactory.preInstantiateSingletons(DefaultListableBeanFactory.java:955)
		at org.springframework.context.support.AbstractApplicationContext.finishBeanFactoryInitialization(AbstractApplicationContext.java:918)
		at org.springframework.context.support.AbstractApplicationContext.refresh(AbstractApplicationContext.java:583)
		at org.springframework.web.servlet.FrameworkServlet.configureAndRefreshWebApplicationContext(FrameworkServlet.java:702)
		at org.springframework.web.servlet.FrameworkServlet.createWebApplicationContext(FrameworkServlet.java:668)
		at org.springframework.web.servlet.FrameworkServlet.createWebApplicationContext(FrameworkServlet.java:716)
		at org.springframework.web.servlet.FrameworkServlet.initWebApplicationContext(FrameworkServlet.java:591)
		at org.springframework.web.servlet.FrameworkServlet.initServletBean(FrameworkServlet.java:530)
		at org.springframework.web.servlet.HttpServletBean.init(HttpServletBean.java:170)
		at javax.servlet.GenericServlet.init(GenericServlet.java:143)
		at org.apache.catalina.core.StandardWrapper.initServlet(StandardWrapper.java:986)
		at org.apache.catalina.core.StandardWrapper.loadServlet(StandardWrapper.java:943)
		at org.apache.catalina.core.StandardWrapper.allocate(StandardWrapper.java:661)
		at org.apache.catalina.core.StandardWrapperValve.invoke(StandardWrapperValve.java:114)
		at org.apache.catalina.core.StandardContextValve.invoke(StandardContextValve.java:88)
		at org.apache.catalina.authenticator.AuthenticatorBase.invoke(AuthenticatorBase.java:491)
		at org.apache.catalina.core.StandardHostValve.invoke(StandardHostValve.java:127)
		at org.apache.catalina.valves.ErrorReportValve.invoke(ErrorReportValve.java:83)
		at org.apache.catalina.valves.AbstractAccessLogValve.invoke(AbstractAccessLogValve.java:643)
		at org.apache.catalina.core.StandardEngineValve.invoke(StandardEngineValve.java:72)
		at org.apache.catalina.connector.CoyoteAdapter.service(CoyoteAdapter.java:344)
		at org.apache.coyote.http11.Http11Processor.service(Http11Processor.java:398)
		at org.apache.coyote.AbstractProcessorLight.process(AbstractProcessorLight.java:63)
		at org.apache.coyote.AbstractProtocol$ConnectionHandler.process(AbstractProtocol.java:939)
		at org.apache.tomcat.util.net.NioEndpoint$SocketProcessor.doRun(NioEndpoint.java:1832)
		at org.apache.tomcat.util.net.SocketProcessorBase.run(SocketProcessorBase.java:52)
		at org.apache.tomcat.util.threads.ThreadPoolExecutor.runWorker(ThreadPoolExecutor.java:973)
		at org.apache.tomcat.util.threads.ThreadPoolExecutor$Worker.run(ThreadPoolExecutor.java:491)
		at org.apache.tomcat.util.threads.TaskThread$WrappingRunnable.run(TaskThread.java:63)
		at java.base/java.lang.Thread.run(Thread.java:840)
	Caused by: org.springframework.beans.factory.UnsatisfiedDependencyException: Error creating bean with name 'employeeDAOWrapper': Unsatisfied dependency expressed through field 'employeeDAO'; nested exception is org.springframework.beans.factory.NoSuchBeanDefinitionException: No qualifying bean of type 'com.microservices.learn.dao.EmployeeDAO' available: expected at least 1 bean which qualifies as autowire candidate. Dependency annotations: {@org.springframework.beans.factory.annotation.Autowired(required=true)}
		at org.springframework.beans.factory.annotation.AutowiredAnnotationBeanPostProcessor$AutowiredFieldElement.resolveFieldValue(AutowiredAnnotationBeanPostProcessor.java:659)
		at org.springframework.beans.factory.annotation.AutowiredAnnotationBeanPostProcessor$AutowiredFieldElement.inject(AutowiredAnnotationBeanPostProcessor.java:639)
		at org.springframework.beans.factory.annotation.InjectionMetadata.inject(InjectionMetadata.java:119)
		at org.springframework.beans.factory.annotation.AutowiredAnnotationBeanPostProcessor.postProcessProperties(AutowiredAnnotationBeanPostProcessor.java:399)
		at org.springframework.beans.factory.support.AbstractAutowireCapableBeanFactory.populateBean(AbstractAutowireCapableBeanFactory.java:1431)
		at org.springframework.beans.factory.support.AbstractAutowireCapableBeanFactory.doCreateBean(AbstractAutowireCapableBeanFactory.java:619)
		at org.springframework.beans.factory.support.AbstractAutowireCapableBeanFactory.createBean(AbstractAutowireCapableBeanFactory.java:542)
		at org.springframework.beans.factory.support.AbstractBeanFactory.lambda$doGetBean$0(AbstractBeanFactory.java:335)
		at org.springframework.beans.factory.support.DefaultSingletonBeanRegistry.getSingleton(DefaultSingletonBeanRegistry.java:234)
		at org.springframework.beans.factory.support.AbstractBeanFactory.doGetBean(AbstractBeanFactory.java:333)
		at org.springframework.beans.factory.support.AbstractBeanFactory.getBean(AbstractBeanFactory.java:208)
		at org.springframework.beans.factory.config.DependencyDescriptor.resolveCandidate(DependencyDescriptor.java:276)
		at org.springframework.beans.factory.support.DefaultListableBeanFactory.doResolveDependency(DefaultListableBeanFactory.java:1391)
		at org.springframework.beans.factory.support.DefaultListableBeanFactory.resolveDependency(DefaultListableBeanFactory.java:1311)
		at org.springframework.beans.factory.annotation.AutowiredAnnotationBeanPostProcessor$AutowiredFieldElement.resolveFieldValue(AutowiredAnnotationBeanPostProcessor.java:656)
		... 40 more
	Caused by: org.springframework.beans.factory.NoSuchBeanDefinitionException: No qualifying bean of type 'com.microservices.learn.dao.EmployeeDAO' available: expected at least 1 bean which qualifies as autowire candidate. Dependency annotations: {@org.springframework.beans.factory.annotation.Autowired(required=true)}
		at org.springframework.beans.factory.support.DefaultListableBeanFactory.raiseNoMatchingBeanFound(DefaultListableBeanFactory.java:1801)
		at org.springframework.beans.factory.support.DefaultListableBeanFactory.doResolveDependency(DefaultListableBeanFactory.java:1357)
		at org.springframework.beans.factory.support.DefaultListableBeanFactory.resolveDependency(DefaultListableBeanFactory.java:1311)
		at org.springframework.beans.factory.annotation.AutowiredAnnotationBeanPostProcessor$AutowiredFieldElement.resolveFieldValue(AutowiredAnnotationBeanPostProcessor.java:656)
		... 54 more
30-Mar-2026 21:10:26.424 INFO [Catalina-utility-1] org.apache.catalina.startup.HostConfig.reload Reloading context [/employee-service]
30-Mar-2026 21:10:26.427 INFO [Catalina-utility-1] org.apache.catalina.core.StandardContext.reload Reloading Context with name [/employee-service] has started
30-Mar-2026 21:10:26.468 INFO [Catalina-utility-1] org.apache.catalina.core.StandardContext.reload Reloading Context with name [/employee-service] is completed
30-Mar-2026 21:10:36.475 INFO [Catalina-utility-1] org.apache.catalina.startup.HostConfig.reload Reloading context [/employee-service]
30-Mar-2026 21:10:36.475 INFO [Catalina-utility-1] org.apache.catalina.core.StandardContext.reload Reloading Context with name [/employee-service] has started
30-Mar-2026 21:10:37.025 INFO [Catalina-utility-1] org.apache.jasper.servlet.TldScanner.scanJars At least one JAR was scanned for TLDs yet contained no TLDs. Enable debug logging for this logger for a complete list of JARs that were scanned but no TLDs were found in them. Skipping unneeded JARs during scanning can improve startup time and JSP compilation time.
30-Mar-2026 21:10:37.056 INFO [Catalina-utility-1] org.springframework.web.servlet.FrameworkServlet.initServletBean Initializing Servlet 'cstspconf-web'
30-Mar-2026 21:10:37.164 WARNING [Catalina-utility-1] org.springframework.context.support.AbstractApplicationContext.refresh Exception encountered during context initialization - cancelling refresh attempt: org.springframework.beans.factory.UnsatisfiedDependencyException: Error creating bean with name 'employeeServiceImpl': Unsatisfied dependency expressed through field 'employeeDAOWrapper'; nested exception is org.springframework.beans.factory.UnsatisfiedDependencyException: Error creating bean with name 'employeeDAOWrapper': Unsatisfied dependency expressed through field 'employeeDAO'; nested exception is org.springframework.beans.factory.NoSuchBeanDefinitionException: No qualifying bean of type 'com.microservices.learn.dao.EmployeeDAO' available: expected at least 1 bean which qualifies as autowire candidate. Dependency annotations: {@org.springframework.beans.factory.annotation.Autowired(required=true)}
30-Mar-2026 21:10:37.165 SEVERE [Catalina-utility-1] org.springframework.web.servlet.FrameworkServlet.initServletBean Context initialization failed
	org.springframework.beans.factory.UnsatisfiedDependencyException: Error creating bean with name 'employeeServiceImpl': Unsatisfied dependency expressed through field 'employeeDAOWrapper'; nested exception is org.springframework.beans.factory.UnsatisfiedDependencyException: Error creating bean with name 'employeeDAOWrapper': Unsatisfied dependency expressed through field 'employeeDAO'; nested exception is org.springframework.beans.factory.NoSuchBeanDefinitionException: No qualifying bean of type 'com.microservices.learn.dao.EmployeeDAO' available: expected at least 1 bean which qualifies as autowire candidate. Dependency annotations: {@org.springframework.beans.factory.annotation.Autowired(required=true)}
		at org.springframework.beans.factory.annotation.AutowiredAnnotationBeanPostProcessor$AutowiredFieldElement.resolveFieldValue(AutowiredAnnotationBeanPostProcessor.java:659)
		at org.springframework.beans.factory.annotation.AutowiredAnnotationBeanPostProcessor$AutowiredFieldElement.inject(AutowiredAnnotationBeanPostProcessor.java:639)
		at org.springframework.beans.factory.annotation.InjectionMetadata.inject(InjectionMetadata.java:119)
		at org.springframework.beans.factory.annotation.AutowiredAnnotationBeanPostProcessor.postProcessProperties(AutowiredAnnotationBeanPostProcessor.java:399)
		at org.springframework.beans.factory.support.AbstractAutowireCapableBeanFactory.populateBean(AbstractAutowireCapableBeanFactory.java:1431)
		at org.springframework.beans.factory.support.AbstractAutowireCapableBeanFactory.doCreateBean(AbstractAutowireCapableBeanFactory.java:619)
		at org.springframework.beans.factory.support.AbstractAutowireCapableBeanFactory.createBean(AbstractAutowireCapableBeanFactory.java:542)
		at org.springframework.beans.factory.support.AbstractBeanFactory.lambda$doGetBean$0(AbstractBeanFactory.java:335)
		at org.springframework.beans.factory.support.DefaultSingletonBeanRegistry.getSingleton(DefaultSingletonBeanRegistry.java:234)
		at org.springframework.beans.factory.support.AbstractBeanFactory.doGetBean(AbstractBeanFactory.java:333)
		at org.springframework.beans.factory.support.AbstractBeanFactory.getBean(AbstractBeanFactory.java:208)
		at org.springframework.beans.factory.support.DefaultListableBeanFactory.preInstantiateSingletons(DefaultListableBeanFactory.java:955)
		at org.springframework.context.support.AbstractApplicationContext.finishBeanFactoryInitialization(AbstractApplicationContext.java:918)
		at org.springframework.context.support.AbstractApplicationContext.refresh(AbstractApplicationContext.java:583)
		at org.springframework.web.servlet.FrameworkServlet.configureAndRefreshWebApplicationContext(FrameworkServlet.java:702)
		at org.springframework.web.servlet.FrameworkServlet.createWebApplicationContext(FrameworkServlet.java:668)
		at org.springframework.web.servlet.FrameworkServlet.createWebApplicationContext(FrameworkServlet.java:716)
		at org.springframework.web.servlet.FrameworkServlet.initWebApplicationContext(FrameworkServlet.java:591)
		at org.springframework.web.servlet.FrameworkServlet.initServletBean(FrameworkServlet.java:530)
		at org.springframework.web.servlet.HttpServletBean.init(HttpServletBean.java:170)
		at javax.servlet.GenericServlet.init(GenericServlet.java:143)
		at org.apache.catalina.core.StandardWrapper.initServlet(StandardWrapper.java:986)
		at org.apache.catalina.core.StandardWrapper.loadServlet(StandardWrapper.java:943)
		at org.apache.catalina.core.StandardWrapper.load(StandardWrapper.java:840)
		at org.apache.catalina.core.StandardContext.loadOnStartup(StandardContext.java:4222)
		at org.apache.catalina.core.StandardContext.startInternal(StandardContext.java:4523)
		at org.apache.catalina.util.LifecycleBase.start(LifecycleBase.java:164)
		at org.apache.catalina.core.StandardContext.reload(StandardContext.java:3258)
		at org.apache.catalina.startup.HostConfig.reload(HostConfig.java:1411)
		at org.apache.catalina.startup.HostConfig.checkResources(HostConfig.java:1386)
		at org.apache.catalina.startup.HostConfig.check(HostConfig.java:1612)
		at org.apache.catalina.startup.HostConfig.lifecycleEvent(HostConfig.java:305)
		at org.apache.catalina.util.LifecycleBase.fireLifecycleEvent(LifecycleBase.java:109)
		at org.apache.catalina.core.ContainerBase.backgroundProcess(ContainerBase.java:971)
		at org.apache.catalina.core.ContainerBase$ContainerBackgroundProcessor.processChildren(ContainerBase.java:1170)
		at org.apache.catalina.core.ContainerBase$ContainerBackgroundProcessor.processChildren(ContainerBase.java:1174)
		at org.apache.catalina.core.ContainerBase$ContainerBackgroundProcessor.run(ContainerBase.java:1152)
		at java.base/java.util.concurrent.Executors$RunnableAdapter.call(Executors.java:539)
		at java.base/java.util.concurrent.FutureTask.runAndReset(FutureTask.java:305)
		at java.base/java.util.concurrent.ScheduledThreadPoolExecutor$ScheduledFutureTask.run(ScheduledThreadPoolExecutor.java:305)
		at java.base/java.util.concurrent.ThreadPoolExecutor.runWorker(ThreadPoolExecutor.java:1136)
		at java.base/java.util.concurrent.ThreadPoolExecutor$Worker.run(ThreadPoolExecutor.java:635)
		at org.apache.tomcat.util.threads.TaskThread$WrappingRunnable.run(TaskThread.java:63)
		at java.base/java.lang.Thread.run(Thread.java:840)
	Caused by: org.springframework.beans.factory.UnsatisfiedDependencyException: Error creating bean with name 'employeeDAOWrapper': Unsatisfied dependency expressed through field 'employeeDAO'; nested exception is org.springframework.beans.factory.NoSuchBeanDefinitionException: No qualifying bean of type 'com.microservices.learn.dao.EmployeeDAO' available: expected at least 1 bean which qualifies as autowire candidate. Dependency annotations: {@org.springframework.beans.factory.annotation.Autowired(required=true)}
		at org.springframework.beans.factory.annotation.AutowiredAnnotationBeanPostProcessor$AutowiredFieldElement.resolveFieldValue(AutowiredAnnotationBeanPostProcessor.java:659)
		at org.springframework.beans.factory.annotation.AutowiredAnnotationBeanPostProcessor$AutowiredFieldElement.inject(AutowiredAnnotationBeanPostProcessor.java:639)
		at org.springframework.beans.factory.annotation.InjectionMetadata.inject(InjectionMetadata.java:119)
		at org.springframework.beans.factory.annotation.AutowiredAnnotationBeanPostProcessor.postProcessProperties(AutowiredAnnotationBeanPostProcessor.java:399)
		at org.springframework.beans.factory.support.AbstractAutowireCapableBeanFactory.populateBean(AbstractAutowireCapableBeanFactory.java:1431)
		at org.springframework.beans.factory.support.AbstractAutowireCapableBeanFactory.doCreateBean(AbstractAutowireCapableBeanFactory.java:619)
		at org.springframework.beans.factory.support.AbstractAutowireCapableBeanFactory.createBean(AbstractAutowireCapableBeanFactory.java:542)
		at org.springframework.beans.factory.support.AbstractBeanFactory.lambda$doGetBean$0(AbstractBeanFactory.java:335)
		at org.springframework.beans.factory.support.DefaultSingletonBeanRegistry.getSingleton(DefaultSingletonBeanRegistry.java:234)
		at org.springframework.beans.factory.support.AbstractBeanFactory.doGetBean(AbstractBeanFactory.java:333)
		at org.springframework.beans.factory.support.AbstractBeanFactory.getBean(AbstractBeanFactory.java:208)
		at org.springframework.beans.factory.config.DependencyDescriptor.resolveCandidate(DependencyDescriptor.java:276)
		at org.springframework.beans.factory.support.DefaultListableBeanFactory.doResolveDependency(DefaultListableBeanFactory.java:1391)
		at org.springframework.beans.factory.support.DefaultListableBeanFactory.resolveDependency(DefaultListableBeanFactory.java:1311)
		at org.springframework.beans.factory.annotation.AutowiredAnnotationBeanPostProcessor$AutowiredFieldElement.resolveFieldValue(AutowiredAnnotationBeanPostProcessor.java:656)
		... 43 more
	Caused by: org.springframework.beans.factory.NoSuchBeanDefinitionException: No qualifying bean of type 'com.microservices.learn.dao.EmployeeDAO' available: expected at least 1 bean which qualifies as autowire candidate. Dependency annotations: {@org.springframework.beans.factory.annotation.Autowired(required=true)}
		at org.springframework.beans.factory.support.DefaultListableBeanFactory.raiseNoMatchingBeanFound(DefaultListableBeanFactory.java:1801)
		at org.springframework.beans.factory.support.DefaultListableBeanFactory.doResolveDependency(DefaultListableBeanFactory.java:1357)
		at org.springframework.beans.factory.support.DefaultListableBeanFactory.resolveDependency(DefaultListableBeanFactory.java:1311)
		at org.springframework.beans.factory.annotation.AutowiredAnnotationBeanPostProcessor$AutowiredFieldElement.resolveFieldValue(AutowiredAnnotationBeanPostProcessor.java:656)
		... 57 more
30-Mar-2026 21:10:37.166 INFO [Catalina-utility-1] org.apache.catalina.core.StandardContext.reload Reloading Context with name [/employee-service] is completed
30-Mar-2026 21:10:45.079 INFO [main] org.apache.catalina.core.StandardServer.await A valid shutdown command was received via the shutdown port. Stopping the Server instance.
30-Mar-2026 21:10:45.079 INFO [main] org.apache.coyote.AbstractProtocol.pause Pausing ProtocolHandler ["http-nio-8080"]
30-Mar-2026 21:10:45.081 INFO [main] org.apache.catalina.core.StandardService.stopInternal Stopping service [Catalina]
30-Mar-2026 21:10:45.085 INFO [main] org.apache.coyote.AbstractProtocol.stop Stopping ProtocolHandler ["http-nio-8080"]
30-Mar-2026 21:10:45.087 INFO [main] org.apache.coyote.AbstractProtocol.destroy Destroying ProtocolHandler ["http-nio-8080"]
NOTE: Picked up JDK_JAVA_OPTIONS:  --add-opens=java.base/java.lang=ALL-UNNAMED --add-opens=java.base/java.lang.invoke=ALL-UNNAMED --add-opens=java.base/java.lang.reflect=ALL-UNNAMED --add-opens=java.base/java.io=ALL-UNNAMED --add-opens=java.base/java.util=ALL-UNNAMED --add-opens=java.base/java.util.concurrent=ALL-UNNAMED --add-opens=java.rmi/sun.rmi.transport=ALL-UNNAMED
30-Mar-2026 21:10:45.249 INFO [main] org.apache.catalina.startup.VersionLoggerListener.log Server version name:   Apache Tomcat/9.0.116
30-Mar-2026 21:10:45.251 INFO [main] org.apache.catalina.startup.VersionLoggerListener.log Server built:          Mar 16 2026 15:05:42 UTC
30-Mar-2026 21:10:45.251 INFO [main] org.apache.catalina.startup.VersionLoggerListener.log Server version number: 9.0.116.0
30-Mar-2026 21:10:45.251 INFO [main] org.apache.catalina.startup.VersionLoggerListener.log OS Name:               Mac OS X
30-Mar-2026 21:10:45.251 INFO [main] org.apache.catalina.startup.VersionLoggerListener.log OS Version:            15.5
30-Mar-2026 21:10:45.251 INFO [main] org.apache.catalina.startup.VersionLoggerListener.log Architecture:          aarch64
30-Mar-2026 21:10:45.251 INFO [main] org.apache.catalina.startup.VersionLoggerListener.log Java Home:             /Users/motocycopath/Library/Java/JavaVirtualMachines/jbr-17.0.14/Contents/Home
30-Mar-2026 21:10:45.251 INFO [main] org.apache.catalina.startup.VersionLoggerListener.log JVM Version:           17.0.14+1-b1367.22
30-Mar-2026 21:10:45.251 INFO [main] org.apache.catalina.startup.VersionLoggerListener.log JVM Vendor:            JetBrains s.r.o.
30-Mar-2026 21:10:45.251 INFO [main] org.apache.catalina.startup.VersionLoggerListener.log CATALINA_BASE:         /Users/motocycopath/Desktop/java-full-stack-training/00-microservices-00/apache-tomcat-9.0.116
30-Mar-2026 21:10:45.251 INFO [main] org.apache.catalina.startup.VersionLoggerListener.log CATALINA_HOME:         /Users/motocycopath/Desktop/java-full-stack-training/00-microservices-00/apache-tomcat-9.0.116
30-Mar-2026 21:10:45.255 INFO [main] org.apache.catalina.startup.VersionLoggerListener.log Command line argument: --add-opens=java.base/java.lang=ALL-UNNAMED
30-Mar-2026 21:10:45.255 INFO [main] org.apache.catalina.startup.VersionLoggerListener.log Command line argument: --add-opens=java.base/java.lang.invoke=ALL-UNNAMED
30-Mar-2026 21:10:45.255 INFO [main] org.apache.catalina.startup.VersionLoggerListener.log Command line argument: --add-opens=java.base/java.lang.reflect=ALL-UNNAMED
30-Mar-2026 21:10:45.255 INFO [main] org.apache.catalina.startup.VersionLoggerListener.log Command line argument: --add-opens=java.base/java.io=ALL-UNNAMED
30-Mar-2026 21:10:45.256 INFO [main] org.apache.catalina.startup.VersionLoggerListener.log Command line argument: --add-opens=java.base/java.util=ALL-UNNAMED
30-Mar-2026 21:10:45.256 INFO [main] org.apache.catalina.startup.VersionLoggerListener.log Command line argument: --add-opens=java.base/java.util.concurrent=ALL-UNNAMED
30-Mar-2026 21:10:45.256 INFO [main] org.apache.catalina.startup.VersionLoggerListener.log Command line argument: --add-opens=java.rmi/sun.rmi.transport=ALL-UNNAMED
30-Mar-2026 21:10:45.256 INFO [main] org.apache.catalina.startup.VersionLoggerListener.log Command line argument: -Djava.util.logging.config.file=/Users/motocycopath/Desktop/java-full-stack-training/00-microservices-00/apache-tomcat-9.0.116/conf/logging.properties
30-Mar-2026 21:10:45.256 INFO [main] org.apache.catalina.startup.VersionLoggerListener.log Command line argument: -Djava.util.logging.manager=org.apache.juli.ClassLoaderLogManager
30-Mar-2026 21:10:45.256 INFO [main] org.apache.catalina.startup.VersionLoggerListener.log Command line argument: -Djdk.tls.ephemeralDHKeySize=2048
30-Mar-2026 21:10:45.256 INFO [main] org.apache.catalina.startup.VersionLoggerListener.log Command line argument: -Djava.protocol.handler.pkgs=org.apache.catalina.webresources
30-Mar-2026 21:10:45.256 INFO [main] org.apache.catalina.startup.VersionLoggerListener.log Command line argument: -Dsun.io.useCanonCaches=false
30-Mar-2026 21:10:45.256 INFO [main] org.apache.catalina.startup.VersionLoggerListener.log Command line argument: -Dorg.apache.catalina.security.SecurityListener.UMASK=0027
30-Mar-2026 21:10:45.256 INFO [main] org.apache.catalina.startup.VersionLoggerListener.log Command line argument: -Dignore.endorsed.dirs=
30-Mar-2026 21:10:45.256 INFO [main] org.apache.catalina.startup.VersionLoggerListener.log Command line argument: -Dcatalina.base=/Users/motocycopath/Desktop/java-full-stack-training/00-microservices-00/apache-tomcat-9.0.116
30-Mar-2026 21:10:45.256 INFO [main] org.apache.catalina.startup.VersionLoggerListener.log Command line argument: -Dcatalina.home=/Users/motocycopath/Desktop/java-full-stack-training/00-microservices-00/apache-tomcat-9.0.116
30-Mar-2026 21:10:45.256 INFO [main] org.apache.catalina.startup.VersionLoggerListener.log Command line argument: -Djava.io.tmpdir=/Users/motocycopath/Desktop/java-full-stack-training/00-microservices-00/apache-tomcat-9.0.116/temp
30-Mar-2026 21:10:45.260 INFO [main] org.apache.catalina.core.AprLifecycleListener.lifecycleEvent The Apache Tomcat Native library which allows using OpenSSL was not found on the java.library.path: [/Users/motocycopath/Library/Java/Extensions:/Library/Java/Extensions:/Network/Library/Java/Extensions:/System/Library/Java/Extensions:/usr/lib/java:.]
30-Mar-2026 21:10:45.359 INFO [main] org.apache.coyote.AbstractProtocol.init Initializing ProtocolHandler ["http-nio-8080"]
30-Mar-2026 21:10:45.373 INFO [main] org.apache.catalina.startup.Catalina.load Server initialization in [186] milliseconds
30-Mar-2026 21:10:45.386 INFO [main] org.apache.catalina.core.StandardService.startInternal Starting service [Catalina]
30-Mar-2026 21:10:45.386 INFO [main] org.apache.catalina.core.StandardEngine.startInternal Starting Servlet engine: [Apache Tomcat/9.0.116]
30-Mar-2026 21:10:45.388 INFO [main] org.apache.catalina.startup.HostConfig.deployDirectory Deploying web application directory [/Users/motocycopath/Desktop/java-full-stack-training/00-microservices-00/apache-tomcat-9.0.116/webapps/employee-service]
30-Mar-2026 21:10:45.998 INFO [main] org.apache.jasper.servlet.TldScanner.scanJars At least one JAR was scanned for TLDs yet contained no TLDs. Enable debug logging for this logger for a complete list of JARs that were scanned but no TLDs were found in them. Skipping unneeded JARs during scanning can improve startup time and JSP compilation time.
30-Mar-2026 21:10:46.047 INFO [main] org.springframework.web.servlet.FrameworkServlet.initServletBean Initializing Servlet 'cstspconf-web'
30-Mar-2026 21:10:46.201 WARNING [main] org.springframework.context.support.AbstractApplicationContext.refresh Exception encountered during context initialization - cancelling refresh attempt: org.springframework.beans.factory.UnsatisfiedDependencyException: Error creating bean with name 'employeeServiceImpl': Unsatisfied dependency expressed through field 'employeeDAOWrapper'; nested exception is org.springframework.beans.factory.UnsatisfiedDependencyException: Error creating bean with name 'employeeDAOWrapper': Unsatisfied dependency expressed through field 'employeeDAO'; nested exception is org.springframework.beans.factory.NoSuchBeanDefinitionException: No qualifying bean of type 'com.microservices.learn.dao.EmployeeDAO' available: expected at least 1 bean which qualifies as autowire candidate. Dependency annotations: {@org.springframework.beans.factory.annotation.Autowired(required=true)}
30-Mar-2026 21:10:46.202 SEVERE [main] org.springframework.web.servlet.FrameworkServlet.initServletBean Context initialization failed
	org.springframework.beans.factory.UnsatisfiedDependencyException: Error creating bean with name 'employeeServiceImpl': Unsatisfied dependency expressed through field 'employeeDAOWrapper'; nested exception is org.springframework.beans.factory.UnsatisfiedDependencyException: Error creating bean with name 'employeeDAOWrapper': Unsatisfied dependency expressed through field 'employeeDAO'; nested exception is org.springframework.beans.factory.NoSuchBeanDefinitionException: No qualifying bean of type 'com.microservices.learn.dao.EmployeeDAO' available: expected at least 1 bean which qualifies as autowire candidate. Dependency annotations: {@org.springframework.beans.factory.annotation.Autowired(required=true)}
		at org.springframework.beans.factory.annotation.AutowiredAnnotationBeanPostProcessor$AutowiredFieldElement.resolveFieldValue(AutowiredAnnotationBeanPostProcessor.java:659)
		at org.springframework.beans.factory.annotation.AutowiredAnnotationBeanPostProcessor$AutowiredFieldElement.inject(AutowiredAnnotationBeanPostProcessor.java:639)
		at org.springframework.beans.factory.annotation.InjectionMetadata.inject(InjectionMetadata.java:119)
		at org.springframework.beans.factory.annotation.AutowiredAnnotationBeanPostProcessor.postProcessProperties(AutowiredAnnotationBeanPostProcessor.java:399)
		at org.springframework.beans.factory.support.AbstractAutowireCapableBeanFactory.populateBean(AbstractAutowireCapableBeanFactory.java:1431)
		at org.springframework.beans.factory.support.AbstractAutowireCapableBeanFactory.doCreateBean(AbstractAutowireCapableBeanFactory.java:619)
		at org.springframework.beans.factory.support.AbstractAutowireCapableBeanFactory.createBean(AbstractAutowireCapableBeanFactory.java:542)
		at org.springframework.beans.factory.support.AbstractBeanFactory.lambda$doGetBean$0(AbstractBeanFactory.java:335)
		at org.springframework.beans.factory.support.DefaultSingletonBeanRegistry.getSingleton(DefaultSingletonBeanRegistry.java:234)
		at org.springframework.beans.factory.support.AbstractBeanFactory.doGetBean(AbstractBeanFactory.java:333)
		at org.springframework.beans.factory.support.AbstractBeanFactory.getBean(AbstractBeanFactory.java:208)
		at org.springframework.beans.factory.support.DefaultListableBeanFactory.preInstantiateSingletons(DefaultListableBeanFactory.java:955)
		at org.springframework.context.support.AbstractApplicationContext.finishBeanFactoryInitialization(AbstractApplicationContext.java:918)
		at org.springframework.context.support.AbstractApplicationContext.refresh(AbstractApplicationContext.java:583)
		at org.springframework.web.servlet.FrameworkServlet.configureAndRefreshWebApplicationContext(FrameworkServlet.java:702)
		at org.springframework.web.servlet.FrameworkServlet.createWebApplicationContext(FrameworkServlet.java:668)
		at org.springframework.web.servlet.FrameworkServlet.createWebApplicationContext(FrameworkServlet.java:716)
		at org.springframework.web.servlet.FrameworkServlet.initWebApplicationContext(FrameworkServlet.java:591)
		at org.springframework.web.servlet.FrameworkServlet.initServletBean(FrameworkServlet.java:530)
		at org.springframework.web.servlet.HttpServletBean.init(HttpServletBean.java:170)
		at javax.servlet.GenericServlet.init(GenericServlet.java:143)
		at org.apache.catalina.core.StandardWrapper.initServlet(StandardWrapper.java:986)
		at org.apache.catalina.core.StandardWrapper.loadServlet(StandardWrapper.java:943)
		at org.apache.catalina.core.StandardWrapper.load(StandardWrapper.java:840)
		at org.apache.catalina.core.StandardContext.loadOnStartup(StandardContext.java:4222)
		at org.apache.catalina.core.StandardContext.startInternal(StandardContext.java:4523)
		at org.apache.catalina.util.LifecycleBase.start(LifecycleBase.java:164)
		at org.apache.catalina.core.ContainerBase.addChildInternal(ContainerBase.java:597)
		at org.apache.catalina.core.ContainerBase.addChild(ContainerBase.java:569)
		at org.apache.catalina.core.StandardHost.addChild(StandardHost.java:608)
		at org.apache.catalina.startup.HostConfig.deployDirectory(HostConfig.java:1171)
		at org.apache.catalina.startup.HostConfig$DeployDirectory.run(HostConfig.java:1880)
		at java.base/java.util.concurrent.Executors$RunnableAdapter.call(Executors.java:539)
		at java.base/java.util.concurrent.FutureTask.run(FutureTask.java:264)
		at org.apache.tomcat.util.threads.InlineExecutorService.execute(InlineExecutorService.java:82)
		at java.base/java.util.concurrent.AbstractExecutorService.submit(AbstractExecutorService.java:123)
		at org.apache.catalina.startup.HostConfig.deployDirectories(HostConfig.java:1082)
		at org.apache.catalina.startup.HostConfig.deployApps(HostConfig.java:467)
		at org.apache.catalina.startup.HostConfig.start(HostConfig.java:1576)
		at org.apache.catalina.startup.HostConfig.lifecycleEvent(HostConfig.java:309)
		at org.apache.catalina.util.LifecycleBase.fireLifecycleEvent(LifecycleBase.java:109)
		at org.apache.catalina.util.LifecycleBase.setStateInternal(LifecycleBase.java:389)
		at org.apache.catalina.util.LifecycleBase.setState(LifecycleBase.java:336)
		at org.apache.catalina.core.ContainerBase.startInternal(ContainerBase.java:774)
		at org.apache.catalina.core.StandardHost.startInternal(StandardHost.java:726)
		at org.apache.catalina.util.LifecycleBase.start(LifecycleBase.java:164)
		at org.apache.catalina.core.ContainerBase$StartChild.call(ContainerBase.java:1201)
		at org.apache.catalina.core.ContainerBase$StartChild.call(ContainerBase.java:1191)
		at java.base/java.util.concurrent.FutureTask.run(FutureTask.java:264)
		at org.apache.tomcat.util.threads.InlineExecutorService.execute(InlineExecutorService.java:82)
		at java.base/java.util.concurrent.AbstractExecutorService.submit(AbstractExecutorService.java:145)
		at org.apache.catalina.core.ContainerBase.startInternal(ContainerBase.java:747)
		at org.apache.catalina.core.StandardEngine.startInternal(StandardEngine.java:209)
		at org.apache.catalina.util.LifecycleBase.start(LifecycleBase.java:164)
		at org.apache.catalina.core.StandardService.startInternal(StandardService.java:410)
		at org.apache.catalina.util.LifecycleBase.start(LifecycleBase.java:164)
		at org.apache.catalina.core.StandardServer.startInternal(StandardServer.java:872)
		at org.apache.catalina.util.LifecycleBase.start(LifecycleBase.java:164)
		at org.apache.catalina.startup.Catalina.start(Catalina.java:736)
		at java.base/jdk.internal.reflect.NativeMethodAccessorImpl.invoke0(Native Method)
		at java.base/jdk.internal.reflect.NativeMethodAccessorImpl.invoke(NativeMethodAccessorImpl.java:77)
		at java.base/jdk.internal.reflect.DelegatingMethodAccessorImpl.invoke(DelegatingMethodAccessorImpl.java:43)
		at java.base/java.lang.reflect.Method.invoke(Method.java:569)
		at org.apache.catalina.startup.Bootstrap.start(Bootstrap.java:342)
		at org.apache.catalina.startup.Bootstrap.main(Bootstrap.java:473)
	Caused by: org.springframework.beans.factory.UnsatisfiedDependencyException: Error creating bean with name 'employeeDAOWrapper': Unsatisfied dependency expressed through field 'employeeDAO'; nested exception is org.springframework.beans.factory.NoSuchBeanDefinitionException: No qualifying bean of type 'com.microservices.learn.dao.EmployeeDAO' available: expected at least 1 bean which qualifies as autowire candidate. Dependency annotations: {@org.springframework.beans.factory.annotation.Autowired(required=true)}
		at org.springframework.beans.factory.annotation.AutowiredAnnotationBeanPostProcessor$AutowiredFieldElement.resolveFieldValue(AutowiredAnnotationBeanPostProcessor.java:659)
		at org.springframework.beans.factory.annotation.AutowiredAnnotationBeanPostProcessor$AutowiredFieldElement.inject(AutowiredAnnotationBeanPostProcessor.java:639)
		at org.springframework.beans.factory.annotation.InjectionMetadata.inject(InjectionMetadata.java:119)
		at org.springframework.beans.factory.annotation.AutowiredAnnotationBeanPostProcessor.postProcessProperties(AutowiredAnnotationBeanPostProcessor.java:399)
		at org.springframework.beans.factory.support.AbstractAutowireCapableBeanFactory.populateBean(AbstractAutowireCapableBeanFactory.java:1431)
		at org.springframework.beans.factory.support.AbstractAutowireCapableBeanFactory.doCreateBean(AbstractAutowireCapableBeanFactory.java:619)
		at org.springframework.beans.factory.support.AbstractAutowireCapableBeanFactory.createBean(AbstractAutowireCapableBeanFactory.java:542)
		at org.springframework.beans.factory.support.AbstractBeanFactory.lambda$doGetBean$0(AbstractBeanFactory.java:335)
		at org.springframework.beans.factory.support.DefaultSingletonBeanRegistry.getSingleton(DefaultSingletonBeanRegistry.java:234)
		at org.springframework.beans.factory.support.AbstractBeanFactory.doGetBean(AbstractBeanFactory.java:333)
		at org.springframework.beans.factory.support.AbstractBeanFactory.getBean(AbstractBeanFactory.java:208)
		at org.springframework.beans.factory.config.DependencyDescriptor.resolveCandidate(DependencyDescriptor.java:276)
		at org.springframework.beans.factory.support.DefaultListableBeanFactory.doResolveDependency(DefaultListableBeanFactory.java:1391)
		at org.springframework.beans.factory.support.DefaultListableBeanFactory.resolveDependency(DefaultListableBeanFactory.java:1311)
		at org.springframework.beans.factory.annotation.AutowiredAnnotationBeanPostProcessor$AutowiredFieldElement.resolveFieldValue(AutowiredAnnotationBeanPostProcessor.java:656)
		... 64 more
	Caused by: org.springframework.beans.factory.NoSuchBeanDefinitionException: No qualifying bean of type 'com.microservices.learn.dao.EmployeeDAO' available: expected at least 1 bean which qualifies as autowire candidate. Dependency annotations: {@org.springframework.beans.factory.annotation.Autowired(required=true)}
		at org.springframework.beans.factory.support.DefaultListableBeanFactory.raiseNoMatchingBeanFound(DefaultListableBeanFactory.java:1801)
		at org.springframework.beans.factory.support.DefaultListableBeanFactory.doResolveDependency(DefaultListableBeanFactory.java:1357)
		at org.springframework.beans.factory.support.DefaultListableBeanFactory.resolveDependency(DefaultListableBeanFactory.java:1311)
		at org.springframework.beans.factory.annotation.AutowiredAnnotationBeanPostProcessor$AutowiredFieldElement.resolveFieldValue(AutowiredAnnotationBeanPostProcessor.java:656)
		... 78 more
30-Mar-2026 21:10:46.209 INFO [main] org.apache.catalina.startup.HostConfig.deployDirectory Deployment of web application directory [/Users/motocycopath/Desktop/java-full-stack-training/00-microservices-00/apache-tomcat-9.0.116/webapps/employee-service] has finished in [820] ms
30-Mar-2026 21:10:46.209 INFO [main] org.apache.catalina.startup.HostConfig.deployDirectory Deploying web application directory [/Users/motocycopath/Desktop/java-full-stack-training/00-microservices-00/apache-tomcat-9.0.116/webapps/docs]
30-Mar-2026 21:10:46.218 INFO [main] org.apache.catalina.startup.HostConfig.deployDirectory Deployment of web application directory [/Users/motocycopath/Desktop/java-full-stack-training/00-microservices-00/apache-tomcat-9.0.116/webapps/docs] has finished in [9] ms
30-Mar-2026 21:10:46.218 INFO [main] org.apache.catalina.startup.HostConfig.deployDirectory Deploying web application directory [/Users/motocycopath/Desktop/java-full-stack-training/00-microservices-00/apache-tomcat-9.0.116/webapps/manager]
30-Mar-2026 21:10:46.228 INFO [main] org.apache.catalina.startup.HostConfig.deployDirectory Deployment of web application directory [/Users/motocycopath/Desktop/java-full-stack-training/00-microservices-00/apache-tomcat-9.0.116/webapps/manager] has finished in [10] ms
30-Mar-2026 21:10:46.228 INFO [main] org.apache.catalina.startup.HostConfig.deployDirectory Deploying web application directory [/Users/motocycopath/Desktop/java-full-stack-training/00-microservices-00/apache-tomcat-9.0.116/webapps/examples]
30-Mar-2026 21:10:46.286 INFO [main] org.apache.catalina.startup.HostConfig.deployDirectory Deployment of web application directory [/Users/motocycopath/Desktop/java-full-stack-training/00-microservices-00/apache-tomcat-9.0.116/webapps/examples] has finished in [58] ms
30-Mar-2026 21:10:46.286 INFO [main] org.apache.catalina.startup.HostConfig.deployDirectory Deploying web application directory [/Users/motocycopath/Desktop/java-full-stack-training/00-microservices-00/apache-tomcat-9.0.116/webapps/ROOT]
30-Mar-2026 21:10:46.291 INFO [main] org.apache.catalina.startup.HostConfig.deployDirectory Deployment of web application directory [/Users/motocycopath/Desktop/java-full-stack-training/00-microservices-00/apache-tomcat-9.0.116/webapps/ROOT] has finished in [5] ms
30-Mar-2026 21:10:46.291 INFO [main] org.apache.catalina.startup.HostConfig.deployDirectory Deploying web application directory [/Users/motocycopath/Desktop/java-full-stack-training/00-microservices-00/apache-tomcat-9.0.116/webapps/host-manager]
30-Mar-2026 21:10:46.297 INFO [main] org.apache.catalina.startup.HostConfig.deployDirectory Deployment of web application directory [/Users/motocycopath/Desktop/java-full-stack-training/00-microservices-00/apache-tomcat-9.0.116/webapps/host-manager] has finished in [6] ms
30-Mar-2026 21:10:46.298 INFO [main] org.apache.coyote.AbstractProtocol.start Starting ProtocolHandler ["http-nio-8080"]
30-Mar-2026 21:10:46.301 INFO [main] org.apache.catalina.startup.Catalina.start Server startup in [928] milliseconds
30-Mar-2026 21:11:05.580 INFO [http-nio-8080-exec-1] org.springframework.web.servlet.FrameworkServlet.initServletBean Initializing Servlet 'cstspconf-web'
30-Mar-2026 21:11:05.616 WARNING [http-nio-8080-exec-1] org.springframework.context.support.AbstractApplicationContext.refresh Exception encountered during context initialization - cancelling refresh attempt: org.springframework.beans.factory.UnsatisfiedDependencyException: Error creating bean with name 'employeeServiceImpl': Unsatisfied dependency expressed through field 'employeeDAOWrapper'; nested exception is org.springframework.beans.factory.UnsatisfiedDependencyException: Error creating bean with name 'employeeDAOWrapper': Unsatisfied dependency expressed through field 'employeeDAO'; nested exception is org.springframework.beans.factory.NoSuchBeanDefinitionException: No qualifying bean of type 'com.microservices.learn.dao.EmployeeDAO' available: expected at least 1 bean which qualifies as autowire candidate. Dependency annotations: {@org.springframework.beans.factory.annotation.Autowired(required=true)}
30-Mar-2026 21:11:05.616 SEVERE [http-nio-8080-exec-1] org.springframework.web.servlet.FrameworkServlet.initServletBean Context initialization failed
	org.springframework.beans.factory.UnsatisfiedDependencyException: Error creating bean with name 'employeeServiceImpl': Unsatisfied dependency expressed through field 'employeeDAOWrapper'; nested exception is org.springframework.beans.factory.UnsatisfiedDependencyException: Error creating bean with name 'employeeDAOWrapper': Unsatisfied dependency expressed through field 'employeeDAO'; nested exception is org.springframework.beans.factory.NoSuchBeanDefinitionException: No qualifying bean of type 'com.microservices.learn.dao.EmployeeDAO' available: expected at least 1 bean which qualifies as autowire candidate. Dependency annotations: {@org.springframework.beans.factory.annotation.Autowired(required=true)}
		at org.springframework.beans.factory.annotation.AutowiredAnnotationBeanPostProcessor$AutowiredFieldElement.resolveFieldValue(AutowiredAnnotationBeanPostProcessor.java:659)
		at org.springframework.beans.factory.annotation.AutowiredAnnotationBeanPostProcessor$AutowiredFieldElement.inject(AutowiredAnnotationBeanPostProcessor.java:639)
		at org.springframework.beans.factory.annotation.InjectionMetadata.inject(InjectionMetadata.java:119)
		at org.springframework.beans.factory.annotation.AutowiredAnnotationBeanPostProcessor.postProcessProperties(AutowiredAnnotationBeanPostProcessor.java:399)
		at org.springframework.beans.factory.support.AbstractAutowireCapableBeanFactory.populateBean(AbstractAutowireCapableBeanFactory.java:1431)
		at org.springframework.beans.factory.support.AbstractAutowireCapableBeanFactory.doCreateBean(AbstractAutowireCapableBeanFactory.java:619)
		at org.springframework.beans.factory.support.AbstractAutowireCapableBeanFactory.createBean(AbstractAutowireCapableBeanFactory.java:542)
		at org.springframework.beans.factory.support.AbstractBeanFactory.lambda$doGetBean$0(AbstractBeanFactory.java:335)
		at org.springframework.beans.factory.support.DefaultSingletonBeanRegistry.getSingleton(DefaultSingletonBeanRegistry.java:234)
		at org.springframework.beans.factory.support.AbstractBeanFactory.doGetBean(AbstractBeanFactory.java:333)
		at org.springframework.beans.factory.support.AbstractBeanFactory.getBean(AbstractBeanFactory.java:208)
		at org.springframework.beans.factory.support.DefaultListableBeanFactory.preInstantiateSingletons(DefaultListableBeanFactory.java:955)
		at org.springframework.context.support.AbstractApplicationContext.finishBeanFactoryInitialization(AbstractApplicationContext.java:918)
		at org.springframework.context.support.AbstractApplicationContext.refresh(AbstractApplicationContext.java:583)
		at org.springframework.web.servlet.FrameworkServlet.configureAndRefreshWebApplicationContext(FrameworkServlet.java:702)
		at org.springframework.web.servlet.FrameworkServlet.createWebApplicationContext(FrameworkServlet.java:668)
		at org.springframework.web.servlet.FrameworkServlet.createWebApplicationContext(FrameworkServlet.java:716)
		at org.springframework.web.servlet.FrameworkServlet.initWebApplicationContext(FrameworkServlet.java:591)
		at org.springframework.web.servlet.FrameworkServlet.initServletBean(FrameworkServlet.java:530)
		at org.springframework.web.servlet.HttpServletBean.init(HttpServletBean.java:170)
		at javax.servlet.GenericServlet.init(GenericServlet.java:143)
		at org.apache.catalina.core.StandardWrapper.initServlet(StandardWrapper.java:986)
		at org.apache.catalina.core.StandardWrapper.loadServlet(StandardWrapper.java:943)
		at org.apache.catalina.core.StandardWrapper.allocate(StandardWrapper.java:661)
		at org.apache.catalina.core.StandardWrapperValve.invoke(StandardWrapperValve.java:114)
		at org.apache.catalina.core.StandardContextValve.invoke(StandardContextValve.java:88)
		at org.apache.catalina.authenticator.AuthenticatorBase.invoke(AuthenticatorBase.java:491)
		at org.apache.catalina.core.StandardHostValve.invoke(StandardHostValve.java:127)
		at org.apache.catalina.valves.ErrorReportValve.invoke(ErrorReportValve.java:83)
		at org.apache.catalina.valves.AbstractAccessLogValve.invoke(AbstractAccessLogValve.java:643)
		at org.apache.catalina.core.StandardEngineValve.invoke(StandardEngineValve.java:72)
		at org.apache.catalina.connector.CoyoteAdapter.service(CoyoteAdapter.java:344)
		at org.apache.coyote.http11.Http11Processor.service(Http11Processor.java:398)
		at org.apache.coyote.AbstractProcessorLight.process(AbstractProcessorLight.java:63)
		at org.apache.coyote.AbstractProtocol$ConnectionHandler.process(AbstractProtocol.java:939)
		at org.apache.tomcat.util.net.NioEndpoint$SocketProcessor.doRun(NioEndpoint.java:1832)
		at org.apache.tomcat.util.net.SocketProcessorBase.run(SocketProcessorBase.java:52)
		at org.apache.tomcat.util.threads.ThreadPoolExecutor.runWorker(ThreadPoolExecutor.java:973)
		at org.apache.tomcat.util.threads.ThreadPoolExecutor$Worker.run(ThreadPoolExecutor.java:491)
		at org.apache.tomcat.util.threads.TaskThread$WrappingRunnable.run(TaskThread.java:63)
		at java.base/java.lang.Thread.run(Thread.java:840)
	Caused by: org.springframework.beans.factory.UnsatisfiedDependencyException: Error creating bean with name 'employeeDAOWrapper': Unsatisfied dependency expressed through field 'employeeDAO'; nested exception is org.springframework.beans.factory.NoSuchBeanDefinitionException: No qualifying bean of type 'com.microservices.learn.dao.EmployeeDAO' available: expected at least 1 bean which qualifies as autowire candidate. Dependency annotations: {@org.springframework.beans.factory.annotation.Autowired(required=true)}
		at org.springframework.beans.factory.annotation.AutowiredAnnotationBeanPostProcessor$AutowiredFieldElement.resolveFieldValue(AutowiredAnnotationBeanPostProcessor.java:659)
		at org.springframework.beans.factory.annotation.AutowiredAnnotationBeanPostProcessor$AutowiredFieldElement.inject(AutowiredAnnotationBeanPostProcessor.java:639)
		at org.springframework.beans.factory.annotation.InjectionMetadata.inject(InjectionMetadata.java:119)
		at org.springframework.beans.factory.annotation.AutowiredAnnotationBeanPostProcessor.postProcessProperties(AutowiredAnnotationBeanPostProcessor.java:399)
		at org.springframework.beans.factory.support.AbstractAutowireCapableBeanFactory.populateBean(AbstractAutowireCapableBeanFactory.java:1431)
		at org.springframework.beans.factory.support.AbstractAutowireCapableBeanFactory.doCreateBean(AbstractAutowireCapableBeanFactory.java:619)
		at org.springframework.beans.factory.support.AbstractAutowireCapableBeanFactory.createBean(AbstractAutowireCapableBeanFactory.java:542)
		at org.springframework.beans.factory.support.AbstractBeanFactory.lambda$doGetBean$0(AbstractBeanFactory.java:335)
		at org.springframework.beans.factory.support.DefaultSingletonBeanRegistry.getSingleton(DefaultSingletonBeanRegistry.java:234)
		at org.springframework.beans.factory.support.AbstractBeanFactory.doGetBean(AbstractBeanFactory.java:333)
		at org.springframework.beans.factory.support.AbstractBeanFactory.getBean(AbstractBeanFactory.java:208)
		at org.springframework.beans.factory.config.DependencyDescriptor.resolveCandidate(DependencyDescriptor.java:276)
		at org.springframework.beans.factory.support.DefaultListableBeanFactory.doResolveDependency(DefaultListableBeanFactory.java:1391)
		at org.springframework.beans.factory.support.DefaultListableBeanFactory.resolveDependency(DefaultListableBeanFactory.java:1311)
		at org.springframework.beans.factory.annotation.AutowiredAnnotationBeanPostProcessor$AutowiredFieldElement.resolveFieldValue(AutowiredAnnotationBeanPostProcessor.java:656)
		... 40 more
	Caused by: org.springframework.beans.factory.NoSuchBeanDefinitionException: No qualifying bean of type 'com.microservices.learn.dao.EmployeeDAO' available: expected at least 1 bean which qualifies as autowire candidate. Dependency annotations: {@org.springframework.beans.factory.annotation.Autowired(required=true)}
		at org.springframework.beans.factory.support.DefaultListableBeanFactory.raiseNoMatchingBeanFound(DefaultListableBeanFactory.java:1801)
		at org.springframework.beans.factory.support.DefaultListableBeanFactory.doResolveDependency(DefaultListableBeanFactory.java:1357)
		at org.springframework.beans.factory.support.DefaultListableBeanFactory.resolveDependency(DefaultListableBeanFactory.java:1311)
		at org.springframework.beans.factory.annotation.AutowiredAnnotationBeanPostProcessor$AutowiredFieldElement.resolveFieldValue(AutowiredAnnotationBeanPostProcessor.java:656)
		... 54 more
30-Mar-2026 21:11:07.290 INFO [http-nio-8080-exec-2] org.springframework.web.servlet.FrameworkServlet.initServletBean Initializing Servlet 'cstspconf-web'
30-Mar-2026 21:11:07.332 WARNING [http-nio-8080-exec-2] org.springframework.context.support.AbstractApplicationContext.refresh Exception encountered during context initialization - cancelling refresh attempt: org.springframework.beans.factory.UnsatisfiedDependencyException: Error creating bean with name 'employeeServiceImpl': Unsatisfied dependency expressed through field 'employeeDAOWrapper'; nested exception is org.springframework.beans.factory.UnsatisfiedDependencyException: Error creating bean with name 'employeeDAOWrapper': Unsatisfied dependency expressed through field 'employeeDAO'; nested exception is org.springframework.beans.factory.NoSuchBeanDefinitionException: No qualifying bean of type 'com.microservices.learn.dao.EmployeeDAO' available: expected at least 1 bean which qualifies as autowire candidate. Dependency annotations: {@org.springframework.beans.factory.annotation.Autowired(required=true)}
30-Mar-2026 21:11:07.333 SEVERE [http-nio-8080-exec-2] org.springframework.web.servlet.FrameworkServlet.initServletBean Context initialization failed
	org.springframework.beans.factory.UnsatisfiedDependencyException: Error creating bean with name 'employeeServiceImpl': Unsatisfied dependency expressed through field 'employeeDAOWrapper'; nested exception is org.springframework.beans.factory.UnsatisfiedDependencyException: Error creating bean with name 'employeeDAOWrapper': Unsatisfied dependency expressed through field 'employeeDAO'; nested exception is org.springframework.beans.factory.NoSuchBeanDefinitionException: No qualifying bean of type 'com.microservices.learn.dao.EmployeeDAO' available: expected at least 1 bean which qualifies as autowire candidate. Dependency annotations: {@org.springframework.beans.factory.annotation.Autowired(required=true)}
		at org.springframework.beans.factory.annotation.AutowiredAnnotationBeanPostProcessor$AutowiredFieldElement.resolveFieldValue(AutowiredAnnotationBeanPostProcessor.java:659)
		at org.springframework.beans.factory.annotation.AutowiredAnnotationBeanPostProcessor$AutowiredFieldElement.inject(AutowiredAnnotationBeanPostProcessor.java:639)
		at org.springframework.beans.factory.annotation.InjectionMetadata.inject(InjectionMetadata.java:119)
		at org.springframework.beans.factory.annotation.AutowiredAnnotationBeanPostProcessor.postProcessProperties(AutowiredAnnotationBeanPostProcessor.java:399)
		at org.springframework.beans.factory.support.AbstractAutowireCapableBeanFactory.populateBean(AbstractAutowireCapableBeanFactory.java:1431)
		at org.springframework.beans.factory.support.AbstractAutowireCapableBeanFactory.doCreateBean(AbstractAutowireCapableBeanFactory.java:619)
		at org.springframework.beans.factory.support.AbstractAutowireCapableBeanFactory.createBean(AbstractAutowireCapableBeanFactory.java:542)
		at org.springframework.beans.factory.support.AbstractBeanFactory.lambda$doGetBean$0(AbstractBeanFactory.java:335)
		at org.springframework.beans.factory.support.DefaultSingletonBeanRegistry.getSingleton(DefaultSingletonBeanRegistry.java:234)
		at org.springframework.beans.factory.support.AbstractBeanFactory.doGetBean(AbstractBeanFactory.java:333)
		at org.springframework.beans.factory.support.AbstractBeanFactory.getBean(AbstractBeanFactory.java:208)
		at org.springframework.beans.factory.support.DefaultListableBeanFactory.preInstantiateSingletons(DefaultListableBeanFactory.java:955)
		at org.springframework.context.support.AbstractApplicationContext.finishBeanFactoryInitialization(AbstractApplicationContext.java:918)
		at org.springframework.context.support.AbstractApplicationContext.refresh(AbstractApplicationContext.java:583)
		at org.springframework.web.servlet.FrameworkServlet.configureAndRefreshWebApplicationContext(FrameworkServlet.java:702)
		at org.springframework.web.servlet.FrameworkServlet.createWebApplicationContext(FrameworkServlet.java:668)
		at org.springframework.web.servlet.FrameworkServlet.createWebApplicationContext(FrameworkServlet.java:716)
		at org.springframework.web.servlet.FrameworkServlet.initWebApplicationContext(FrameworkServlet.java:591)
		at org.springframework.web.servlet.FrameworkServlet.initServletBean(FrameworkServlet.java:530)
		at org.springframework.web.servlet.HttpServletBean.init(HttpServletBean.java:170)
		at javax.servlet.GenericServlet.init(GenericServlet.java:143)
		at org.apache.catalina.core.StandardWrapper.initServlet(StandardWrapper.java:986)
		at org.apache.catalina.core.StandardWrapper.loadServlet(StandardWrapper.java:943)
		at org.apache.catalina.core.StandardWrapper.allocate(StandardWrapper.java:661)
		at org.apache.catalina.core.StandardWrapperValve.invoke(StandardWrapperValve.java:114)
		at org.apache.catalina.core.StandardContextValve.invoke(StandardContextValve.java:88)
		at org.apache.catalina.authenticator.AuthenticatorBase.invoke(AuthenticatorBase.java:491)
		at org.apache.catalina.core.StandardHostValve.invoke(StandardHostValve.java:127)
		at org.apache.catalina.valves.ErrorReportValve.invoke(ErrorReportValve.java:83)
		at org.apache.catalina.valves.AbstractAccessLogValve.invoke(AbstractAccessLogValve.java:643)
		at org.apache.catalina.core.StandardEngineValve.invoke(StandardEngineValve.java:72)
		at org.apache.catalina.connector.CoyoteAdapter.service(CoyoteAdapter.java:344)
		at org.apache.coyote.http11.Http11Processor.service(Http11Processor.java:398)
		at org.apache.coyote.AbstractProcessorLight.process(AbstractProcessorLight.java:63)
		at org.apache.coyote.AbstractProtocol$ConnectionHandler.process(AbstractProtocol.java:939)
		at org.apache.tomcat.util.net.NioEndpoint$SocketProcessor.doRun(NioEndpoint.java:1832)
		at org.apache.tomcat.util.net.SocketProcessorBase.run(SocketProcessorBase.java:52)
		at org.apache.tomcat.util.threads.ThreadPoolExecutor.runWorker(ThreadPoolExecutor.java:973)
		at org.apache.tomcat.util.threads.ThreadPoolExecutor$Worker.run(ThreadPoolExecutor.java:491)
		at org.apache.tomcat.util.threads.TaskThread$WrappingRunnable.run(TaskThread.java:63)
		at java.base/java.lang.Thread.run(Thread.java:840)
	Caused by: org.springframework.beans.factory.UnsatisfiedDependencyException: Error creating bean with name 'employeeDAOWrapper': Unsatisfied dependency expressed through field 'employeeDAO'; nested exception is org.springframework.beans.factory.NoSuchBeanDefinitionException: No qualifying bean of type 'com.microservices.learn.dao.EmployeeDAO' available: expected at least 1 bean which qualifies as autowire candidate. Dependency annotations: {@org.springframework.beans.factory.annotation.Autowired(required=true)}
		at org.springframework.beans.factory.annotation.AutowiredAnnotationBeanPostProcessor$AutowiredFieldElement.resolveFieldValue(AutowiredAnnotationBeanPostProcessor.java:659)
		at org.springframework.beans.factory.annotation.AutowiredAnnotationBeanPostProcessor$AutowiredFieldElement.inject(AutowiredAnnotationBeanPostProcessor.java:639)
		at org.springframework.beans.factory.annotation.InjectionMetadata.inject(InjectionMetadata.java:119)
		at org.springframework.beans.factory.annotation.AutowiredAnnotationBeanPostProcessor.postProcessProperties(AutowiredAnnotationBeanPostProcessor.java:399)
		at org.springframework.beans.factory.support.AbstractAutowireCapableBeanFactory.populateBean(AbstractAutowireCapableBeanFactory.java:1431)
		at org.springframework.beans.factory.support.AbstractAutowireCapableBeanFactory.doCreateBean(AbstractAutowireCapableBeanFactory.java:619)
		at org.springframework.beans.factory.support.AbstractAutowireCapableBeanFactory.createBean(AbstractAutowireCapableBeanFactory.java:542)
		at org.springframework.beans.factory.support.AbstractBeanFactory.lambda$doGetBean$0(AbstractBeanFactory.java:335)
		at org.springframework.beans.factory.support.DefaultSingletonBeanRegistry.getSingleton(DefaultSingletonBeanRegistry.java:234)
		at org.springframework.beans.factory.support.AbstractBeanFactory.doGetBean(AbstractBeanFactory.java:333)
		at org.springframework.beans.factory.support.AbstractBeanFactory.getBean(AbstractBeanFactory.java:208)
		at org.springframework.beans.factory.config.DependencyDescriptor.resolveCandidate(DependencyDescriptor.java:276)
		at org.springframework.beans.factory.support.DefaultListableBeanFactory.doResolveDependency(DefaultListableBeanFactory.java:1391)
		at org.springframework.beans.factory.support.DefaultListableBeanFactory.resolveDependency(DefaultListableBeanFactory.java:1311)
		at org.springframework.beans.factory.annotation.AutowiredAnnotationBeanPostProcessor$AutowiredFieldElement.resolveFieldValue(AutowiredAnnotationBeanPostProcessor.java:656)
		... 40 more
	Caused by: org.springframework.beans.factory.NoSuchBeanDefinitionException: No qualifying bean of type 'com.microservices.learn.dao.EmployeeDAO' available: expected at least 1 bean which qualifies as autowire candidate. Dependency annotations: {@org.springframework.beans.factory.annotation.Autowired(required=true)}
		at org.springframework.beans.factory.support.DefaultListableBeanFactory.raiseNoMatchingBeanFound(DefaultListableBeanFactory.java:1801)
		at org.springframework.beans.factory.support.DefaultListableBeanFactory.doResolveDependency(DefaultListableBeanFactory.java:1357)
		at org.springframework.beans.factory.support.DefaultListableBeanFactory.resolveDependency(DefaultListableBeanFactory.java:1311)
		at org.springframework.beans.factory.annotation.AutowiredAnnotationBeanPostProcessor$AutowiredFieldElement.resolveFieldValue(AutowiredAnnotationBeanPostProcessor.java:656)
		... 54 more
30-Mar-2026 21:11:07.453 INFO [http-nio-8080-exec-3] org.springframework.web.servlet.FrameworkServlet.initServletBean Initializing Servlet 'cstspconf-web'
30-Mar-2026 21:11:07.474 WARNING [http-nio-8080-exec-3] org.springframework.context.support.AbstractApplicationContext.refresh Exception encountered during context initialization - cancelling refresh attempt: org.springframework.beans.factory.UnsatisfiedDependencyException: Error creating bean with name 'employeeServiceImpl': Unsatisfied dependency expressed through field 'employeeDAOWrapper'; nested exception is org.springframework.beans.factory.UnsatisfiedDependencyException: Error creating bean with name 'employeeDAOWrapper': Unsatisfied dependency expressed through field 'employeeDAO'; nested exception is org.springframework.beans.factory.NoSuchBeanDefinitionException: No qualifying bean of type 'com.microservices.learn.dao.EmployeeDAO' available: expected at least 1 bean which qualifies as autowire candidate. Dependency annotations: {@org.springframework.beans.factory.annotation.Autowired(required=true)}
30-Mar-2026 21:11:07.475 SEVERE [http-nio-8080-exec-3] org.springframework.web.servlet.FrameworkServlet.initServletBean Context initialization failed
	org.springframework.beans.factory.UnsatisfiedDependencyException: Error creating bean with name 'employeeServiceImpl': Unsatisfied dependency expressed through field 'employeeDAOWrapper'; nested exception is org.springframework.beans.factory.UnsatisfiedDependencyException: Error creating bean with name 'employeeDAOWrapper': Unsatisfied dependency expressed through field 'employeeDAO'; nested exception is org.springframework.beans.factory.NoSuchBeanDefinitionException: No qualifying bean of type 'com.microservices.learn.dao.EmployeeDAO' available: expected at least 1 bean which qualifies as autowire candidate. Dependency annotations: {@org.springframework.beans.factory.annotation.Autowired(required=true)}
		at org.springframework.beans.factory.annotation.AutowiredAnnotationBeanPostProcessor$AutowiredFieldElement.resolveFieldValue(AutowiredAnnotationBeanPostProcessor.java:659)
		at org.springframework.beans.factory.annotation.AutowiredAnnotationBeanPostProcessor$AutowiredFieldElement.inject(AutowiredAnnotationBeanPostProcessor.java:639)
		at org.springframework.beans.factory.annotation.InjectionMetadata.inject(InjectionMetadata.java:119)
		at org.springframework.beans.factory.annotation.AutowiredAnnotationBeanPostProcessor.postProcessProperties(AutowiredAnnotationBeanPostProcessor.java:399)
		at org.springframework.beans.factory.support.AbstractAutowireCapableBeanFactory.populateBean(AbstractAutowireCapableBeanFactory.java:1431)
		at org.springframework.beans.factory.support.AbstractAutowireCapableBeanFactory.doCreateBean(AbstractAutowireCapableBeanFactory.java:619)
		at org.springframework.beans.factory.support.AbstractAutowireCapableBeanFactory.createBean(AbstractAutowireCapableBeanFactory.java:542)
		at org.springframework.beans.factory.support.AbstractBeanFactory.lambda$doGetBean$0(AbstractBeanFactory.java:335)
		at org.springframework.beans.factory.support.DefaultSingletonBeanRegistry.getSingleton(DefaultSingletonBeanRegistry.java:234)
		at org.springframework.beans.factory.support.AbstractBeanFactory.doGetBean(AbstractBeanFactory.java:333)
		at org.springframework.beans.factory.support.AbstractBeanFactory.getBean(AbstractBeanFactory.java:208)
		at org.springframework.beans.factory.support.DefaultListableBeanFactory.preInstantiateSingletons(DefaultListableBeanFactory.java:955)
		at org.springframework.context.support.AbstractApplicationContext.finishBeanFactoryInitialization(AbstractApplicationContext.java:918)
		at org.springframework.context.support.AbstractApplicationContext.refresh(AbstractApplicationContext.java:583)
		at org.springframework.web.servlet.FrameworkServlet.configureAndRefreshWebApplicationContext(FrameworkServlet.java:702)
		at org.springframework.web.servlet.FrameworkServlet.createWebApplicationContext(FrameworkServlet.java:668)
		at org.springframework.web.servlet.FrameworkServlet.createWebApplicationContext(FrameworkServlet.java:716)
		at org.springframework.web.servlet.FrameworkServlet.initWebApplicationContext(FrameworkServlet.java:591)
		at org.springframework.web.servlet.FrameworkServlet.initServletBean(FrameworkServlet.java:530)
		at org.springframework.web.servlet.HttpServletBean.init(HttpServletBean.java:170)
		at javax.servlet.GenericServlet.init(GenericServlet.java:143)
		at org.apache.catalina.core.StandardWrapper.initServlet(StandardWrapper.java:986)
		at org.apache.catalina.core.StandardWrapper.loadServlet(StandardWrapper.java:943)
		at org.apache.catalina.core.StandardWrapper.allocate(StandardWrapper.java:661)
		at org.apache.catalina.core.StandardWrapperValve.invoke(StandardWrapperValve.java:114)
		at org.apache.catalina.core.StandardContextValve.invoke(StandardContextValve.java:88)
		at org.apache.catalina.authenticator.AuthenticatorBase.invoke(AuthenticatorBase.java:491)
		at org.apache.catalina.core.StandardHostValve.invoke(StandardHostValve.java:127)
		at org.apache.catalina.valves.ErrorReportValve.invoke(ErrorReportValve.java:83)
		at org.apache.catalina.valves.AbstractAccessLogValve.invoke(AbstractAccessLogValve.java:643)
		at org.apache.catalina.core.StandardEngineValve.invoke(StandardEngineValve.java:72)
		at org.apache.catalina.connector.CoyoteAdapter.service(CoyoteAdapter.java:344)
		at org.apache.coyote.http11.Http11Processor.service(Http11Processor.java:398)
		at org.apache.coyote.AbstractProcessorLight.process(AbstractProcessorLight.java:63)
		at org.apache.coyote.AbstractProtocol$ConnectionHandler.process(AbstractProtocol.java:939)
		at org.apache.tomcat.util.net.NioEndpoint$SocketProcessor.doRun(NioEndpoint.java:1832)
		at org.apache.tomcat.util.net.SocketProcessorBase.run(SocketProcessorBase.java:52)
		at org.apache.tomcat.util.threads.ThreadPoolExecutor.runWorker(ThreadPoolExecutor.java:973)
		at org.apache.tomcat.util.threads.ThreadPoolExecutor$Worker.run(ThreadPoolExecutor.java:491)
		at org.apache.tomcat.util.threads.TaskThread$WrappingRunnable.run(TaskThread.java:63)
		at java.base/java.lang.Thread.run(Thread.java:840)
	Caused by: org.springframework.beans.factory.UnsatisfiedDependencyException: Error creating bean with name 'employeeDAOWrapper': Unsatisfied dependency expressed through field 'employeeDAO'; nested exception is org.springframework.beans.factory.NoSuchBeanDefinitionException: No qualifying bean of type 'com.microservices.learn.dao.EmployeeDAO' available: expected at least 1 bean which qualifies as autowire candidate. Dependency annotations: {@org.springframework.beans.factory.annotation.Autowired(required=true)}
		at org.springframework.beans.factory.annotation.AutowiredAnnotationBeanPostProcessor$AutowiredFieldElement.resolveFieldValue(AutowiredAnnotationBeanPostProcessor.java:659)
		at org.springframework.beans.factory.annotation.AutowiredAnnotationBeanPostProcessor$AutowiredFieldElement.inject(AutowiredAnnotationBeanPostProcessor.java:639)
		at org.springframework.beans.factory.annotation.InjectionMetadata.inject(InjectionMetadata.java:119)
		at org.springframework.beans.factory.annotation.AutowiredAnnotationBeanPostProcessor.postProcessProperties(AutowiredAnnotationBeanPostProcessor.java:399)
		at org.springframework.beans.factory.support.AbstractAutowireCapableBeanFactory.populateBean(AbstractAutowireCapableBeanFactory.java:1431)
		at org.springframework.beans.factory.support.AbstractAutowireCapableBeanFactory.doCreateBean(AbstractAutowireCapableBeanFactory.java:619)
		at org.springframework.beans.factory.support.AbstractAutowireCapableBeanFactory.createBean(AbstractAutowireCapableBeanFactory.java:542)
		at org.springframework.beans.factory.support.AbstractBeanFactory.lambda$doGetBean$0(AbstractBeanFactory.java:335)
		at org.springframework.beans.factory.support.DefaultSingletonBeanRegistry.getSingleton(DefaultSingletonBeanRegistry.java:234)
		at org.springframework.beans.factory.support.AbstractBeanFactory.doGetBean(AbstractBeanFactory.java:333)
		at org.springframework.beans.factory.support.AbstractBeanFactory.getBean(AbstractBeanFactory.java:208)
		at org.springframework.beans.factory.config.DependencyDescriptor.resolveCandidate(DependencyDescriptor.java:276)
		at org.springframework.beans.factory.support.DefaultListableBeanFactory.doResolveDependency(DefaultListableBeanFactory.java:1391)
		at org.springframework.beans.factory.support.DefaultListableBeanFactory.resolveDependency(DefaultListableBeanFactory.java:1311)
		at org.springframework.beans.factory.annotation.AutowiredAnnotationBeanPostProcessor$AutowiredFieldElement.resolveFieldValue(AutowiredAnnotationBeanPostProcessor.java:656)
		... 40 more
	Caused by: org.springframework.beans.factory.NoSuchBeanDefinitionException: No qualifying bean of type 'com.microservices.learn.dao.EmployeeDAO' available: expected at least 1 bean which qualifies as autowire candidate. Dependency annotations: {@org.springframework.beans.factory.annotation.Autowired(required=true)}
		at org.springframework.beans.factory.support.DefaultListableBeanFactory.raiseNoMatchingBeanFound(DefaultListableBeanFactory.java:1801)
		at org.springframework.beans.factory.support.DefaultListableBeanFactory.doResolveDependency(DefaultListableBeanFactory.java:1357)
		at org.springframework.beans.factory.support.DefaultListableBeanFactory.resolveDependency(DefaultListableBeanFactory.java:1311)
		at org.springframework.beans.factory.annotation.AutowiredAnnotationBeanPostProcessor$AutowiredFieldElement.resolveFieldValue(AutowiredAnnotationBeanPostProcessor.java:656)
		... 54 more
30-Mar-2026 21:11:07.628 INFO [http-nio-8080-exec-4] org.springframework.web.servlet.FrameworkServlet.initServletBean Initializing Servlet 'cstspconf-web'
30-Mar-2026 21:11:07.645 WARNING [http-nio-8080-exec-4] org.springframework.context.support.AbstractApplicationContext.refresh Exception encountered during context initialization - cancelling refresh attempt: org.springframework.beans.factory.UnsatisfiedDependencyException: Error creating bean with name 'employeeServiceImpl': Unsatisfied dependency expressed through field 'employeeDAOWrapper'; nested exception is org.springframework.beans.factory.UnsatisfiedDependencyException: Error creating bean with name 'employeeDAOWrapper': Unsatisfied dependency expressed through field 'employeeDAO'; nested exception is org.springframework.beans.factory.NoSuchBeanDefinitionException: No qualifying bean of type 'com.microservices.learn.dao.EmployeeDAO' available: expected at least 1 bean which qualifies as autowire candidate. Dependency annotations: {@org.springframework.beans.factory.annotation.Autowired(required=true)}
30-Mar-2026 21:11:07.645 SEVERE [http-nio-8080-exec-4] org.springframework.web.servlet.FrameworkServlet.initServletBean Context initialization failed
	org.springframework.beans.factory.UnsatisfiedDependencyException: Error creating bean with name 'employeeServiceImpl': Unsatisfied dependency expressed through field 'employeeDAOWrapper'; nested exception is org.springframework.beans.factory.UnsatisfiedDependencyException: Error creating bean with name 'employeeDAOWrapper': Unsatisfied dependency expressed through field 'employeeDAO'; nested exception is org.springframework.beans.factory.NoSuchBeanDefinitionException: No qualifying bean of type 'com.microservices.learn.dao.EmployeeDAO' available: expected at least 1 bean which qualifies as autowire candidate. Dependency annotations: {@org.springframework.beans.factory.annotation.Autowired(required=true)}
		at org.springframework.beans.factory.annotation.AutowiredAnnotationBeanPostProcessor$AutowiredFieldElement.resolveFieldValue(AutowiredAnnotationBeanPostProcessor.java:659)
		at org.springframework.beans.factory.annotation.AutowiredAnnotationBeanPostProcessor$AutowiredFieldElement.inject(AutowiredAnnotationBeanPostProcessor.java:639)
		at org.springframework.beans.factory.annotation.InjectionMetadata.inject(InjectionMetadata.java:119)
		at org.springframework.beans.factory.annotation.AutowiredAnnotationBeanPostProcessor.postProcessProperties(AutowiredAnnotationBeanPostProcessor.java:399)
		at org.springframework.beans.factory.support.AbstractAutowireCapableBeanFactory.populateBean(AbstractAutowireCapableBeanFactory.java:1431)
		at org.springframework.beans.factory.support.AbstractAutowireCapableBeanFactory.doCreateBean(AbstractAutowireCapableBeanFactory.java:619)
		at org.springframework.beans.factory.support.AbstractAutowireCapableBeanFactory.createBean(AbstractAutowireCapableBeanFactory.java:542)
		at org.springframework.beans.factory.support.AbstractBeanFactory.lambda$doGetBean$0(AbstractBeanFactory.java:335)
		at org.springframework.beans.factory.support.DefaultSingletonBeanRegistry.getSingleton(DefaultSingletonBeanRegistry.java:234)
		at org.springframework.beans.factory.support.AbstractBeanFactory.doGetBean(AbstractBeanFactory.java:333)
		at org.springframework.beans.factory.support.AbstractBeanFactory.getBean(AbstractBeanFactory.java:208)
		at org.springframework.beans.factory.support.DefaultListableBeanFactory.preInstantiateSingletons(DefaultListableBeanFactory.java:955)
		at org.springframework.context.support.AbstractApplicationContext.finishBeanFactoryInitialization(AbstractApplicationContext.java:918)
		at org.springframework.context.support.AbstractApplicationContext.refresh(AbstractApplicationContext.java:583)
		at org.springframework.web.servlet.FrameworkServlet.configureAndRefreshWebApplicationContext(FrameworkServlet.java:702)
		at org.springframework.web.servlet.FrameworkServlet.createWebApplicationContext(FrameworkServlet.java:668)
		at org.springframework.web.servlet.FrameworkServlet.createWebApplicationContext(FrameworkServlet.java:716)
		at org.springframework.web.servlet.FrameworkServlet.initWebApplicationContext(FrameworkServlet.java:591)
		at org.springframework.web.servlet.FrameworkServlet.initServletBean(FrameworkServlet.java:530)
		at org.springframework.web.servlet.HttpServletBean.init(HttpServletBean.java:170)
		at javax.servlet.GenericServlet.init(GenericServlet.java:143)
		at org.apache.catalina.core.StandardWrapper.initServlet(StandardWrapper.java:986)
		at org.apache.catalina.core.StandardWrapper.loadServlet(StandardWrapper.java:943)
		at org.apache.catalina.core.StandardWrapper.allocate(StandardWrapper.java:661)
		at org.apache.catalina.core.StandardWrapperValve.invoke(StandardWrapperValve.java:114)
		at org.apache.catalina.core.StandardContextValve.invoke(StandardContextValve.java:88)
		at org.apache.catalina.authenticator.AuthenticatorBase.invoke(AuthenticatorBase.java:491)
		at org.apache.catalina.core.StandardHostValve.invoke(StandardHostValve.java:127)
		at org.apache.catalina.valves.ErrorReportValve.invoke(ErrorReportValve.java:83)
		at org.apache.catalina.valves.AbstractAccessLogValve.invoke(AbstractAccessLogValve.java:643)
		at org.apache.catalina.core.StandardEngineValve.invoke(StandardEngineValve.java:72)
		at org.apache.catalina.connector.CoyoteAdapter.service(CoyoteAdapter.java:344)
		at org.apache.coyote.http11.Http11Processor.service(Http11Processor.java:398)
		at org.apache.coyote.AbstractProcessorLight.process(AbstractProcessorLight.java:63)
		at org.apache.coyote.AbstractProtocol$ConnectionHandler.process(AbstractProtocol.java:939)
		at org.apache.tomcat.util.net.NioEndpoint$SocketProcessor.doRun(NioEndpoint.java:1832)
		at org.apache.tomcat.util.net.SocketProcessorBase.run(SocketProcessorBase.java:52)
		at org.apache.tomcat.util.threads.ThreadPoolExecutor.runWorker(ThreadPoolExecutor.java:973)
		at org.apache.tomcat.util.threads.ThreadPoolExecutor$Worker.run(ThreadPoolExecutor.java:491)
		at org.apache.tomcat.util.threads.TaskThread$WrappingRunnable.run(TaskThread.java:63)
		at java.base/java.lang.Thread.run(Thread.java:840)
	Caused by: org.springframework.beans.factory.UnsatisfiedDependencyException: Error creating bean with name 'employeeDAOWrapper': Unsatisfied dependency expressed through field 'employeeDAO'; nested exception is org.springframework.beans.factory.NoSuchBeanDefinitionException: No qualifying bean of type 'com.microservices.learn.dao.EmployeeDAO' available: expected at least 1 bean which qualifies as autowire candidate. Dependency annotations: {@org.springframework.beans.factory.annotation.Autowired(required=true)}
		at org.springframework.beans.factory.annotation.AutowiredAnnotationBeanPostProcessor$AutowiredFieldElement.resolveFieldValue(AutowiredAnnotationBeanPostProcessor.java:659)
		at org.springframework.beans.factory.annotation.AutowiredAnnotationBeanPostProcessor$AutowiredFieldElement.inject(AutowiredAnnotationBeanPostProcessor.java:639)
		at org.springframework.beans.factory.annotation.InjectionMetadata.inject(InjectionMetadata.java:119)
		at org.springframework.beans.factory.annotation.AutowiredAnnotationBeanPostProcessor.postProcessProperties(AutowiredAnnotationBeanPostProcessor.java:399)
		at org.springframework.beans.factory.support.AbstractAutowireCapableBeanFactory.populateBean(AbstractAutowireCapableBeanFactory.java:1431)
		at org.springframework.beans.factory.support.AbstractAutowireCapableBeanFactory.doCreateBean(AbstractAutowireCapableBeanFactory.java:619)
		at org.springframework.beans.factory.support.AbstractAutowireCapableBeanFactory.createBean(AbstractAutowireCapableBeanFactory.java:542)
		at org.springframework.beans.factory.support.AbstractBeanFactory.lambda$doGetBean$0(AbstractBeanFactory.java:335)
		at org.springframework.beans.factory.support.DefaultSingletonBeanRegistry.getSingleton(DefaultSingletonBeanRegistry.java:234)
		at org.springframework.beans.factory.support.AbstractBeanFactory.doGetBean(AbstractBeanFactory.java:333)
		at org.springframework.beans.factory.support.AbstractBeanFactory.getBean(AbstractBeanFactory.java:208)
		at org.springframework.beans.factory.config.DependencyDescriptor.resolveCandidate(DependencyDescriptor.java:276)
		at org.springframework.beans.factory.support.DefaultListableBeanFactory.doResolveDependency(DefaultListableBeanFactory.java:1391)
		at org.springframework.beans.factory.support.DefaultListableBeanFactory.resolveDependency(DefaultListableBeanFactory.java:1311)
		at org.springframework.beans.factory.annotation.AutowiredAnnotationBeanPostProcessor$AutowiredFieldElement.resolveFieldValue(AutowiredAnnotationBeanPostProcessor.java:656)
		... 40 more
	Caused by: org.springframework.beans.factory.NoSuchBeanDefinitionException: No qualifying bean of type 'com.microservices.learn.dao.EmployeeDAO' available: expected at least 1 bean which qualifies as autowire candidate. Dependency annotations: {@org.springframework.beans.factory.annotation.Autowired(required=true)}
		at org.springframework.beans.factory.support.DefaultListableBeanFactory.raiseNoMatchingBeanFound(DefaultListableBeanFactory.java:1801)
		at org.springframework.beans.factory.support.DefaultListableBeanFactory.doResolveDependency(DefaultListableBeanFactory.java:1357)
		at org.springframework.beans.factory.support.DefaultListableBeanFactory.resolveDependency(DefaultListableBeanFactory.java:1311)
		at org.springframework.beans.factory.annotation.AutowiredAnnotationBeanPostProcessor$AutowiredFieldElement.resolveFieldValue(AutowiredAnnotationBeanPostProcessor.java:656)
		... 54 more
30-Mar-2026 21:11:07.791 INFO [http-nio-8080-exec-5] org.springframework.web.servlet.FrameworkServlet.initServletBean Initializing Servlet 'cstspconf-web'
30-Mar-2026 21:11:07.807 WARNING [http-nio-8080-exec-5] org.springframework.context.support.AbstractApplicationContext.refresh Exception encountered during context initialization - cancelling refresh attempt: org.springframework.beans.factory.UnsatisfiedDependencyException: Error creating bean with name 'employeeServiceImpl': Unsatisfied dependency expressed through field 'employeeDAOWrapper'; nested exception is org.springframework.beans.factory.UnsatisfiedDependencyException: Error creating bean with name 'employeeDAOWrapper': Unsatisfied dependency expressed through field 'employeeDAO'; nested exception is org.springframework.beans.factory.NoSuchBeanDefinitionException: No qualifying bean of type 'com.microservices.learn.dao.EmployeeDAO' available: expected at least 1 bean which qualifies as autowire candidate. Dependency annotations: {@org.springframework.beans.factory.annotation.Autowired(required=true)}
30-Mar-2026 21:11:07.807 SEVERE [http-nio-8080-exec-5] org.springframework.web.servlet.FrameworkServlet.initServletBean Context initialization failed
	org.springframework.beans.factory.UnsatisfiedDependencyException: Error creating bean with name 'employeeServiceImpl': Unsatisfied dependency expressed through field 'employeeDAOWrapper'; nested exception is org.springframework.beans.factory.UnsatisfiedDependencyException: Error creating bean with name 'employeeDAOWrapper': Unsatisfied dependency expressed through field 'employeeDAO'; nested exception is org.springframework.beans.factory.NoSuchBeanDefinitionException: No qualifying bean of type 'com.microservices.learn.dao.EmployeeDAO' available: expected at least 1 bean which qualifies as autowire candidate. Dependency annotations: {@org.springframework.beans.factory.annotation.Autowired(required=true)}
		at org.springframework.beans.factory.annotation.AutowiredAnnotationBeanPostProcessor$AutowiredFieldElement.resolveFieldValue(AutowiredAnnotationBeanPostProcessor.java:659)
		at org.springframework.beans.factory.annotation.AutowiredAnnotationBeanPostProcessor$AutowiredFieldElement.inject(AutowiredAnnotationBeanPostProcessor.java:639)
		at org.springframework.beans.factory.annotation.InjectionMetadata.inject(InjectionMetadata.java:119)
		at org.springframework.beans.factory.annotation.AutowiredAnnotationBeanPostProcessor.postProcessProperties(AutowiredAnnotationBeanPostProcessor.java:399)
		at org.springframework.beans.factory.support.AbstractAutowireCapableBeanFactory.populateBean(AbstractAutowireCapableBeanFactory.java:1431)
		at org.springframework.beans.factory.support.AbstractAutowireCapableBeanFactory.doCreateBean(AbstractAutowireCapableBeanFactory.java:619)
		at org.springframework.beans.factory.support.AbstractAutowireCapableBeanFactory.createBean(AbstractAutowireCapableBeanFactory.java:542)
		at org.springframework.beans.factory.support.AbstractBeanFactory.lambda$doGetBean$0(AbstractBeanFactory.java:335)
		at org.springframework.beans.factory.support.DefaultSingletonBeanRegistry.getSingleton(DefaultSingletonBeanRegistry.java:234)
		at org.springframework.beans.factory.support.AbstractBeanFactory.doGetBean(AbstractBeanFactory.java:333)
		at org.springframework.beans.factory.support.AbstractBeanFactory.getBean(AbstractBeanFactory.java:208)
		at org.springframework.beans.factory.support.DefaultListableBeanFactory.preInstantiateSingletons(DefaultListableBeanFactory.java:955)
		at org.springframework.context.support.AbstractApplicationContext.finishBeanFactoryInitialization(AbstractApplicationContext.java:918)
		at org.springframework.context.support.AbstractApplicationContext.refresh(AbstractApplicationContext.java:583)
		at org.springframework.web.servlet.FrameworkServlet.configureAndRefreshWebApplicationContext(FrameworkServlet.java:702)
		at org.springframework.web.servlet.FrameworkServlet.createWebApplicationContext(FrameworkServlet.java:668)
		at org.springframework.web.servlet.FrameworkServlet.createWebApplicationContext(FrameworkServlet.java:716)
		at org.springframework.web.servlet.FrameworkServlet.initWebApplicationContext(FrameworkServlet.java:591)
		at org.springframework.web.servlet.FrameworkServlet.initServletBean(FrameworkServlet.java:530)
		at org.springframework.web.servlet.HttpServletBean.init(HttpServletBean.java:170)
		at javax.servlet.GenericServlet.init(GenericServlet.java:143)
		at org.apache.catalina.core.StandardWrapper.initServlet(StandardWrapper.java:986)
		at org.apache.catalina.core.StandardWrapper.loadServlet(StandardWrapper.java:943)
		at org.apache.catalina.core.StandardWrapper.allocate(StandardWrapper.java:661)
		at org.apache.catalina.core.StandardWrapperValve.invoke(StandardWrapperValve.java:114)
		at org.apache.catalina.core.StandardContextValve.invoke(StandardContextValve.java:88)
		at org.apache.catalina.authenticator.AuthenticatorBase.invoke(AuthenticatorBase.java:491)
		at org.apache.catalina.core.StandardHostValve.invoke(StandardHostValve.java:127)
		at org.apache.catalina.valves.ErrorReportValve.invoke(ErrorReportValve.java:83)
		at org.apache.catalina.valves.AbstractAccessLogValve.invoke(AbstractAccessLogValve.java:643)
		at org.apache.catalina.core.StandardEngineValve.invoke(StandardEngineValve.java:72)
		at org.apache.catalina.connector.CoyoteAdapter.service(CoyoteAdapter.java:344)
		at org.apache.coyote.http11.Http11Processor.service(Http11Processor.java:398)
		at org.apache.coyote.AbstractProcessorLight.process(AbstractProcessorLight.java:63)
		at org.apache.coyote.AbstractProtocol$ConnectionHandler.process(AbstractProtocol.java:939)
		at org.apache.tomcat.util.net.NioEndpoint$SocketProcessor.doRun(NioEndpoint.java:1832)
		at org.apache.tomcat.util.net.SocketProcessorBase.run(SocketProcessorBase.java:52)
		at org.apache.tomcat.util.threads.ThreadPoolExecutor.runWorker(ThreadPoolExecutor.java:973)
		at org.apache.tomcat.util.threads.ThreadPoolExecutor$Worker.run(ThreadPoolExecutor.java:491)
		at org.apache.tomcat.util.threads.TaskThread$WrappingRunnable.run(TaskThread.java:63)
		at java.base/java.lang.Thread.run(Thread.java:840)
	Caused by: org.springframework.beans.factory.UnsatisfiedDependencyException: Error creating bean with name 'employeeDAOWrapper': Unsatisfied dependency expressed through field 'employeeDAO'; nested exception is org.springframework.beans.factory.NoSuchBeanDefinitionException: No qualifying bean of type 'com.microservices.learn.dao.EmployeeDAO' available: expected at least 1 bean which qualifies as autowire candidate. Dependency annotations: {@org.springframework.beans.factory.annotation.Autowired(required=true)}
		at org.springframework.beans.factory.annotation.AutowiredAnnotationBeanPostProcessor$AutowiredFieldElement.resolveFieldValue(AutowiredAnnotationBeanPostProcessor.java:659)
		at org.springframework.beans.factory.annotation.AutowiredAnnotationBeanPostProcessor$AutowiredFieldElement.inject(AutowiredAnnotationBeanPostProcessor.java:639)
		at org.springframework.beans.factory.annotation.InjectionMetadata.inject(InjectionMetadata.java:119)
		at org.springframework.beans.factory.annotation.AutowiredAnnotationBeanPostProcessor.postProcessProperties(AutowiredAnnotationBeanPostProcessor.java:399)
		at org.springframework.beans.factory.support.AbstractAutowireCapableBeanFactory.populateBean(AbstractAutowireCapableBeanFactory.java:1431)
		at org.springframework.beans.factory.support.AbstractAutowireCapableBeanFactory.doCreateBean(AbstractAutowireCapableBeanFactory.java:619)
		at org.springframework.beans.factory.support.AbstractAutowireCapableBeanFactory.createBean(AbstractAutowireCapableBeanFactory.java:542)
		at org.springframework.beans.factory.support.AbstractBeanFactory.lambda$doGetBean$0(AbstractBeanFactory.java:335)
		at org.springframework.beans.factory.support.DefaultSingletonBeanRegistry.getSingleton(DefaultSingletonBeanRegistry.java:234)
		at org.springframework.beans.factory.support.AbstractBeanFactory.doGetBean(AbstractBeanFactory.java:333)
		at org.springframework.beans.factory.support.AbstractBeanFactory.getBean(AbstractBeanFactory.java:208)
		at org.springframework.beans.factory.config.DependencyDescriptor.resolveCandidate(DependencyDescriptor.java:276)
		at org.springframework.beans.factory.support.DefaultListableBeanFactory.doResolveDependency(DefaultListableBeanFactory.java:1391)
		at org.springframework.beans.factory.support.DefaultListableBeanFactory.resolveDependency(DefaultListableBeanFactory.java:1311)
		at org.springframework.beans.factory.annotation.AutowiredAnnotationBeanPostProcessor$AutowiredFieldElement.resolveFieldValue(AutowiredAnnotationBeanPostProcessor.java:656)
		... 40 more
	Caused by: org.springframework.beans.factory.NoSuchBeanDefinitionException: No qualifying bean of type 'com.microservices.learn.dao.EmployeeDAO' available: expected at least 1 bean which qualifies as autowire candidate. Dependency annotations: {@org.springframework.beans.factory.annotation.Autowired(required=true)}
		at org.springframework.beans.factory.support.DefaultListableBeanFactory.raiseNoMatchingBeanFound(DefaultListableBeanFactory.java:1801)
		at org.springframework.beans.factory.support.DefaultListableBeanFactory.doResolveDependency(DefaultListableBeanFactory.java:1357)
		at org.springframework.beans.factory.support.DefaultListableBeanFactory.resolveDependency(DefaultListableBeanFactory.java:1311)
		at org.springframework.beans.factory.annotation.AutowiredAnnotationBeanPostProcessor$AutowiredFieldElement.resolveFieldValue(AutowiredAnnotationBeanPostProcessor.java:656)
		... 54 more
30-Mar-2026 21:11:07.944 INFO [http-nio-8080-exec-6] org.springframework.web.servlet.FrameworkServlet.initServletBean Initializing Servlet 'cstspconf-web'
30-Mar-2026 21:11:07.955 WARNING [http-nio-8080-exec-6] org.springframework.context.support.AbstractApplicationContext.refresh Exception encountered during context initialization - cancelling refresh attempt: org.springframework.beans.factory.UnsatisfiedDependencyException: Error creating bean with name 'employeeServiceImpl': Unsatisfied dependency expressed through field 'employeeDAOWrapper'; nested exception is org.springframework.beans.factory.UnsatisfiedDependencyException: Error creating bean with name 'employeeDAOWrapper': Unsatisfied dependency expressed through field 'employeeDAO'; nested exception is org.springframework.beans.factory.NoSuchBeanDefinitionException: No qualifying bean of type 'com.microservices.learn.dao.EmployeeDAO' available: expected at least 1 bean which qualifies as autowire candidate. Dependency annotations: {@org.springframework.beans.factory.annotation.Autowired(required=true)}
30-Mar-2026 21:11:07.955 SEVERE [http-nio-8080-exec-6] org.springframework.web.servlet.FrameworkServlet.initServletBean Context initialization failed
	org.springframework.beans.factory.UnsatisfiedDependencyException: Error creating bean with name 'employeeServiceImpl': Unsatisfied dependency expressed through field 'employeeDAOWrapper'; nested exception is org.springframework.beans.factory.UnsatisfiedDependencyException: Error creating bean with name 'employeeDAOWrapper': Unsatisfied dependency expressed through field 'employeeDAO'; nested exception is org.springframework.beans.factory.NoSuchBeanDefinitionException: No qualifying bean of type 'com.microservices.learn.dao.EmployeeDAO' available: expected at least 1 bean which qualifies as autowire candidate. Dependency annotations: {@org.springframework.beans.factory.annotation.Autowired(required=true)}
		at org.springframework.beans.factory.annotation.AutowiredAnnotationBeanPostProcessor$AutowiredFieldElement.resolveFieldValue(AutowiredAnnotationBeanPostProcessor.java:659)
		at org.springframework.beans.factory.annotation.AutowiredAnnotationBeanPostProcessor$AutowiredFieldElement.inject(AutowiredAnnotationBeanPostProcessor.java:639)
		at org.springframework.beans.factory.annotation.InjectionMetadata.inject(InjectionMetadata.java:119)
		at org.springframework.beans.factory.annotation.AutowiredAnnotationBeanPostProcessor.postProcessProperties(AutowiredAnnotationBeanPostProcessor.java:399)
		at org.springframework.beans.factory.support.AbstractAutowireCapableBeanFactory.populateBean(AbstractAutowireCapableBeanFactory.java:1431)
		at org.springframework.beans.factory.support.AbstractAutowireCapableBeanFactory.doCreateBean(AbstractAutowireCapableBeanFactory.java:619)
		at org.springframework.beans.factory.support.AbstractAutowireCapableBeanFactory.createBean(AbstractAutowireCapableBeanFactory.java:542)
		at org.springframework.beans.factory.support.AbstractBeanFactory.lambda$doGetBean$0(AbstractBeanFactory.java:335)
		at org.springframework.beans.factory.support.DefaultSingletonBeanRegistry.getSingleton(DefaultSingletonBeanRegistry.java:234)
		at org.springframework.beans.factory.support.AbstractBeanFactory.doGetBean(AbstractBeanFactory.java:333)
		at org.springframework.beans.factory.support.AbstractBeanFactory.getBean(AbstractBeanFactory.java:208)
		at org.springframework.beans.factory.support.DefaultListableBeanFactory.preInstantiateSingletons(DefaultListableBeanFactory.java:955)
		at org.springframework.context.support.AbstractApplicationContext.finishBeanFactoryInitialization(AbstractApplicationContext.java:918)
		at org.springframework.context.support.AbstractApplicationContext.refresh(AbstractApplicationContext.java:583)
		at org.springframework.web.servlet.FrameworkServlet.configureAndRefreshWebApplicationContext(FrameworkServlet.java:702)
		at org.springframework.web.servlet.FrameworkServlet.createWebApplicationContext(FrameworkServlet.java:668)
		at org.springframework.web.servlet.FrameworkServlet.createWebApplicationContext(FrameworkServlet.java:716)
		at org.springframework.web.servlet.FrameworkServlet.initWebApplicationContext(FrameworkServlet.java:591)
		at org.springframework.web.servlet.FrameworkServlet.initServletBean(FrameworkServlet.java:530)
		at org.springframework.web.servlet.HttpServletBean.init(HttpServletBean.java:170)
		at javax.servlet.GenericServlet.init(GenericServlet.java:143)
		at org.apache.catalina.core.StandardWrapper.initServlet(StandardWrapper.java:986)
		at org.apache.catalina.core.StandardWrapper.loadServlet(StandardWrapper.java:943)
		at org.apache.catalina.core.StandardWrapper.allocate(StandardWrapper.java:661)
		at org.apache.catalina.core.StandardWrapperValve.invoke(StandardWrapperValve.java:114)
		at org.apache.catalina.core.StandardContextValve.invoke(StandardContextValve.java:88)
		at org.apache.catalina.authenticator.AuthenticatorBase.invoke(AuthenticatorBase.java:491)
		at org.apache.catalina.core.StandardHostValve.invoke(StandardHostValve.java:127)
		at org.apache.catalina.valves.ErrorReportValve.invoke(ErrorReportValve.java:83)
		at org.apache.catalina.valves.AbstractAccessLogValve.invoke(AbstractAccessLogValve.java:643)
		at org.apache.catalina.core.StandardEngineValve.invoke(StandardEngineValve.java:72)
		at org.apache.catalina.connector.CoyoteAdapter.service(CoyoteAdapter.java:344)
		at org.apache.coyote.http11.Http11Processor.service(Http11Processor.java:398)
		at org.apache.coyote.AbstractProcessorLight.process(AbstractProcessorLight.java:63)
		at org.apache.coyote.AbstractProtocol$ConnectionHandler.process(AbstractProtocol.java:939)
		at org.apache.tomcat.util.net.NioEndpoint$SocketProcessor.doRun(NioEndpoint.java:1832)
		at org.apache.tomcat.util.net.SocketProcessorBase.run(SocketProcessorBase.java:52)
		at org.apache.tomcat.util.threads.ThreadPoolExecutor.runWorker(ThreadPoolExecutor.java:973)
		at org.apache.tomcat.util.threads.ThreadPoolExecutor$Worker.run(ThreadPoolExecutor.java:491)
		at org.apache.tomcat.util.threads.TaskThread$WrappingRunnable.run(TaskThread.java:63)
		at java.base/java.lang.Thread.run(Thread.java:840)
	Caused by: org.springframework.beans.factory.UnsatisfiedDependencyException: Error creating bean with name 'employeeDAOWrapper': Unsatisfied dependency expressed through field 'employeeDAO'; nested exception is org.springframework.beans.factory.NoSuchBeanDefinitionException: No qualifying bean of type 'com.microservices.learn.dao.EmployeeDAO' available: expected at least 1 bean which qualifies as autowire candidate. Dependency annotations: {@org.springframework.beans.factory.annotation.Autowired(required=true)}
		at org.springframework.beans.factory.annotation.AutowiredAnnotationBeanPostProcessor$AutowiredFieldElement.resolveFieldValue(AutowiredAnnotationBeanPostProcessor.java:659)
		at org.springframework.beans.factory.annotation.AutowiredAnnotationBeanPostProcessor$AutowiredFieldElement.inject(AutowiredAnnotationBeanPostProcessor.java:639)
		at org.springframework.beans.factory.annotation.InjectionMetadata.inject(InjectionMetadata.java:119)
		at org.springframework.beans.factory.annotation.AutowiredAnnotationBeanPostProcessor.postProcessProperties(AutowiredAnnotationBeanPostProcessor.java:399)
		at org.springframework.beans.factory.support.AbstractAutowireCapableBeanFactory.populateBean(AbstractAutowireCapableBeanFactory.java:1431)
		at org.springframework.beans.factory.support.AbstractAutowireCapableBeanFactory.doCreateBean(AbstractAutowireCapableBeanFactory.java:619)
		at org.springframework.beans.factory.support.AbstractAutowireCapableBeanFactory.createBean(AbstractAutowireCapableBeanFactory.java:542)
		at org.springframework.beans.factory.support.AbstractBeanFactory.lambda$doGetBean$0(AbstractBeanFactory.java:335)
		at org.springframework.beans.factory.support.DefaultSingletonBeanRegistry.getSingleton(DefaultSingletonBeanRegistry.java:234)
		at org.springframework.beans.factory.support.AbstractBeanFactory.doGetBean(AbstractBeanFactory.java:333)
		at org.springframework.beans.factory.support.AbstractBeanFactory.getBean(AbstractBeanFactory.java:208)
		at org.springframework.beans.factory.config.DependencyDescriptor.resolveCandidate(DependencyDescriptor.java:276)
		at org.springframework.beans.factory.support.DefaultListableBeanFactory.doResolveDependency(DefaultListableBeanFactory.java:1391)
		at org.springframework.beans.factory.support.DefaultListableBeanFactory.resolveDependency(DefaultListableBeanFactory.java:1311)
		at org.springframework.beans.factory.annotation.AutowiredAnnotationBeanPostProcessor$AutowiredFieldElement.resolveFieldValue(AutowiredAnnotationBeanPostProcessor.java:656)
		... 40 more
	Caused by: org.springframework.beans.factory.NoSuchBeanDefinitionException: No qualifying bean of type 'com.microservices.learn.dao.EmployeeDAO' available: expected at least 1 bean which qualifies as autowire candidate. Dependency annotations: {@org.springframework.beans.factory.annotation.Autowired(required=true)}
		at org.springframework.beans.factory.support.DefaultListableBeanFactory.raiseNoMatchingBeanFound(DefaultListableBeanFactory.java:1801)
		at org.springframework.beans.factory.support.DefaultListableBeanFactory.doResolveDependency(DefaultListableBeanFactory.java:1357)
		at org.springframework.beans.factory.support.DefaultListableBeanFactory.resolveDependency(DefaultListableBeanFactory.java:1311)
		at org.springframework.beans.factory.annotation.AutowiredAnnotationBeanPostProcessor$AutowiredFieldElement.resolveFieldValue(AutowiredAnnotationBeanPostProcessor.java:656)
		... 54 more
30-Mar-2026 21:11:08.091 INFO [http-nio-8080-exec-7] org.springframework.web.servlet.FrameworkServlet.initServletBean Initializing Servlet 'cstspconf-web'
30-Mar-2026 21:11:08.104 WARNING [http-nio-8080-exec-7] org.springframework.context.support.AbstractApplicationContext.refresh Exception encountered during context initialization - cancelling refresh attempt: org.springframework.beans.factory.UnsatisfiedDependencyException: Error creating bean with name 'employeeServiceImpl': Unsatisfied dependency expressed through field 'employeeDAOWrapper'; nested exception is org.springframework.beans.factory.UnsatisfiedDependencyException: Error creating bean with name 'employeeDAOWrapper': Unsatisfied dependency expressed through field 'employeeDAO'; nested exception is org.springframework.beans.factory.NoSuchBeanDefinitionException: No qualifying bean of type 'com.microservices.learn.dao.EmployeeDAO' available: expected at least 1 bean which qualifies as autowire candidate. Dependency annotations: {@org.springframework.beans.factory.annotation.Autowired(required=true)}
30-Mar-2026 21:11:08.104 SEVERE [http-nio-8080-exec-7] org.springframework.web.servlet.FrameworkServlet.initServletBean Context initialization failed
	org.springframework.beans.factory.UnsatisfiedDependencyException: Error creating bean with name 'employeeServiceImpl': Unsatisfied dependency expressed through field 'employeeDAOWrapper'; nested exception is org.springframework.beans.factory.UnsatisfiedDependencyException: Error creating bean with name 'employeeDAOWrapper': Unsatisfied dependency expressed through field 'employeeDAO'; nested exception is org.springframework.beans.factory.NoSuchBeanDefinitionException: No qualifying bean of type 'com.microservices.learn.dao.EmployeeDAO' available: expected at least 1 bean which qualifies as autowire candidate. Dependency annotations: {@org.springframework.beans.factory.annotation.Autowired(required=true)}
		at org.springframework.beans.factory.annotation.AutowiredAnnotationBeanPostProcessor$AutowiredFieldElement.resolveFieldValue(AutowiredAnnotationBeanPostProcessor.java:659)
		at org.springframework.beans.factory.annotation.AutowiredAnnotationBeanPostProcessor$AutowiredFieldElement.inject(AutowiredAnnotationBeanPostProcessor.java:639)
		at org.springframework.beans.factory.annotation.InjectionMetadata.inject(InjectionMetadata.java:119)
		at org.springframework.beans.factory.annotation.AutowiredAnnotationBeanPostProcessor.postProcessProperties(AutowiredAnnotationBeanPostProcessor.java:399)
		at org.springframework.beans.factory.support.AbstractAutowireCapableBeanFactory.populateBean(AbstractAutowireCapableBeanFactory.java:1431)
		at org.springframework.beans.factory.support.AbstractAutowireCapableBeanFactory.doCreateBean(AbstractAutowireCapableBeanFactory.java:619)
		at org.springframework.beans.factory.support.AbstractAutowireCapableBeanFactory.createBean(AbstractAutowireCapableBeanFactory.java:542)
		at org.springframework.beans.factory.support.AbstractBeanFactory.lambda$doGetBean$0(AbstractBeanFactory.java:335)
		at org.springframework.beans.factory.support.DefaultSingletonBeanRegistry.getSingleton(DefaultSingletonBeanRegistry.java:234)
		at org.springframework.beans.factory.support.AbstractBeanFactory.doGetBean(AbstractBeanFactory.java:333)
		at org.springframework.beans.factory.support.AbstractBeanFactory.getBean(AbstractBeanFactory.java:208)
		at org.springframework.beans.factory.support.DefaultListableBeanFactory.preInstantiateSingletons(DefaultListableBeanFactory.java:955)
		at org.springframework.context.support.AbstractApplicationContext.finishBeanFactoryInitialization(AbstractApplicationContext.java:918)
		at org.springframework.context.support.AbstractApplicationContext.refresh(AbstractApplicationContext.java:583)
		at org.springframework.web.servlet.FrameworkServlet.configureAndRefreshWebApplicationContext(FrameworkServlet.java:702)
		at org.springframework.web.servlet.FrameworkServlet.createWebApplicationContext(FrameworkServlet.java:668)
		at org.springframework.web.servlet.FrameworkServlet.createWebApplicationContext(FrameworkServlet.java:716)
		at org.springframework.web.servlet.FrameworkServlet.initWebApplicationContext(FrameworkServlet.java:591)
		at org.springframework.web.servlet.FrameworkServlet.initServletBean(FrameworkServlet.java:530)
		at org.springframework.web.servlet.HttpServletBean.init(HttpServletBean.java:170)
		at javax.servlet.GenericServlet.init(GenericServlet.java:143)
		at org.apache.catalina.core.StandardWrapper.initServlet(StandardWrapper.java:986)
		at org.apache.catalina.core.StandardWrapper.loadServlet(StandardWrapper.java:943)
		at org.apache.catalina.core.StandardWrapper.allocate(StandardWrapper.java:661)
		at org.apache.catalina.core.StandardWrapperValve.invoke(StandardWrapperValve.java:114)
		at org.apache.catalina.core.StandardContextValve.invoke(StandardContextValve.java:88)
		at org.apache.catalina.authenticator.AuthenticatorBase.invoke(AuthenticatorBase.java:491)
		at org.apache.catalina.core.StandardHostValve.invoke(StandardHostValve.java:127)
		at org.apache.catalina.valves.ErrorReportValve.invoke(ErrorReportValve.java:83)
		at org.apache.catalina.valves.AbstractAccessLogValve.invoke(AbstractAccessLogValve.java:643)
		at org.apache.catalina.core.StandardEngineValve.invoke(StandardEngineValve.java:72)
		at org.apache.catalina.connector.CoyoteAdapter.service(CoyoteAdapter.java:344)
		at org.apache.coyote.http11.Http11Processor.service(Http11Processor.java:398)
		at org.apache.coyote.AbstractProcessorLight.process(AbstractProcessorLight.java:63)
		at org.apache.coyote.AbstractProtocol$ConnectionHandler.process(AbstractProtocol.java:939)
		at org.apache.tomcat.util.net.NioEndpoint$SocketProcessor.doRun(NioEndpoint.java:1832)
		at org.apache.tomcat.util.net.SocketProcessorBase.run(SocketProcessorBase.java:52)
		at org.apache.tomcat.util.threads.ThreadPoolExecutor.runWorker(ThreadPoolExecutor.java:973)
		at org.apache.tomcat.util.threads.ThreadPoolExecutor$Worker.run(ThreadPoolExecutor.java:491)
		at org.apache.tomcat.util.threads.TaskThread$WrappingRunnable.run(TaskThread.java:63)
		at java.base/java.lang.Thread.run(Thread.java:840)
	Caused by: org.springframework.beans.factory.UnsatisfiedDependencyException: Error creating bean with name 'employeeDAOWrapper': Unsatisfied dependency expressed through field 'employeeDAO'; nested exception is org.springframework.beans.factory.NoSuchBeanDefinitionException: No qualifying bean of type 'com.microservices.learn.dao.EmployeeDAO' available: expected at least 1 bean which qualifies as autowire candidate. Dependency annotations: {@org.springframework.beans.factory.annotation.Autowired(required=true)}
		at org.springframework.beans.factory.annotation.AutowiredAnnotationBeanPostProcessor$AutowiredFieldElement.resolveFieldValue(AutowiredAnnotationBeanPostProcessor.java:659)
		at org.springframework.beans.factory.annotation.AutowiredAnnotationBeanPostProcessor$AutowiredFieldElement.inject(AutowiredAnnotationBeanPostProcessor.java:639)
		at org.springframework.beans.factory.annotation.InjectionMetadata.inject(InjectionMetadata.java:119)
		at org.springframework.beans.factory.annotation.AutowiredAnnotationBeanPostProcessor.postProcessProperties(AutowiredAnnotationBeanPostProcessor.java:399)
		at org.springframework.beans.factory.support.AbstractAutowireCapableBeanFactory.populateBean(AbstractAutowireCapableBeanFactory.java:1431)
		at org.springframework.beans.factory.support.AbstractAutowireCapableBeanFactory.doCreateBean(AbstractAutowireCapableBeanFactory.java:619)
		at org.springframework.beans.factory.support.AbstractAutowireCapableBeanFactory.createBean(AbstractAutowireCapableBeanFactory.java:542)
		at org.springframework.beans.factory.support.AbstractBeanFactory.lambda$doGetBean$0(AbstractBeanFactory.java:335)
		at org.springframework.beans.factory.support.DefaultSingletonBeanRegistry.getSingleton(DefaultSingletonBeanRegistry.java:234)
		at org.springframework.beans.factory.support.AbstractBeanFactory.doGetBean(AbstractBeanFactory.java:333)
		at org.springframework.beans.factory.support.AbstractBeanFactory.getBean(AbstractBeanFactory.java:208)
		at org.springframework.beans.factory.config.DependencyDescriptor.resolveCandidate(DependencyDescriptor.java:276)
		at org.springframework.beans.factory.support.DefaultListableBeanFactory.doResolveDependency(DefaultListableBeanFactory.java:1391)
		at org.springframework.beans.factory.support.DefaultListableBeanFactory.resolveDependency(DefaultListableBeanFactory.java:1311)
		at org.springframework.beans.factory.annotation.AutowiredAnnotationBeanPostProcessor$AutowiredFieldElement.resolveFieldValue(AutowiredAnnotationBeanPostProcessor.java:656)
		... 40 more
	Caused by: org.springframework.beans.factory.NoSuchBeanDefinitionException: No qualifying bean of type 'com.microservices.learn.dao.EmployeeDAO' available: expected at least 1 bean which qualifies as autowire candidate. Dependency annotations: {@org.springframework.beans.factory.annotation.Autowired(required=true)}
		at org.springframework.beans.factory.support.DefaultListableBeanFactory.raiseNoMatchingBeanFound(DefaultListableBeanFactory.java:1801)
		at org.springframework.beans.factory.support.DefaultListableBeanFactory.doResolveDependency(DefaultListableBeanFactory.java:1357)
		at org.springframework.beans.factory.support.DefaultListableBeanFactory.resolveDependency(DefaultListableBeanFactory.java:1311)
		at org.springframework.beans.factory.annotation.AutowiredAnnotationBeanPostProcessor$AutowiredFieldElement.resolveFieldValue(AutowiredAnnotationBeanPostProcessor.java:656)
		... 54 more
30-Mar-2026 21:11:08.262 INFO [http-nio-8080-exec-8] org.springframework.web.servlet.FrameworkServlet.initServletBean Initializing Servlet 'cstspconf-web'
30-Mar-2026 21:11:08.275 WARNING [http-nio-8080-exec-8] org.springframework.context.support.AbstractApplicationContext.refresh Exception encountered during context initialization - cancelling refresh attempt: org.springframework.beans.factory.UnsatisfiedDependencyException: Error creating bean with name 'employeeServiceImpl': Unsatisfied dependency expressed through field 'employeeDAOWrapper'; nested exception is org.springframework.beans.factory.UnsatisfiedDependencyException: Error creating bean with name 'employeeDAOWrapper': Unsatisfied dependency expressed through field 'employeeDAO'; nested exception is org.springframework.beans.factory.NoSuchBeanDefinitionException: No qualifying bean of type 'com.microservices.learn.dao.EmployeeDAO' available: expected at least 1 bean which qualifies as autowire candidate. Dependency annotations: {@org.springframework.beans.factory.annotation.Autowired(required=true)}
30-Mar-2026 21:11:08.275 SEVERE [http-nio-8080-exec-8] org.springframework.web.servlet.FrameworkServlet.initServletBean Context initialization failed
	org.springframework.beans.factory.UnsatisfiedDependencyException: Error creating bean with name 'employeeServiceImpl': Unsatisfied dependency expressed through field 'employeeDAOWrapper'; nested exception is org.springframework.beans.factory.UnsatisfiedDependencyException: Error creating bean with name 'employeeDAOWrapper': Unsatisfied dependency expressed through field 'employeeDAO'; nested exception is org.springframework.beans.factory.NoSuchBeanDefinitionException: No qualifying bean of type 'com.microservices.learn.dao.EmployeeDAO' available: expected at least 1 bean which qualifies as autowire candidate. Dependency annotations: {@org.springframework.beans.factory.annotation.Autowired(required=true)}
		at org.springframework.beans.factory.annotation.AutowiredAnnotationBeanPostProcessor$AutowiredFieldElement.resolveFieldValue(AutowiredAnnotationBeanPostProcessor.java:659)
		at org.springframework.beans.factory.annotation.AutowiredAnnotationBeanPostProcessor$AutowiredFieldElement.inject(AutowiredAnnotationBeanPostProcessor.java:639)
		at org.springframework.beans.factory.annotation.InjectionMetadata.inject(InjectionMetadata.java:119)
		at org.springframework.beans.factory.annotation.AutowiredAnnotationBeanPostProcessor.postProcessProperties(AutowiredAnnotationBeanPostProcessor.java:399)
		at org.springframework.beans.factory.support.AbstractAutowireCapableBeanFactory.populateBean(AbstractAutowireCapableBeanFactory.java:1431)
		at org.springframework.beans.factory.support.AbstractAutowireCapableBeanFactory.doCreateBean(AbstractAutowireCapableBeanFactory.java:619)
		at org.springframework.beans.factory.support.AbstractAutowireCapableBeanFactory.createBean(AbstractAutowireCapableBeanFactory.java:542)
		at org.springframework.beans.factory.support.AbstractBeanFactory.lambda$doGetBean$0(AbstractBeanFactory.java:335)
		at org.springframework.beans.factory.support.DefaultSingletonBeanRegistry.getSingleton(DefaultSingletonBeanRegistry.java:234)
		at org.springframework.beans.factory.support.AbstractBeanFactory.doGetBean(AbstractBeanFactory.java:333)
		at org.springframework.beans.factory.support.AbstractBeanFactory.getBean(AbstractBeanFactory.java:208)
		at org.springframework.beans.factory.support.DefaultListableBeanFactory.preInstantiateSingletons(DefaultListableBeanFactory.java:955)
		at org.springframework.context.support.AbstractApplicationContext.finishBeanFactoryInitialization(AbstractApplicationContext.java:918)
		at org.springframework.context.support.AbstractApplicationContext.refresh(AbstractApplicationContext.java:583)
		at org.springframework.web.servlet.FrameworkServlet.configureAndRefreshWebApplicationContext(FrameworkServlet.java:702)
		at org.springframework.web.servlet.FrameworkServlet.createWebApplicationContext(FrameworkServlet.java:668)
		at org.springframework.web.servlet.FrameworkServlet.createWebApplicationContext(FrameworkServlet.java:716)
		at org.springframework.web.servlet.FrameworkServlet.initWebApplicationContext(FrameworkServlet.java:591)
		at org.springframework.web.servlet.FrameworkServlet.initServletBean(FrameworkServlet.java:530)
		at org.springframework.web.servlet.HttpServletBean.init(HttpServletBean.java:170)
		at javax.servlet.GenericServlet.init(GenericServlet.java:143)
		at org.apache.catalina.core.StandardWrapper.initServlet(StandardWrapper.java:986)
		at org.apache.catalina.core.StandardWrapper.loadServlet(StandardWrapper.java:943)
		at org.apache.catalina.core.StandardWrapper.allocate(StandardWrapper.java:661)
		at org.apache.catalina.core.StandardWrapperValve.invoke(StandardWrapperValve.java:114)
		at org.apache.catalina.core.StandardContextValve.invoke(StandardContextValve.java:88)
		at org.apache.catalina.authenticator.AuthenticatorBase.invoke(AuthenticatorBase.java:491)
		at org.apache.catalina.core.StandardHostValve.invoke(StandardHostValve.java:127)
		at org.apache.catalina.valves.ErrorReportValve.invoke(ErrorReportValve.java:83)
		at org.apache.catalina.valves.AbstractAccessLogValve.invoke(AbstractAccessLogValve.java:643)
		at org.apache.catalina.core.StandardEngineValve.invoke(StandardEngineValve.java:72)
		at org.apache.catalina.connector.CoyoteAdapter.service(CoyoteAdapter.java:344)
		at org.apache.coyote.http11.Http11Processor.service(Http11Processor.java:398)
		at org.apache.coyote.AbstractProcessorLight.process(AbstractProcessorLight.java:63)
		at org.apache.coyote.AbstractProtocol$ConnectionHandler.process(AbstractProtocol.java:939)
		at org.apache.tomcat.util.net.NioEndpoint$SocketProcessor.doRun(NioEndpoint.java:1832)
		at org.apache.tomcat.util.net.SocketProcessorBase.run(SocketProcessorBase.java:52)
		at org.apache.tomcat.util.threads.ThreadPoolExecutor.runWorker(ThreadPoolExecutor.java:973)
		at org.apache.tomcat.util.threads.ThreadPoolExecutor$Worker.run(ThreadPoolExecutor.java:491)
		at org.apache.tomcat.util.threads.TaskThread$WrappingRunnable.run(TaskThread.java:63)
		at java.base/java.lang.Thread.run(Thread.java:840)
	Caused by: org.springframework.beans.factory.UnsatisfiedDependencyException: Error creating bean with name 'employeeDAOWrapper': Unsatisfied dependency expressed through field 'employeeDAO'; nested exception is org.springframework.beans.factory.NoSuchBeanDefinitionException: No qualifying bean of type 'com.microservices.learn.dao.EmployeeDAO' available: expected at least 1 bean which qualifies as autowire candidate. Dependency annotations: {@org.springframework.beans.factory.annotation.Autowired(required=true)}
		at org.springframework.beans.factory.annotation.AutowiredAnnotationBeanPostProcessor$AutowiredFieldElement.resolveFieldValue(AutowiredAnnotationBeanPostProcessor.java:659)
		at org.springframework.beans.factory.annotation.AutowiredAnnotationBeanPostProcessor$AutowiredFieldElement.inject(AutowiredAnnotationBeanPostProcessor.java:639)
		at org.springframework.beans.factory.annotation.InjectionMetadata.inject(InjectionMetadata.java:119)
		at org.springframework.beans.factory.annotation.AutowiredAnnotationBeanPostProcessor.postProcessProperties(AutowiredAnnotationBeanPostProcessor.java:399)
		at org.springframework.beans.factory.support.AbstractAutowireCapableBeanFactory.populateBean(AbstractAutowireCapableBeanFactory.java:1431)
		at org.springframework.beans.factory.support.AbstractAutowireCapableBeanFactory.doCreateBean(AbstractAutowireCapableBeanFactory.java:619)
		at org.springframework.beans.factory.support.AbstractAutowireCapableBeanFactory.createBean(AbstractAutowireCapableBeanFactory.java:542)
		at org.springframework.beans.factory.support.AbstractBeanFactory.lambda$doGetBean$0(AbstractBeanFactory.java:335)
		at org.springframework.beans.factory.support.DefaultSingletonBeanRegistry.getSingleton(DefaultSingletonBeanRegistry.java:234)
		at org.springframework.beans.factory.support.AbstractBeanFactory.doGetBean(AbstractBeanFactory.java:333)
		at org.springframework.beans.factory.support.AbstractBeanFactory.getBean(AbstractBeanFactory.java:208)
		at org.springframework.beans.factory.config.DependencyDescriptor.resolveCandidate(DependencyDescriptor.java:276)
		at org.springframework.beans.factory.support.DefaultListableBeanFactory.doResolveDependency(DefaultListableBeanFactory.java:1391)
		at org.springframework.beans.factory.support.DefaultListableBeanFactory.resolveDependency(DefaultListableBeanFactory.java:1311)
		at org.springframework.beans.factory.annotation.AutowiredAnnotationBeanPostProcessor$AutowiredFieldElement.resolveFieldValue(AutowiredAnnotationBeanPostProcessor.java:656)
		... 40 more
	Caused by: org.springframework.beans.factory.NoSuchBeanDefinitionException: No qualifying bean of type 'com.microservices.learn.dao.EmployeeDAO' available: expected at least 1 bean which qualifies as autowire candidate. Dependency annotations: {@org.springframework.beans.factory.annotation.Autowired(required=true)}
		at org.springframework.beans.factory.support.DefaultListableBeanFactory.raiseNoMatchingBeanFound(DefaultListableBeanFactory.java:1801)
		at org.springframework.beans.factory.support.DefaultListableBeanFactory.doResolveDependency(DefaultListableBeanFactory.java:1357)
		at org.springframework.beans.factory.support.DefaultListableBeanFactory.resolveDependency(DefaultListableBeanFactory.java:1311)
		at org.springframework.beans.factory.annotation.AutowiredAnnotationBeanPostProcessor$AutowiredFieldElement.resolveFieldValue(AutowiredAnnotationBeanPostProcessor.java:656)
		... 54 more
30-Mar-2026 21:11:08.389 INFO [http-nio-8080-exec-9] org.springframework.web.servlet.FrameworkServlet.initServletBean Initializing Servlet 'cstspconf-web'
30-Mar-2026 21:11:08.403 WARNING [http-nio-8080-exec-9] org.springframework.context.support.AbstractApplicationContext.refresh Exception encountered during context initialization - cancelling refresh attempt: org.springframework.beans.factory.UnsatisfiedDependencyException: Error creating bean with name 'employeeServiceImpl': Unsatisfied dependency expressed through field 'employeeDAOWrapper'; nested exception is org.springframework.beans.factory.UnsatisfiedDependencyException: Error creating bean with name 'employeeDAOWrapper': Unsatisfied dependency expressed through field 'employeeDAO'; nested exception is org.springframework.beans.factory.NoSuchBeanDefinitionException: No qualifying bean of type 'com.microservices.learn.dao.EmployeeDAO' available: expected at least 1 bean which qualifies as autowire candidate. Dependency annotations: {@org.springframework.beans.factory.annotation.Autowired(required=true)}
30-Mar-2026 21:11:08.403 SEVERE [http-nio-8080-exec-9] org.springframework.web.servlet.FrameworkServlet.initServletBean Context initialization failed
	org.springframework.beans.factory.UnsatisfiedDependencyException: Error creating bean with name 'employeeServiceImpl': Unsatisfied dependency expressed through field 'employeeDAOWrapper'; nested exception is org.springframework.beans.factory.UnsatisfiedDependencyException: Error creating bean with name 'employeeDAOWrapper': Unsatisfied dependency expressed through field 'employeeDAO'; nested exception is org.springframework.beans.factory.NoSuchBeanDefinitionException: No qualifying bean of type 'com.microservices.learn.dao.EmployeeDAO' available: expected at least 1 bean which qualifies as autowire candidate. Dependency annotations: {@org.springframework.beans.factory.annotation.Autowired(required=true)}
		at org.springframework.beans.factory.annotation.AutowiredAnnotationBeanPostProcessor$AutowiredFieldElement.resolveFieldValue(AutowiredAnnotationBeanPostProcessor.java:659)
		at org.springframework.beans.factory.annotation.AutowiredAnnotationBeanPostProcessor$AutowiredFieldElement.inject(AutowiredAnnotationBeanPostProcessor.java:639)
		at org.springframework.beans.factory.annotation.InjectionMetadata.inject(InjectionMetadata.java:119)
		at org.springframework.beans.factory.annotation.AutowiredAnnotationBeanPostProcessor.postProcessProperties(AutowiredAnnotationBeanPostProcessor.java:399)
		at org.springframework.beans.factory.support.AbstractAutowireCapableBeanFactory.populateBean(AbstractAutowireCapableBeanFactory.java:1431)
		at org.springframework.beans.factory.support.AbstractAutowireCapableBeanFactory.doCreateBean(AbstractAutowireCapableBeanFactory.java:619)
		at org.springframework.beans.factory.support.AbstractAutowireCapableBeanFactory.createBean(AbstractAutowireCapableBeanFactory.java:542)
		at org.springframework.beans.factory.support.AbstractBeanFactory.lambda$doGetBean$0(AbstractBeanFactory.java:335)
		at org.springframework.beans.factory.support.DefaultSingletonBeanRegistry.getSingleton(DefaultSingletonBeanRegistry.java:234)
		at org.springframework.beans.factory.support.AbstractBeanFactory.doGetBean(AbstractBeanFactory.java:333)
		at org.springframework.beans.factory.support.AbstractBeanFactory.getBean(AbstractBeanFactory.java:208)
		at org.springframework.beans.factory.support.DefaultListableBeanFactory.preInstantiateSingletons(DefaultListableBeanFactory.java:955)
		at org.springframework.context.support.AbstractApplicationContext.finishBeanFactoryInitialization(AbstractApplicationContext.java:918)
		at org.springframework.context.support.AbstractApplicationContext.refresh(AbstractApplicationContext.java:583)
		at org.springframework.web.servlet.FrameworkServlet.configureAndRefreshWebApplicationContext(FrameworkServlet.java:702)
		at org.springframework.web.servlet.FrameworkServlet.createWebApplicationContext(FrameworkServlet.java:668)
		at org.springframework.web.servlet.FrameworkServlet.createWebApplicationContext(FrameworkServlet.java:716)
		at org.springframework.web.servlet.FrameworkServlet.initWebApplicationContext(FrameworkServlet.java:591)
		at org.springframework.web.servlet.FrameworkServlet.initServletBean(FrameworkServlet.java:530)
		at org.springframework.web.servlet.HttpServletBean.init(HttpServletBean.java:170)
		at javax.servlet.GenericServlet.init(GenericServlet.java:143)
		at org.apache.catalina.core.StandardWrapper.initServlet(StandardWrapper.java:986)
		at org.apache.catalina.core.StandardWrapper.loadServlet(StandardWrapper.java:943)
		at org.apache.catalina.core.StandardWrapper.allocate(StandardWrapper.java:661)
		at org.apache.catalina.core.StandardWrapperValve.invoke(StandardWrapperValve.java:114)
		at org.apache.catalina.core.StandardContextValve.invoke(StandardContextValve.java:88)
		at org.apache.catalina.authenticator.AuthenticatorBase.invoke(AuthenticatorBase.java:491)
		at org.apache.catalina.core.StandardHostValve.invoke(StandardHostValve.java:127)
		at org.apache.catalina.valves.ErrorReportValve.invoke(ErrorReportValve.java:83)
		at org.apache.catalina.valves.AbstractAccessLogValve.invoke(AbstractAccessLogValve.java:643)
		at org.apache.catalina.core.StandardEngineValve.invoke(StandardEngineValve.java:72)
		at org.apache.catalina.connector.CoyoteAdapter.service(CoyoteAdapter.java:344)
		at org.apache.coyote.http11.Http11Processor.service(Http11Processor.java:398)
		at org.apache.coyote.AbstractProcessorLight.process(AbstractProcessorLight.java:63)
		at org.apache.coyote.AbstractProtocol$ConnectionHandler.process(AbstractProtocol.java:939)
		at org.apache.tomcat.util.net.NioEndpoint$SocketProcessor.doRun(NioEndpoint.java:1832)
		at org.apache.tomcat.util.net.SocketProcessorBase.run(SocketProcessorBase.java:52)
		at org.apache.tomcat.util.threads.ThreadPoolExecutor.runWorker(ThreadPoolExecutor.java:973)
		at org.apache.tomcat.util.threads.ThreadPoolExecutor$Worker.run(ThreadPoolExecutor.java:491)
		at org.apache.tomcat.util.threads.TaskThread$WrappingRunnable.run(TaskThread.java:63)
		at java.base/java.lang.Thread.run(Thread.java:840)
	Caused by: org.springframework.beans.factory.UnsatisfiedDependencyException: Error creating bean with name 'employeeDAOWrapper': Unsatisfied dependency expressed through field 'employeeDAO'; nested exception is org.springframework.beans.factory.NoSuchBeanDefinitionException: No qualifying bean of type 'com.microservices.learn.dao.EmployeeDAO' available: expected at least 1 bean which qualifies as autowire candidate. Dependency annotations: {@org.springframework.beans.factory.annotation.Autowired(required=true)}
		at org.springframework.beans.factory.annotation.AutowiredAnnotationBeanPostProcessor$AutowiredFieldElement.resolveFieldValue(AutowiredAnnotationBeanPostProcessor.java:659)
		at org.springframework.beans.factory.annotation.AutowiredAnnotationBeanPostProcessor$AutowiredFieldElement.inject(AutowiredAnnotationBeanPostProcessor.java:639)
		at org.springframework.beans.factory.annotation.InjectionMetadata.inject(InjectionMetadata.java:119)
		at org.springframework.beans.factory.annotation.AutowiredAnnotationBeanPostProcessor.postProcessProperties(AutowiredAnnotationBeanPostProcessor.java:399)
		at org.springframework.beans.factory.support.AbstractAutowireCapableBeanFactory.populateBean(AbstractAutowireCapableBeanFactory.java:1431)
		at org.springframework.beans.factory.support.AbstractAutowireCapableBeanFactory.doCreateBean(AbstractAutowireCapableBeanFactory.java:619)
		at org.springframework.beans.factory.support.AbstractAutowireCapableBeanFactory.createBean(AbstractAutowireCapableBeanFactory.java:542)
		at org.springframework.beans.factory.support.AbstractBeanFactory.lambda$doGetBean$0(AbstractBeanFactory.java:335)
		at org.springframework.beans.factory.support.DefaultSingletonBeanRegistry.getSingleton(DefaultSingletonBeanRegistry.java:234)
		at org.springframework.beans.factory.support.AbstractBeanFactory.doGetBean(AbstractBeanFactory.java:333)
		at org.springframework.beans.factory.support.AbstractBeanFactory.getBean(AbstractBeanFactory.java:208)
		at org.springframework.beans.factory.config.DependencyDescriptor.resolveCandidate(DependencyDescriptor.java:276)
		at org.springframework.beans.factory.support.DefaultListableBeanFactory.doResolveDependency(DefaultListableBeanFactory.java:1391)
		at org.springframework.beans.factory.support.DefaultListableBeanFactory.resolveDependency(DefaultListableBeanFactory.java:1311)
		at org.springframework.beans.factory.annotation.AutowiredAnnotationBeanPostProcessor$AutowiredFieldElement.resolveFieldValue(AutowiredAnnotationBeanPostProcessor.java:656)
		... 40 more
	Caused by: org.springframework.beans.factory.NoSuchBeanDefinitionException: No qualifying bean of type 'com.microservices.learn.dao.EmployeeDAO' available: expected at least 1 bean which qualifies as autowire candidate. Dependency annotations: {@org.springframework.beans.factory.annotation.Autowired(required=true)}
		at org.springframework.beans.factory.support.DefaultListableBeanFactory.raiseNoMatchingBeanFound(DefaultListableBeanFactory.java:1801)
		at org.springframework.beans.factory.support.DefaultListableBeanFactory.doResolveDependency(DefaultListableBeanFactory.java:1357)
		at org.springframework.beans.factory.support.DefaultListableBeanFactory.resolveDependency(DefaultListableBeanFactory.java:1311)
		at org.springframework.beans.factory.annotation.AutowiredAnnotationBeanPostProcessor$AutowiredFieldElement.resolveFieldValue(AutowiredAnnotationBeanPostProcessor.java:656)
		... 54 more
30-Mar-2026 21:11:08.572 INFO [http-nio-8080-exec-10] org.springframework.web.servlet.FrameworkServlet.initServletBean Initializing Servlet 'cstspconf-web'
30-Mar-2026 21:11:08.591 WARNING [http-nio-8080-exec-10] org.springframework.context.support.AbstractApplicationContext.refresh Exception encountered during context initialization - cancelling refresh attempt: org.springframework.beans.factory.UnsatisfiedDependencyException: Error creating bean with name 'employeeServiceImpl': Unsatisfied dependency expressed through field 'employeeDAOWrapper'; nested exception is org.springframework.beans.factory.UnsatisfiedDependencyException: Error creating bean with name 'employeeDAOWrapper': Unsatisfied dependency expressed through field 'employeeDAO'; nested exception is org.springframework.beans.factory.NoSuchBeanDefinitionException: No qualifying bean of type 'com.microservices.learn.dao.EmployeeDAO' available: expected at least 1 bean which qualifies as autowire candidate. Dependency annotations: {@org.springframework.beans.factory.annotation.Autowired(required=true)}
30-Mar-2026 21:11:08.592 SEVERE [http-nio-8080-exec-10] org.springframework.web.servlet.FrameworkServlet.initServletBean Context initialization failed
	org.springframework.beans.factory.UnsatisfiedDependencyException: Error creating bean with name 'employeeServiceImpl': Unsatisfied dependency expressed through field 'employeeDAOWrapper'; nested exception is org.springframework.beans.factory.UnsatisfiedDependencyException: Error creating bean with name 'employeeDAOWrapper': Unsatisfied dependency expressed through field 'employeeDAO'; nested exception is org.springframework.beans.factory.NoSuchBeanDefinitionException: No qualifying bean of type 'com.microservices.learn.dao.EmployeeDAO' available: expected at least 1 bean which qualifies as autowire candidate. Dependency annotations: {@org.springframework.beans.factory.annotation.Autowired(required=true)}
		at org.springframework.beans.factory.annotation.AutowiredAnnotationBeanPostProcessor$AutowiredFieldElement.resolveFieldValue(AutowiredAnnotationBeanPostProcessor.java:659)
		at org.springframework.beans.factory.annotation.AutowiredAnnotationBeanPostProcessor$AutowiredFieldElement.inject(AutowiredAnnotationBeanPostProcessor.java:639)
		at org.springframework.beans.factory.annotation.InjectionMetadata.inject(InjectionMetadata.java:119)
		at org.springframework.beans.factory.annotation.AutowiredAnnotationBeanPostProcessor.postProcessProperties(AutowiredAnnotationBeanPostProcessor.java:399)
		at org.springframework.beans.factory.support.AbstractAutowireCapableBeanFactory.populateBean(AbstractAutowireCapableBeanFactory.java:1431)
		at org.springframework.beans.factory.support.AbstractAutowireCapableBeanFactory.doCreateBean(AbstractAutowireCapableBeanFactory.java:619)
		at org.springframework.beans.factory.support.AbstractAutowireCapableBeanFactory.createBean(AbstractAutowireCapableBeanFactory.java:542)
		at org.springframework.beans.factory.support.AbstractBeanFactory.lambda$doGetBean$0(AbstractBeanFactory.java:335)
		at org.springframework.beans.factory.support.DefaultSingletonBeanRegistry.getSingleton(DefaultSingletonBeanRegistry.java:234)
		at org.springframework.beans.factory.support.AbstractBeanFactory.doGetBean(AbstractBeanFactory.java:333)
		at org.springframework.beans.factory.support.AbstractBeanFactory.getBean(AbstractBeanFactory.java:208)
		at org.springframework.beans.factory.support.DefaultListableBeanFactory.preInstantiateSingletons(DefaultListableBeanFactory.java:955)
		at org.springframework.context.support.AbstractApplicationContext.finishBeanFactoryInitialization(AbstractApplicationContext.java:918)
		at org.springframework.context.support.AbstractApplicationContext.refresh(AbstractApplicationContext.java:583)
		at org.springframework.web.servlet.FrameworkServlet.configureAndRefreshWebApplicationContext(FrameworkServlet.java:702)
		at org.springframework.web.servlet.FrameworkServlet.createWebApplicationContext(FrameworkServlet.java:668)
		at org.springframework.web.servlet.FrameworkServlet.createWebApplicationContext(FrameworkServlet.java:716)
		at org.springframework.web.servlet.FrameworkServlet.initWebApplicationContext(FrameworkServlet.java:591)
		at org.springframework.web.servlet.FrameworkServlet.initServletBean(FrameworkServlet.java:530)
		at org.springframework.web.servlet.HttpServletBean.init(HttpServletBean.java:170)
		at javax.servlet.GenericServlet.init(GenericServlet.java:143)
		at org.apache.catalina.core.StandardWrapper.initServlet(StandardWrapper.java:986)
		at org.apache.catalina.core.StandardWrapper.loadServlet(StandardWrapper.java:943)
		at org.apache.catalina.core.StandardWrapper.allocate(StandardWrapper.java:661)
		at org.apache.catalina.core.StandardWrapperValve.invoke(StandardWrapperValve.java:114)
		at org.apache.catalina.core.StandardContextValve.invoke(StandardContextValve.java:88)
		at org.apache.catalina.authenticator.AuthenticatorBase.invoke(AuthenticatorBase.java:491)
		at org.apache.catalina.core.StandardHostValve.invoke(StandardHostValve.java:127)
		at org.apache.catalina.valves.ErrorReportValve.invoke(ErrorReportValve.java:83)
		at org.apache.catalina.valves.AbstractAccessLogValve.invoke(AbstractAccessLogValve.java:643)
		at org.apache.catalina.core.StandardEngineValve.invoke(StandardEngineValve.java:72)
		at org.apache.catalina.connector.CoyoteAdapter.service(CoyoteAdapter.java:344)
		at org.apache.coyote.http11.Http11Processor.service(Http11Processor.java:398)
		at org.apache.coyote.AbstractProcessorLight.process(AbstractProcessorLight.java:63)
		at org.apache.coyote.AbstractProtocol$ConnectionHandler.process(AbstractProtocol.java:939)
		at org.apache.tomcat.util.net.NioEndpoint$SocketProcessor.doRun(NioEndpoint.java:1832)
		at org.apache.tomcat.util.net.SocketProcessorBase.run(SocketProcessorBase.java:52)
		at org.apache.tomcat.util.threads.ThreadPoolExecutor.runWorker(ThreadPoolExecutor.java:973)
		at org.apache.tomcat.util.threads.ThreadPoolExecutor$Worker.run(ThreadPoolExecutor.java:491)
		at org.apache.tomcat.util.threads.TaskThread$WrappingRunnable.run(TaskThread.java:63)
		at java.base/java.lang.Thread.run(Thread.java:840)
	Caused by: org.springframework.beans.factory.UnsatisfiedDependencyException: Error creating bean with name 'employeeDAOWrapper': Unsatisfied dependency expressed through field 'employeeDAO'; nested exception is org.springframework.beans.factory.NoSuchBeanDefinitionException: No qualifying bean of type 'com.microservices.learn.dao.EmployeeDAO' available: expected at least 1 bean which qualifies as autowire candidate. Dependency annotations: {@org.springframework.beans.factory.annotation.Autowired(required=true)}
		at org.springframework.beans.factory.annotation.AutowiredAnnotationBeanPostProcessor$AutowiredFieldElement.resolveFieldValue(AutowiredAnnotationBeanPostProcessor.java:659)
		at org.springframework.beans.factory.annotation.AutowiredAnnotationBeanPostProcessor$AutowiredFieldElement.inject(AutowiredAnnotationBeanPostProcessor.java:639)
		at org.springframework.beans.factory.annotation.InjectionMetadata.inject(InjectionMetadata.java:119)
		at org.springframework.beans.factory.annotation.AutowiredAnnotationBeanPostProcessor.postProcessProperties(AutowiredAnnotationBeanPostProcessor.java:399)
		at org.springframework.beans.factory.support.AbstractAutowireCapableBeanFactory.populateBean(AbstractAutowireCapableBeanFactory.java:1431)
		at org.springframework.beans.factory.support.AbstractAutowireCapableBeanFactory.doCreateBean(AbstractAutowireCapableBeanFactory.java:619)
		at org.springframework.beans.factory.support.AbstractAutowireCapableBeanFactory.createBean(AbstractAutowireCapableBeanFactory.java:542)
		at org.springframework.beans.factory.support.AbstractBeanFactory.lambda$doGetBean$0(AbstractBeanFactory.java:335)
		at org.springframework.beans.factory.support.DefaultSingletonBeanRegistry.getSingleton(DefaultSingletonBeanRegistry.java:234)
		at org.springframework.beans.factory.support.AbstractBeanFactory.doGetBean(AbstractBeanFactory.java:333)
		at org.springframework.beans.factory.support.AbstractBeanFactory.getBean(AbstractBeanFactory.java:208)
		at org.springframework.beans.factory.config.DependencyDescriptor.resolveCandidate(DependencyDescriptor.java:276)
		at org.springframework.beans.factory.support.DefaultListableBeanFactory.doResolveDependency(DefaultListableBeanFactory.java:1391)
		at org.springframework.beans.factory.support.DefaultListableBeanFactory.resolveDependency(DefaultListableBeanFactory.java:1311)
		at org.springframework.beans.factory.annotation.AutowiredAnnotationBeanPostProcessor$AutowiredFieldElement.resolveFieldValue(AutowiredAnnotationBeanPostProcessor.java:656)
		... 40 more
	Caused by: org.springframework.beans.factory.NoSuchBeanDefinitionException: No qualifying bean of type 'com.microservices.learn.dao.EmployeeDAO' available: expected at least 1 bean which qualifies as autowire candidate. Dependency annotations: {@org.springframework.beans.factory.annotation.Autowired(required=true)}
		at org.springframework.beans.factory.support.DefaultListableBeanFactory.raiseNoMatchingBeanFound(DefaultListableBeanFactory.java:1801)
		at org.springframework.beans.factory.support.DefaultListableBeanFactory.doResolveDependency(DefaultListableBeanFactory.java:1357)
		at org.springframework.beans.factory.support.DefaultListableBeanFactory.resolveDependency(DefaultListableBeanFactory.java:1311)
		at org.springframework.beans.factory.annotation.AutowiredAnnotationBeanPostProcessor$AutowiredFieldElement.resolveFieldValue(AutowiredAnnotationBeanPostProcessor.java:656)
		... 54 more
30-Mar-2026 21:11:08.780 INFO [http-nio-8080-exec-1] org.springframework.web.servlet.FrameworkServlet.initServletBean Initializing Servlet 'cstspconf-web'
30-Mar-2026 21:11:08.799 WARNING [http-nio-8080-exec-1] org.springframework.context.support.AbstractApplicationContext.refresh Exception encountered during context initialization - cancelling refresh attempt: org.springframework.beans.factory.UnsatisfiedDependencyException: Error creating bean with name 'employeeServiceImpl': Unsatisfied dependency expressed through field 'employeeDAOWrapper'; nested exception is org.springframework.beans.factory.UnsatisfiedDependencyException: Error creating bean with name 'employeeDAOWrapper': Unsatisfied dependency expressed through field 'employeeDAO'; nested exception is org.springframework.beans.factory.NoSuchBeanDefinitionException: No qualifying bean of type 'com.microservices.learn.dao.EmployeeDAO' available: expected at least 1 bean which qualifies as autowire candidate. Dependency annotations: {@org.springframework.beans.factory.annotation.Autowired(required=true)}
30-Mar-2026 21:11:08.800 SEVERE [http-nio-8080-exec-1] org.springframework.web.servlet.FrameworkServlet.initServletBean Context initialization failed
	org.springframework.beans.factory.UnsatisfiedDependencyException: Error creating bean with name 'employeeServiceImpl': Unsatisfied dependency expressed through field 'employeeDAOWrapper'; nested exception is org.springframework.beans.factory.UnsatisfiedDependencyException: Error creating bean with name 'employeeDAOWrapper': Unsatisfied dependency expressed through field 'employeeDAO'; nested exception is org.springframework.beans.factory.NoSuchBeanDefinitionException: No qualifying bean of type 'com.microservices.learn.dao.EmployeeDAO' available: expected at least 1 bean which qualifies as autowire candidate. Dependency annotations: {@org.springframework.beans.factory.annotation.Autowired(required=true)}
		at org.springframework.beans.factory.annotation.AutowiredAnnotationBeanPostProcessor$AutowiredFieldElement.resolveFieldValue(AutowiredAnnotationBeanPostProcessor.java:659)
		at org.springframework.beans.factory.annotation.AutowiredAnnotationBeanPostProcessor$AutowiredFieldElement.inject(AutowiredAnnotationBeanPostProcessor.java:639)
		at org.springframework.beans.factory.annotation.InjectionMetadata.inject(InjectionMetadata.java:119)
		at org.springframework.beans.factory.annotation.AutowiredAnnotationBeanPostProcessor.postProcessProperties(AutowiredAnnotationBeanPostProcessor.java:399)
		at org.springframework.beans.factory.support.AbstractAutowireCapableBeanFactory.populateBean(AbstractAutowireCapableBeanFactory.java:1431)
		at org.springframework.beans.factory.support.AbstractAutowireCapableBeanFactory.doCreateBean(AbstractAutowireCapableBeanFactory.java:619)
		at org.springframework.beans.factory.support.AbstractAutowireCapableBeanFactory.createBean(AbstractAutowireCapableBeanFactory.java:542)
		at org.springframework.beans.factory.support.AbstractBeanFactory.lambda$doGetBean$0(AbstractBeanFactory.java:335)
		at org.springframework.beans.factory.support.DefaultSingletonBeanRegistry.getSingleton(DefaultSingletonBeanRegistry.java:234)
		at org.springframework.beans.factory.support.AbstractBeanFactory.doGetBean(AbstractBeanFactory.java:333)
		at org.springframework.beans.factory.support.AbstractBeanFactory.getBean(AbstractBeanFactory.java:208)
		at org.springframework.beans.factory.support.DefaultListableBeanFactory.preInstantiateSingletons(DefaultListableBeanFactory.java:955)
		at org.springframework.context.support.AbstractApplicationContext.finishBeanFactoryInitialization(AbstractApplicationContext.java:918)
		at org.springframework.context.support.AbstractApplicationContext.refresh(AbstractApplicationContext.java:583)
		at org.springframework.web.servlet.FrameworkServlet.configureAndRefreshWebApplicationContext(FrameworkServlet.java:702)
		at org.springframework.web.servlet.FrameworkServlet.createWebApplicationContext(FrameworkServlet.java:668)
		at org.springframework.web.servlet.FrameworkServlet.createWebApplicationContext(FrameworkServlet.java:716)
		at org.springframework.web.servlet.FrameworkServlet.initWebApplicationContext(FrameworkServlet.java:591)
		at org.springframework.web.servlet.FrameworkServlet.initServletBean(FrameworkServlet.java:530)
		at org.springframework.web.servlet.HttpServletBean.init(HttpServletBean.java:170)
		at javax.servlet.GenericServlet.init(GenericServlet.java:143)
		at org.apache.catalina.core.StandardWrapper.initServlet(StandardWrapper.java:986)
		at org.apache.catalina.core.StandardWrapper.loadServlet(StandardWrapper.java:943)
		at org.apache.catalina.core.StandardWrapper.allocate(StandardWrapper.java:661)
		at org.apache.catalina.core.StandardWrapperValve.invoke(StandardWrapperValve.java:114)
		at org.apache.catalina.core.StandardContextValve.invoke(StandardContextValve.java:88)
		at org.apache.catalina.authenticator.AuthenticatorBase.invoke(AuthenticatorBase.java:491)
		at org.apache.catalina.core.StandardHostValve.invoke(StandardHostValve.java:127)
		at org.apache.catalina.valves.ErrorReportValve.invoke(ErrorReportValve.java:83)
		at org.apache.catalina.valves.AbstractAccessLogValve.invoke(AbstractAccessLogValve.java:643)
		at org.apache.catalina.core.StandardEngineValve.invoke(StandardEngineValve.java:72)
		at org.apache.catalina.connector.CoyoteAdapter.service(CoyoteAdapter.java:344)
		at org.apache.coyote.http11.Http11Processor.service(Http11Processor.java:398)
		at org.apache.coyote.AbstractProcessorLight.process(AbstractProcessorLight.java:63)
		at org.apache.coyote.AbstractProtocol$ConnectionHandler.process(AbstractProtocol.java:939)
		at org.apache.tomcat.util.net.NioEndpoint$SocketProcessor.doRun(NioEndpoint.java:1832)
		at org.apache.tomcat.util.net.SocketProcessorBase.run(SocketProcessorBase.java:52)
		at org.apache.tomcat.util.threads.ThreadPoolExecutor.runWorker(ThreadPoolExecutor.java:973)
		at org.apache.tomcat.util.threads.ThreadPoolExecutor$Worker.run(ThreadPoolExecutor.java:491)
		at org.apache.tomcat.util.threads.TaskThread$WrappingRunnable.run(TaskThread.java:63)
		at java.base/java.lang.Thread.run(Thread.java:840)
	Caused by: org.springframework.beans.factory.UnsatisfiedDependencyException: Error creating bean with name 'employeeDAOWrapper': Unsatisfied dependency expressed through field 'employeeDAO'; nested exception is org.springframework.beans.factory.NoSuchBeanDefinitionException: No qualifying bean of type 'com.microservices.learn.dao.EmployeeDAO' available: expected at least 1 bean which qualifies as autowire candidate. Dependency annotations: {@org.springframework.beans.factory.annotation.Autowired(required=true)}
		at org.springframework.beans.factory.annotation.AutowiredAnnotationBeanPostProcessor$AutowiredFieldElement.resolveFieldValue(AutowiredAnnotationBeanPostProcessor.java:659)
		at org.springframework.beans.factory.annotation.AutowiredAnnotationBeanPostProcessor$AutowiredFieldElement.inject(AutowiredAnnotationBeanPostProcessor.java:639)
		at org.springframework.beans.factory.annotation.InjectionMetadata.inject(InjectionMetadata.java:119)
		at org.springframework.beans.factory.annotation.AutowiredAnnotationBeanPostProcessor.postProcessProperties(AutowiredAnnotationBeanPostProcessor.java:399)
		at org.springframework.beans.factory.support.AbstractAutowireCapableBeanFactory.populateBean(AbstractAutowireCapableBeanFactory.java:1431)
		at org.springframework.beans.factory.support.AbstractAutowireCapableBeanFactory.doCreateBean(AbstractAutowireCapableBeanFactory.java:619)
		at org.springframework.beans.factory.support.AbstractAutowireCapableBeanFactory.createBean(AbstractAutowireCapableBeanFactory.java:542)
		at org.springframework.beans.factory.support.AbstractBeanFactory.lambda$doGetBean$0(AbstractBeanFactory.java:335)
		at org.springframework.beans.factory.support.DefaultSingletonBeanRegistry.getSingleton(DefaultSingletonBeanRegistry.java:234)
		at org.springframework.beans.factory.support.AbstractBeanFactory.doGetBean(AbstractBeanFactory.java:333)
		at org.springframework.beans.factory.support.AbstractBeanFactory.getBean(AbstractBeanFactory.java:208)
		at org.springframework.beans.factory.config.DependencyDescriptor.resolveCandidate(DependencyDescriptor.java:276)
		at org.springframework.beans.factory.support.DefaultListableBeanFactory.doResolveDependency(DefaultListableBeanFactory.java:1391)
		at org.springframework.beans.factory.support.DefaultListableBeanFactory.resolveDependency(DefaultListableBeanFactory.java:1311)
		at org.springframework.beans.factory.annotation.AutowiredAnnotationBeanPostProcessor$AutowiredFieldElement.resolveFieldValue(AutowiredAnnotationBeanPostProcessor.java:656)
		... 40 more
	Caused by: org.springframework.beans.factory.NoSuchBeanDefinitionException: No qualifying bean of type 'com.microservices.learn.dao.EmployeeDAO' available: expected at least 1 bean which qualifies as autowire candidate. Dependency annotations: {@org.springframework.beans.factory.annotation.Autowired(required=true)}
		at org.springframework.beans.factory.support.DefaultListableBeanFactory.raiseNoMatchingBeanFound(DefaultListableBeanFactory.java:1801)
		at org.springframework.beans.factory.support.DefaultListableBeanFactory.doResolveDependency(DefaultListableBeanFactory.java:1357)
		at org.springframework.beans.factory.support.DefaultListableBeanFactory.resolveDependency(DefaultListableBeanFactory.java:1311)
		at org.springframework.beans.factory.annotation.AutowiredAnnotationBeanPostProcessor$AutowiredFieldElement.resolveFieldValue(AutowiredAnnotationBeanPostProcessor.java:656)
		... 54 more
30-Mar-2026 21:11:08.939 INFO [http-nio-8080-exec-2] org.springframework.web.servlet.FrameworkServlet.initServletBean Initializing Servlet 'cstspconf-web'
30-Mar-2026 21:11:08.950 WARNING [http-nio-8080-exec-2] org.springframework.context.support.AbstractApplicationContext.refresh Exception encountered during context initialization - cancelling refresh attempt: org.springframework.beans.factory.UnsatisfiedDependencyException: Error creating bean with name 'employeeServiceImpl': Unsatisfied dependency expressed through field 'employeeDAOWrapper'; nested exception is org.springframework.beans.factory.UnsatisfiedDependencyException: Error creating bean with name 'employeeDAOWrapper': Unsatisfied dependency expressed through field 'employeeDAO'; nested exception is org.springframework.beans.factory.NoSuchBeanDefinitionException: No qualifying bean of type 'com.microservices.learn.dao.EmployeeDAO' available: expected at least 1 bean which qualifies as autowire candidate. Dependency annotations: {@org.springframework.beans.factory.annotation.Autowired(required=true)}
30-Mar-2026 21:11:08.950 SEVERE [http-nio-8080-exec-2] org.springframework.web.servlet.FrameworkServlet.initServletBean Context initialization failed
	org.springframework.beans.factory.UnsatisfiedDependencyException: Error creating bean with name 'employeeServiceImpl': Unsatisfied dependency expressed through field 'employeeDAOWrapper'; nested exception is org.springframework.beans.factory.UnsatisfiedDependencyException: Error creating bean with name 'employeeDAOWrapper': Unsatisfied dependency expressed through field 'employeeDAO'; nested exception is org.springframework.beans.factory.NoSuchBeanDefinitionException: No qualifying bean of type 'com.microservices.learn.dao.EmployeeDAO' available: expected at least 1 bean which qualifies as autowire candidate. Dependency annotations: {@org.springframework.beans.factory.annotation.Autowired(required=true)}
		at org.springframework.beans.factory.annotation.AutowiredAnnotationBeanPostProcessor$AutowiredFieldElement.resolveFieldValue(AutowiredAnnotationBeanPostProcessor.java:659)
		at org.springframework.beans.factory.annotation.AutowiredAnnotationBeanPostProcessor$AutowiredFieldElement.inject(AutowiredAnnotationBeanPostProcessor.java:639)
		at org.springframework.beans.factory.annotation.InjectionMetadata.inject(InjectionMetadata.java:119)
		at org.springframework.beans.factory.annotation.AutowiredAnnotationBeanPostProcessor.postProcessProperties(AutowiredAnnotationBeanPostProcessor.java:399)
		at org.springframework.beans.factory.support.AbstractAutowireCapableBeanFactory.populateBean(AbstractAutowireCapableBeanFactory.java:1431)
		at org.springframework.beans.factory.support.AbstractAutowireCapableBeanFactory.doCreateBean(AbstractAutowireCapableBeanFactory.java:619)
		at org.springframework.beans.factory.support.AbstractAutowireCapableBeanFactory.createBean(AbstractAutowireCapableBeanFactory.java:542)
		at org.springframework.beans.factory.support.AbstractBeanFactory.lambda$doGetBean$0(AbstractBeanFactory.java:335)
		at org.springframework.beans.factory.support.DefaultSingletonBeanRegistry.getSingleton(DefaultSingletonBeanRegistry.java:234)
		at org.springframework.beans.factory.support.AbstractBeanFactory.doGetBean(AbstractBeanFactory.java:333)
		at org.springframework.beans.factory.support.AbstractBeanFactory.getBean(AbstractBeanFactory.java:208)
		at org.springframework.beans.factory.support.DefaultListableBeanFactory.preInstantiateSingletons(DefaultListableBeanFactory.java:955)
		at org.springframework.context.support.AbstractApplicationContext.finishBeanFactoryInitialization(AbstractApplicationContext.java:918)
		at org.springframework.context.support.AbstractApplicationContext.refresh(AbstractApplicationContext.java:583)
		at org.springframework.web.servlet.FrameworkServlet.configureAndRefreshWebApplicationContext(FrameworkServlet.java:702)
		at org.springframework.web.servlet.FrameworkServlet.createWebApplicationContext(FrameworkServlet.java:668)
		at org.springframework.web.servlet.FrameworkServlet.createWebApplicationContext(FrameworkServlet.java:716)
		at org.springframework.web.servlet.FrameworkServlet.initWebApplicationContext(FrameworkServlet.java:591)
		at org.springframework.web.servlet.FrameworkServlet.initServletBean(FrameworkServlet.java:530)
		at org.springframework.web.servlet.HttpServletBean.init(HttpServletBean.java:170)
		at javax.servlet.GenericServlet.init(GenericServlet.java:143)
		at org.apache.catalina.core.StandardWrapper.initServlet(StandardWrapper.java:986)
		at org.apache.catalina.core.StandardWrapper.loadServlet(StandardWrapper.java:943)
		at org.apache.catalina.core.StandardWrapper.allocate(StandardWrapper.java:661)
		at org.apache.catalina.core.StandardWrapperValve.invoke(StandardWrapperValve.java:114)
		at org.apache.catalina.core.StandardContextValve.invoke(StandardContextValve.java:88)
		at org.apache.catalina.authenticator.AuthenticatorBase.invoke(AuthenticatorBase.java:491)
		at org.apache.catalina.core.StandardHostValve.invoke(StandardHostValve.java:127)
		at org.apache.catalina.valves.ErrorReportValve.invoke(ErrorReportValve.java:83)
		at org.apache.catalina.valves.AbstractAccessLogValve.invoke(AbstractAccessLogValve.java:643)
		at org.apache.catalina.core.StandardEngineValve.invoke(StandardEngineValve.java:72)
		at org.apache.catalina.connector.CoyoteAdapter.service(CoyoteAdapter.java:344)
		at org.apache.coyote.http11.Http11Processor.service(Http11Processor.java:398)
		at org.apache.coyote.AbstractProcessorLight.process(AbstractProcessorLight.java:63)
		at org.apache.coyote.AbstractProtocol$ConnectionHandler.process(AbstractProtocol.java:939)
		at org.apache.tomcat.util.net.NioEndpoint$SocketProcessor.doRun(NioEndpoint.java:1832)
		at org.apache.tomcat.util.net.SocketProcessorBase.run(SocketProcessorBase.java:52)
		at org.apache.tomcat.util.threads.ThreadPoolExecutor.runWorker(ThreadPoolExecutor.java:973)
		at org.apache.tomcat.util.threads.ThreadPoolExecutor$Worker.run(ThreadPoolExecutor.java:491)
		at org.apache.tomcat.util.threads.TaskThread$WrappingRunnable.run(TaskThread.java:63)
		at java.base/java.lang.Thread.run(Thread.java:840)
	Caused by: org.springframework.beans.factory.UnsatisfiedDependencyException: Error creating bean with name 'employeeDAOWrapper': Unsatisfied dependency expressed through field 'employeeDAO'; nested exception is org.springframework.beans.factory.NoSuchBeanDefinitionException: No qualifying bean of type 'com.microservices.learn.dao.EmployeeDAO' available: expected at least 1 bean which qualifies as autowire candidate. Dependency annotations: {@org.springframework.beans.factory.annotation.Autowired(required=true)}
		at org.springframework.beans.factory.annotation.AutowiredAnnotationBeanPostProcessor$AutowiredFieldElement.resolveFieldValue(AutowiredAnnotationBeanPostProcessor.java:659)
		at org.springframework.beans.factory.annotation.AutowiredAnnotationBeanPostProcessor$AutowiredFieldElement.inject(AutowiredAnnotationBeanPostProcessor.java:639)
		at org.springframework.beans.factory.annotation.InjectionMetadata.inject(InjectionMetadata.java:119)
		at org.springframework.beans.factory.annotation.AutowiredAnnotationBeanPostProcessor.postProcessProperties(AutowiredAnnotationBeanPostProcessor.java:399)
		at org.springframework.beans.factory.support.AbstractAutowireCapableBeanFactory.populateBean(AbstractAutowireCapableBeanFactory.java:1431)
		at org.springframework.beans.factory.support.AbstractAutowireCapableBeanFactory.doCreateBean(AbstractAutowireCapableBeanFactory.java:619)
		at org.springframework.beans.factory.support.AbstractAutowireCapableBeanFactory.createBean(AbstractAutowireCapableBeanFactory.java:542)
		at org.springframework.beans.factory.support.AbstractBeanFactory.lambda$doGetBean$0(AbstractBeanFactory.java:335)
		at org.springframework.beans.factory.support.DefaultSingletonBeanRegistry.getSingleton(DefaultSingletonBeanRegistry.java:234)
		at org.springframework.beans.factory.support.AbstractBeanFactory.doGetBean(AbstractBeanFactory.java:333)
		at org.springframework.beans.factory.support.AbstractBeanFactory.getBean(AbstractBeanFactory.java:208)
		at org.springframework.beans.factory.config.DependencyDescriptor.resolveCandidate(DependencyDescriptor.java:276)
		at org.springframework.beans.factory.support.DefaultListableBeanFactory.doResolveDependency(DefaultListableBeanFactory.java:1391)
		at org.springframework.beans.factory.support.DefaultListableBeanFactory.resolveDependency(DefaultListableBeanFactory.java:1311)
		at org.springframework.beans.factory.annotation.AutowiredAnnotationBeanPostProcessor$AutowiredFieldElement.resolveFieldValue(AutowiredAnnotationBeanPostProcessor.java:656)
		... 40 more
	Caused by: org.springframework.beans.factory.NoSuchBeanDefinitionException: No qualifying bean of type 'com.microservices.learn.dao.EmployeeDAO' available: expected at least 1 bean which qualifies as autowire candidate. Dependency annotations: {@org.springframework.beans.factory.annotation.Autowired(required=true)}
		at org.springframework.beans.factory.support.DefaultListableBeanFactory.raiseNoMatchingBeanFound(DefaultListableBeanFactory.java:1801)
		at org.springframework.beans.factory.support.DefaultListableBeanFactory.doResolveDependency(DefaultListableBeanFactory.java:1357)
		at org.springframework.beans.factory.support.DefaultListableBeanFactory.resolveDependency(DefaultListableBeanFactory.java:1311)
		at org.springframework.beans.factory.annotation.AutowiredAnnotationBeanPostProcessor$AutowiredFieldElement.resolveFieldValue(AutowiredAnnotationBeanPostProcessor.java:656)
		... 54 more
30-Mar-2026 21:14:30.656 INFO [main] org.apache.catalina.core.StandardServer.await A valid shutdown command was received via the shutdown port. Stopping the Server instance.
30-Mar-2026 21:14:30.657 INFO [main] org.apache.coyote.AbstractProtocol.pause Pausing ProtocolHandler ["http-nio-8080"]
30-Mar-2026 21:14:30.660 INFO [main] org.apache.catalina.core.StandardService.stopInternal Stopping service [Catalina]
30-Mar-2026 21:14:30.674 INFO [main] org.apache.coyote.AbstractProtocol.stop Stopping ProtocolHandler ["http-nio-8080"]
30-Mar-2026 21:14:30.685 INFO [main] org.apache.coyote.AbstractProtocol.destroy Destroying ProtocolHandler ["http-nio-8080"]
NOTE: Picked up JDK_JAVA_OPTIONS:  --add-opens=java.base/java.lang=ALL-UNNAMED --add-opens=java.base/java.lang.invoke=ALL-UNNAMED --add-opens=java.base/java.lang.reflect=ALL-UNNAMED --add-opens=java.base/java.io=ALL-UNNAMED --add-opens=java.base/java.util=ALL-UNNAMED --add-opens=java.base/java.util.concurrent=ALL-UNNAMED --add-opens=java.rmi/sun.rmi.transport=ALL-UNNAMED
30-Mar-2026 21:16:31.047 INFO [main] org.apache.catalina.startup.VersionLoggerListener.log Server version name:   Apache Tomcat/9.0.116
30-Mar-2026 21:16:31.049 INFO [main] org.apache.catalina.startup.VersionLoggerListener.log Server built:          Mar 16 2026 15:05:42 UTC
30-Mar-2026 21:16:31.049 INFO [main] org.apache.catalina.startup.VersionLoggerListener.log Server version number: 9.0.116.0
30-Mar-2026 21:16:31.049 INFO [main] org.apache.catalina.startup.VersionLoggerListener.log OS Name:               Mac OS X
30-Mar-2026 21:16:31.049 INFO [main] org.apache.catalina.startup.VersionLoggerListener.log OS Version:            15.5
30-Mar-2026 21:16:31.049 INFO [main] org.apache.catalina.startup.VersionLoggerListener.log Architecture:          aarch64
30-Mar-2026 21:16:31.049 INFO [main] org.apache.catalina.startup.VersionLoggerListener.log Java Home:             /Users/motocycopath/Library/Java/JavaVirtualMachines/jbr-17.0.14/Contents/Home
30-Mar-2026 21:16:31.049 INFO [main] org.apache.catalina.startup.VersionLoggerListener.log JVM Version:           17.0.14+1-b1367.22
30-Mar-2026 21:16:31.049 INFO [main] org.apache.catalina.startup.VersionLoggerListener.log JVM Vendor:            JetBrains s.r.o.
30-Mar-2026 21:16:31.049 INFO [main] org.apache.catalina.startup.VersionLoggerListener.log CATALINA_BASE:         /Users/motocycopath/Desktop/java-full-stack-training/00-microservices-00/apache-tomcat-9.0.116
30-Mar-2026 21:16:31.049 INFO [main] org.apache.catalina.startup.VersionLoggerListener.log CATALINA_HOME:         /Users/motocycopath/Desktop/java-full-stack-training/00-microservices-00/apache-tomcat-9.0.116
30-Mar-2026 21:16:31.054 INFO [main] org.apache.catalina.startup.VersionLoggerListener.log Command line argument: --add-opens=java.base/java.lang=ALL-UNNAMED
30-Mar-2026 21:16:31.054 INFO [main] org.apache.catalina.startup.VersionLoggerListener.log Command line argument: --add-opens=java.base/java.lang.invoke=ALL-UNNAMED
30-Mar-2026 21:16:31.054 INFO [main] org.apache.catalina.startup.VersionLoggerListener.log Command line argument: --add-opens=java.base/java.lang.reflect=ALL-UNNAMED
30-Mar-2026 21:16:31.054 INFO [main] org.apache.catalina.startup.VersionLoggerListener.log Command line argument: --add-opens=java.base/java.io=ALL-UNNAMED
30-Mar-2026 21:16:31.054 INFO [main] org.apache.catalina.startup.VersionLoggerListener.log Command line argument: --add-opens=java.base/java.util=ALL-UNNAMED
30-Mar-2026 21:16:31.054 INFO [main] org.apache.catalina.startup.VersionLoggerListener.log Command line argument: --add-opens=java.base/java.util.concurrent=ALL-UNNAMED
30-Mar-2026 21:16:31.054 INFO [main] org.apache.catalina.startup.VersionLoggerListener.log Command line argument: --add-opens=java.rmi/sun.rmi.transport=ALL-UNNAMED
30-Mar-2026 21:16:31.054 INFO [main] org.apache.catalina.startup.VersionLoggerListener.log Command line argument: -Djava.util.logging.config.file=/Users/motocycopath/Desktop/java-full-stack-training/00-microservices-00/apache-tomcat-9.0.116/conf/logging.properties
30-Mar-2026 21:16:31.054 INFO [main] org.apache.catalina.startup.VersionLoggerListener.log Command line argument: -Djava.util.logging.manager=org.apache.juli.ClassLoaderLogManager
30-Mar-2026 21:16:31.054 INFO [main] org.apache.catalina.startup.VersionLoggerListener.log Command line argument: -Djdk.tls.ephemeralDHKeySize=2048
30-Mar-2026 21:16:31.054 INFO [main] org.apache.catalina.startup.VersionLoggerListener.log Command line argument: -Djava.protocol.handler.pkgs=org.apache.catalina.webresources
30-Mar-2026 21:16:31.054 INFO [main] org.apache.catalina.startup.VersionLoggerListener.log Command line argument: -Dsun.io.useCanonCaches=false
30-Mar-2026 21:16:31.054 INFO [main] org.apache.catalina.startup.VersionLoggerListener.log Command line argument: -Dorg.apache.catalina.security.SecurityListener.UMASK=0027
30-Mar-2026 21:16:31.054 INFO [main] org.apache.catalina.startup.VersionLoggerListener.log Command line argument: -Dignore.endorsed.dirs=
30-Mar-2026 21:16:31.054 INFO [main] org.apache.catalina.startup.VersionLoggerListener.log Command line argument: -Dcatalina.base=/Users/motocycopath/Desktop/java-full-stack-training/00-microservices-00/apache-tomcat-9.0.116
30-Mar-2026 21:16:31.054 INFO [main] org.apache.catalina.startup.VersionLoggerListener.log Command line argument: -Dcatalina.home=/Users/motocycopath/Desktop/java-full-stack-training/00-microservices-00/apache-tomcat-9.0.116
30-Mar-2026 21:16:31.054 INFO [main] org.apache.catalina.startup.VersionLoggerListener.log Command line argument: -Djava.io.tmpdir=/Users/motocycopath/Desktop/java-full-stack-training/00-microservices-00/apache-tomcat-9.0.116/temp
30-Mar-2026 21:16:31.058 INFO [main] org.apache.catalina.core.AprLifecycleListener.lifecycleEvent The Apache Tomcat Native library which allows using OpenSSL was not found on the java.library.path: [/Users/motocycopath/Library/Java/Extensions:/Library/Java/Extensions:/Network/Library/Java/Extensions:/System/Library/Java/Extensions:/usr/lib/java:.]
30-Mar-2026 21:16:31.163 INFO [main] org.apache.coyote.AbstractProtocol.init Initializing ProtocolHandler ["http-nio-8080"]
30-Mar-2026 21:16:31.174 INFO [main] org.apache.catalina.startup.Catalina.load Server initialization in [197] milliseconds
30-Mar-2026 21:16:31.189 INFO [main] org.apache.catalina.core.StandardService.startInternal Starting service [Catalina]
30-Mar-2026 21:16:31.189 INFO [main] org.apache.catalina.core.StandardEngine.startInternal Starting Servlet engine: [Apache Tomcat/9.0.116]
30-Mar-2026 21:16:31.191 INFO [main] org.apache.catalina.startup.HostConfig.deployDirectory Deploying web application directory [/Users/motocycopath/Desktop/java-full-stack-training/00-microservices-00/apache-tomcat-9.0.116/webapps/employee-service]
30-Mar-2026 21:16:31.935 INFO [main] org.apache.jasper.servlet.TldScanner.scanJars At least one JAR was scanned for TLDs yet contained no TLDs. Enable debug logging for this logger for a complete list of JARs that were scanned but no TLDs were found in them. Skipping unneeded JARs during scanning can improve startup time and JSP compilation time.
30-Mar-2026 21:16:31.993 INFO [main] org.springframework.web.servlet.FrameworkServlet.initServletBean Initializing Servlet 'cstspconf-web'
30-Mar-2026 21:16:32.154 WARNING [main] org.springframework.context.support.AbstractApplicationContext.refresh Exception encountered during context initialization - cancelling refresh attempt: org.springframework.beans.factory.UnsatisfiedDependencyException: Error creating bean with name 'employeeServiceImpl': Unsatisfied dependency expressed through field 'employeeDAOWrapper'; nested exception is org.springframework.beans.factory.UnsatisfiedDependencyException: Error creating bean with name 'employeeDAOWrapper': Unsatisfied dependency expressed through field 'employeeDAO'; nested exception is org.springframework.beans.factory.NoSuchBeanDefinitionException: No qualifying bean of type 'com.microservices.learn.dao.EmployeeDAO' available: expected at least 1 bean which qualifies as autowire candidate. Dependency annotations: {@org.springframework.beans.factory.annotation.Autowired(required=true)}
30-Mar-2026 21:16:32.155 SEVERE [main] org.springframework.web.servlet.FrameworkServlet.initServletBean Context initialization failed
	org.springframework.beans.factory.UnsatisfiedDependencyException: Error creating bean with name 'employeeServiceImpl': Unsatisfied dependency expressed through field 'employeeDAOWrapper'; nested exception is org.springframework.beans.factory.UnsatisfiedDependencyException: Error creating bean with name 'employeeDAOWrapper': Unsatisfied dependency expressed through field 'employeeDAO'; nested exception is org.springframework.beans.factory.NoSuchBeanDefinitionException: No qualifying bean of type 'com.microservices.learn.dao.EmployeeDAO' available: expected at least 1 bean which qualifies as autowire candidate. Dependency annotations: {@org.springframework.beans.factory.annotation.Autowired(required=true)}
		at org.springframework.beans.factory.annotation.AutowiredAnnotationBeanPostProcessor$AutowiredFieldElement.resolveFieldValue(AutowiredAnnotationBeanPostProcessor.java:659)
		at org.springframework.beans.factory.annotation.AutowiredAnnotationBeanPostProcessor$AutowiredFieldElement.inject(AutowiredAnnotationBeanPostProcessor.java:639)
		at org.springframework.beans.factory.annotation.InjectionMetadata.inject(InjectionMetadata.java:119)
		at org.springframework.beans.factory.annotation.AutowiredAnnotationBeanPostProcessor.postProcessProperties(AutowiredAnnotationBeanPostProcessor.java:399)
		at org.springframework.beans.factory.support.AbstractAutowireCapableBeanFactory.populateBean(AbstractAutowireCapableBeanFactory.java:1431)
		at org.springframework.beans.factory.support.AbstractAutowireCapableBeanFactory.doCreateBean(AbstractAutowireCapableBeanFactory.java:619)
		at org.springframework.beans.factory.support.AbstractAutowireCapableBeanFactory.createBean(AbstractAutowireCapableBeanFactory.java:542)
		at org.springframework.beans.factory.support.AbstractBeanFactory.lambda$doGetBean$0(AbstractBeanFactory.java:335)
		at org.springframework.beans.factory.support.DefaultSingletonBeanRegistry.getSingleton(DefaultSingletonBeanRegistry.java:234)
		at org.springframework.beans.factory.support.AbstractBeanFactory.doGetBean(AbstractBeanFactory.java:333)
		at org.springframework.beans.factory.support.AbstractBeanFactory.getBean(AbstractBeanFactory.java:208)
		at org.springframework.beans.factory.support.DefaultListableBeanFactory.preInstantiateSingletons(DefaultListableBeanFactory.java:955)
		at org.springframework.context.support.AbstractApplicationContext.finishBeanFactoryInitialization(AbstractApplicationContext.java:918)
		at org.springframework.context.support.AbstractApplicationContext.refresh(AbstractApplicationContext.java:583)
		at org.springframework.web.servlet.FrameworkServlet.configureAndRefreshWebApplicationContext(FrameworkServlet.java:702)
		at org.springframework.web.servlet.FrameworkServlet.createWebApplicationContext(FrameworkServlet.java:668)
		at org.springframework.web.servlet.FrameworkServlet.createWebApplicationContext(FrameworkServlet.java:716)
		at org.springframework.web.servlet.FrameworkServlet.initWebApplicationContext(FrameworkServlet.java:591)
		at org.springframework.web.servlet.FrameworkServlet.initServletBean(FrameworkServlet.java:530)
		at org.springframework.web.servlet.HttpServletBean.init(HttpServletBean.java:170)
		at javax.servlet.GenericServlet.init(GenericServlet.java:143)
		at org.apache.catalina.core.StandardWrapper.initServlet(StandardWrapper.java:986)
		at org.apache.catalina.core.StandardWrapper.loadServlet(StandardWrapper.java:943)
		at org.apache.catalina.core.StandardWrapper.load(StandardWrapper.java:840)
		at org.apache.catalina.core.StandardContext.loadOnStartup(StandardContext.java:4222)
		at org.apache.catalina.core.StandardContext.startInternal(StandardContext.java:4523)
		at org.apache.catalina.util.LifecycleBase.start(LifecycleBase.java:164)
		at org.apache.catalina.core.ContainerBase.addChildInternal(ContainerBase.java:597)
		at org.apache.catalina.core.ContainerBase.addChild(ContainerBase.java:569)
		at org.apache.catalina.core.StandardHost.addChild(StandardHost.java:608)
		at org.apache.catalina.startup.HostConfig.deployDirectory(HostConfig.java:1171)
		at org.apache.catalina.startup.HostConfig$DeployDirectory.run(HostConfig.java:1880)
		at java.base/java.util.concurrent.Executors$RunnableAdapter.call(Executors.java:539)
		at java.base/java.util.concurrent.FutureTask.run(FutureTask.java:264)
		at org.apache.tomcat.util.threads.InlineExecutorService.execute(InlineExecutorService.java:82)
		at java.base/java.util.concurrent.AbstractExecutorService.submit(AbstractExecutorService.java:123)
		at org.apache.catalina.startup.HostConfig.deployDirectories(HostConfig.java:1082)
		at org.apache.catalina.startup.HostConfig.deployApps(HostConfig.java:467)
		at org.apache.catalina.startup.HostConfig.start(HostConfig.java:1576)
		at org.apache.catalina.startup.HostConfig.lifecycleEvent(HostConfig.java:309)
		at org.apache.catalina.util.LifecycleBase.fireLifecycleEvent(LifecycleBase.java:109)
		at org.apache.catalina.util.LifecycleBase.setStateInternal(LifecycleBase.java:389)
		at org.apache.catalina.util.LifecycleBase.setState(LifecycleBase.java:336)
		at org.apache.catalina.core.ContainerBase.startInternal(ContainerBase.java:774)
		at org.apache.catalina.core.StandardHost.startInternal(StandardHost.java:726)
		at org.apache.catalina.util.LifecycleBase.start(LifecycleBase.java:164)
		at org.apache.catalina.core.ContainerBase$StartChild.call(ContainerBase.java:1201)
		at org.apache.catalina.core.ContainerBase$StartChild.call(ContainerBase.java:1191)
		at java.base/java.util.concurrent.FutureTask.run(FutureTask.java:264)
		at org.apache.tomcat.util.threads.InlineExecutorService.execute(InlineExecutorService.java:82)
		at java.base/java.util.concurrent.AbstractExecutorService.submit(AbstractExecutorService.java:145)
		at org.apache.catalina.core.ContainerBase.startInternal(ContainerBase.java:747)
		at org.apache.catalina.core.StandardEngine.startInternal(StandardEngine.java:209)
		at org.apache.catalina.util.LifecycleBase.start(LifecycleBase.java:164)
		at org.apache.catalina.core.StandardService.startInternal(StandardService.java:410)
		at org.apache.catalina.util.LifecycleBase.start(LifecycleBase.java:164)
		at org.apache.catalina.core.StandardServer.startInternal(StandardServer.java:872)
		at org.apache.catalina.util.LifecycleBase.start(LifecycleBase.java:164)
		at org.apache.catalina.startup.Catalina.start(Catalina.java:736)
		at java.base/jdk.internal.reflect.NativeMethodAccessorImpl.invoke0(Native Method)
		at java.base/jdk.internal.reflect.NativeMethodAccessorImpl.invoke(NativeMethodAccessorImpl.java:77)
		at java.base/jdk.internal.reflect.DelegatingMethodAccessorImpl.invoke(DelegatingMethodAccessorImpl.java:43)
		at java.base/java.lang.reflect.Method.invoke(Method.java:569)
		at org.apache.catalina.startup.Bootstrap.start(Bootstrap.java:342)
		at org.apache.catalina.startup.Bootstrap.main(Bootstrap.java:473)
	Caused by: org.springframework.beans.factory.UnsatisfiedDependencyException: Error creating bean with name 'employeeDAOWrapper': Unsatisfied dependency expressed through field 'employeeDAO'; nested exception is org.springframework.beans.factory.NoSuchBeanDefinitionException: No qualifying bean of type 'com.microservices.learn.dao.EmployeeDAO' available: expected at least 1 bean which qualifies as autowire candidate. Dependency annotations: {@org.springframework.beans.factory.annotation.Autowired(required=true)}
		at org.springframework.beans.factory.annotation.AutowiredAnnotationBeanPostProcessor$AutowiredFieldElement.resolveFieldValue(AutowiredAnnotationBeanPostProcessor.java:659)
		at org.springframework.beans.factory.annotation.AutowiredAnnotationBeanPostProcessor$AutowiredFieldElement.inject(AutowiredAnnotationBeanPostProcessor.java:639)
		at org.springframework.beans.factory.annotation.InjectionMetadata.inject(InjectionMetadata.java:119)
		at org.springframework.beans.factory.annotation.AutowiredAnnotationBeanPostProcessor.postProcessProperties(AutowiredAnnotationBeanPostProcessor.java:399)
		at org.springframework.beans.factory.support.AbstractAutowireCapableBeanFactory.populateBean(AbstractAutowireCapableBeanFactory.java:1431)
		at org.springframework.beans.factory.support.AbstractAutowireCapableBeanFactory.doCreateBean(AbstractAutowireCapableBeanFactory.java:619)
		at org.springframework.beans.factory.support.AbstractAutowireCapableBeanFactory.createBean(AbstractAutowireCapableBeanFactory.java:542)
		at org.springframework.beans.factory.support.AbstractBeanFactory.lambda$doGetBean$0(AbstractBeanFactory.java:335)
		at org.springframework.beans.factory.support.DefaultSingletonBeanRegistry.getSingleton(DefaultSingletonBeanRegistry.java:234)
		at org.springframework.beans.factory.support.AbstractBeanFactory.doGetBean(AbstractBeanFactory.java:333)
		at org.springframework.beans.factory.support.AbstractBeanFactory.getBean(AbstractBeanFactory.java:208)
		at org.springframework.beans.factory.config.DependencyDescriptor.resolveCandidate(DependencyDescriptor.java:276)
		at org.springframework.beans.factory.support.DefaultListableBeanFactory.doResolveDependency(DefaultListableBeanFactory.java:1391)
		at org.springframework.beans.factory.support.DefaultListableBeanFactory.resolveDependency(DefaultListableBeanFactory.java:1311)
		at org.springframework.beans.factory.annotation.AutowiredAnnotationBeanPostProcessor$AutowiredFieldElement.resolveFieldValue(AutowiredAnnotationBeanPostProcessor.java:656)
		... 64 more
	Caused by: org.springframework.beans.factory.NoSuchBeanDefinitionException: No qualifying bean of type 'com.microservices.learn.dao.EmployeeDAO' available: expected at least 1 bean which qualifies as autowire candidate. Dependency annotations: {@org.springframework.beans.factory.annotation.Autowired(required=true)}
		at org.springframework.beans.factory.support.DefaultListableBeanFactory.raiseNoMatchingBeanFound(DefaultListableBeanFactory.java:1801)
		at org.springframework.beans.factory.support.DefaultListableBeanFactory.doResolveDependency(DefaultListableBeanFactory.java:1357)
		at org.springframework.beans.factory.support.DefaultListableBeanFactory.resolveDependency(DefaultListableBeanFactory.java:1311)
		at org.springframework.beans.factory.annotation.AutowiredAnnotationBeanPostProcessor$AutowiredFieldElement.resolveFieldValue(AutowiredAnnotationBeanPostProcessor.java:656)
		... 78 more
30-Mar-2026 21:16:32.163 INFO [main] org.apache.catalina.startup.HostConfig.deployDirectory Deployment of web application directory [/Users/motocycopath/Desktop/java-full-stack-training/00-microservices-00/apache-tomcat-9.0.116/webapps/employee-service] has finished in [972] ms
30-Mar-2026 21:16:32.163 INFO [main] org.apache.catalina.startup.HostConfig.deployDirectory Deploying web application directory [/Users/motocycopath/Desktop/java-full-stack-training/00-microservices-00/apache-tomcat-9.0.116/webapps/docs]
30-Mar-2026 21:16:32.173 INFO [main] org.apache.catalina.startup.HostConfig.deployDirectory Deployment of web application directory [/Users/motocycopath/Desktop/java-full-stack-training/00-microservices-00/apache-tomcat-9.0.116/webapps/docs] has finished in [10] ms
30-Mar-2026 21:16:32.173 INFO [main] org.apache.catalina.startup.HostConfig.deployDirectory Deploying web application directory [/Users/motocycopath/Desktop/java-full-stack-training/00-microservices-00/apache-tomcat-9.0.116/webapps/manager]
30-Mar-2026 21:16:32.185 INFO [main] org.apache.catalina.startup.HostConfig.deployDirectory Deployment of web application directory [/Users/motocycopath/Desktop/java-full-stack-training/00-microservices-00/apache-tomcat-9.0.116/webapps/manager] has finished in [11] ms
30-Mar-2026 21:16:32.185 INFO [main] org.apache.catalina.startup.HostConfig.deployDirectory Deploying web application directory [/Users/motocycopath/Desktop/java-full-stack-training/00-microservices-00/apache-tomcat-9.0.116/webapps/examples]
30-Mar-2026 21:16:32.243 INFO [main] org.apache.catalina.startup.HostConfig.deployDirectory Deployment of web application directory [/Users/motocycopath/Desktop/java-full-stack-training/00-microservices-00/apache-tomcat-9.0.116/webapps/examples] has finished in [58] ms
30-Mar-2026 21:16:32.243 INFO [main] org.apache.catalina.startup.HostConfig.deployDirectory Deploying web application directory [/Users/motocycopath/Desktop/java-full-stack-training/00-microservices-00/apache-tomcat-9.0.116/webapps/ROOT]
30-Mar-2026 21:16:32.248 INFO [main] org.apache.catalina.startup.HostConfig.deployDirectory Deployment of web application directory [/Users/motocycopath/Desktop/java-full-stack-training/00-microservices-00/apache-tomcat-9.0.116/webapps/ROOT] has finished in [5] ms
30-Mar-2026 21:16:32.249 INFO [main] org.apache.catalina.startup.HostConfig.deployDirectory Deploying web application directory [/Users/motocycopath/Desktop/java-full-stack-training/00-microservices-00/apache-tomcat-9.0.116/webapps/host-manager]
30-Mar-2026 21:16:32.255 INFO [main] org.apache.catalina.startup.HostConfig.deployDirectory Deployment of web application directory [/Users/motocycopath/Desktop/java-full-stack-training/00-microservices-00/apache-tomcat-9.0.116/webapps/host-manager] has finished in [6] ms
30-Mar-2026 21:16:32.256 INFO [main] org.apache.coyote.AbstractProtocol.start Starting ProtocolHandler ["http-nio-8080"]
30-Mar-2026 21:16:32.260 INFO [main] org.apache.catalina.startup.Catalina.start Server startup in [1085] milliseconds
30-Mar-2026 21:16:58.572 INFO [http-nio-8080-exec-1] org.springframework.web.servlet.FrameworkServlet.initServletBean Initializing Servlet 'cstspconf-web'
30-Mar-2026 21:16:58.599 WARNING [http-nio-8080-exec-1] org.springframework.context.support.AbstractApplicationContext.refresh Exception encountered during context initialization - cancelling refresh attempt: org.springframework.beans.factory.UnsatisfiedDependencyException: Error creating bean with name 'employeeServiceImpl': Unsatisfied dependency expressed through field 'employeeDAOWrapper'; nested exception is org.springframework.beans.factory.UnsatisfiedDependencyException: Error creating bean with name 'employeeDAOWrapper': Unsatisfied dependency expressed through field 'employeeDAO'; nested exception is org.springframework.beans.factory.NoSuchBeanDefinitionException: No qualifying bean of type 'com.microservices.learn.dao.EmployeeDAO' available: expected at least 1 bean which qualifies as autowire candidate. Dependency annotations: {@org.springframework.beans.factory.annotation.Autowired(required=true)}
30-Mar-2026 21:16:58.599 SEVERE [http-nio-8080-exec-1] org.springframework.web.servlet.FrameworkServlet.initServletBean Context initialization failed
	org.springframework.beans.factory.UnsatisfiedDependencyException: Error creating bean with name 'employeeServiceImpl': Unsatisfied dependency expressed through field 'employeeDAOWrapper'; nested exception is org.springframework.beans.factory.UnsatisfiedDependencyException: Error creating bean with name 'employeeDAOWrapper': Unsatisfied dependency expressed through field 'employeeDAO'; nested exception is org.springframework.beans.factory.NoSuchBeanDefinitionException: No qualifying bean of type 'com.microservices.learn.dao.EmployeeDAO' available: expected at least 1 bean which qualifies as autowire candidate. Dependency annotations: {@org.springframework.beans.factory.annotation.Autowired(required=true)}
		at org.springframework.beans.factory.annotation.AutowiredAnnotationBeanPostProcessor$AutowiredFieldElement.resolveFieldValue(AutowiredAnnotationBeanPostProcessor.java:659)
		at org.springframework.beans.factory.annotation.AutowiredAnnotationBeanPostProcessor$AutowiredFieldElement.inject(AutowiredAnnotationBeanPostProcessor.java:639)
		at org.springframework.beans.factory.annotation.InjectionMetadata.inject(InjectionMetadata.java:119)
		at org.springframework.beans.factory.annotation.AutowiredAnnotationBeanPostProcessor.postProcessProperties(AutowiredAnnotationBeanPostProcessor.java:399)
		at org.springframework.beans.factory.support.AbstractAutowireCapableBeanFactory.populateBean(AbstractAutowireCapableBeanFactory.java:1431)
		at org.springframework.beans.factory.support.AbstractAutowireCapableBeanFactory.doCreateBean(AbstractAutowireCapableBeanFactory.java:619)
		at org.springframework.beans.factory.support.AbstractAutowireCapableBeanFactory.createBean(AbstractAutowireCapableBeanFactory.java:542)
		at org.springframework.beans.factory.support.AbstractBeanFactory.lambda$doGetBean$0(AbstractBeanFactory.java:335)
		at org.springframework.beans.factory.support.DefaultSingletonBeanRegistry.getSingleton(DefaultSingletonBeanRegistry.java:234)
		at org.springframework.beans.factory.support.AbstractBeanFactory.doGetBean(AbstractBeanFactory.java:333)
		at org.springframework.beans.factory.support.AbstractBeanFactory.getBean(AbstractBeanFactory.java:208)
		at org.springframework.beans.factory.support.DefaultListableBeanFactory.preInstantiateSingletons(DefaultListableBeanFactory.java:955)
		at org.springframework.context.support.AbstractApplicationContext.finishBeanFactoryInitialization(AbstractApplicationContext.java:918)
		at org.springframework.context.support.AbstractApplicationContext.refresh(AbstractApplicationContext.java:583)
		at org.springframework.web.servlet.FrameworkServlet.configureAndRefreshWebApplicationContext(FrameworkServlet.java:702)
		at org.springframework.web.servlet.FrameworkServlet.createWebApplicationContext(FrameworkServlet.java:668)
		at org.springframework.web.servlet.FrameworkServlet.createWebApplicationContext(FrameworkServlet.java:716)
		at org.springframework.web.servlet.FrameworkServlet.initWebApplicationContext(FrameworkServlet.java:591)
		at org.springframework.web.servlet.FrameworkServlet.initServletBean(FrameworkServlet.java:530)
		at org.springframework.web.servlet.HttpServletBean.init(HttpServletBean.java:170)
		at javax.servlet.GenericServlet.init(GenericServlet.java:143)
		at org.apache.catalina.core.StandardWrapper.initServlet(StandardWrapper.java:986)
		at org.apache.catalina.core.StandardWrapper.loadServlet(StandardWrapper.java:943)
		at org.apache.catalina.core.StandardWrapper.allocate(StandardWrapper.java:661)
		at org.apache.catalina.core.StandardWrapperValve.invoke(StandardWrapperValve.java:114)
		at org.apache.catalina.core.StandardContextValve.invoke(StandardContextValve.java:88)
		at org.apache.catalina.authenticator.AuthenticatorBase.invoke(AuthenticatorBase.java:491)
		at org.apache.catalina.core.StandardHostValve.invoke(StandardHostValve.java:127)
		at org.apache.catalina.valves.ErrorReportValve.invoke(ErrorReportValve.java:83)
		at org.apache.catalina.valves.AbstractAccessLogValve.invoke(AbstractAccessLogValve.java:643)
		at org.apache.catalina.core.StandardEngineValve.invoke(StandardEngineValve.java:72)
		at org.apache.catalina.connector.CoyoteAdapter.service(CoyoteAdapter.java:344)
		at org.apache.coyote.http11.Http11Processor.service(Http11Processor.java:398)
		at org.apache.coyote.AbstractProcessorLight.process(AbstractProcessorLight.java:63)
		at org.apache.coyote.AbstractProtocol$ConnectionHandler.process(AbstractProtocol.java:939)
		at org.apache.tomcat.util.net.NioEndpoint$SocketProcessor.doRun(NioEndpoint.java:1832)
		at org.apache.tomcat.util.net.SocketProcessorBase.run(SocketProcessorBase.java:52)
		at org.apache.tomcat.util.threads.ThreadPoolExecutor.runWorker(ThreadPoolExecutor.java:973)
		at org.apache.tomcat.util.threads.ThreadPoolExecutor$Worker.run(ThreadPoolExecutor.java:491)
		at org.apache.tomcat.util.threads.TaskThread$WrappingRunnable.run(TaskThread.java:63)
		at java.base/java.lang.Thread.run(Thread.java:840)
	Caused by: org.springframework.beans.factory.UnsatisfiedDependencyException: Error creating bean with name 'employeeDAOWrapper': Unsatisfied dependency expressed through field 'employeeDAO'; nested exception is org.springframework.beans.factory.NoSuchBeanDefinitionException: No qualifying bean of type 'com.microservices.learn.dao.EmployeeDAO' available: expected at least 1 bean which qualifies as autowire candidate. Dependency annotations: {@org.springframework.beans.factory.annotation.Autowired(required=true)}
		at org.springframework.beans.factory.annotation.AutowiredAnnotationBeanPostProcessor$AutowiredFieldElement.resolveFieldValue(AutowiredAnnotationBeanPostProcessor.java:659)
		at org.springframework.beans.factory.annotation.AutowiredAnnotationBeanPostProcessor$AutowiredFieldElement.inject(AutowiredAnnotationBeanPostProcessor.java:639)
		at org.springframework.beans.factory.annotation.InjectionMetadata.inject(InjectionMetadata.java:119)
		at org.springframework.beans.factory.annotation.AutowiredAnnotationBeanPostProcessor.postProcessProperties(AutowiredAnnotationBeanPostProcessor.java:399)
		at org.springframework.beans.factory.support.AbstractAutowireCapableBeanFactory.populateBean(AbstractAutowireCapableBeanFactory.java:1431)
		at org.springframework.beans.factory.support.AbstractAutowireCapableBeanFactory.doCreateBean(AbstractAutowireCapableBeanFactory.java:619)
		at org.springframework.beans.factory.support.AbstractAutowireCapableBeanFactory.createBean(AbstractAutowireCapableBeanFactory.java:542)
		at org.springframework.beans.factory.support.AbstractBeanFactory.lambda$doGetBean$0(AbstractBeanFactory.java:335)
		at org.springframework.beans.factory.support.DefaultSingletonBeanRegistry.getSingleton(DefaultSingletonBeanRegistry.java:234)
		at org.springframework.beans.factory.support.AbstractBeanFactory.doGetBean(AbstractBeanFactory.java:333)
		at org.springframework.beans.factory.support.AbstractBeanFactory.getBean(AbstractBeanFactory.java:208)
		at org.springframework.beans.factory.config.DependencyDescriptor.resolveCandidate(DependencyDescriptor.java:276)
		at org.springframework.beans.factory.support.DefaultListableBeanFactory.doResolveDependency(DefaultListableBeanFactory.java:1391)
		at org.springframework.beans.factory.support.DefaultListableBeanFactory.resolveDependency(DefaultListableBeanFactory.java:1311)
		at org.springframework.beans.factory.annotation.AutowiredAnnotationBeanPostProcessor$AutowiredFieldElement.resolveFieldValue(AutowiredAnnotationBeanPostProcessor.java:656)
		... 40 more
	Caused by: org.springframework.beans.factory.NoSuchBeanDefinitionException: No qualifying bean of type 'com.microservices.learn.dao.EmployeeDAO' available: expected at least 1 bean which qualifies as autowire candidate. Dependency annotations: {@org.springframework.beans.factory.annotation.Autowired(required=true)}
		at org.springframework.beans.factory.support.DefaultListableBeanFactory.raiseNoMatchingBeanFound(DefaultListableBeanFactory.java:1801)
		at org.springframework.beans.factory.support.DefaultListableBeanFactory.doResolveDependency(DefaultListableBeanFactory.java:1357)
		at org.springframework.beans.factory.support.DefaultListableBeanFactory.resolveDependency(DefaultListableBeanFactory.java:1311)
		at org.springframework.beans.factory.annotation.AutowiredAnnotationBeanPostProcessor$AutowiredFieldElement.resolveFieldValue(AutowiredAnnotationBeanPostProcessor.java:656)
		... 54 more
30-Mar-2026 21:20:38.903 INFO [main] org.apache.catalina.core.StandardServer.await A valid shutdown command was received via the shutdown port. Stopping the Server instance.
30-Mar-2026 21:20:38.907 INFO [main] org.apache.coyote.AbstractProtocol.pause Pausing ProtocolHandler ["http-nio-8080"]
30-Mar-2026 21:20:38.910 INFO [main] org.apache.catalina.core.StandardService.stopInternal Stopping service [Catalina]
30-Mar-2026 21:20:38.924 INFO [main] org.apache.coyote.AbstractProtocol.stop Stopping ProtocolHandler ["http-nio-8080"]
30-Mar-2026 21:20:38.935 INFO [main] org.apache.coyote.AbstractProtocol.destroy Destroying ProtocolHandler ["http-nio-8080"]
NOTE: Picked up JDK_JAVA_OPTIONS:  --add-opens=java.base/java.lang=ALL-UNNAMED --add-opens=java.base/java.lang.invoke=ALL-UNNAMED --add-opens=java.base/java.lang.reflect=ALL-UNNAMED --add-opens=java.base/java.io=ALL-UNNAMED --add-opens=java.base/java.util=ALL-UNNAMED --add-opens=java.base/java.util.concurrent=ALL-UNNAMED --add-opens=java.rmi/sun.rmi.transport=ALL-UNNAMED
30-Mar-2026 21:22:07.236 INFO [main] org.apache.catalina.startup.VersionLoggerListener.log Server version name:   Apache Tomcat/9.0.116
30-Mar-2026 21:22:07.237 INFO [main] org.apache.catalina.startup.VersionLoggerListener.log Server built:          Mar 16 2026 15:05:42 UTC
30-Mar-2026 21:22:07.238 INFO [main] org.apache.catalina.startup.VersionLoggerListener.log Server version number: 9.0.116.0
30-Mar-2026 21:22:07.238 INFO [main] org.apache.catalina.startup.VersionLoggerListener.log OS Name:               Mac OS X
30-Mar-2026 21:22:07.238 INFO [main] org.apache.catalina.startup.VersionLoggerListener.log OS Version:            15.5
30-Mar-2026 21:22:07.238 INFO [main] org.apache.catalina.startup.VersionLoggerListener.log Architecture:          aarch64
30-Mar-2026 21:22:07.238 INFO [main] org.apache.catalina.startup.VersionLoggerListener.log Java Home:             /Users/motocycopath/Library/Java/JavaVirtualMachines/jbr-17.0.14/Contents/Home
30-Mar-2026 21:22:07.238 INFO [main] org.apache.catalina.startup.VersionLoggerListener.log JVM Version:           17.0.14+1-b1367.22
30-Mar-2026 21:22:07.238 INFO [main] org.apache.catalina.startup.VersionLoggerListener.log JVM Vendor:            JetBrains s.r.o.
30-Mar-2026 21:22:07.238 INFO [main] org.apache.catalina.startup.VersionLoggerListener.log CATALINA_BASE:         /Users/motocycopath/Desktop/java-full-stack-training/00-microservices-00/apache-tomcat-9.0.116
30-Mar-2026 21:22:07.238 INFO [main] org.apache.catalina.startup.VersionLoggerListener.log CATALINA_HOME:         /Users/motocycopath/Desktop/java-full-stack-training/00-microservices-00/apache-tomcat-9.0.116
30-Mar-2026 21:22:07.244 INFO [main] org.apache.catalina.startup.VersionLoggerListener.log Command line argument: --add-opens=java.base/java.lang=ALL-UNNAMED
30-Mar-2026 21:22:07.244 INFO [main] org.apache.catalina.startup.VersionLoggerListener.log Command line argument: --add-opens=java.base/java.lang.invoke=ALL-UNNAMED
30-Mar-2026 21:22:07.244 INFO [main] org.apache.catalina.startup.VersionLoggerListener.log Command line argument: --add-opens=java.base/java.lang.reflect=ALL-UNNAMED
30-Mar-2026 21:22:07.244 INFO [main] org.apache.catalina.startup.VersionLoggerListener.log Command line argument: --add-opens=java.base/java.io=ALL-UNNAMED
30-Mar-2026 21:22:07.244 INFO [main] org.apache.catalina.startup.VersionLoggerListener.log Command line argument: --add-opens=java.base/java.util=ALL-UNNAMED
30-Mar-2026 21:22:07.244 INFO [main] org.apache.catalina.startup.VersionLoggerListener.log Command line argument: --add-opens=java.base/java.util.concurrent=ALL-UNNAMED
30-Mar-2026 21:22:07.244 INFO [main] org.apache.catalina.startup.VersionLoggerListener.log Command line argument: --add-opens=java.rmi/sun.rmi.transport=ALL-UNNAMED
30-Mar-2026 21:22:07.244 INFO [main] org.apache.catalina.startup.VersionLoggerListener.log Command line argument: -Djava.util.logging.config.file=/Users/motocycopath/Desktop/java-full-stack-training/00-microservices-00/apache-tomcat-9.0.116/conf/logging.properties
30-Mar-2026 21:22:07.244 INFO [main] org.apache.catalina.startup.VersionLoggerListener.log Command line argument: -Djava.util.logging.manager=org.apache.juli.ClassLoaderLogManager
30-Mar-2026 21:22:07.244 INFO [main] org.apache.catalina.startup.VersionLoggerListener.log Command line argument: -Djdk.tls.ephemeralDHKeySize=2048
30-Mar-2026 21:22:07.244 INFO [main] org.apache.catalina.startup.VersionLoggerListener.log Command line argument: -Djava.protocol.handler.pkgs=org.apache.catalina.webresources
30-Mar-2026 21:22:07.244 INFO [main] org.apache.catalina.startup.VersionLoggerListener.log Command line argument: -Dsun.io.useCanonCaches=false
30-Mar-2026 21:22:07.244 INFO [main] org.apache.catalina.startup.VersionLoggerListener.log Command line argument: -Dorg.apache.catalina.security.SecurityListener.UMASK=0027
30-Mar-2026 21:22:07.245 INFO [main] org.apache.catalina.startup.VersionLoggerListener.log Command line argument: -Dignore.endorsed.dirs=
30-Mar-2026 21:22:07.245 INFO [main] org.apache.catalina.startup.VersionLoggerListener.log Command line argument: -Dcatalina.base=/Users/motocycopath/Desktop/java-full-stack-training/00-microservices-00/apache-tomcat-9.0.116
30-Mar-2026 21:22:07.245 INFO [main] org.apache.catalina.startup.VersionLoggerListener.log Command line argument: -Dcatalina.home=/Users/motocycopath/Desktop/java-full-stack-training/00-microservices-00/apache-tomcat-9.0.116
30-Mar-2026 21:22:07.245 INFO [main] org.apache.catalina.startup.VersionLoggerListener.log Command line argument: -Djava.io.tmpdir=/Users/motocycopath/Desktop/java-full-stack-training/00-microservices-00/apache-tomcat-9.0.116/temp
30-Mar-2026 21:22:07.249 INFO [main] org.apache.catalina.core.AprLifecycleListener.lifecycleEvent The Apache Tomcat Native library which allows using OpenSSL was not found on the java.library.path: [/Users/motocycopath/Library/Java/Extensions:/Library/Java/Extensions:/Network/Library/Java/Extensions:/System/Library/Java/Extensions:/usr/lib/java:.]
30-Mar-2026 21:22:07.353 INFO [main] org.apache.coyote.AbstractProtocol.init Initializing ProtocolHandler ["http-nio-8080"]
30-Mar-2026 21:22:07.366 INFO [main] org.apache.catalina.startup.Catalina.load Server initialization in [204] milliseconds
30-Mar-2026 21:22:07.381 INFO [main] org.apache.catalina.core.StandardService.startInternal Starting service [Catalina]
30-Mar-2026 21:22:07.381 INFO [main] org.apache.catalina.core.StandardEngine.startInternal Starting Servlet engine: [Apache Tomcat/9.0.116]
30-Mar-2026 21:22:07.383 INFO [main] org.apache.catalina.startup.HostConfig.deployDirectory Deploying web application directory [/Users/motocycopath/Desktop/java-full-stack-training/00-microservices-00/apache-tomcat-9.0.116/webapps/employee-service]
30-Mar-2026 21:22:08.137 INFO [main] org.apache.jasper.servlet.TldScanner.scanJars At least one JAR was scanned for TLDs yet contained no TLDs. Enable debug logging for this logger for a complete list of JARs that were scanned but no TLDs were found in them. Skipping unneeded JARs during scanning can improve startup time and JSP compilation time.
30-Mar-2026 21:22:08.193 INFO [main] org.springframework.web.servlet.FrameworkServlet.initServletBean Initializing Servlet 'cstspconf-web'
30-Mar-2026 21:22:08.354 WARNING [main] org.springframework.context.support.AbstractApplicationContext.refresh Exception encountered during context initialization - cancelling refresh attempt: org.springframework.beans.factory.UnsatisfiedDependencyException: Error creating bean with name 'employeeServiceImpl': Unsatisfied dependency expressed through field 'employeeDAOWrapper'; nested exception is org.springframework.beans.factory.UnsatisfiedDependencyException: Error creating bean with name 'employeeDAOWrapper': Unsatisfied dependency expressed through field 'employeeDAO'; nested exception is org.springframework.beans.factory.NoSuchBeanDefinitionException: No qualifying bean of type 'com.microservices.learn.dao.EmployeeDAO' available: expected at least 1 bean which qualifies as autowire candidate. Dependency annotations: {@org.springframework.beans.factory.annotation.Autowired(required=true)}
30-Mar-2026 21:22:08.355 SEVERE [main] org.springframework.web.servlet.FrameworkServlet.initServletBean Context initialization failed
	org.springframework.beans.factory.UnsatisfiedDependencyException: Error creating bean with name 'employeeServiceImpl': Unsatisfied dependency expressed through field 'employeeDAOWrapper'; nested exception is org.springframework.beans.factory.UnsatisfiedDependencyException: Error creating bean with name 'employeeDAOWrapper': Unsatisfied dependency expressed through field 'employeeDAO'; nested exception is org.springframework.beans.factory.NoSuchBeanDefinitionException: No qualifying bean of type 'com.microservices.learn.dao.EmployeeDAO' available: expected at least 1 bean which qualifies as autowire candidate. Dependency annotations: {@org.springframework.beans.factory.annotation.Autowired(required=true)}
		at org.springframework.beans.factory.annotation.AutowiredAnnotationBeanPostProcessor$AutowiredFieldElement.resolveFieldValue(AutowiredAnnotationBeanPostProcessor.java:659)
		at org.springframework.beans.factory.annotation.AutowiredAnnotationBeanPostProcessor$AutowiredFieldElement.inject(AutowiredAnnotationBeanPostProcessor.java:639)
		at org.springframework.beans.factory.annotation.InjectionMetadata.inject(InjectionMetadata.java:119)
		at org.springframework.beans.factory.annotation.AutowiredAnnotationBeanPostProcessor.postProcessProperties(AutowiredAnnotationBeanPostProcessor.java:399)
		at org.springframework.beans.factory.support.AbstractAutowireCapableBeanFactory.populateBean(AbstractAutowireCapableBeanFactory.java:1431)
		at org.springframework.beans.factory.support.AbstractAutowireCapableBeanFactory.doCreateBean(AbstractAutowireCapableBeanFactory.java:619)
		at org.springframework.beans.factory.support.AbstractAutowireCapableBeanFactory.createBean(AbstractAutowireCapableBeanFactory.java:542)
		at org.springframework.beans.factory.support.AbstractBeanFactory.lambda$doGetBean$0(AbstractBeanFactory.java:335)
		at org.springframework.beans.factory.support.DefaultSingletonBeanRegistry.getSingleton(DefaultSingletonBeanRegistry.java:234)
		at org.springframework.beans.factory.support.AbstractBeanFactory.doGetBean(AbstractBeanFactory.java:333)
		at org.springframework.beans.factory.support.AbstractBeanFactory.getBean(AbstractBeanFactory.java:208)
		at org.springframework.beans.factory.support.DefaultListableBeanFactory.preInstantiateSingletons(DefaultListableBeanFactory.java:955)
		at org.springframework.context.support.AbstractApplicationContext.finishBeanFactoryInitialization(AbstractApplicationContext.java:918)
		at org.springframework.context.support.AbstractApplicationContext.refresh(AbstractApplicationContext.java:583)
		at org.springframework.web.servlet.FrameworkServlet.configureAndRefreshWebApplicationContext(FrameworkServlet.java:702)
		at org.springframework.web.servlet.FrameworkServlet.createWebApplicationContext(FrameworkServlet.java:668)
		at org.springframework.web.servlet.FrameworkServlet.createWebApplicationContext(FrameworkServlet.java:716)
		at org.springframework.web.servlet.FrameworkServlet.initWebApplicationContext(FrameworkServlet.java:591)
		at org.springframework.web.servlet.FrameworkServlet.initServletBean(FrameworkServlet.java:530)
		at org.springframework.web.servlet.HttpServletBean.init(HttpServletBean.java:170)
		at javax.servlet.GenericServlet.init(GenericServlet.java:143)
		at org.apache.catalina.core.StandardWrapper.initServlet(StandardWrapper.java:986)
		at org.apache.catalina.core.StandardWrapper.loadServlet(StandardWrapper.java:943)
		at org.apache.catalina.core.StandardWrapper.load(StandardWrapper.java:840)
		at org.apache.catalina.core.StandardContext.loadOnStartup(StandardContext.java:4222)
		at org.apache.catalina.core.StandardContext.startInternal(StandardContext.java:4523)
		at org.apache.catalina.util.LifecycleBase.start(LifecycleBase.java:164)
		at org.apache.catalina.core.ContainerBase.addChildInternal(ContainerBase.java:597)
		at org.apache.catalina.core.ContainerBase.addChild(ContainerBase.java:569)
		at org.apache.catalina.core.StandardHost.addChild(StandardHost.java:608)
		at org.apache.catalina.startup.HostConfig.deployDirectory(HostConfig.java:1171)
		at org.apache.catalina.startup.HostConfig$DeployDirectory.run(HostConfig.java:1880)
		at java.base/java.util.concurrent.Executors$RunnableAdapter.call(Executors.java:539)
		at java.base/java.util.concurrent.FutureTask.run(FutureTask.java:264)
		at org.apache.tomcat.util.threads.InlineExecutorService.execute(InlineExecutorService.java:82)
		at java.base/java.util.concurrent.AbstractExecutorService.submit(AbstractExecutorService.java:123)
		at org.apache.catalina.startup.HostConfig.deployDirectories(HostConfig.java:1082)
		at org.apache.catalina.startup.HostConfig.deployApps(HostConfig.java:467)
		at org.apache.catalina.startup.HostConfig.start(HostConfig.java:1576)
		at org.apache.catalina.startup.HostConfig.lifecycleEvent(HostConfig.java:309)
		at org.apache.catalina.util.LifecycleBase.fireLifecycleEvent(LifecycleBase.java:109)
		at org.apache.catalina.util.LifecycleBase.setStateInternal(LifecycleBase.java:389)
		at org.apache.catalina.util.LifecycleBase.setState(LifecycleBase.java:336)
		at org.apache.catalina.core.ContainerBase.startInternal(ContainerBase.java:774)
		at org.apache.catalina.core.StandardHost.startInternal(StandardHost.java:726)
		at org.apache.catalina.util.LifecycleBase.start(LifecycleBase.java:164)
		at org.apache.catalina.core.ContainerBase$StartChild.call(ContainerBase.java:1201)
		at org.apache.catalina.core.ContainerBase$StartChild.call(ContainerBase.java:1191)
		at java.base/java.util.concurrent.FutureTask.run(FutureTask.java:264)
		at org.apache.tomcat.util.threads.InlineExecutorService.execute(InlineExecutorService.java:82)
		at java.base/java.util.concurrent.AbstractExecutorService.submit(AbstractExecutorService.java:145)
		at org.apache.catalina.core.ContainerBase.startInternal(ContainerBase.java:747)
		at org.apache.catalina.core.StandardEngine.startInternal(StandardEngine.java:209)
		at org.apache.catalina.util.LifecycleBase.start(LifecycleBase.java:164)
		at org.apache.catalina.core.StandardService.startInternal(StandardService.java:410)
		at org.apache.catalina.util.LifecycleBase.start(LifecycleBase.java:164)
		at org.apache.catalina.core.StandardServer.startInternal(StandardServer.java:872)
		at org.apache.catalina.util.LifecycleBase.start(LifecycleBase.java:164)
		at org.apache.catalina.startup.Catalina.start(Catalina.java:736)
		at java.base/jdk.internal.reflect.NativeMethodAccessorImpl.invoke0(Native Method)
		at java.base/jdk.internal.reflect.NativeMethodAccessorImpl.invoke(NativeMethodAccessorImpl.java:77)
		at java.base/jdk.internal.reflect.DelegatingMethodAccessorImpl.invoke(DelegatingMethodAccessorImpl.java:43)
		at java.base/java.lang.reflect.Method.invoke(Method.java:569)
		at org.apache.catalina.startup.Bootstrap.start(Bootstrap.java:342)
		at org.apache.catalina.startup.Bootstrap.main(Bootstrap.java:473)
	Caused by: org.springframework.beans.factory.UnsatisfiedDependencyException: Error creating bean with name 'employeeDAOWrapper': Unsatisfied dependency expressed through field 'employeeDAO'; nested exception is org.springframework.beans.factory.NoSuchBeanDefinitionException: No qualifying bean of type 'com.microservices.learn.dao.EmployeeDAO' available: expected at least 1 bean which qualifies as autowire candidate. Dependency annotations: {@org.springframework.beans.factory.annotation.Autowired(required=true)}
		at org.springframework.beans.factory.annotation.AutowiredAnnotationBeanPostProcessor$AutowiredFieldElement.resolveFieldValue(AutowiredAnnotationBeanPostProcessor.java:659)
		at org.springframework.beans.factory.annotation.AutowiredAnnotationBeanPostProcessor$AutowiredFieldElement.inject(AutowiredAnnotationBeanPostProcessor.java:639)
		at org.springframework.beans.factory.annotation.InjectionMetadata.inject(InjectionMetadata.java:119)
		at org.springframework.beans.factory.annotation.AutowiredAnnotationBeanPostProcessor.postProcessProperties(AutowiredAnnotationBeanPostProcessor.java:399)
		at org.springframework.beans.factory.support.AbstractAutowireCapableBeanFactory.populateBean(AbstractAutowireCapableBeanFactory.java:1431)
		at org.springframework.beans.factory.support.AbstractAutowireCapableBeanFactory.doCreateBean(AbstractAutowireCapableBeanFactory.java:619)
		at org.springframework.beans.factory.support.AbstractAutowireCapableBeanFactory.createBean(AbstractAutowireCapableBeanFactory.java:542)
		at org.springframework.beans.factory.support.AbstractBeanFactory.lambda$doGetBean$0(AbstractBeanFactory.java:335)
		at org.springframework.beans.factory.support.DefaultSingletonBeanRegistry.getSingleton(DefaultSingletonBeanRegistry.java:234)
		at org.springframework.beans.factory.support.AbstractBeanFactory.doGetBean(AbstractBeanFactory.java:333)
		at org.springframework.beans.factory.support.AbstractBeanFactory.getBean(AbstractBeanFactory.java:208)
		at org.springframework.beans.factory.config.DependencyDescriptor.resolveCandidate(DependencyDescriptor.java:276)
		at org.springframework.beans.factory.support.DefaultListableBeanFactory.doResolveDependency(DefaultListableBeanFactory.java:1391)
		at org.springframework.beans.factory.support.DefaultListableBeanFactory.resolveDependency(DefaultListableBeanFactory.java:1311)
		at org.springframework.beans.factory.annotation.AutowiredAnnotationBeanPostProcessor$AutowiredFieldElement.resolveFieldValue(AutowiredAnnotationBeanPostProcessor.java:656)
		... 64 more
	Caused by: org.springframework.beans.factory.NoSuchBeanDefinitionException: No qualifying bean of type 'com.microservices.learn.dao.EmployeeDAO' available: expected at least 1 bean which qualifies as autowire candidate. Dependency annotations: {@org.springframework.beans.factory.annotation.Autowired(required=true)}
		at org.springframework.beans.factory.support.DefaultListableBeanFactory.raiseNoMatchingBeanFound(DefaultListableBeanFactory.java:1801)
		at org.springframework.beans.factory.support.DefaultListableBeanFactory.doResolveDependency(DefaultListableBeanFactory.java:1357)
		at org.springframework.beans.factory.support.DefaultListableBeanFactory.resolveDependency(DefaultListableBeanFactory.java:1311)
		at org.springframework.beans.factory.annotation.AutowiredAnnotationBeanPostProcessor$AutowiredFieldElement.resolveFieldValue(AutowiredAnnotationBeanPostProcessor.java:656)
		... 78 more
30-Mar-2026 21:22:08.363 INFO [main] org.apache.catalina.startup.HostConfig.deployDirectory Deployment of web application directory [/Users/motocycopath/Desktop/java-full-stack-training/00-microservices-00/apache-tomcat-9.0.116/webapps/employee-service] has finished in [980] ms
30-Mar-2026 21:22:08.364 INFO [main] org.apache.catalina.startup.HostConfig.deployDirectory Deploying web application directory [/Users/motocycopath/Desktop/java-full-stack-training/00-microservices-00/apache-tomcat-9.0.116/webapps/docs]
30-Mar-2026 21:22:08.376 INFO [main] org.apache.catalina.startup.HostConfig.deployDirectory Deployment of web application directory [/Users/motocycopath/Desktop/java-full-stack-training/00-microservices-00/apache-tomcat-9.0.116/webapps/docs] has finished in [12] ms
30-Mar-2026 21:22:08.376 INFO [main] org.apache.catalina.startup.HostConfig.deployDirectory Deploying web application directory [/Users/motocycopath/Desktop/java-full-stack-training/00-microservices-00/apache-tomcat-9.0.116/webapps/manager]
30-Mar-2026 21:22:08.387 INFO [main] org.apache.catalina.startup.HostConfig.deployDirectory Deployment of web application directory [/Users/motocycopath/Desktop/java-full-stack-training/00-microservices-00/apache-tomcat-9.0.116/webapps/manager] has finished in [11] ms
30-Mar-2026 21:22:08.387 INFO [main] org.apache.catalina.startup.HostConfig.deployDirectory Deploying web application directory [/Users/motocycopath/Desktop/java-full-stack-training/00-microservices-00/apache-tomcat-9.0.116/webapps/examples]
30-Mar-2026 21:22:08.447 INFO [main] org.apache.catalina.startup.HostConfig.deployDirectory Deployment of web application directory [/Users/motocycopath/Desktop/java-full-stack-training/00-microservices-00/apache-tomcat-9.0.116/webapps/examples] has finished in [60] ms
30-Mar-2026 21:22:08.447 INFO [main] org.apache.catalina.startup.HostConfig.deployDirectory Deploying web application directory [/Users/motocycopath/Desktop/java-full-stack-training/00-microservices-00/apache-tomcat-9.0.116/webapps/ROOT]
30-Mar-2026 21:22:08.452 INFO [main] org.apache.catalina.startup.HostConfig.deployDirectory Deployment of web application directory [/Users/motocycopath/Desktop/java-full-stack-training/00-microservices-00/apache-tomcat-9.0.116/webapps/ROOT] has finished in [5] ms
30-Mar-2026 21:22:08.452 INFO [main] org.apache.catalina.startup.HostConfig.deployDirectory Deploying web application directory [/Users/motocycopath/Desktop/java-full-stack-training/00-microservices-00/apache-tomcat-9.0.116/webapps/host-manager]
30-Mar-2026 21:22:08.460 INFO [main] org.apache.catalina.startup.HostConfig.deployDirectory Deployment of web application directory [/Users/motocycopath/Desktop/java-full-stack-training/00-microservices-00/apache-tomcat-9.0.116/webapps/host-manager] has finished in [8] ms
30-Mar-2026 21:22:08.462 INFO [main] org.apache.coyote.AbstractProtocol.start Starting ProtocolHandler ["http-nio-8080"]
30-Mar-2026 21:22:08.465 INFO [main] org.apache.catalina.startup.Catalina.start Server startup in [1099] milliseconds
30-Mar-2026 21:22:26.774 INFO [http-nio-8080-exec-1] org.springframework.web.servlet.FrameworkServlet.initServletBean Initializing Servlet 'cstspconf-web'
30-Mar-2026 21:22:26.796 WARNING [http-nio-8080-exec-1] org.springframework.context.support.AbstractApplicationContext.refresh Exception encountered during context initialization - cancelling refresh attempt: org.springframework.beans.factory.UnsatisfiedDependencyException: Error creating bean with name 'employeeServiceImpl': Unsatisfied dependency expressed through field 'employeeDAOWrapper'; nested exception is org.springframework.beans.factory.UnsatisfiedDependencyException: Error creating bean with name 'employeeDAOWrapper': Unsatisfied dependency expressed through field 'employeeDAO'; nested exception is org.springframework.beans.factory.NoSuchBeanDefinitionException: No qualifying bean of type 'com.microservices.learn.dao.EmployeeDAO' available: expected at least 1 bean which qualifies as autowire candidate. Dependency annotations: {@org.springframework.beans.factory.annotation.Autowired(required=true)}
30-Mar-2026 21:22:26.797 SEVERE [http-nio-8080-exec-1] org.springframework.web.servlet.FrameworkServlet.initServletBean Context initialization failed
	org.springframework.beans.factory.UnsatisfiedDependencyException: Error creating bean with name 'employeeServiceImpl': Unsatisfied dependency expressed through field 'employeeDAOWrapper'; nested exception is org.springframework.beans.factory.UnsatisfiedDependencyException: Error creating bean with name 'employeeDAOWrapper': Unsatisfied dependency expressed through field 'employeeDAO'; nested exception is org.springframework.beans.factory.NoSuchBeanDefinitionException: No qualifying bean of type 'com.microservices.learn.dao.EmployeeDAO' available: expected at least 1 bean which qualifies as autowire candidate. Dependency annotations: {@org.springframework.beans.factory.annotation.Autowired(required=true)}
		at org.springframework.beans.factory.annotation.AutowiredAnnotationBeanPostProcessor$AutowiredFieldElement.resolveFieldValue(AutowiredAnnotationBeanPostProcessor.java:659)
		at org.springframework.beans.factory.annotation.AutowiredAnnotationBeanPostProcessor$AutowiredFieldElement.inject(AutowiredAnnotationBeanPostProcessor.java:639)
		at org.springframework.beans.factory.annotation.InjectionMetadata.inject(InjectionMetadata.java:119)
		at org.springframework.beans.factory.annotation.AutowiredAnnotationBeanPostProcessor.postProcessProperties(AutowiredAnnotationBeanPostProcessor.java:399)
		at org.springframework.beans.factory.support.AbstractAutowireCapableBeanFactory.populateBean(AbstractAutowireCapableBeanFactory.java:1431)
		at org.springframework.beans.factory.support.AbstractAutowireCapableBeanFactory.doCreateBean(AbstractAutowireCapableBeanFactory.java:619)
		at org.springframework.beans.factory.support.AbstractAutowireCapableBeanFactory.createBean(AbstractAutowireCapableBeanFactory.java:542)
		at org.springframework.beans.factory.support.AbstractBeanFactory.lambda$doGetBean$0(AbstractBeanFactory.java:335)
		at org.springframework.beans.factory.support.DefaultSingletonBeanRegistry.getSingleton(DefaultSingletonBeanRegistry.java:234)
		at org.springframework.beans.factory.support.AbstractBeanFactory.doGetBean(AbstractBeanFactory.java:333)
		at org.springframework.beans.factory.support.AbstractBeanFactory.getBean(AbstractBeanFactory.java:208)
		at org.springframework.beans.factory.support.DefaultListableBeanFactory.preInstantiateSingletons(DefaultListableBeanFactory.java:955)
		at org.springframework.context.support.AbstractApplicationContext.finishBeanFactoryInitialization(AbstractApplicationContext.java:918)
		at org.springframework.context.support.AbstractApplicationContext.refresh(AbstractApplicationContext.java:583)
		at org.springframework.web.servlet.FrameworkServlet.configureAndRefreshWebApplicationContext(FrameworkServlet.java:702)
		at org.springframework.web.servlet.FrameworkServlet.createWebApplicationContext(FrameworkServlet.java:668)
		at org.springframework.web.servlet.FrameworkServlet.createWebApplicationContext(FrameworkServlet.java:716)
		at org.springframework.web.servlet.FrameworkServlet.initWebApplicationContext(FrameworkServlet.java:591)
		at org.springframework.web.servlet.FrameworkServlet.initServletBean(FrameworkServlet.java:530)
		at org.springframework.web.servlet.HttpServletBean.init(HttpServletBean.java:170)
		at javax.servlet.GenericServlet.init(GenericServlet.java:143)
		at org.apache.catalina.core.StandardWrapper.initServlet(StandardWrapper.java:986)
		at org.apache.catalina.core.StandardWrapper.loadServlet(StandardWrapper.java:943)
		at org.apache.catalina.core.StandardWrapper.allocate(StandardWrapper.java:661)
		at org.apache.catalina.core.StandardWrapperValve.invoke(StandardWrapperValve.java:114)
		at org.apache.catalina.core.StandardContextValve.invoke(StandardContextValve.java:88)
		at org.apache.catalina.authenticator.AuthenticatorBase.invoke(AuthenticatorBase.java:491)
		at org.apache.catalina.core.StandardHostValve.invoke(StandardHostValve.java:127)
		at org.apache.catalina.valves.ErrorReportValve.invoke(ErrorReportValve.java:83)
		at org.apache.catalina.valves.AbstractAccessLogValve.invoke(AbstractAccessLogValve.java:643)
		at org.apache.catalina.core.StandardEngineValve.invoke(StandardEngineValve.java:72)
		at org.apache.catalina.connector.CoyoteAdapter.service(CoyoteAdapter.java:344)
		at org.apache.coyote.http11.Http11Processor.service(Http11Processor.java:398)
		at org.apache.coyote.AbstractProcessorLight.process(AbstractProcessorLight.java:63)
		at org.apache.coyote.AbstractProtocol$ConnectionHandler.process(AbstractProtocol.java:939)
		at org.apache.tomcat.util.net.NioEndpoint$SocketProcessor.doRun(NioEndpoint.java:1832)
		at org.apache.tomcat.util.net.SocketProcessorBase.run(SocketProcessorBase.java:52)
		at org.apache.tomcat.util.threads.ThreadPoolExecutor.runWorker(ThreadPoolExecutor.java:973)
		at org.apache.tomcat.util.threads.ThreadPoolExecutor$Worker.run(ThreadPoolExecutor.java:491)
		at org.apache.tomcat.util.threads.TaskThread$WrappingRunnable.run(TaskThread.java:63)
		at java.base/java.lang.Thread.run(Thread.java:840)
	Caused by: org.springframework.beans.factory.UnsatisfiedDependencyException: Error creating bean with name 'employeeDAOWrapper': Unsatisfied dependency expressed through field 'employeeDAO'; nested exception is org.springframework.beans.factory.NoSuchBeanDefinitionException: No qualifying bean of type 'com.microservices.learn.dao.EmployeeDAO' available: expected at least 1 bean which qualifies as autowire candidate. Dependency annotations: {@org.springframework.beans.factory.annotation.Autowired(required=true)}
		at org.springframework.beans.factory.annotation.AutowiredAnnotationBeanPostProcessor$AutowiredFieldElement.resolveFieldValue(AutowiredAnnotationBeanPostProcessor.java:659)
		at org.springframework.beans.factory.annotation.AutowiredAnnotationBeanPostProcessor$AutowiredFieldElement.inject(AutowiredAnnotationBeanPostProcessor.java:639)
		at org.springframework.beans.factory.annotation.InjectionMetadata.inject(InjectionMetadata.java:119)
		at org.springframework.beans.factory.annotation.AutowiredAnnotationBeanPostProcessor.postProcessProperties(AutowiredAnnotationBeanPostProcessor.java:399)
		at org.springframework.beans.factory.support.AbstractAutowireCapableBeanFactory.populateBean(AbstractAutowireCapableBeanFactory.java:1431)
		at org.springframework.beans.factory.support.AbstractAutowireCapableBeanFactory.doCreateBean(AbstractAutowireCapableBeanFactory.java:619)
		at org.springframework.beans.factory.support.AbstractAutowireCapableBeanFactory.createBean(AbstractAutowireCapableBeanFactory.java:542)
		at org.springframework.beans.factory.support.AbstractBeanFactory.lambda$doGetBean$0(AbstractBeanFactory.java:335)
		at org.springframework.beans.factory.support.DefaultSingletonBeanRegistry.getSingleton(DefaultSingletonBeanRegistry.java:234)
		at org.springframework.beans.factory.support.AbstractBeanFactory.doGetBean(AbstractBeanFactory.java:333)
		at org.springframework.beans.factory.support.AbstractBeanFactory.getBean(AbstractBeanFactory.java:208)
		at org.springframework.beans.factory.config.DependencyDescriptor.resolveCandidate(DependencyDescriptor.java:276)
		at org.springframework.beans.factory.support.DefaultListableBeanFactory.doResolveDependency(DefaultListableBeanFactory.java:1391)
		at org.springframework.beans.factory.support.DefaultListableBeanFactory.resolveDependency(DefaultListableBeanFactory.java:1311)
		at org.springframework.beans.factory.annotation.AutowiredAnnotationBeanPostProcessor$AutowiredFieldElement.resolveFieldValue(AutowiredAnnotationBeanPostProcessor.java:656)
		... 40 more
	Caused by: org.springframework.beans.factory.NoSuchBeanDefinitionException: No qualifying bean of type 'com.microservices.learn.dao.EmployeeDAO' available: expected at least 1 bean which qualifies as autowire candidate. Dependency annotations: {@org.springframework.beans.factory.annotation.Autowired(required=true)}
		at org.springframework.beans.factory.support.DefaultListableBeanFactory.raiseNoMatchingBeanFound(DefaultListableBeanFactory.java:1801)
		at org.springframework.beans.factory.support.DefaultListableBeanFactory.doResolveDependency(DefaultListableBeanFactory.java:1357)
		at org.springframework.beans.factory.support.DefaultListableBeanFactory.resolveDependency(DefaultListableBeanFactory.java:1311)
		at org.springframework.beans.factory.annotation.AutowiredAnnotationBeanPostProcessor$AutowiredFieldElement.resolveFieldValue(AutowiredAnnotationBeanPostProcessor.java:656)
		... 54 more
30-Mar-2026 21:29:18.270 INFO [main] org.apache.catalina.core.StandardServer.await A valid shutdown command was received via the shutdown port. Stopping the Server instance.
30-Mar-2026 21:29:18.271 INFO [main] org.apache.coyote.AbstractProtocol.pause Pausing ProtocolHandler ["http-nio-8080"]
30-Mar-2026 21:29:18.273 INFO [main] org.apache.catalina.core.StandardService.stopInternal Stopping service [Catalina]
30-Mar-2026 21:29:18.283 INFO [main] org.apache.coyote.AbstractProtocol.stop Stopping ProtocolHandler ["http-nio-8080"]
30-Mar-2026 21:29:18.287 INFO [main] org.apache.coyote.AbstractProtocol.destroy Destroying ProtocolHandler ["http-nio-8080"]
NOTE: Picked up JDK_JAVA_OPTIONS:  --add-opens=java.base/java.lang=ALL-UNNAMED --add-opens=java.base/java.lang.invoke=ALL-UNNAMED --add-opens=java.base/java.lang.reflect=ALL-UNNAMED --add-opens=java.base/java.io=ALL-UNNAMED --add-opens=java.base/java.util=ALL-UNNAMED --add-opens=java.base/java.util.concurrent=ALL-UNNAMED --add-opens=java.rmi/sun.rmi.transport=ALL-UNNAMED
30-Mar-2026 21:29:18.667 INFO [main] org.apache.catalina.startup.VersionLoggerListener.log Server version name:   Apache Tomcat/9.0.116
30-Mar-2026 21:29:18.669 INFO [main] org.apache.catalina.startup.VersionLoggerListener.log Server built:          Mar 16 2026 15:05:42 UTC
30-Mar-2026 21:29:18.669 INFO [main] org.apache.catalina.startup.VersionLoggerListener.log Server version number: 9.0.116.0
30-Mar-2026 21:29:18.669 INFO [main] org.apache.catalina.startup.VersionLoggerListener.log OS Name:               Mac OS X
30-Mar-2026 21:29:18.669 INFO [main] org.apache.catalina.startup.VersionLoggerListener.log OS Version:            15.5
30-Mar-2026 21:29:18.669 INFO [main] org.apache.catalina.startup.VersionLoggerListener.log Architecture:          aarch64
30-Mar-2026 21:29:18.669 INFO [main] org.apache.catalina.startup.VersionLoggerListener.log Java Home:             /Users/motocycopath/Library/Java/JavaVirtualMachines/jbr-17.0.14/Contents/Home
30-Mar-2026 21:29:18.669 INFO [main] org.apache.catalina.startup.VersionLoggerListener.log JVM Version:           17.0.14+1-b1367.22
30-Mar-2026 21:29:18.669 INFO [main] org.apache.catalina.startup.VersionLoggerListener.log JVM Vendor:            JetBrains s.r.o.
30-Mar-2026 21:29:18.669 INFO [main] org.apache.catalina.startup.VersionLoggerListener.log CATALINA_BASE:         /Users/motocycopath/Desktop/java-full-stack-training/00-microservices-00/apache-tomcat-9.0.116
30-Mar-2026 21:29:18.669 INFO [main] org.apache.catalina.startup.VersionLoggerListener.log CATALINA_HOME:         /Users/motocycopath/Desktop/java-full-stack-training/00-microservices-00/apache-tomcat-9.0.116
30-Mar-2026 21:29:18.674 INFO [main] org.apache.catalina.startup.VersionLoggerListener.log Command line argument: --add-opens=java.base/java.lang=ALL-UNNAMED
30-Mar-2026 21:29:18.674 INFO [main] org.apache.catalina.startup.VersionLoggerListener.log Command line argument: --add-opens=java.base/java.lang.invoke=ALL-UNNAMED
30-Mar-2026 21:29:18.674 INFO [main] org.apache.catalina.startup.VersionLoggerListener.log Command line argument: --add-opens=java.base/java.lang.reflect=ALL-UNNAMED
30-Mar-2026 21:29:18.674 INFO [main] org.apache.catalina.startup.VersionLoggerListener.log Command line argument: --add-opens=java.base/java.io=ALL-UNNAMED
30-Mar-2026 21:29:18.674 INFO [main] org.apache.catalina.startup.VersionLoggerListener.log Command line argument: --add-opens=java.base/java.util=ALL-UNNAMED
30-Mar-2026 21:29:18.674 INFO [main] org.apache.catalina.startup.VersionLoggerListener.log Command line argument: --add-opens=java.base/java.util.concurrent=ALL-UNNAMED
30-Mar-2026 21:29:18.674 INFO [main] org.apache.catalina.startup.VersionLoggerListener.log Command line argument: --add-opens=java.rmi/sun.rmi.transport=ALL-UNNAMED
30-Mar-2026 21:29:18.674 INFO [main] org.apache.catalina.startup.VersionLoggerListener.log Command line argument: -Djava.util.logging.config.file=/Users/motocycopath/Desktop/java-full-stack-training/00-microservices-00/apache-tomcat-9.0.116/conf/logging.properties
30-Mar-2026 21:29:18.674 INFO [main] org.apache.catalina.startup.VersionLoggerListener.log Command line argument: -Djava.util.logging.manager=org.apache.juli.ClassLoaderLogManager
30-Mar-2026 21:29:18.674 INFO [main] org.apache.catalina.startup.VersionLoggerListener.log Command line argument: -Djdk.tls.ephemeralDHKeySize=2048
30-Mar-2026 21:29:18.674 INFO [main] org.apache.catalina.startup.VersionLoggerListener.log Command line argument: -Djava.protocol.handler.pkgs=org.apache.catalina.webresources
30-Mar-2026 21:29:18.674 INFO [main] org.apache.catalina.startup.VersionLoggerListener.log Command line argument: -Dsun.io.useCanonCaches=false
30-Mar-2026 21:29:18.674 INFO [main] org.apache.catalina.startup.VersionLoggerListener.log Command line argument: -Dorg.apache.catalina.security.SecurityListener.UMASK=0027
30-Mar-2026 21:29:18.674 INFO [main] org.apache.catalina.startup.VersionLoggerListener.log Command line argument: -Dignore.endorsed.dirs=
30-Mar-2026 21:29:18.674 INFO [main] org.apache.catalina.startup.VersionLoggerListener.log Command line argument: -Dcatalina.base=/Users/motocycopath/Desktop/java-full-stack-training/00-microservices-00/apache-tomcat-9.0.116
30-Mar-2026 21:29:18.674 INFO [main] org.apache.catalina.startup.VersionLoggerListener.log Command line argument: -Dcatalina.home=/Users/motocycopath/Desktop/java-full-stack-training/00-microservices-00/apache-tomcat-9.0.116
30-Mar-2026 21:29:18.674 INFO [main] org.apache.catalina.startup.VersionLoggerListener.log Command line argument: -Djava.io.tmpdir=/Users/motocycopath/Desktop/java-full-stack-training/00-microservices-00/apache-tomcat-9.0.116/temp
30-Mar-2026 21:29:18.679 INFO [main] org.apache.catalina.core.AprLifecycleListener.lifecycleEvent The Apache Tomcat Native library which allows using OpenSSL was not found on the java.library.path: [/Users/motocycopath/Library/Java/Extensions:/Library/Java/Extensions:/Network/Library/Java/Extensions:/System/Library/Java/Extensions:/usr/lib/java:.]
30-Mar-2026 21:29:18.791 INFO [main] org.apache.coyote.AbstractProtocol.init Initializing ProtocolHandler ["http-nio-8080"]
30-Mar-2026 21:29:18.804 INFO [main] org.apache.catalina.startup.Catalina.load Server initialization in [208] milliseconds
30-Mar-2026 21:29:18.819 INFO [main] org.apache.catalina.core.StandardService.startInternal Starting service [Catalina]
30-Mar-2026 21:29:18.819 INFO [main] org.apache.catalina.core.StandardEngine.startInternal Starting Servlet engine: [Apache Tomcat/9.0.116]
30-Mar-2026 21:29:18.822 INFO [main] org.apache.catalina.startup.HostConfig.deployDirectory Deploying web application directory [/Users/motocycopath/Desktop/java-full-stack-training/00-microservices-00/apache-tomcat-9.0.116/webapps/employee-service]
30-Mar-2026 21:29:19.457 INFO [main] org.apache.jasper.servlet.TldScanner.scanJars At least one JAR was scanned for TLDs yet contained no TLDs. Enable debug logging for this logger for a complete list of JARs that were scanned but no TLDs were found in them. Skipping unneeded JARs during scanning can improve startup time and JSP compilation time.
30-Mar-2026 21:29:19.469 INFO [main] org.springframework.web.context.ContextLoader.initWebApplicationContext Root WebApplicationContext: initialization started
30-Mar-2026 21:29:19.575 INFO [main] org.springframework.data.repository.config.RepositoryConfigurationDelegate.registerRepositoriesIn Bootstrapping Spring Data JPA repositories in DEFAULT mode.
30-Mar-2026 21:29:19.585 INFO [main] org.springframework.data.repository.config.RepositoryConfigurationDelegate.registerRepositoriesIn Finished Spring Data repository scanning in 3 ms. Found 0 JPA repository interfaces.
30-Mar-2026 21:29:19.586 INFO [main] org.springframework.data.repository.config.RepositoryConfigurationDelegate.registerRepositoriesIn Bootstrapping Spring Data JPA repositories in DEFAULT mode.
30-Mar-2026 21:29:19.586 INFO [main] org.springframework.data.repository.config.RepositoryConfigurationDelegate.registerRepositoriesIn Finished Spring Data repository scanning in 0 ms. Found 0 JPA repository interfaces.
30-Mar-2026 21:29:19.636 WARNING [main] org.springframework.context.support.AbstractApplicationContext.refresh Exception encountered during context initialization - cancelling refresh attempt: org.springframework.beans.factory.BeanInitializationException: Could not load properties; nested exception is java.io.FileNotFoundException: class path resource [cst_conn.properties] cannot be opened because it does not exist
30-Mar-2026 21:29:19.638 SEVERE [main] org.springframework.web.context.ContextLoader.initWebApplicationContext Context initialization failed
	org.springframework.beans.factory.BeanInitializationException: Could not load properties; nested exception is java.io.FileNotFoundException: class path resource [cst_conn.properties] cannot be opened because it does not exist
		at org.springframework.beans.factory.config.PropertyResourceConfigurer.postProcessBeanFactory(PropertyResourceConfigurer.java:89)
		at org.springframework.context.support.PostProcessorRegistrationDelegate.invokeBeanFactoryPostProcessors(PostProcessorRegistrationDelegate.java:325)
		at org.springframework.context.support.PostProcessorRegistrationDelegate.invokeBeanFactoryPostProcessors(PostProcessorRegistrationDelegate.java:183)
		at org.springframework.context.support.AbstractApplicationContext.invokeBeanFactoryPostProcessors(AbstractApplicationContext.java:746)
		at org.springframework.context.support.AbstractApplicationContext.refresh(AbstractApplicationContext.java:564)
		at org.springframework.web.context.ContextLoader.configureAndRefreshWebApplicationContext(ContextLoader.java:401)
		at org.springframework.web.context.ContextLoader.initWebApplicationContext(ContextLoader.java:292)
		at org.springframework.web.context.ContextLoaderListener.contextInitialized(ContextLoaderListener.java:103)
		at org.apache.catalina.core.StandardContext.listenerStart(StandardContext.java:4047)
		at org.apache.catalina.core.StandardContext.startInternal(StandardContext.java:4489)
		at org.apache.catalina.util.LifecycleBase.start(LifecycleBase.java:164)
		at org.apache.catalina.core.ContainerBase.addChildInternal(ContainerBase.java:597)
		at org.apache.catalina.core.ContainerBase.addChild(ContainerBase.java:569)
		at org.apache.catalina.core.StandardHost.addChild(StandardHost.java:608)
		at org.apache.catalina.startup.HostConfig.deployDirectory(HostConfig.java:1171)
		at org.apache.catalina.startup.HostConfig$DeployDirectory.run(HostConfig.java:1880)
		at java.base/java.util.concurrent.Executors$RunnableAdapter.call(Executors.java:539)
		at java.base/java.util.concurrent.FutureTask.run(FutureTask.java:264)
		at org.apache.tomcat.util.threads.InlineExecutorService.execute(InlineExecutorService.java:82)
		at java.base/java.util.concurrent.AbstractExecutorService.submit(AbstractExecutorService.java:123)
		at org.apache.catalina.startup.HostConfig.deployDirectories(HostConfig.java:1082)
		at org.apache.catalina.startup.HostConfig.deployApps(HostConfig.java:467)
		at org.apache.catalina.startup.HostConfig.start(HostConfig.java:1576)
		at org.apache.catalina.startup.HostConfig.lifecycleEvent(HostConfig.java:309)
		at org.apache.catalina.util.LifecycleBase.fireLifecycleEvent(LifecycleBase.java:109)
		at org.apache.catalina.util.LifecycleBase.setStateInternal(LifecycleBase.java:389)
		at org.apache.catalina.util.LifecycleBase.setState(LifecycleBase.java:336)
		at org.apache.catalina.core.ContainerBase.startInternal(ContainerBase.java:774)
		at org.apache.catalina.core.StandardHost.startInternal(StandardHost.java:726)
		at org.apache.catalina.util.LifecycleBase.start(LifecycleBase.java:164)
		at org.apache.catalina.core.ContainerBase$StartChild.call(ContainerBase.java:1201)
		at org.apache.catalina.core.ContainerBase$StartChild.call(ContainerBase.java:1191)
		at java.base/java.util.concurrent.FutureTask.run(FutureTask.java:264)
		at org.apache.tomcat.util.threads.InlineExecutorService.execute(InlineExecutorService.java:82)
		at java.base/java.util.concurrent.AbstractExecutorService.submit(AbstractExecutorService.java:145)
		at org.apache.catalina.core.ContainerBase.startInternal(ContainerBase.java:747)
		at org.apache.catalina.core.StandardEngine.startInternal(StandardEngine.java:209)
		at org.apache.catalina.util.LifecycleBase.start(LifecycleBase.java:164)
		at org.apache.catalina.core.StandardService.startInternal(StandardService.java:410)
		at org.apache.catalina.util.LifecycleBase.start(LifecycleBase.java:164)
		at org.apache.catalina.core.StandardServer.startInternal(StandardServer.java:872)
		at org.apache.catalina.util.LifecycleBase.start(LifecycleBase.java:164)
		at org.apache.catalina.startup.Catalina.start(Catalina.java:736)
		at java.base/jdk.internal.reflect.NativeMethodAccessorImpl.invoke0(Native Method)
		at java.base/jdk.internal.reflect.NativeMethodAccessorImpl.invoke(NativeMethodAccessorImpl.java:77)
		at java.base/jdk.internal.reflect.DelegatingMethodAccessorImpl.invoke(DelegatingMethodAccessorImpl.java:43)
		at java.base/java.lang.reflect.Method.invoke(Method.java:569)
		at org.apache.catalina.startup.Bootstrap.start(Bootstrap.java:342)
		at org.apache.catalina.startup.Bootstrap.main(Bootstrap.java:473)
	Caused by: java.io.FileNotFoundException: class path resource [cst_conn.properties] cannot be opened because it does not exist
		at org.springframework.core.io.ClassPathResource.getInputStream(ClassPathResource.java:199)
		at org.springframework.core.io.support.EncodedResource.getInputStream(EncodedResource.java:159)
		at org.springframework.core.io.support.PropertiesLoaderUtils.fillProperties(PropertiesLoaderUtils.java:110)
		at org.springframework.core.io.support.PropertiesLoaderSupport.loadProperties(PropertiesLoaderSupport.java:181)
		at org.springframework.core.io.support.PropertiesLoaderSupport.mergeProperties(PropertiesLoaderSupport.java:162)
		at org.springframework.beans.factory.config.PropertyResourceConfigurer.postProcessBeanFactory(PropertyResourceConfigurer.java:80)
		... 48 more
30-Mar-2026 21:29:19.639 SEVERE [main] org.apache.catalina.core.StandardContext.startInternal One or more listeners failed to start. Full details will be found in the appropriate container log file
30-Mar-2026 21:29:19.645 SEVERE [main] org.apache.catalina.core.StandardContext.startInternal Context [/employee-service] startup failed due to previous errors
30-Mar-2026 21:29:19.649 INFO [main] org.apache.catalina.startup.HostConfig.deployDirectory Deployment of web application directory [/Users/motocycopath/Desktop/java-full-stack-training/00-microservices-00/apache-tomcat-9.0.116/webapps/employee-service] has finished in [827] ms
30-Mar-2026 21:29:19.649 INFO [main] org.apache.catalina.startup.HostConfig.deployDirectory Deploying web application directory [/Users/motocycopath/Desktop/java-full-stack-training/00-microservices-00/apache-tomcat-9.0.116/webapps/docs]
30-Mar-2026 21:29:19.661 INFO [main] org.apache.catalina.startup.HostConfig.deployDirectory Deployment of web application directory [/Users/motocycopath/Desktop/java-full-stack-training/00-microservices-00/apache-tomcat-9.0.116/webapps/docs] has finished in [12] ms
30-Mar-2026 21:29:19.661 INFO [main] org.apache.catalina.startup.HostConfig.deployDirectory Deploying web application directory [/Users/motocycopath/Desktop/java-full-stack-training/00-microservices-00/apache-tomcat-9.0.116/webapps/manager]
30-Mar-2026 21:29:19.672 INFO [main] org.apache.catalina.startup.HostConfig.deployDirectory Deployment of web application directory [/Users/motocycopath/Desktop/java-full-stack-training/00-microservices-00/apache-tomcat-9.0.116/webapps/manager] has finished in [11] ms
30-Mar-2026 21:29:19.672 INFO [main] org.apache.catalina.startup.HostConfig.deployDirectory Deploying web application directory [/Users/motocycopath/Desktop/java-full-stack-training/00-microservices-00/apache-tomcat-9.0.116/webapps/examples]
30-Mar-2026 21:29:19.730 INFO [main] org.apache.catalina.startup.HostConfig.deployDirectory Deployment of web application directory [/Users/motocycopath/Desktop/java-full-stack-training/00-microservices-00/apache-tomcat-9.0.116/webapps/examples] has finished in [58] ms
30-Mar-2026 21:29:19.730 INFO [main] org.apache.catalina.startup.HostConfig.deployDirectory Deploying web application directory [/Users/motocycopath/Desktop/java-full-stack-training/00-microservices-00/apache-tomcat-9.0.116/webapps/ROOT]
30-Mar-2026 21:29:19.735 INFO [main] org.apache.catalina.startup.HostConfig.deployDirectory Deployment of web application directory [/Users/motocycopath/Desktop/java-full-stack-training/00-microservices-00/apache-tomcat-9.0.116/webapps/ROOT] has finished in [5] ms
30-Mar-2026 21:29:19.735 INFO [main] org.apache.catalina.startup.HostConfig.deployDirectory Deploying web application directory [/Users/motocycopath/Desktop/java-full-stack-training/00-microservices-00/apache-tomcat-9.0.116/webapps/host-manager]
30-Mar-2026 21:29:19.740 INFO [main] org.apache.catalina.startup.HostConfig.deployDirectory Deployment of web application directory [/Users/motocycopath/Desktop/java-full-stack-training/00-microservices-00/apache-tomcat-9.0.116/webapps/host-manager] has finished in [5] ms
30-Mar-2026 21:29:19.741 INFO [main] org.apache.coyote.AbstractProtocol.start Starting ProtocolHandler ["http-nio-8080"]
30-Mar-2026 21:29:19.745 INFO [main] org.apache.catalina.startup.Catalina.start Server startup in [940] milliseconds
30-Mar-2026 21:32:49.340 INFO [main] org.apache.catalina.core.StandardServer.await A valid shutdown command was received via the shutdown port. Stopping the Server instance.
30-Mar-2026 21:32:49.341 INFO [main] org.apache.coyote.AbstractProtocol.pause Pausing ProtocolHandler ["http-nio-8080"]
30-Mar-2026 21:32:49.344 INFO [main] org.apache.catalina.core.StandardService.stopInternal Stopping service [Catalina]
30-Mar-2026 21:32:49.352 INFO [main] org.apache.coyote.AbstractProtocol.stop Stopping ProtocolHandler ["http-nio-8080"]
30-Mar-2026 21:32:49.355 INFO [main] org.apache.coyote.AbstractProtocol.destroy Destroying ProtocolHandler ["http-nio-8080"]
NOTE: Picked up JDK_JAVA_OPTIONS:  --add-opens=java.base/java.lang=ALL-UNNAMED --add-opens=java.base/java.lang.invoke=ALL-UNNAMED --add-opens=java.base/java.lang.reflect=ALL-UNNAMED --add-opens=java.base/java.io=ALL-UNNAMED --add-opens=java.base/java.util=ALL-UNNAMED --add-opens=java.base/java.util.concurrent=ALL-UNNAMED --add-opens=java.rmi/sun.rmi.transport=ALL-UNNAMED
30-Mar-2026 21:32:50.009 INFO [main] org.apache.catalina.startup.VersionLoggerListener.log Server version name:   Apache Tomcat/9.0.116
30-Mar-2026 21:32:50.010 INFO [main] org.apache.catalina.startup.VersionLoggerListener.log Server built:          Mar 16 2026 15:05:42 UTC
30-Mar-2026 21:32:50.010 INFO [main] org.apache.catalina.startup.VersionLoggerListener.log Server version number: 9.0.116.0
30-Mar-2026 21:32:50.010 INFO [main] org.apache.catalina.startup.VersionLoggerListener.log OS Name:               Mac OS X
30-Mar-2026 21:32:50.011 INFO [main] org.apache.catalina.startup.VersionLoggerListener.log OS Version:            15.5
30-Mar-2026 21:32:50.011 INFO [main] org.apache.catalina.startup.VersionLoggerListener.log Architecture:          aarch64
30-Mar-2026 21:32:50.011 INFO [main] org.apache.catalina.startup.VersionLoggerListener.log Java Home:             /Users/motocycopath/Library/Java/JavaVirtualMachines/jbr-17.0.14/Contents/Home
30-Mar-2026 21:32:50.011 INFO [main] org.apache.catalina.startup.VersionLoggerListener.log JVM Version:           17.0.14+1-b1367.22
30-Mar-2026 21:32:50.011 INFO [main] org.apache.catalina.startup.VersionLoggerListener.log JVM Vendor:            JetBrains s.r.o.
30-Mar-2026 21:32:50.011 INFO [main] org.apache.catalina.startup.VersionLoggerListener.log CATALINA_BASE:         /Users/motocycopath/Desktop/java-full-stack-training/00-microservices-00/apache-tomcat-9.0.116
30-Mar-2026 21:32:50.011 INFO [main] org.apache.catalina.startup.VersionLoggerListener.log CATALINA_HOME:         /Users/motocycopath/Desktop/java-full-stack-training/00-microservices-00/apache-tomcat-9.0.116
30-Mar-2026 21:32:50.015 INFO [main] org.apache.catalina.startup.VersionLoggerListener.log Command line argument: --add-opens=java.base/java.lang=ALL-UNNAMED
30-Mar-2026 21:32:50.015 INFO [main] org.apache.catalina.startup.VersionLoggerListener.log Command line argument: --add-opens=java.base/java.lang.invoke=ALL-UNNAMED
30-Mar-2026 21:32:50.015 INFO [main] org.apache.catalina.startup.VersionLoggerListener.log Command line argument: --add-opens=java.base/java.lang.reflect=ALL-UNNAMED
30-Mar-2026 21:32:50.015 INFO [main] org.apache.catalina.startup.VersionLoggerListener.log Command line argument: --add-opens=java.base/java.io=ALL-UNNAMED
30-Mar-2026 21:32:50.015 INFO [main] org.apache.catalina.startup.VersionLoggerListener.log Command line argument: --add-opens=java.base/java.util=ALL-UNNAMED
30-Mar-2026 21:32:50.015 INFO [main] org.apache.catalina.startup.VersionLoggerListener.log Command line argument: --add-opens=java.base/java.util.concurrent=ALL-UNNAMED
30-Mar-2026 21:32:50.015 INFO [main] org.apache.catalina.startup.VersionLoggerListener.log Command line argument: --add-opens=java.rmi/sun.rmi.transport=ALL-UNNAMED
30-Mar-2026 21:32:50.015 INFO [main] org.apache.catalina.startup.VersionLoggerListener.log Command line argument: -Djava.util.logging.config.file=/Users/motocycopath/Desktop/java-full-stack-training/00-microservices-00/apache-tomcat-9.0.116/conf/logging.properties
30-Mar-2026 21:32:50.015 INFO [main] org.apache.catalina.startup.VersionLoggerListener.log Command line argument: -Djava.util.logging.manager=org.apache.juli.ClassLoaderLogManager
30-Mar-2026 21:32:50.015 INFO [main] org.apache.catalina.startup.VersionLoggerListener.log Command line argument: -Djdk.tls.ephemeralDHKeySize=2048
30-Mar-2026 21:32:50.015 INFO [main] org.apache.catalina.startup.VersionLoggerListener.log Command line argument: -Djava.protocol.handler.pkgs=org.apache.catalina.webresources
30-Mar-2026 21:32:50.016 INFO [main] org.apache.catalina.startup.VersionLoggerListener.log Command line argument: -Dsun.io.useCanonCaches=false
30-Mar-2026 21:32:50.016 INFO [main] org.apache.catalina.startup.VersionLoggerListener.log Command line argument: -Dorg.apache.catalina.security.SecurityListener.UMASK=0027
30-Mar-2026 21:32:50.016 INFO [main] org.apache.catalina.startup.VersionLoggerListener.log Command line argument: -Dignore.endorsed.dirs=
30-Mar-2026 21:32:50.016 INFO [main] org.apache.catalina.startup.VersionLoggerListener.log Command line argument: -Dcatalina.base=/Users/motocycopath/Desktop/java-full-stack-training/00-microservices-00/apache-tomcat-9.0.116
30-Mar-2026 21:32:50.016 INFO [main] org.apache.catalina.startup.VersionLoggerListener.log Command line argument: -Dcatalina.home=/Users/motocycopath/Desktop/java-full-stack-training/00-microservices-00/apache-tomcat-9.0.116
30-Mar-2026 21:32:50.016 INFO [main] org.apache.catalina.startup.VersionLoggerListener.log Command line argument: -Djava.io.tmpdir=/Users/motocycopath/Desktop/java-full-stack-training/00-microservices-00/apache-tomcat-9.0.116/temp
30-Mar-2026 21:32:50.020 INFO [main] org.apache.catalina.core.AprLifecycleListener.lifecycleEvent The Apache Tomcat Native library which allows using OpenSSL was not found on the java.library.path: [/Users/motocycopath/Library/Java/Extensions:/Library/Java/Extensions:/Network/Library/Java/Extensions:/System/Library/Java/Extensions:/usr/lib/java:.]
30-Mar-2026 21:32:50.123 INFO [main] org.apache.coyote.AbstractProtocol.init Initializing ProtocolHandler ["http-nio-8080"]
30-Mar-2026 21:32:50.133 INFO [main] org.apache.catalina.startup.Catalina.load Server initialization in [189] milliseconds
30-Mar-2026 21:32:50.147 INFO [main] org.apache.catalina.core.StandardService.startInternal Starting service [Catalina]
30-Mar-2026 21:32:50.148 INFO [main] org.apache.catalina.core.StandardEngine.startInternal Starting Servlet engine: [Apache Tomcat/9.0.116]
30-Mar-2026 21:32:50.150 INFO [main] org.apache.catalina.startup.HostConfig.deployDirectory Deploying web application directory [/Users/motocycopath/Desktop/java-full-stack-training/00-microservices-00/apache-tomcat-9.0.116/webapps/employee-service]
30-Mar-2026 21:32:50.792 INFO [main] org.apache.jasper.servlet.TldScanner.scanJars At least one JAR was scanned for TLDs yet contained no TLDs. Enable debug logging for this logger for a complete list of JARs that were scanned but no TLDs were found in them. Skipping unneeded JARs during scanning can improve startup time and JSP compilation time.
30-Mar-2026 21:32:50.804 INFO [main] org.springframework.web.context.ContextLoader.initWebApplicationContext Root WebApplicationContext: initialization started
30-Mar-2026 21:32:50.936 INFO [main] org.springframework.data.repository.config.RepositoryConfigurationDelegate.registerRepositoriesIn Bootstrapping Spring Data JPA repositories in DEFAULT mode.
30-Mar-2026 21:32:50.966 INFO [main] org.springframework.data.repository.config.RepositoryConfigurationDelegate.registerRepositoriesIn Finished Spring Data repository scanning in 23 ms. Found 1 JPA repository interfaces.
30-Mar-2026 21:32:50.967 INFO [main] org.springframework.data.repository.config.RepositoryConfigurationDelegate.registerRepositoriesIn Bootstrapping Spring Data JPA repositories in DEFAULT mode.
30-Mar-2026 21:32:50.969 INFO [main] org.springframework.data.repository.config.RepositoryConfigurationDelegate.registerRepositoriesIn Finished Spring Data repository scanning in 1 ms. Found 1 JPA repository interfaces.
30-Mar-2026 21:32:51.018 WARNING [main] org.springframework.context.support.AbstractApplicationContext.refresh Exception encountered during context initialization - cancelling refresh attempt: org.springframework.beans.factory.BeanInitializationException: Could not load properties; nested exception is java.io.FileNotFoundException: class path resource [cst_conn.properties] cannot be opened because it does not exist
30-Mar-2026 21:32:51.019 SEVERE [main] org.springframework.web.context.ContextLoader.initWebApplicationContext Context initialization failed
	org.springframework.beans.factory.BeanInitializationException: Could not load properties; nested exception is java.io.FileNotFoundException: class path resource [cst_conn.properties] cannot be opened because it does not exist
		at org.springframework.beans.factory.config.PropertyResourceConfigurer.postProcessBeanFactory(PropertyResourceConfigurer.java:89)
		at org.springframework.context.support.PostProcessorRegistrationDelegate.invokeBeanFactoryPostProcessors(PostProcessorRegistrationDelegate.java:325)
		at org.springframework.context.support.PostProcessorRegistrationDelegate.invokeBeanFactoryPostProcessors(PostProcessorRegistrationDelegate.java:183)
		at org.springframework.context.support.AbstractApplicationContext.invokeBeanFactoryPostProcessors(AbstractApplicationContext.java:746)
		at org.springframework.context.support.AbstractApplicationContext.refresh(AbstractApplicationContext.java:564)
		at org.springframework.web.context.ContextLoader.configureAndRefreshWebApplicationContext(ContextLoader.java:401)
		at org.springframework.web.context.ContextLoader.initWebApplicationContext(ContextLoader.java:292)
		at org.springframework.web.context.ContextLoaderListener.contextInitialized(ContextLoaderListener.java:103)
		at org.apache.catalina.core.StandardContext.listenerStart(StandardContext.java:4047)
		at org.apache.catalina.core.StandardContext.startInternal(StandardContext.java:4489)
		at org.apache.catalina.util.LifecycleBase.start(LifecycleBase.java:164)
		at org.apache.catalina.core.ContainerBase.addChildInternal(ContainerBase.java:597)
		at org.apache.catalina.core.ContainerBase.addChild(ContainerBase.java:569)
		at org.apache.catalina.core.StandardHost.addChild(StandardHost.java:608)
		at org.apache.catalina.startup.HostConfig.deployDirectory(HostConfig.java:1171)
		at org.apache.catalina.startup.HostConfig$DeployDirectory.run(HostConfig.java:1880)
		at java.base/java.util.concurrent.Executors$RunnableAdapter.call(Executors.java:539)
		at java.base/java.util.concurrent.FutureTask.run(FutureTask.java:264)
		at org.apache.tomcat.util.threads.InlineExecutorService.execute(InlineExecutorService.java:82)
		at java.base/java.util.concurrent.AbstractExecutorService.submit(AbstractExecutorService.java:123)
		at org.apache.catalina.startup.HostConfig.deployDirectories(HostConfig.java:1082)
		at org.apache.catalina.startup.HostConfig.deployApps(HostConfig.java:467)
		at org.apache.catalina.startup.HostConfig.start(HostConfig.java:1576)
		at org.apache.catalina.startup.HostConfig.lifecycleEvent(HostConfig.java:309)
		at org.apache.catalina.util.LifecycleBase.fireLifecycleEvent(LifecycleBase.java:109)
		at org.apache.catalina.util.LifecycleBase.setStateInternal(LifecycleBase.java:389)
		at org.apache.catalina.util.LifecycleBase.setState(LifecycleBase.java:336)
		at org.apache.catalina.core.ContainerBase.startInternal(ContainerBase.java:774)
		at org.apache.catalina.core.StandardHost.startInternal(StandardHost.java:726)
		at org.apache.catalina.util.LifecycleBase.start(LifecycleBase.java:164)
		at org.apache.catalina.core.ContainerBase$StartChild.call(ContainerBase.java:1201)
		at org.apache.catalina.core.ContainerBase$StartChild.call(ContainerBase.java:1191)
		at java.base/java.util.concurrent.FutureTask.run(FutureTask.java:264)
		at org.apache.tomcat.util.threads.InlineExecutorService.execute(InlineExecutorService.java:82)
		at java.base/java.util.concurrent.AbstractExecutorService.submit(AbstractExecutorService.java:145)
		at org.apache.catalina.core.ContainerBase.startInternal(ContainerBase.java:747)
		at org.apache.catalina.core.StandardEngine.startInternal(StandardEngine.java:209)
		at org.apache.catalina.util.LifecycleBase.start(LifecycleBase.java:164)
		at org.apache.catalina.core.StandardService.startInternal(StandardService.java:410)
		at org.apache.catalina.util.LifecycleBase.start(LifecycleBase.java:164)
		at org.apache.catalina.core.StandardServer.startInternal(StandardServer.java:872)
		at org.apache.catalina.util.LifecycleBase.start(LifecycleBase.java:164)
		at org.apache.catalina.startup.Catalina.start(Catalina.java:736)
		at java.base/jdk.internal.reflect.NativeMethodAccessorImpl.invoke0(Native Method)
		at java.base/jdk.internal.reflect.NativeMethodAccessorImpl.invoke(NativeMethodAccessorImpl.java:77)
		at java.base/jdk.internal.reflect.DelegatingMethodAccessorImpl.invoke(DelegatingMethodAccessorImpl.java:43)
		at java.base/java.lang.reflect.Method.invoke(Method.java:569)
		at org.apache.catalina.startup.Bootstrap.start(Bootstrap.java:342)
		at org.apache.catalina.startup.Bootstrap.main(Bootstrap.java:473)
	Caused by: java.io.FileNotFoundException: class path resource [cst_conn.properties] cannot be opened because it does not exist
		at org.springframework.core.io.ClassPathResource.getInputStream(ClassPathResource.java:199)
		at org.springframework.core.io.support.EncodedResource.getInputStream(EncodedResource.java:159)
		at org.springframework.core.io.support.PropertiesLoaderUtils.fillProperties(PropertiesLoaderUtils.java:110)
		at org.springframework.core.io.support.PropertiesLoaderSupport.loadProperties(PropertiesLoaderSupport.java:181)
		at org.springframework.core.io.support.PropertiesLoaderSupport.mergeProperties(PropertiesLoaderSupport.java:162)
		at org.springframework.beans.factory.config.PropertyResourceConfigurer.postProcessBeanFactory(PropertyResourceConfigurer.java:80)
		... 48 more
30-Mar-2026 21:32:51.020 SEVERE [main] org.apache.catalina.core.StandardContext.startInternal One or more listeners failed to start. Full details will be found in the appropriate container log file
30-Mar-2026 21:32:51.026 SEVERE [main] org.apache.catalina.core.StandardContext.startInternal Context [/employee-service] startup failed due to previous errors
30-Mar-2026 21:32:51.030 INFO [main] org.apache.catalina.startup.HostConfig.deployDirectory Deployment of web application directory [/Users/motocycopath/Desktop/java-full-stack-training/00-microservices-00/apache-tomcat-9.0.116/webapps/employee-service] has finished in [880] ms
30-Mar-2026 21:32:51.030 INFO [main] org.apache.catalina.startup.HostConfig.deployDirectory Deploying web application directory [/Users/motocycopath/Desktop/java-full-stack-training/00-microservices-00/apache-tomcat-9.0.116/webapps/docs]
30-Mar-2026 21:32:51.045 INFO [main] org.apache.catalina.startup.HostConfig.deployDirectory Deployment of web application directory [/Users/motocycopath/Desktop/java-full-stack-training/00-microservices-00/apache-tomcat-9.0.116/webapps/docs] has finished in [15] ms
30-Mar-2026 21:32:51.045 INFO [main] org.apache.catalina.startup.HostConfig.deployDirectory Deploying web application directory [/Users/motocycopath/Desktop/java-full-stack-training/00-microservices-00/apache-tomcat-9.0.116/webapps/manager]
30-Mar-2026 21:32:51.055 INFO [main] org.apache.catalina.startup.HostConfig.deployDirectory Deployment of web application directory [/Users/motocycopath/Desktop/java-full-stack-training/00-microservices-00/apache-tomcat-9.0.116/webapps/manager] has finished in [10] ms
30-Mar-2026 21:32:51.056 INFO [main] org.apache.catalina.startup.HostConfig.deployDirectory Deploying web application directory [/Users/motocycopath/Desktop/java-full-stack-training/00-microservices-00/apache-tomcat-9.0.116/webapps/examples]
30-Mar-2026 21:32:51.118 INFO [main] org.apache.catalina.startup.HostConfig.deployDirectory Deployment of web application directory [/Users/motocycopath/Desktop/java-full-stack-training/00-microservices-00/apache-tomcat-9.0.116/webapps/examples] has finished in [62] ms
30-Mar-2026 21:32:51.118 INFO [main] org.apache.catalina.startup.HostConfig.deployDirectory Deploying web application directory [/Users/motocycopath/Desktop/java-full-stack-training/00-microservices-00/apache-tomcat-9.0.116/webapps/ROOT]
30-Mar-2026 21:32:51.123 INFO [main] org.apache.catalina.startup.HostConfig.deployDirectory Deployment of web application directory [/Users/motocycopath/Desktop/java-full-stack-training/00-microservices-00/apache-tomcat-9.0.116/webapps/ROOT] has finished in [5] ms
30-Mar-2026 21:32:51.123 INFO [main] org.apache.catalina.startup.HostConfig.deployDirectory Deploying web application directory [/Users/motocycopath/Desktop/java-full-stack-training/00-microservices-00/apache-tomcat-9.0.116/webapps/host-manager]
30-Mar-2026 21:32:51.129 INFO [main] org.apache.catalina.startup.HostConfig.deployDirectory Deployment of web application directory [/Users/motocycopath/Desktop/java-full-stack-training/00-microservices-00/apache-tomcat-9.0.116/webapps/host-manager] has finished in [6] ms
30-Mar-2026 21:32:51.130 INFO [main] org.apache.coyote.AbstractProtocol.start Starting ProtocolHandler ["http-nio-8080"]
30-Mar-2026 21:32:51.134 INFO [main] org.apache.catalina.startup.Catalina.start Server startup in [1000] milliseconds
30-Mar-2026 21:34:56.966 INFO [main] org.apache.catalina.core.StandardServer.await A valid shutdown command was received via the shutdown port. Stopping the Server instance.
30-Mar-2026 21:34:56.969 INFO [main] org.apache.coyote.AbstractProtocol.pause Pausing ProtocolHandler ["http-nio-8080"]
30-Mar-2026 21:34:56.972 INFO [main] org.apache.catalina.core.StandardService.stopInternal Stopping service [Catalina]
30-Mar-2026 21:34:56.980 INFO [main] org.apache.coyote.AbstractProtocol.stop Stopping ProtocolHandler ["http-nio-8080"]
30-Mar-2026 21:34:56.984 INFO [main] org.apache.coyote.AbstractProtocol.destroy Destroying ProtocolHandler ["http-nio-8080"]
NOTE: Picked up JDK_JAVA_OPTIONS:  --add-opens=java.base/java.lang=ALL-UNNAMED --add-opens=java.base/java.lang.invoke=ALL-UNNAMED --add-opens=java.base/java.lang.reflect=ALL-UNNAMED --add-opens=java.base/java.io=ALL-UNNAMED --add-opens=java.base/java.util=ALL-UNNAMED --add-opens=java.base/java.util.concurrent=ALL-UNNAMED --add-opens=java.rmi/sun.rmi.transport=ALL-UNNAMED
30-Mar-2026 21:34:57.611 INFO [main] org.apache.catalina.startup.VersionLoggerListener.log Server version name:   Apache Tomcat/9.0.116
30-Mar-2026 21:34:57.612 INFO [main] org.apache.catalina.startup.VersionLoggerListener.log Server built:          Mar 16 2026 15:05:42 UTC
30-Mar-2026 21:34:57.612 INFO [main] org.apache.catalina.startup.VersionLoggerListener.log Server version number: 9.0.116.0
30-Mar-2026 21:34:57.612 INFO [main] org.apache.catalina.startup.VersionLoggerListener.log OS Name:               Mac OS X
30-Mar-2026 21:34:57.613 INFO [main] org.apache.catalina.startup.VersionLoggerListener.log OS Version:            15.5
30-Mar-2026 21:34:57.613 INFO [main] org.apache.catalina.startup.VersionLoggerListener.log Architecture:          aarch64
30-Mar-2026 21:34:57.613 INFO [main] org.apache.catalina.startup.VersionLoggerListener.log Java Home:             /Users/motocycopath/Library/Java/JavaVirtualMachines/jbr-17.0.14/Contents/Home
30-Mar-2026 21:34:57.613 INFO [main] org.apache.catalina.startup.VersionLoggerListener.log JVM Version:           17.0.14+1-b1367.22
30-Mar-2026 21:34:57.613 INFO [main] org.apache.catalina.startup.VersionLoggerListener.log JVM Vendor:            JetBrains s.r.o.
30-Mar-2026 21:34:57.613 INFO [main] org.apache.catalina.startup.VersionLoggerListener.log CATALINA_BASE:         /Users/motocycopath/Desktop/java-full-stack-training/00-microservices-00/apache-tomcat-9.0.116
30-Mar-2026 21:34:57.613 INFO [main] org.apache.catalina.startup.VersionLoggerListener.log CATALINA_HOME:         /Users/motocycopath/Desktop/java-full-stack-training/00-microservices-00/apache-tomcat-9.0.116
30-Mar-2026 21:34:57.618 INFO [main] org.apache.catalina.startup.VersionLoggerListener.log Command line argument: --add-opens=java.base/java.lang=ALL-UNNAMED
30-Mar-2026 21:34:57.618 INFO [main] org.apache.catalina.startup.VersionLoggerListener.log Command line argument: --add-opens=java.base/java.lang.invoke=ALL-UNNAMED
30-Mar-2026 21:34:57.618 INFO [main] org.apache.catalina.startup.VersionLoggerListener.log Command line argument: --add-opens=java.base/java.lang.reflect=ALL-UNNAMED
30-Mar-2026 21:34:57.618 INFO [main] org.apache.catalina.startup.VersionLoggerListener.log Command line argument: --add-opens=java.base/java.io=ALL-UNNAMED
30-Mar-2026 21:34:57.618 INFO [main] org.apache.catalina.startup.VersionLoggerListener.log Command line argument: --add-opens=java.base/java.util=ALL-UNNAMED
30-Mar-2026 21:34:57.618 INFO [main] org.apache.catalina.startup.VersionLoggerListener.log Command line argument: --add-opens=java.base/java.util.concurrent=ALL-UNNAMED
30-Mar-2026 21:34:57.618 INFO [main] org.apache.catalina.startup.VersionLoggerListener.log Command line argument: --add-opens=java.rmi/sun.rmi.transport=ALL-UNNAMED
30-Mar-2026 21:34:57.618 INFO [main] org.apache.catalina.startup.VersionLoggerListener.log Command line argument: -Djava.util.logging.config.file=/Users/motocycopath/Desktop/java-full-stack-training/00-microservices-00/apache-tomcat-9.0.116/conf/logging.properties
30-Mar-2026 21:34:57.618 INFO [main] org.apache.catalina.startup.VersionLoggerListener.log Command line argument: -Djava.util.logging.manager=org.apache.juli.ClassLoaderLogManager
30-Mar-2026 21:34:57.618 INFO [main] org.apache.catalina.startup.VersionLoggerListener.log Command line argument: -Djdk.tls.ephemeralDHKeySize=2048
30-Mar-2026 21:34:57.618 INFO [main] org.apache.catalina.startup.VersionLoggerListener.log Command line argument: -Djava.protocol.handler.pkgs=org.apache.catalina.webresources
30-Mar-2026 21:34:57.618 INFO [main] org.apache.catalina.startup.VersionLoggerListener.log Command line argument: -Dsun.io.useCanonCaches=false
30-Mar-2026 21:34:57.619 INFO [main] org.apache.catalina.startup.VersionLoggerListener.log Command line argument: -Dorg.apache.catalina.security.SecurityListener.UMASK=0027
30-Mar-2026 21:34:57.619 INFO [main] org.apache.catalina.startup.VersionLoggerListener.log Command line argument: -Dignore.endorsed.dirs=
30-Mar-2026 21:34:57.619 INFO [main] org.apache.catalina.startup.VersionLoggerListener.log Command line argument: -Dcatalina.base=/Users/motocycopath/Desktop/java-full-stack-training/00-microservices-00/apache-tomcat-9.0.116
30-Mar-2026 21:34:57.619 INFO [main] org.apache.catalina.startup.VersionLoggerListener.log Command line argument: -Dcatalina.home=/Users/motocycopath/Desktop/java-full-stack-training/00-microservices-00/apache-tomcat-9.0.116
30-Mar-2026 21:34:57.619 INFO [main] org.apache.catalina.startup.VersionLoggerListener.log Command line argument: -Djava.io.tmpdir=/Users/motocycopath/Desktop/java-full-stack-training/00-microservices-00/apache-tomcat-9.0.116/temp
30-Mar-2026 21:34:57.623 INFO [main] org.apache.catalina.core.AprLifecycleListener.lifecycleEvent The Apache Tomcat Native library which allows using OpenSSL was not found on the java.library.path: [/Users/motocycopath/Library/Java/Extensions:/Library/Java/Extensions:/Network/Library/Java/Extensions:/System/Library/Java/Extensions:/usr/lib/java:.]
30-Mar-2026 21:34:57.726 INFO [main] org.apache.coyote.AbstractProtocol.init Initializing ProtocolHandler ["http-nio-8080"]
30-Mar-2026 21:34:57.737 INFO [main] org.apache.catalina.startup.Catalina.load Server initialization in [189] milliseconds
30-Mar-2026 21:34:57.750 INFO [main] org.apache.catalina.core.StandardService.startInternal Starting service [Catalina]
30-Mar-2026 21:34:57.751 INFO [main] org.apache.catalina.core.StandardEngine.startInternal Starting Servlet engine: [Apache Tomcat/9.0.116]
30-Mar-2026 21:34:57.753 INFO [main] org.apache.catalina.startup.HostConfig.deployDirectory Deploying web application directory [/Users/motocycopath/Desktop/java-full-stack-training/00-microservices-00/apache-tomcat-9.0.116/webapps/employee-service]
30-Mar-2026 21:34:58.425 INFO [main] org.apache.jasper.servlet.TldScanner.scanJars At least one JAR was scanned for TLDs yet contained no TLDs. Enable debug logging for this logger for a complete list of JARs that were scanned but no TLDs were found in them. Skipping unneeded JARs during scanning can improve startup time and JSP compilation time.
30-Mar-2026 21:34:58.437 INFO [main] org.springframework.web.context.ContextLoader.initWebApplicationContext Root WebApplicationContext: initialization started
30-Mar-2026 21:34:58.561 INFO [main] org.springframework.data.repository.config.RepositoryConfigurationDelegate.registerRepositoriesIn Bootstrapping Spring Data JPA repositories in DEFAULT mode.
30-Mar-2026 21:34:58.588 INFO [main] org.springframework.data.repository.config.RepositoryConfigurationDelegate.registerRepositoriesIn Finished Spring Data repository scanning in 20 ms. Found 1 JPA repository interfaces.
30-Mar-2026 21:34:58.588 INFO [main] org.springframework.data.repository.config.RepositoryConfigurationDelegate.registerRepositoriesIn Bootstrapping Spring Data JPA repositories in DEFAULT mode.
30-Mar-2026 21:34:58.590 INFO [main] org.springframework.data.repository.config.RepositoryConfigurationDelegate.registerRepositoriesIn Finished Spring Data repository scanning in 1 ms. Found 1 JPA repository interfaces.
30-Mar-2026 21:34:58.703 INFO [main] org.hibernate.jpa.internal.util.LogHelper.logPersistenceUnitInformation HHH000204: Processing PersistenceUnitInfo [
	name: default
	...]
30-Mar-2026 21:34:58.737 INFO [main] org.hibernate.Version.logVersion HHH000412: Hibernate Core {5.2.8.Final}
30-Mar-2026 21:34:58.738 INFO [main] org.hibernate.cfg.Environment.<clinit> HHH000206: hibernate.properties not found
30-Mar-2026 21:34:58.744 WARNING [main] org.springframework.context.support.AbstractApplicationContext.refresh Exception encountered during context initialization - cancelling refresh attempt: org.springframework.beans.factory.BeanCreationException: Error creating bean with name 'entityManagerFactory' defined in ServletContext resource [/WEB-INF/cst_jpa_spring_config.xml]: Invocation of init method failed; nested exception is java.lang.NoClassDefFoundError: javax/xml/bind/JAXBException
30-Mar-2026 21:34:58.745 SEVERE [main] org.springframework.web.context.ContextLoader.initWebApplicationContext Context initialization failed
	org.springframework.beans.factory.BeanCreationException: Error creating bean with name 'entityManagerFactory' defined in ServletContext resource [/WEB-INF/cst_jpa_spring_config.xml]: Invocation of init method failed; nested exception is java.lang.NoClassDefFoundError: javax/xml/bind/JAXBException
		at org.springframework.beans.factory.support.AbstractAutowireCapableBeanFactory.initializeBean(AbstractAutowireCapableBeanFactory.java:1804)
		at org.springframework.beans.factory.support.AbstractAutowireCapableBeanFactory.doCreateBean(AbstractAutowireCapableBeanFactory.java:620)
		at org.springframework.beans.factory.support.AbstractAutowireCapableBeanFactory.createBean(AbstractAutowireCapableBeanFactory.java:542)
		at org.springframework.beans.factory.support.AbstractBeanFactory.lambda$doGetBean$0(AbstractBeanFactory.java:335)
		at org.springframework.beans.factory.support.DefaultSingletonBeanRegistry.getSingleton(DefaultSingletonBeanRegistry.java:234)
		at org.springframework.beans.factory.support.AbstractBeanFactory.doGetBean(AbstractBeanFactory.java:333)
		at org.springframework.beans.factory.support.AbstractBeanFactory.getBean(AbstractBeanFactory.java:208)
		at org.springframework.context.support.AbstractApplicationContext.getBean(AbstractApplicationContext.java:1154)
		at org.springframework.context.support.AbstractApplicationContext.finishBeanFactoryInitialization(AbstractApplicationContext.java:908)
		at org.springframework.context.support.AbstractApplicationContext.refresh(AbstractApplicationContext.java:583)
		at org.springframework.web.context.ContextLoader.configureAndRefreshWebApplicationContext(ContextLoader.java:401)
		at org.springframework.web.context.ContextLoader.initWebApplicationContext(ContextLoader.java:292)
		at org.springframework.web.context.ContextLoaderListener.contextInitialized(ContextLoaderListener.java:103)
		at org.apache.catalina.core.StandardContext.listenerStart(StandardContext.java:4047)
		at org.apache.catalina.core.StandardContext.startInternal(StandardContext.java:4489)
		at org.apache.catalina.util.LifecycleBase.start(LifecycleBase.java:164)
		at org.apache.catalina.core.ContainerBase.addChildInternal(ContainerBase.java:597)
		at org.apache.catalina.core.ContainerBase.addChild(ContainerBase.java:569)
		at org.apache.catalina.core.StandardHost.addChild(StandardHost.java:608)
		at org.apache.catalina.startup.HostConfig.deployDirectory(HostConfig.java:1171)
		at org.apache.catalina.startup.HostConfig$DeployDirectory.run(HostConfig.java:1880)
		at java.base/java.util.concurrent.Executors$RunnableAdapter.call(Executors.java:539)
		at java.base/java.util.concurrent.FutureTask.run(FutureTask.java:264)
		at org.apache.tomcat.util.threads.InlineExecutorService.execute(InlineExecutorService.java:82)
		at java.base/java.util.concurrent.AbstractExecutorService.submit(AbstractExecutorService.java:123)
		at org.apache.catalina.startup.HostConfig.deployDirectories(HostConfig.java:1082)
		at org.apache.catalina.startup.HostConfig.deployApps(HostConfig.java:467)
		at org.apache.catalina.startup.HostConfig.start(HostConfig.java:1576)
		at org.apache.catalina.startup.HostConfig.lifecycleEvent(HostConfig.java:309)
		at org.apache.catalina.util.LifecycleBase.fireLifecycleEvent(LifecycleBase.java:109)
		at org.apache.catalina.util.LifecycleBase.setStateInternal(LifecycleBase.java:389)
		at org.apache.catalina.util.LifecycleBase.setState(LifecycleBase.java:336)
		at org.apache.catalina.core.ContainerBase.startInternal(ContainerBase.java:774)
		at org.apache.catalina.core.StandardHost.startInternal(StandardHost.java:726)
		at org.apache.catalina.util.LifecycleBase.start(LifecycleBase.java:164)
		at org.apache.catalina.core.ContainerBase$StartChild.call(ContainerBase.java:1201)
		at org.apache.catalina.core.ContainerBase$StartChild.call(ContainerBase.java:1191)
		at java.base/java.util.concurrent.FutureTask.run(FutureTask.java:264)
		at org.apache.tomcat.util.threads.InlineExecutorService.execute(InlineExecutorService.java:82)
		at java.base/java.util.concurrent.AbstractExecutorService.submit(AbstractExecutorService.java:145)
		at org.apache.catalina.core.ContainerBase.startInternal(ContainerBase.java:747)
		at org.apache.catalina.core.StandardEngine.startInternal(StandardEngine.java:209)
		at org.apache.catalina.util.LifecycleBase.start(LifecycleBase.java:164)
		at org.apache.catalina.core.StandardService.startInternal(StandardService.java:410)
		at org.apache.catalina.util.LifecycleBase.start(LifecycleBase.java:164)
		at org.apache.catalina.core.StandardServer.startInternal(StandardServer.java:872)
		at org.apache.catalina.util.LifecycleBase.start(LifecycleBase.java:164)
		at org.apache.catalina.startup.Catalina.start(Catalina.java:736)
		at java.base/jdk.internal.reflect.NativeMethodAccessorImpl.invoke0(Native Method)
		at java.base/jdk.internal.reflect.NativeMethodAccessorImpl.invoke(NativeMethodAccessorImpl.java:77)
		at java.base/jdk.internal.reflect.DelegatingMethodAccessorImpl.invoke(DelegatingMethodAccessorImpl.java:43)
		at java.base/java.lang.reflect.Method.invoke(Method.java:569)
		at org.apache.catalina.startup.Bootstrap.start(Bootstrap.java:342)
		at org.apache.catalina.startup.Bootstrap.main(Bootstrap.java:473)
	Caused by: java.lang.NoClassDefFoundError: javax/xml/bind/JAXBException
		at org.hibernate.boot.spi.XmlMappingBinderAccess.<init>(XmlMappingBinderAccess.java:43)
		at org.hibernate.boot.MetadataSources.<init>(MetadataSources.java:87)
		at org.hibernate.jpa.boot.internal.EntityManagerFactoryBuilderImpl.<init>(EntityManagerFactoryBuilderImpl.java:208)
		at org.hibernate.jpa.boot.internal.EntityManagerFactoryBuilderImpl.<init>(EntityManagerFactoryBuilderImpl.java:163)
		at org.springframework.orm.jpa.vendor.SpringHibernateJpaPersistenceProvider.createContainerEntityManagerFactory(SpringHibernateJpaPersistenceProvider.java:52)
		at org.springframework.orm.jpa.LocalContainerEntityManagerFactoryBean.createNativeEntityManagerFactory(LocalContainerEntityManagerFactoryBean.java:365)
		at org.springframework.orm.jpa.AbstractEntityManagerFactoryBean.buildNativeEntityManagerFactory(AbstractEntityManagerFactoryBean.java:409)
		at org.springframework.orm.jpa.AbstractEntityManagerFactoryBean.afterPropertiesSet(AbstractEntityManagerFactoryBean.java:396)
		at org.springframework.orm.jpa.LocalContainerEntityManagerFactoryBean.afterPropertiesSet(LocalContainerEntityManagerFactoryBean.java:341)
		at org.springframework.beans.factory.support.AbstractAutowireCapableBeanFactory.invokeInitMethods(AbstractAutowireCapableBeanFactory.java:1863)
		at org.springframework.beans.factory.support.AbstractAutowireCapableBeanFactory.initializeBean(AbstractAutowireCapableBeanFactory.java:1800)
		... 53 more
	Caused by: java.lang.ClassNotFoundException: javax.xml.bind.JAXBException
		at org.apache.catalina.loader.WebappClassLoaderBase.loadClass(WebappClassLoaderBase.java:1351)
		at org.apache.catalina.loader.WebappClassLoaderBase.loadClass(WebappClassLoaderBase.java:1160)
		... 64 more
30-Mar-2026 21:34:58.746 SEVERE [main] org.apache.catalina.core.StandardContext.startInternal One or more listeners failed to start. Full details will be found in the appropriate container log file
30-Mar-2026 21:34:58.752 SEVERE [main] org.apache.catalina.core.StandardContext.startInternal Context [/employee-service] startup failed due to previous errors
30-Mar-2026 21:34:58.754 WARNING [main] org.apache.catalina.loader.WebappClassLoaderBase.clearReferencesJdbc The web application [employee-service] registered the JDBC driver [com.mysql.cj.jdbc.Driver] but failed to unregister it when the web application was stopped. To prevent a memory leak, the JDBC Driver has been forcibly unregistered.
30-Mar-2026 21:34:58.754 WARNING [main] org.apache.catalina.loader.WebappClassLoaderBase.clearReferencesThreads The web application [employee-service] appears to have started a thread named [mysql-cj-abandoned-connection-cleanup] but has failed to stop it. This is very likely to create a memory leak. Stack trace of thread:
 java.base@17.0.14/java.lang.Object.wait(Native Method)
 java.base@17.0.14/java.lang.ref.ReferenceQueue.remove(ReferenceQueue.java:155)
 com.mysql.cj.jdbc.AbandonedConnectionCleanupThread.run(AbandonedConnectionCleanupThread.java:91)
 java.base@17.0.14/java.util.concurrent.ThreadPoolExecutor.runWorker(ThreadPoolExecutor.java:1136)
 java.base@17.0.14/java.util.concurrent.ThreadPoolExecutor$Worker.run(ThreadPoolExecutor.java:635)
 java.base@17.0.14/java.lang.Thread.run(Thread.java:840)
30-Mar-2026 21:34:58.757 INFO [main] org.apache.catalina.startup.HostConfig.deployDirectory Deployment of web application directory [/Users/motocycopath/Desktop/java-full-stack-training/00-microservices-00/apache-tomcat-9.0.116/webapps/employee-service] has finished in [1,003] ms
30-Mar-2026 21:34:58.757 INFO [main] org.apache.catalina.startup.HostConfig.deployDirectory Deploying web application directory [/Users/motocycopath/Desktop/java-full-stack-training/00-microservices-00/apache-tomcat-9.0.116/webapps/docs]
30-Mar-2026 21:34:58.773 INFO [main] org.apache.catalina.startup.HostConfig.deployDirectory Deployment of web application directory [/Users/motocycopath/Desktop/java-full-stack-training/00-microservices-00/apache-tomcat-9.0.116/webapps/docs] has finished in [16] ms
30-Mar-2026 21:34:58.773 INFO [main] org.apache.catalina.startup.HostConfig.deployDirectory Deploying web application directory [/Users/motocycopath/Desktop/java-full-stack-training/00-microservices-00/apache-tomcat-9.0.116/webapps/manager]
30-Mar-2026 21:34:58.790 INFO [main] org.apache.catalina.startup.HostConfig.deployDirectory Deployment of web application directory [/Users/motocycopath/Desktop/java-full-stack-training/00-microservices-00/apache-tomcat-9.0.116/webapps/manager] has finished in [17] ms
30-Mar-2026 21:34:58.790 INFO [main] org.apache.catalina.startup.HostConfig.deployDirectory Deploying web application directory [/Users/motocycopath/Desktop/java-full-stack-training/00-microservices-00/apache-tomcat-9.0.116/webapps/examples]
30-Mar-2026 21:34:58.868 INFO [main] org.apache.catalina.startup.HostConfig.deployDirectory Deployment of web application directory [/Users/motocycopath/Desktop/java-full-stack-training/00-microservices-00/apache-tomcat-9.0.116/webapps/examples] has finished in [78] ms
30-Mar-2026 21:34:58.868 INFO [main] org.apache.catalina.startup.HostConfig.deployDirectory Deploying web application directory [/Users/motocycopath/Desktop/java-full-stack-training/00-microservices-00/apache-tomcat-9.0.116/webapps/ROOT]
30-Mar-2026 21:34:58.874 INFO [main] org.apache.catalina.startup.HostConfig.deployDirectory Deployment of web application directory [/Users/motocycopath/Desktop/java-full-stack-training/00-microservices-00/apache-tomcat-9.0.116/webapps/ROOT] has finished in [6] ms
30-Mar-2026 21:34:58.874 INFO [main] org.apache.catalina.startup.HostConfig.deployDirectory Deploying web application directory [/Users/motocycopath/Desktop/java-full-stack-training/00-microservices-00/apache-tomcat-9.0.116/webapps/host-manager]
30-Mar-2026 21:34:58.885 INFO [main] org.apache.catalina.startup.HostConfig.deployDirectory Deployment of web application directory [/Users/motocycopath/Desktop/java-full-stack-training/00-microservices-00/apache-tomcat-9.0.116/webapps/host-manager] has finished in [11] ms
30-Mar-2026 21:34:58.887 INFO [main] org.apache.coyote.AbstractProtocol.start Starting ProtocolHandler ["http-nio-8080"]
30-Mar-2026 21:34:58.891 INFO [main] org.apache.catalina.startup.Catalina.start Server startup in [1154] milliseconds
30-Mar-2026 21:35:03.676 INFO [mysql-cj-abandoned-connection-cleanup] org.apache.catalina.loader.WebappClassLoaderBase.checkStateForResourceLoading Illegal access: this web application instance has been stopped already. Could not load []. The following stack trace is thrown for debugging purposes as well as to attempt to terminate the thread which caused the illegal access.
	java.lang.IllegalStateException: Illegal access: this web application instance has been stopped already. Could not load []. The following stack trace is thrown for debugging purposes as well as to attempt to terminate the thread which caused the illegal access.
		at org.apache.catalina.loader.WebappClassLoaderBase.checkStateForResourceLoading(WebappClassLoaderBase.java:1370)
		at org.apache.catalina.loader.WebappClassLoaderBase.getResource(WebappClassLoaderBase.java:994)
		at com.mysql.cj.jdbc.AbandonedConnectionCleanupThread.checkThreadContextClassLoader(AbandonedConnectionCleanupThread.java:123)
		at com.mysql.cj.jdbc.AbandonedConnectionCleanupThread.run(AbandonedConnectionCleanupThread.java:90)
		at java.base/java.util.concurrent.ThreadPoolExecutor.runWorker(ThreadPoolExecutor.java:1136)
		at java.base/java.util.concurrent.ThreadPoolExecutor$Worker.run(ThreadPoolExecutor.java:635)
		at java.base/java.lang.Thread.run(Thread.java:840)
30-Mar-2026 21:35:45.608 INFO [main] org.apache.catalina.core.StandardServer.await A valid shutdown command was received via the shutdown port. Stopping the Server instance.
30-Mar-2026 21:35:45.608 INFO [main] org.apache.coyote.AbstractProtocol.pause Pausing ProtocolHandler ["http-nio-8080"]
30-Mar-2026 21:35:45.613 INFO [main] org.apache.catalina.core.StandardService.stopInternal Stopping service [Catalina]
30-Mar-2026 21:35:45.621 INFO [main] org.apache.coyote.AbstractProtocol.stop Stopping ProtocolHandler ["http-nio-8080"]
30-Mar-2026 21:35:45.622 INFO [main] org.apache.coyote.AbstractProtocol.destroy Destroying ProtocolHandler ["http-nio-8080"]
NOTE: Picked up JDK_JAVA_OPTIONS:  --add-opens=java.base/java.lang=ALL-UNNAMED --add-opens=java.base/java.lang.invoke=ALL-UNNAMED --add-opens=java.base/java.lang.reflect=ALL-UNNAMED --add-opens=java.base/java.io=ALL-UNNAMED --add-opens=java.base/java.util=ALL-UNNAMED --add-opens=java.base/java.util.concurrent=ALL-UNNAMED --add-opens=java.rmi/sun.rmi.transport=ALL-UNNAMED
30-Mar-2026 21:35:46.244 INFO [main] org.apache.catalina.startup.VersionLoggerListener.log Server version name:   Apache Tomcat/9.0.116
30-Mar-2026 21:35:46.246 INFO [main] org.apache.catalina.startup.VersionLoggerListener.log Server built:          Mar 16 2026 15:05:42 UTC
30-Mar-2026 21:35:46.246 INFO [main] org.apache.catalina.startup.VersionLoggerListener.log Server version number: 9.0.116.0
30-Mar-2026 21:35:46.246 INFO [main] org.apache.catalina.startup.VersionLoggerListener.log OS Name:               Mac OS X
30-Mar-2026 21:35:46.246 INFO [main] org.apache.catalina.startup.VersionLoggerListener.log OS Version:            15.5
30-Mar-2026 21:35:46.246 INFO [main] org.apache.catalina.startup.VersionLoggerListener.log Architecture:          aarch64
30-Mar-2026 21:35:46.246 INFO [main] org.apache.catalina.startup.VersionLoggerListener.log Java Home:             /Users/motocycopath/Library/Java/JavaVirtualMachines/jbr-17.0.14/Contents/Home
30-Mar-2026 21:35:46.246 INFO [main] org.apache.catalina.startup.VersionLoggerListener.log JVM Version:           17.0.14+1-b1367.22
30-Mar-2026 21:35:46.247 INFO [main] org.apache.catalina.startup.VersionLoggerListener.log JVM Vendor:            JetBrains s.r.o.
30-Mar-2026 21:35:46.247 INFO [main] org.apache.catalina.startup.VersionLoggerListener.log CATALINA_BASE:         /Users/motocycopath/Desktop/java-full-stack-training/00-microservices-00/apache-tomcat-9.0.116
30-Mar-2026 21:35:46.247 INFO [main] org.apache.catalina.startup.VersionLoggerListener.log CATALINA_HOME:         /Users/motocycopath/Desktop/java-full-stack-training/00-microservices-00/apache-tomcat-9.0.116
30-Mar-2026 21:35:46.251 INFO [main] org.apache.catalina.startup.VersionLoggerListener.log Command line argument: --add-opens=java.base/java.lang=ALL-UNNAMED
30-Mar-2026 21:35:46.251 INFO [main] org.apache.catalina.startup.VersionLoggerListener.log Command line argument: --add-opens=java.base/java.lang.invoke=ALL-UNNAMED
30-Mar-2026 21:35:46.251 INFO [main] org.apache.catalina.startup.VersionLoggerListener.log Command line argument: --add-opens=java.base/java.lang.reflect=ALL-UNNAMED
30-Mar-2026 21:35:46.251 INFO [main] org.apache.catalina.startup.VersionLoggerListener.log Command line argument: --add-opens=java.base/java.io=ALL-UNNAMED
30-Mar-2026 21:35:46.251 INFO [main] org.apache.catalina.startup.VersionLoggerListener.log Command line argument: --add-opens=java.base/java.util=ALL-UNNAMED
30-Mar-2026 21:35:46.251 INFO [main] org.apache.catalina.startup.VersionLoggerListener.log Command line argument: --add-opens=java.base/java.util.concurrent=ALL-UNNAMED
30-Mar-2026 21:35:46.251 INFO [main] org.apache.catalina.startup.VersionLoggerListener.log Command line argument: --add-opens=java.rmi/sun.rmi.transport=ALL-UNNAMED
30-Mar-2026 21:35:46.251 INFO [main] org.apache.catalina.startup.VersionLoggerListener.log Command line argument: -Djava.util.logging.config.file=/Users/motocycopath/Desktop/java-full-stack-training/00-microservices-00/apache-tomcat-9.0.116/conf/logging.properties
30-Mar-2026 21:35:46.251 INFO [main] org.apache.catalina.startup.VersionLoggerListener.log Command line argument: -Djava.util.logging.manager=org.apache.juli.ClassLoaderLogManager
30-Mar-2026 21:35:46.251 INFO [main] org.apache.catalina.startup.VersionLoggerListener.log Command line argument: -Djdk.tls.ephemeralDHKeySize=2048
30-Mar-2026 21:35:46.251 INFO [main] org.apache.catalina.startup.VersionLoggerListener.log Command line argument: -Djava.protocol.handler.pkgs=org.apache.catalina.webresources
30-Mar-2026 21:35:46.252 INFO [main] org.apache.catalina.startup.VersionLoggerListener.log Command line argument: -Dsun.io.useCanonCaches=false
30-Mar-2026 21:35:46.252 INFO [main] org.apache.catalina.startup.VersionLoggerListener.log Command line argument: -Dorg.apache.catalina.security.SecurityListener.UMASK=0027
30-Mar-2026 21:35:46.252 INFO [main] org.apache.catalina.startup.VersionLoggerListener.log Command line argument: -Dignore.endorsed.dirs=
30-Mar-2026 21:35:46.252 INFO [main] org.apache.catalina.startup.VersionLoggerListener.log Command line argument: -Dcatalina.base=/Users/motocycopath/Desktop/java-full-stack-training/00-microservices-00/apache-tomcat-9.0.116
30-Mar-2026 21:35:46.252 INFO [main] org.apache.catalina.startup.VersionLoggerListener.log Command line argument: -Dcatalina.home=/Users/motocycopath/Desktop/java-full-stack-training/00-microservices-00/apache-tomcat-9.0.116
30-Mar-2026 21:35:46.252 INFO [main] org.apache.catalina.startup.VersionLoggerListener.log Command line argument: -Djava.io.tmpdir=/Users/motocycopath/Desktop/java-full-stack-training/00-microservices-00/apache-tomcat-9.0.116/temp
30-Mar-2026 21:35:46.257 INFO [main] org.apache.catalina.core.AprLifecycleListener.lifecycleEvent The Apache Tomcat Native library which allows using OpenSSL was not found on the java.library.path: [/Users/motocycopath/Library/Java/Extensions:/Library/Java/Extensions:/Network/Library/Java/Extensions:/System/Library/Java/Extensions:/usr/lib/java:.]
30-Mar-2026 21:35:46.362 INFO [main] org.apache.coyote.AbstractProtocol.init Initializing ProtocolHandler ["http-nio-8080"]
30-Mar-2026 21:35:46.373 INFO [main] org.apache.catalina.startup.Catalina.load Server initialization in [194] milliseconds
30-Mar-2026 21:35:46.387 INFO [main] org.apache.catalina.core.StandardService.startInternal Starting service [Catalina]
30-Mar-2026 21:35:46.387 INFO [main] org.apache.catalina.core.StandardEngine.startInternal Starting Servlet engine: [Apache Tomcat/9.0.116]
30-Mar-2026 21:35:46.389 INFO [main] org.apache.catalina.startup.HostConfig.deployDirectory Deploying web application directory [/Users/motocycopath/Desktop/java-full-stack-training/00-microservices-00/apache-tomcat-9.0.116/webapps/employee-service]
30-Mar-2026 21:35:47.039 INFO [main] org.apache.jasper.servlet.TldScanner.scanJars At least one JAR was scanned for TLDs yet contained no TLDs. Enable debug logging for this logger for a complete list of JARs that were scanned but no TLDs were found in them. Skipping unneeded JARs during scanning can improve startup time and JSP compilation time.
30-Mar-2026 21:35:47.053 INFO [main] org.springframework.web.context.ContextLoader.initWebApplicationContext Root WebApplicationContext: initialization started
30-Mar-2026 21:35:47.180 INFO [main] org.springframework.data.repository.config.RepositoryConfigurationDelegate.registerRepositoriesIn Bootstrapping Spring Data JPA repositories in DEFAULT mode.
30-Mar-2026 21:35:47.209 INFO [main] org.springframework.data.repository.config.RepositoryConfigurationDelegate.registerRepositoriesIn Finished Spring Data repository scanning in 21 ms. Found 1 JPA repository interfaces.
30-Mar-2026 21:35:47.209 INFO [main] org.springframework.data.repository.config.RepositoryConfigurationDelegate.registerRepositoriesIn Bootstrapping Spring Data JPA repositories in DEFAULT mode.
30-Mar-2026 21:35:47.211 INFO [main] org.springframework.data.repository.config.RepositoryConfigurationDelegate.registerRepositoriesIn Finished Spring Data repository scanning in 1 ms. Found 1 JPA repository interfaces.
30-Mar-2026 21:35:47.326 INFO [main] org.hibernate.jpa.internal.util.LogHelper.logPersistenceUnitInformation HHH000204: Processing PersistenceUnitInfo [
	name: default
	...]
30-Mar-2026 21:35:47.362 INFO [main] org.hibernate.Version.logVersion HHH000412: Hibernate Core {5.2.8.Final}
30-Mar-2026 21:35:47.362 INFO [main] org.hibernate.cfg.Environment.<clinit> HHH000206: hibernate.properties not found
30-Mar-2026 21:35:47.369 WARNING [main] org.springframework.context.support.AbstractApplicationContext.refresh Exception encountered during context initialization - cancelling refresh attempt: org.springframework.beans.factory.BeanCreationException: Error creating bean with name 'entityManagerFactory' defined in ServletContext resource [/WEB-INF/cst_jpa_spring_config.xml]: Invocation of init method failed; nested exception is java.lang.NoClassDefFoundError: javax/xml/bind/JAXBException
30-Mar-2026 21:35:47.370 SEVERE [main] org.springframework.web.context.ContextLoader.initWebApplicationContext Context initialization failed
	org.springframework.beans.factory.BeanCreationException: Error creating bean with name 'entityManagerFactory' defined in ServletContext resource [/WEB-INF/cst_jpa_spring_config.xml]: Invocation of init method failed; nested exception is java.lang.NoClassDefFoundError: javax/xml/bind/JAXBException
		at org.springframework.beans.factory.support.AbstractAutowireCapableBeanFactory.initializeBean(AbstractAutowireCapableBeanFactory.java:1804)
		at org.springframework.beans.factory.support.AbstractAutowireCapableBeanFactory.doCreateBean(AbstractAutowireCapableBeanFactory.java:620)
		at org.springframework.beans.factory.support.AbstractAutowireCapableBeanFactory.createBean(AbstractAutowireCapableBeanFactory.java:542)
		at org.springframework.beans.factory.support.AbstractBeanFactory.lambda$doGetBean$0(AbstractBeanFactory.java:335)
		at org.springframework.beans.factory.support.DefaultSingletonBeanRegistry.getSingleton(DefaultSingletonBeanRegistry.java:234)
		at org.springframework.beans.factory.support.AbstractBeanFactory.doGetBean(AbstractBeanFactory.java:333)
		at org.springframework.beans.factory.support.AbstractBeanFactory.getBean(AbstractBeanFactory.java:208)
		at org.springframework.context.support.AbstractApplicationContext.getBean(AbstractApplicationContext.java:1154)
		at org.springframework.context.support.AbstractApplicationContext.finishBeanFactoryInitialization(AbstractApplicationContext.java:908)
		at org.springframework.context.support.AbstractApplicationContext.refresh(AbstractApplicationContext.java:583)
		at org.springframework.web.context.ContextLoader.configureAndRefreshWebApplicationContext(ContextLoader.java:401)
		at org.springframework.web.context.ContextLoader.initWebApplicationContext(ContextLoader.java:292)
		at org.springframework.web.context.ContextLoaderListener.contextInitialized(ContextLoaderListener.java:103)
		at org.apache.catalina.core.StandardContext.listenerStart(StandardContext.java:4047)
		at org.apache.catalina.core.StandardContext.startInternal(StandardContext.java:4489)
		at org.apache.catalina.util.LifecycleBase.start(LifecycleBase.java:164)
		at org.apache.catalina.core.ContainerBase.addChildInternal(ContainerBase.java:597)
		at org.apache.catalina.core.ContainerBase.addChild(ContainerBase.java:569)
		at org.apache.catalina.core.StandardHost.addChild(StandardHost.java:608)
		at org.apache.catalina.startup.HostConfig.deployDirectory(HostConfig.java:1171)
		at org.apache.catalina.startup.HostConfig$DeployDirectory.run(HostConfig.java:1880)
		at java.base/java.util.concurrent.Executors$RunnableAdapter.call(Executors.java:539)
		at java.base/java.util.concurrent.FutureTask.run(FutureTask.java:264)
		at org.apache.tomcat.util.threads.InlineExecutorService.execute(InlineExecutorService.java:82)
		at java.base/java.util.concurrent.AbstractExecutorService.submit(AbstractExecutorService.java:123)
		at org.apache.catalina.startup.HostConfig.deployDirectories(HostConfig.java:1082)
		at org.apache.catalina.startup.HostConfig.deployApps(HostConfig.java:467)
		at org.apache.catalina.startup.HostConfig.start(HostConfig.java:1576)
		at org.apache.catalina.startup.HostConfig.lifecycleEvent(HostConfig.java:309)
		at org.apache.catalina.util.LifecycleBase.fireLifecycleEvent(LifecycleBase.java:109)
		at org.apache.catalina.util.LifecycleBase.setStateInternal(LifecycleBase.java:389)
		at org.apache.catalina.util.LifecycleBase.setState(LifecycleBase.java:336)
		at org.apache.catalina.core.ContainerBase.startInternal(ContainerBase.java:774)
		at org.apache.catalina.core.StandardHost.startInternal(StandardHost.java:726)
		at org.apache.catalina.util.LifecycleBase.start(LifecycleBase.java:164)
		at org.apache.catalina.core.ContainerBase$StartChild.call(ContainerBase.java:1201)
		at org.apache.catalina.core.ContainerBase$StartChild.call(ContainerBase.java:1191)
		at java.base/java.util.concurrent.FutureTask.run(FutureTask.java:264)
		at org.apache.tomcat.util.threads.InlineExecutorService.execute(InlineExecutorService.java:82)
		at java.base/java.util.concurrent.AbstractExecutorService.submit(AbstractExecutorService.java:145)
		at org.apache.catalina.core.ContainerBase.startInternal(ContainerBase.java:747)
		at org.apache.catalina.core.StandardEngine.startInternal(StandardEngine.java:209)
		at org.apache.catalina.util.LifecycleBase.start(LifecycleBase.java:164)
		at org.apache.catalina.core.StandardService.startInternal(StandardService.java:410)
		at org.apache.catalina.util.LifecycleBase.start(LifecycleBase.java:164)
		at org.apache.catalina.core.StandardServer.startInternal(StandardServer.java:872)
		at org.apache.catalina.util.LifecycleBase.start(LifecycleBase.java:164)
		at org.apache.catalina.startup.Catalina.start(Catalina.java:736)
		at java.base/jdk.internal.reflect.NativeMethodAccessorImpl.invoke0(Native Method)
		at java.base/jdk.internal.reflect.NativeMethodAccessorImpl.invoke(NativeMethodAccessorImpl.java:77)
		at java.base/jdk.internal.reflect.DelegatingMethodAccessorImpl.invoke(DelegatingMethodAccessorImpl.java:43)
		at java.base/java.lang.reflect.Method.invoke(Method.java:569)
		at org.apache.catalina.startup.Bootstrap.start(Bootstrap.java:342)
		at org.apache.catalina.startup.Bootstrap.main(Bootstrap.java:473)
	Caused by: java.lang.NoClassDefFoundError: javax/xml/bind/JAXBException
		at org.hibernate.boot.spi.XmlMappingBinderAccess.<init>(XmlMappingBinderAccess.java:43)
		at org.hibernate.boot.MetadataSources.<init>(MetadataSources.java:87)
		at org.hibernate.jpa.boot.internal.EntityManagerFactoryBuilderImpl.<init>(EntityManagerFactoryBuilderImpl.java:208)
		at org.hibernate.jpa.boot.internal.EntityManagerFactoryBuilderImpl.<init>(EntityManagerFactoryBuilderImpl.java:163)
		at org.springframework.orm.jpa.vendor.SpringHibernateJpaPersistenceProvider.createContainerEntityManagerFactory(SpringHibernateJpaPersistenceProvider.java:52)
		at org.springframework.orm.jpa.LocalContainerEntityManagerFactoryBean.createNativeEntityManagerFactory(LocalContainerEntityManagerFactoryBean.java:365)
		at org.springframework.orm.jpa.AbstractEntityManagerFactoryBean.buildNativeEntityManagerFactory(AbstractEntityManagerFactoryBean.java:409)
		at org.springframework.orm.jpa.AbstractEntityManagerFactoryBean.afterPropertiesSet(AbstractEntityManagerFactoryBean.java:396)
		at org.springframework.orm.jpa.LocalContainerEntityManagerFactoryBean.afterPropertiesSet(LocalContainerEntityManagerFactoryBean.java:341)
		at org.springframework.beans.factory.support.AbstractAutowireCapableBeanFactory.invokeInitMethods(AbstractAutowireCapableBeanFactory.java:1863)
		at org.springframework.beans.factory.support.AbstractAutowireCapableBeanFactory.initializeBean(AbstractAutowireCapableBeanFactory.java:1800)
		... 53 more
	Caused by: java.lang.ClassNotFoundException: javax.xml.bind.JAXBException
		at org.apache.catalina.loader.WebappClassLoaderBase.loadClass(WebappClassLoaderBase.java:1351)
		at org.apache.catalina.loader.WebappClassLoaderBase.loadClass(WebappClassLoaderBase.java:1160)
		... 64 more
30-Mar-2026 21:35:47.372 SEVERE [main] org.apache.catalina.core.StandardContext.startInternal One or more listeners failed to start. Full details will be found in the appropriate container log file
30-Mar-2026 21:35:47.379 SEVERE [main] org.apache.catalina.core.StandardContext.startInternal Context [/employee-service] startup failed due to previous errors
30-Mar-2026 21:35:47.381 WARNING [main] org.apache.catalina.loader.WebappClassLoaderBase.clearReferencesJdbc The web application [employee-service] registered the JDBC driver [com.mysql.cj.jdbc.Driver] but failed to unregister it when the web application was stopped. To prevent a memory leak, the JDBC Driver has been forcibly unregistered.
30-Mar-2026 21:35:47.381 WARNING [main] org.apache.catalina.loader.WebappClassLoaderBase.clearReferencesThreads The web application [employee-service] appears to have started a thread named [mysql-cj-abandoned-connection-cleanup] but has failed to stop it. This is very likely to create a memory leak. Stack trace of thread:
 java.base@17.0.14/java.lang.Object.wait(Native Method)
 java.base@17.0.14/java.lang.ref.ReferenceQueue.remove(ReferenceQueue.java:155)
 com.mysql.cj.jdbc.AbandonedConnectionCleanupThread.run(AbandonedConnectionCleanupThread.java:91)
 java.base@17.0.14/java.util.concurrent.ThreadPoolExecutor.runWorker(ThreadPoolExecutor.java:1136)
 java.base@17.0.14/java.util.concurrent.ThreadPoolExecutor$Worker.run(ThreadPoolExecutor.java:635)
 java.base@17.0.14/java.lang.Thread.run(Thread.java:840)
30-Mar-2026 21:35:47.383 INFO [main] org.apache.catalina.startup.HostConfig.deployDirectory Deployment of web application directory [/Users/motocycopath/Desktop/java-full-stack-training/00-microservices-00/apache-tomcat-9.0.116/webapps/employee-service] has finished in [994] ms
30-Mar-2026 21:35:47.383 INFO [main] org.apache.catalina.startup.HostConfig.deployDirectory Deploying web application directory [/Users/motocycopath/Desktop/java-full-stack-training/00-microservices-00/apache-tomcat-9.0.116/webapps/docs]
30-Mar-2026 21:35:47.396 INFO [main] org.apache.catalina.startup.HostConfig.deployDirectory Deployment of web application directory [/Users/motocycopath/Desktop/java-full-stack-training/00-microservices-00/apache-tomcat-9.0.116/webapps/docs] has finished in [13] ms
30-Mar-2026 21:35:47.396 INFO [main] org.apache.catalina.startup.HostConfig.deployDirectory Deploying web application directory [/Users/motocycopath/Desktop/java-full-stack-training/00-microservices-00/apache-tomcat-9.0.116/webapps/manager]
30-Mar-2026 21:35:47.408 INFO [main] org.apache.catalina.startup.HostConfig.deployDirectory Deployment of web application directory [/Users/motocycopath/Desktop/java-full-stack-training/00-microservices-00/apache-tomcat-9.0.116/webapps/manager] has finished in [12] ms
30-Mar-2026 21:35:47.408 INFO [main] org.apache.catalina.startup.HostConfig.deployDirectory Deploying web application directory [/Users/motocycopath/Desktop/java-full-stack-training/00-microservices-00/apache-tomcat-9.0.116/webapps/examples]
30-Mar-2026 21:35:47.472 INFO [main] org.apache.catalina.startup.HostConfig.deployDirectory Deployment of web application directory [/Users/motocycopath/Desktop/java-full-stack-training/00-microservices-00/apache-tomcat-9.0.116/webapps/examples] has finished in [64] ms
30-Mar-2026 21:35:47.472 INFO [main] org.apache.catalina.startup.HostConfig.deployDirectory Deploying web application directory [/Users/motocycopath/Desktop/java-full-stack-training/00-microservices-00/apache-tomcat-9.0.116/webapps/ROOT]
30-Mar-2026 21:35:47.478 INFO [main] org.apache.catalina.startup.HostConfig.deployDirectory Deployment of web application directory [/Users/motocycopath/Desktop/java-full-stack-training/00-microservices-00/apache-tomcat-9.0.116/webapps/ROOT] has finished in [5] ms
30-Mar-2026 21:35:47.478 INFO [main] org.apache.catalina.startup.HostConfig.deployDirectory Deploying web application directory [/Users/motocycopath/Desktop/java-full-stack-training/00-microservices-00/apache-tomcat-9.0.116/webapps/host-manager]
30-Mar-2026 21:35:47.484 INFO [main] org.apache.catalina.startup.HostConfig.deployDirectory Deployment of web application directory [/Users/motocycopath/Desktop/java-full-stack-training/00-microservices-00/apache-tomcat-9.0.116/webapps/host-manager] has finished in [6] ms
30-Mar-2026 21:35:47.485 INFO [main] org.apache.coyote.AbstractProtocol.start Starting ProtocolHandler ["http-nio-8080"]
30-Mar-2026 21:35:47.488 INFO [main] org.apache.catalina.startup.Catalina.start Server startup in [1115] milliseconds
30-Mar-2026 21:35:52.290 INFO [mysql-cj-abandoned-connection-cleanup] org.apache.catalina.loader.WebappClassLoaderBase.checkStateForResourceLoading Illegal access: this web application instance has been stopped already. Could not load []. The following stack trace is thrown for debugging purposes as well as to attempt to terminate the thread which caused the illegal access.
	java.lang.IllegalStateException: Illegal access: this web application instance has been stopped already. Could not load []. The following stack trace is thrown for debugging purposes as well as to attempt to terminate the thread which caused the illegal access.
		at org.apache.catalina.loader.WebappClassLoaderBase.checkStateForResourceLoading(WebappClassLoaderBase.java:1370)
		at org.apache.catalina.loader.WebappClassLoaderBase.getResource(WebappClassLoaderBase.java:994)
		at com.mysql.cj.jdbc.AbandonedConnectionCleanupThread.checkThreadContextClassLoader(AbandonedConnectionCleanupThread.java:123)
		at com.mysql.cj.jdbc.AbandonedConnectionCleanupThread.run(AbandonedConnectionCleanupThread.java:90)
		at java.base/java.util.concurrent.ThreadPoolExecutor.runWorker(ThreadPoolExecutor.java:1136)
		at java.base/java.util.concurrent.ThreadPoolExecutor$Worker.run(ThreadPoolExecutor.java:635)
		at java.base/java.lang.Thread.run(Thread.java:840)
30-Mar-2026 21:36:06.412 INFO [main] org.apache.catalina.core.StandardServer.await A valid shutdown command was received via the shutdown port. Stopping the Server instance.
30-Mar-2026 21:36:06.413 INFO [main] org.apache.coyote.AbstractProtocol.pause Pausing ProtocolHandler ["http-nio-8080"]
30-Mar-2026 21:36:06.414 INFO [main] org.apache.catalina.core.StandardService.stopInternal Stopping service [Catalina]
30-Mar-2026 21:36:06.420 INFO [main] org.apache.coyote.AbstractProtocol.stop Stopping ProtocolHandler ["http-nio-8080"]
30-Mar-2026 21:36:06.421 INFO [main] org.apache.coyote.AbstractProtocol.destroy Destroying ProtocolHandler ["http-nio-8080"]
NOTE: Picked up JDK_JAVA_OPTIONS:  --add-opens=java.base/java.lang=ALL-UNNAMED --add-opens=java.base/java.lang.invoke=ALL-UNNAMED --add-opens=java.base/java.lang.reflect=ALL-UNNAMED --add-opens=java.base/java.io=ALL-UNNAMED --add-opens=java.base/java.util=ALL-UNNAMED --add-opens=java.base/java.util.concurrent=ALL-UNNAMED --add-opens=java.rmi/sun.rmi.transport=ALL-UNNAMED
30-Mar-2026 21:36:07.001 INFO [main] org.apache.catalina.startup.VersionLoggerListener.log Server version name:   Apache Tomcat/9.0.116
30-Mar-2026 21:36:07.003 INFO [main] org.apache.catalina.startup.VersionLoggerListener.log Server built:          Mar 16 2026 15:05:42 UTC
30-Mar-2026 21:36:07.003 INFO [main] org.apache.catalina.startup.VersionLoggerListener.log Server version number: 9.0.116.0
30-Mar-2026 21:36:07.003 INFO [main] org.apache.catalina.startup.VersionLoggerListener.log OS Name:               Mac OS X
30-Mar-2026 21:36:07.003 INFO [main] org.apache.catalina.startup.VersionLoggerListener.log OS Version:            15.5
30-Mar-2026 21:36:07.003 INFO [main] org.apache.catalina.startup.VersionLoggerListener.log Architecture:          aarch64
30-Mar-2026 21:36:07.003 INFO [main] org.apache.catalina.startup.VersionLoggerListener.log Java Home:             /Users/motocycopath/Library/Java/JavaVirtualMachines/jbr-17.0.14/Contents/Home
30-Mar-2026 21:36:07.003 INFO [main] org.apache.catalina.startup.VersionLoggerListener.log JVM Version:           17.0.14+1-b1367.22
30-Mar-2026 21:36:07.003 INFO [main] org.apache.catalina.startup.VersionLoggerListener.log JVM Vendor:            JetBrains s.r.o.
30-Mar-2026 21:36:07.003 INFO [main] org.apache.catalina.startup.VersionLoggerListener.log CATALINA_BASE:         /Users/motocycopath/Desktop/java-full-stack-training/00-microservices-00/apache-tomcat-9.0.116
30-Mar-2026 21:36:07.003 INFO [main] org.apache.catalina.startup.VersionLoggerListener.log CATALINA_HOME:         /Users/motocycopath/Desktop/java-full-stack-training/00-microservices-00/apache-tomcat-9.0.116
30-Mar-2026 21:36:07.008 INFO [main] org.apache.catalina.startup.VersionLoggerListener.log Command line argument: --add-opens=java.base/java.lang=ALL-UNNAMED
30-Mar-2026 21:36:07.008 INFO [main] org.apache.catalina.startup.VersionLoggerListener.log Command line argument: --add-opens=java.base/java.lang.invoke=ALL-UNNAMED
30-Mar-2026 21:36:07.008 INFO [main] org.apache.catalina.startup.VersionLoggerListener.log Command line argument: --add-opens=java.base/java.lang.reflect=ALL-UNNAMED
30-Mar-2026 21:36:07.008 INFO [main] org.apache.catalina.startup.VersionLoggerListener.log Command line argument: --add-opens=java.base/java.io=ALL-UNNAMED
30-Mar-2026 21:36:07.008 INFO [main] org.apache.catalina.startup.VersionLoggerListener.log Command line argument: --add-opens=java.base/java.util=ALL-UNNAMED
30-Mar-2026 21:36:07.008 INFO [main] org.apache.catalina.startup.VersionLoggerListener.log Command line argument: --add-opens=java.base/java.util.concurrent=ALL-UNNAMED
30-Mar-2026 21:36:07.008 INFO [main] org.apache.catalina.startup.VersionLoggerListener.log Command line argument: --add-opens=java.rmi/sun.rmi.transport=ALL-UNNAMED
30-Mar-2026 21:36:07.008 INFO [main] org.apache.catalina.startup.VersionLoggerListener.log Command line argument: -Djava.util.logging.config.file=/Users/motocycopath/Desktop/java-full-stack-training/00-microservices-00/apache-tomcat-9.0.116/conf/logging.properties
30-Mar-2026 21:36:07.008 INFO [main] org.apache.catalina.startup.VersionLoggerListener.log Command line argument: -Djava.util.logging.manager=org.apache.juli.ClassLoaderLogManager
30-Mar-2026 21:36:07.008 INFO [main] org.apache.catalina.startup.VersionLoggerListener.log Command line argument: -Djdk.tls.ephemeralDHKeySize=2048
30-Mar-2026 21:36:07.009 INFO [main] org.apache.catalina.startup.VersionLoggerListener.log Command line argument: -Djava.protocol.handler.pkgs=org.apache.catalina.webresources
30-Mar-2026 21:36:07.009 INFO [main] org.apache.catalina.startup.VersionLoggerListener.log Command line argument: -Dsun.io.useCanonCaches=false
30-Mar-2026 21:36:07.009 INFO [main] org.apache.catalina.startup.VersionLoggerListener.log Command line argument: -Dorg.apache.catalina.security.SecurityListener.UMASK=0027
30-Mar-2026 21:36:07.009 INFO [main] org.apache.catalina.startup.VersionLoggerListener.log Command line argument: -Dignore.endorsed.dirs=
30-Mar-2026 21:36:07.009 INFO [main] org.apache.catalina.startup.VersionLoggerListener.log Command line argument: -Dcatalina.base=/Users/motocycopath/Desktop/java-full-stack-training/00-microservices-00/apache-tomcat-9.0.116
30-Mar-2026 21:36:07.009 INFO [main] org.apache.catalina.startup.VersionLoggerListener.log Command line argument: -Dcatalina.home=/Users/motocycopath/Desktop/java-full-stack-training/00-microservices-00/apache-tomcat-9.0.116
30-Mar-2026 21:36:07.009 INFO [main] org.apache.catalina.startup.VersionLoggerListener.log Command line argument: -Djava.io.tmpdir=/Users/motocycopath/Desktop/java-full-stack-training/00-microservices-00/apache-tomcat-9.0.116/temp
30-Mar-2026 21:36:07.013 INFO [main] org.apache.catalina.core.AprLifecycleListener.lifecycleEvent The Apache Tomcat Native library which allows using OpenSSL was not found on the java.library.path: [/Users/motocycopath/Library/Java/Extensions:/Library/Java/Extensions:/Network/Library/Java/Extensions:/System/Library/Java/Extensions:/usr/lib/java:.]
30-Mar-2026 21:36:07.114 INFO [main] org.apache.coyote.AbstractProtocol.init Initializing ProtocolHandler ["http-nio-8080"]
30-Mar-2026 21:36:07.125 INFO [main] org.apache.catalina.startup.Catalina.load Server initialization in [187] milliseconds
30-Mar-2026 21:36:07.139 INFO [main] org.apache.catalina.core.StandardService.startInternal Starting service [Catalina]
30-Mar-2026 21:36:07.139 INFO [main] org.apache.catalina.core.StandardEngine.startInternal Starting Servlet engine: [Apache Tomcat/9.0.116]
30-Mar-2026 21:36:07.141 INFO [main] org.apache.catalina.startup.HostConfig.deployDirectory Deploying web application directory [/Users/motocycopath/Desktop/java-full-stack-training/00-microservices-00/apache-tomcat-9.0.116/webapps/employee-service]
30-Mar-2026 21:36:07.774 INFO [main] org.apache.jasper.servlet.TldScanner.scanJars At least one JAR was scanned for TLDs yet contained no TLDs. Enable debug logging for this logger for a complete list of JARs that were scanned but no TLDs were found in them. Skipping unneeded JARs during scanning can improve startup time and JSP compilation time.
30-Mar-2026 21:36:07.788 INFO [main] org.springframework.web.context.ContextLoader.initWebApplicationContext Root WebApplicationContext: initialization started
30-Mar-2026 21:36:07.923 INFO [main] org.springframework.data.repository.config.RepositoryConfigurationDelegate.registerRepositoriesIn Bootstrapping Spring Data JPA repositories in DEFAULT mode.
30-Mar-2026 21:36:07.953 INFO [main] org.springframework.data.repository.config.RepositoryConfigurationDelegate.registerRepositoriesIn Finished Spring Data repository scanning in 22 ms. Found 1 JPA repository interfaces.
30-Mar-2026 21:36:07.953 INFO [main] org.springframework.data.repository.config.RepositoryConfigurationDelegate.registerRepositoriesIn Bootstrapping Spring Data JPA repositories in DEFAULT mode.
30-Mar-2026 21:36:07.955 INFO [main] org.springframework.data.repository.config.RepositoryConfigurationDelegate.registerRepositoriesIn Finished Spring Data repository scanning in 1 ms. Found 1 JPA repository interfaces.
30-Mar-2026 21:36:08.077 INFO [main] org.hibernate.jpa.internal.util.LogHelper.logPersistenceUnitInformation HHH000204: Processing PersistenceUnitInfo [
	name: default
	...]
30-Mar-2026 21:36:08.115 INFO [main] org.hibernate.Version.logVersion HHH000412: Hibernate Core {5.2.8.Final}
30-Mar-2026 21:36:08.116 INFO [main] org.hibernate.cfg.Environment.<clinit> HHH000206: hibernate.properties not found
30-Mar-2026 21:36:08.123 WARNING [main] org.springframework.context.support.AbstractApplicationContext.refresh Exception encountered during context initialization - cancelling refresh attempt: org.springframework.beans.factory.BeanCreationException: Error creating bean with name 'entityManagerFactory' defined in ServletContext resource [/WEB-INF/cst_jpa_spring_config.xml]: Invocation of init method failed; nested exception is java.lang.NoClassDefFoundError: javax/xml/bind/JAXBException
30-Mar-2026 21:36:08.124 SEVERE [main] org.springframework.web.context.ContextLoader.initWebApplicationContext Context initialization failed
	org.springframework.beans.factory.BeanCreationException: Error creating bean with name 'entityManagerFactory' defined in ServletContext resource [/WEB-INF/cst_jpa_spring_config.xml]: Invocation of init method failed; nested exception is java.lang.NoClassDefFoundError: javax/xml/bind/JAXBException
		at org.springframework.beans.factory.support.AbstractAutowireCapableBeanFactory.initializeBean(AbstractAutowireCapableBeanFactory.java:1804)
		at org.springframework.beans.factory.support.AbstractAutowireCapableBeanFactory.doCreateBean(AbstractAutowireCapableBeanFactory.java:620)
		at org.springframework.beans.factory.support.AbstractAutowireCapableBeanFactory.createBean(AbstractAutowireCapableBeanFactory.java:542)
		at org.springframework.beans.factory.support.AbstractBeanFactory.lambda$doGetBean$0(AbstractBeanFactory.java:335)
		at org.springframework.beans.factory.support.DefaultSingletonBeanRegistry.getSingleton(DefaultSingletonBeanRegistry.java:234)
		at org.springframework.beans.factory.support.AbstractBeanFactory.doGetBean(AbstractBeanFactory.java:333)
		at org.springframework.beans.factory.support.AbstractBeanFactory.getBean(AbstractBeanFactory.java:208)
		at org.springframework.context.support.AbstractApplicationContext.getBean(AbstractApplicationContext.java:1154)
		at org.springframework.context.support.AbstractApplicationContext.finishBeanFactoryInitialization(AbstractApplicationContext.java:908)
		at org.springframework.context.support.AbstractApplicationContext.refresh(AbstractApplicationContext.java:583)
		at org.springframework.web.context.ContextLoader.configureAndRefreshWebApplicationContext(ContextLoader.java:401)
		at org.springframework.web.context.ContextLoader.initWebApplicationContext(ContextLoader.java:292)
		at org.springframework.web.context.ContextLoaderListener.contextInitialized(ContextLoaderListener.java:103)
		at org.apache.catalina.core.StandardContext.listenerStart(StandardContext.java:4047)
		at org.apache.catalina.core.StandardContext.startInternal(StandardContext.java:4489)
		at org.apache.catalina.util.LifecycleBase.start(LifecycleBase.java:164)
		at org.apache.catalina.core.ContainerBase.addChildInternal(ContainerBase.java:597)
		at org.apache.catalina.core.ContainerBase.addChild(ContainerBase.java:569)
		at org.apache.catalina.core.StandardHost.addChild(StandardHost.java:608)
		at org.apache.catalina.startup.HostConfig.deployDirectory(HostConfig.java:1171)
		at org.apache.catalina.startup.HostConfig$DeployDirectory.run(HostConfig.java:1880)
		at java.base/java.util.concurrent.Executors$RunnableAdapter.call(Executors.java:539)
		at java.base/java.util.concurrent.FutureTask.run(FutureTask.java:264)
		at org.apache.tomcat.util.threads.InlineExecutorService.execute(InlineExecutorService.java:82)
		at java.base/java.util.concurrent.AbstractExecutorService.submit(AbstractExecutorService.java:123)
		at org.apache.catalina.startup.HostConfig.deployDirectories(HostConfig.java:1082)
		at org.apache.catalina.startup.HostConfig.deployApps(HostConfig.java:467)
		at org.apache.catalina.startup.HostConfig.start(HostConfig.java:1576)
		at org.apache.catalina.startup.HostConfig.lifecycleEvent(HostConfig.java:309)
		at org.apache.catalina.util.LifecycleBase.fireLifecycleEvent(LifecycleBase.java:109)
		at org.apache.catalina.util.LifecycleBase.setStateInternal(LifecycleBase.java:389)
		at org.apache.catalina.util.LifecycleBase.setState(LifecycleBase.java:336)
		at org.apache.catalina.core.ContainerBase.startInternal(ContainerBase.java:774)
		at org.apache.catalina.core.StandardHost.startInternal(StandardHost.java:726)
		at org.apache.catalina.util.LifecycleBase.start(LifecycleBase.java:164)
		at org.apache.catalina.core.ContainerBase$StartChild.call(ContainerBase.java:1201)
		at org.apache.catalina.core.ContainerBase$StartChild.call(ContainerBase.java:1191)
		at java.base/java.util.concurrent.FutureTask.run(FutureTask.java:264)
		at org.apache.tomcat.util.threads.InlineExecutorService.execute(InlineExecutorService.java:82)
		at java.base/java.util.concurrent.AbstractExecutorService.submit(AbstractExecutorService.java:145)
		at org.apache.catalina.core.ContainerBase.startInternal(ContainerBase.java:747)
		at org.apache.catalina.core.StandardEngine.startInternal(StandardEngine.java:209)
		at org.apache.catalina.util.LifecycleBase.start(LifecycleBase.java:164)
		at org.apache.catalina.core.StandardService.startInternal(StandardService.java:410)
		at org.apache.catalina.util.LifecycleBase.start(LifecycleBase.java:164)
		at org.apache.catalina.core.StandardServer.startInternal(StandardServer.java:872)
		at org.apache.catalina.util.LifecycleBase.start(LifecycleBase.java:164)
		at org.apache.catalina.startup.Catalina.start(Catalina.java:736)
		at java.base/jdk.internal.reflect.NativeMethodAccessorImpl.invoke0(Native Method)
		at java.base/jdk.internal.reflect.NativeMethodAccessorImpl.invoke(NativeMethodAccessorImpl.java:77)
		at java.base/jdk.internal.reflect.DelegatingMethodAccessorImpl.invoke(DelegatingMethodAccessorImpl.java:43)
		at java.base/java.lang.reflect.Method.invoke(Method.java:569)
		at org.apache.catalina.startup.Bootstrap.start(Bootstrap.java:342)
		at org.apache.catalina.startup.Bootstrap.main(Bootstrap.java:473)
	Caused by: java.lang.NoClassDefFoundError: javax/xml/bind/JAXBException
		at org.hibernate.boot.spi.XmlMappingBinderAccess.<init>(XmlMappingBinderAccess.java:43)
		at org.hibernate.boot.MetadataSources.<init>(MetadataSources.java:87)
		at org.hibernate.jpa.boot.internal.EntityManagerFactoryBuilderImpl.<init>(EntityManagerFactoryBuilderImpl.java:208)
		at org.hibernate.jpa.boot.internal.EntityManagerFactoryBuilderImpl.<init>(EntityManagerFactoryBuilderImpl.java:163)
		at org.springframework.orm.jpa.vendor.SpringHibernateJpaPersistenceProvider.createContainerEntityManagerFactory(SpringHibernateJpaPersistenceProvider.java:52)
		at org.springframework.orm.jpa.LocalContainerEntityManagerFactoryBean.createNativeEntityManagerFactory(LocalContainerEntityManagerFactoryBean.java:365)
		at org.springframework.orm.jpa.AbstractEntityManagerFactoryBean.buildNativeEntityManagerFactory(AbstractEntityManagerFactoryBean.java:409)
		at org.springframework.orm.jpa.AbstractEntityManagerFactoryBean.afterPropertiesSet(AbstractEntityManagerFactoryBean.java:396)
		at org.springframework.orm.jpa.LocalContainerEntityManagerFactoryBean.afterPropertiesSet(LocalContainerEntityManagerFactoryBean.java:341)
		at org.springframework.beans.factory.support.AbstractAutowireCapableBeanFactory.invokeInitMethods(AbstractAutowireCapableBeanFactory.java:1863)
		at org.springframework.beans.factory.support.AbstractAutowireCapableBeanFactory.initializeBean(AbstractAutowireCapableBeanFactory.java:1800)
		... 53 more
	Caused by: java.lang.ClassNotFoundException: javax.xml.bind.JAXBException
		at org.apache.catalina.loader.WebappClassLoaderBase.loadClass(WebappClassLoaderBase.java:1351)
		at org.apache.catalina.loader.WebappClassLoaderBase.loadClass(WebappClassLoaderBase.java:1160)
		... 64 more
30-Mar-2026 21:36:08.125 SEVERE [main] org.apache.catalina.core.StandardContext.startInternal One or more listeners failed to start. Full details will be found in the appropriate container log file
30-Mar-2026 21:36:08.132 SEVERE [main] org.apache.catalina.core.StandardContext.startInternal Context [/employee-service] startup failed due to previous errors
30-Mar-2026 21:36:08.134 WARNING [main] org.apache.catalina.loader.WebappClassLoaderBase.clearReferencesJdbc The web application [employee-service] registered the JDBC driver [com.mysql.cj.jdbc.Driver] but failed to unregister it when the web application was stopped. To prevent a memory leak, the JDBC Driver has been forcibly unregistered.
30-Mar-2026 21:36:08.134 WARNING [main] org.apache.catalina.loader.WebappClassLoaderBase.clearReferencesThreads The web application [employee-service] appears to have started a thread named [mysql-cj-abandoned-connection-cleanup] but has failed to stop it. This is very likely to create a memory leak. Stack trace of thread:
 java.base@17.0.14/java.lang.Object.wait(Native Method)
 java.base@17.0.14/java.lang.ref.ReferenceQueue.remove(ReferenceQueue.java:155)
 com.mysql.cj.jdbc.AbandonedConnectionCleanupThread.run(AbandonedConnectionCleanupThread.java:91)
 java.base@17.0.14/java.util.concurrent.ThreadPoolExecutor.runWorker(ThreadPoolExecutor.java:1136)
 java.base@17.0.14/java.util.concurrent.ThreadPoolExecutor$Worker.run(ThreadPoolExecutor.java:635)
 java.base@17.0.14/java.lang.Thread.run(Thread.java:840)
30-Mar-2026 21:36:08.136 INFO [main] org.apache.catalina.startup.HostConfig.deployDirectory Deployment of web application directory [/Users/motocycopath/Desktop/java-full-stack-training/00-microservices-00/apache-tomcat-9.0.116/webapps/employee-service] has finished in [995] ms
30-Mar-2026 21:36:08.137 INFO [main] org.apache.catalina.startup.HostConfig.deployDirectory Deploying web application directory [/Users/motocycopath/Desktop/java-full-stack-training/00-microservices-00/apache-tomcat-9.0.116/webapps/docs]
30-Mar-2026 21:36:08.150 INFO [main] org.apache.catalina.startup.HostConfig.deployDirectory Deployment of web application directory [/Users/motocycopath/Desktop/java-full-stack-training/00-microservices-00/apache-tomcat-9.0.116/webapps/docs] has finished in [13] ms
30-Mar-2026 21:36:08.150 INFO [main] org.apache.catalina.startup.HostConfig.deployDirectory Deploying web application directory [/Users/motocycopath/Desktop/java-full-stack-training/00-microservices-00/apache-tomcat-9.0.116/webapps/manager]
30-Mar-2026 21:36:08.161 INFO [main] org.apache.catalina.startup.HostConfig.deployDirectory Deployment of web application directory [/Users/motocycopath/Desktop/java-full-stack-training/00-microservices-00/apache-tomcat-9.0.116/webapps/manager] has finished in [11] ms
30-Mar-2026 21:36:08.161 INFO [main] org.apache.catalina.startup.HostConfig.deployDirectory Deploying web application directory [/Users/motocycopath/Desktop/java-full-stack-training/00-microservices-00/apache-tomcat-9.0.116/webapps/examples]
30-Mar-2026 21:36:08.222 INFO [main] org.apache.catalina.startup.HostConfig.deployDirectory Deployment of web application directory [/Users/motocycopath/Desktop/java-full-stack-training/00-microservices-00/apache-tomcat-9.0.116/webapps/examples] has finished in [61] ms
30-Mar-2026 21:36:08.222 INFO [main] org.apache.catalina.startup.HostConfig.deployDirectory Deploying web application directory [/Users/motocycopath/Desktop/java-full-stack-training/00-microservices-00/apache-tomcat-9.0.116/webapps/ROOT]
30-Mar-2026 21:36:08.227 INFO [main] org.apache.catalina.startup.HostConfig.deployDirectory Deployment of web application directory [/Users/motocycopath/Desktop/java-full-stack-training/00-microservices-00/apache-tomcat-9.0.116/webapps/ROOT] has finished in [5] ms
30-Mar-2026 21:36:08.227 INFO [main] org.apache.catalina.startup.HostConfig.deployDirectory Deploying web application directory [/Users/motocycopath/Desktop/java-full-stack-training/00-microservices-00/apache-tomcat-9.0.116/webapps/host-manager]
30-Mar-2026 21:36:08.234 INFO [main] org.apache.catalina.startup.HostConfig.deployDirectory Deployment of web application directory [/Users/motocycopath/Desktop/java-full-stack-training/00-microservices-00/apache-tomcat-9.0.116/webapps/host-manager] has finished in [7] ms
30-Mar-2026 21:36:08.235 INFO [main] org.apache.coyote.AbstractProtocol.start Starting ProtocolHandler ["http-nio-8080"]
30-Mar-2026 21:36:08.241 INFO [main] org.apache.catalina.startup.Catalina.start Server startup in [1116] milliseconds
30-Mar-2026 21:36:13.039 INFO [mysql-cj-abandoned-connection-cleanup] org.apache.catalina.loader.WebappClassLoaderBase.checkStateForResourceLoading Illegal access: this web application instance has been stopped already. Could not load []. The following stack trace is thrown for debugging purposes as well as to attempt to terminate the thread which caused the illegal access.
	java.lang.IllegalStateException: Illegal access: this web application instance has been stopped already. Could not load []. The following stack trace is thrown for debugging purposes as well as to attempt to terminate the thread which caused the illegal access.
		at org.apache.catalina.loader.WebappClassLoaderBase.checkStateForResourceLoading(WebappClassLoaderBase.java:1370)
		at org.apache.catalina.loader.WebappClassLoaderBase.getResource(WebappClassLoaderBase.java:994)
		at com.mysql.cj.jdbc.AbandonedConnectionCleanupThread.checkThreadContextClassLoader(AbandonedConnectionCleanupThread.java:123)
		at com.mysql.cj.jdbc.AbandonedConnectionCleanupThread.run(AbandonedConnectionCleanupThread.java:90)
		at java.base/java.util.concurrent.ThreadPoolExecutor.runWorker(ThreadPoolExecutor.java:1136)
		at java.base/java.util.concurrent.ThreadPoolExecutor$Worker.run(ThreadPoolExecutor.java:635)
		at java.base/java.lang.Thread.run(Thread.java:840)
30-Mar-2026 21:36:42.620 INFO [main] org.apache.catalina.core.StandardServer.await A valid shutdown command was received via the shutdown port. Stopping the Server instance.
30-Mar-2026 21:36:42.621 INFO [main] org.apache.coyote.AbstractProtocol.pause Pausing ProtocolHandler ["http-nio-8080"]
30-Mar-2026 21:36:42.624 INFO [main] org.apache.catalina.core.StandardService.stopInternal Stopping service [Catalina]
30-Mar-2026 21:36:42.631 INFO [main] org.apache.coyote.AbstractProtocol.stop Stopping ProtocolHandler ["http-nio-8080"]
30-Mar-2026 21:36:42.634 INFO [main] org.apache.coyote.AbstractProtocol.destroy Destroying ProtocolHandler ["http-nio-8080"]
NOTE: Picked up JDK_JAVA_OPTIONS:  --add-opens=java.base/java.lang=ALL-UNNAMED --add-opens=java.base/java.lang.invoke=ALL-UNNAMED --add-opens=java.base/java.lang.reflect=ALL-UNNAMED --add-opens=java.base/java.io=ALL-UNNAMED --add-opens=java.base/java.util=ALL-UNNAMED --add-opens=java.base/java.util.concurrent=ALL-UNNAMED --add-opens=java.rmi/sun.rmi.transport=ALL-UNNAMED
30-Mar-2026 21:36:43.233 INFO [main] org.apache.catalina.startup.VersionLoggerListener.log Server version name:   Apache Tomcat/9.0.116
30-Mar-2026 21:36:43.235 INFO [main] org.apache.catalina.startup.VersionLoggerListener.log Server built:          Mar 16 2026 15:05:42 UTC
30-Mar-2026 21:36:43.235 INFO [main] org.apache.catalina.startup.VersionLoggerListener.log Server version number: 9.0.116.0
30-Mar-2026 21:36:43.235 INFO [main] org.apache.catalina.startup.VersionLoggerListener.log OS Name:               Mac OS X
30-Mar-2026 21:36:43.235 INFO [main] org.apache.catalina.startup.VersionLoggerListener.log OS Version:            15.5
30-Mar-2026 21:36:43.235 INFO [main] org.apache.catalina.startup.VersionLoggerListener.log Architecture:          aarch64
30-Mar-2026 21:36:43.235 INFO [main] org.apache.catalina.startup.VersionLoggerListener.log Java Home:             /Users/motocycopath/Library/Java/JavaVirtualMachines/jbr-17.0.14/Contents/Home
30-Mar-2026 21:36:43.236 INFO [main] org.apache.catalina.startup.VersionLoggerListener.log JVM Version:           17.0.14+1-b1367.22
30-Mar-2026 21:36:43.236 INFO [main] org.apache.catalina.startup.VersionLoggerListener.log JVM Vendor:            JetBrains s.r.o.
30-Mar-2026 21:36:43.236 INFO [main] org.apache.catalina.startup.VersionLoggerListener.log CATALINA_BASE:         /Users/motocycopath/Desktop/java-full-stack-training/00-microservices-00/apache-tomcat-9.0.116
30-Mar-2026 21:36:43.236 INFO [main] org.apache.catalina.startup.VersionLoggerListener.log CATALINA_HOME:         /Users/motocycopath/Desktop/java-full-stack-training/00-microservices-00/apache-tomcat-9.0.116
30-Mar-2026 21:36:43.240 INFO [main] org.apache.catalina.startup.VersionLoggerListener.log Command line argument: --add-opens=java.base/java.lang=ALL-UNNAMED
30-Mar-2026 21:36:43.241 INFO [main] org.apache.catalina.startup.VersionLoggerListener.log Command line argument: --add-opens=java.base/java.lang.invoke=ALL-UNNAMED
30-Mar-2026 21:36:43.241 INFO [main] org.apache.catalina.startup.VersionLoggerListener.log Command line argument: --add-opens=java.base/java.lang.reflect=ALL-UNNAMED
30-Mar-2026 21:36:43.241 INFO [main] org.apache.catalina.startup.VersionLoggerListener.log Command line argument: --add-opens=java.base/java.io=ALL-UNNAMED
30-Mar-2026 21:36:43.241 INFO [main] org.apache.catalina.startup.VersionLoggerListener.log Command line argument: --add-opens=java.base/java.util=ALL-UNNAMED
30-Mar-2026 21:36:43.241 INFO [main] org.apache.catalina.startup.VersionLoggerListener.log Command line argument: --add-opens=java.base/java.util.concurrent=ALL-UNNAMED
30-Mar-2026 21:36:43.241 INFO [main] org.apache.catalina.startup.VersionLoggerListener.log Command line argument: --add-opens=java.rmi/sun.rmi.transport=ALL-UNNAMED
30-Mar-2026 21:36:43.241 INFO [main] org.apache.catalina.startup.VersionLoggerListener.log Command line argument: -Djava.util.logging.config.file=/Users/motocycopath/Desktop/java-full-stack-training/00-microservices-00/apache-tomcat-9.0.116/conf/logging.properties
30-Mar-2026 21:36:43.241 INFO [main] org.apache.catalina.startup.VersionLoggerListener.log Command line argument: -Djava.util.logging.manager=org.apache.juli.ClassLoaderLogManager
30-Mar-2026 21:36:43.241 INFO [main] org.apache.catalina.startup.VersionLoggerListener.log Command line argument: -Djdk.tls.ephemeralDHKeySize=2048
30-Mar-2026 21:36:43.241 INFO [main] org.apache.catalina.startup.VersionLoggerListener.log Command line argument: -Djava.protocol.handler.pkgs=org.apache.catalina.webresources
30-Mar-2026 21:36:43.241 INFO [main] org.apache.catalina.startup.VersionLoggerListener.log Command line argument: -Dsun.io.useCanonCaches=false
30-Mar-2026 21:36:43.241 INFO [main] org.apache.catalina.startup.VersionLoggerListener.log Command line argument: -Dorg.apache.catalina.security.SecurityListener.UMASK=0027
30-Mar-2026 21:36:43.241 INFO [main] org.apache.catalina.startup.VersionLoggerListener.log Command line argument: -Dignore.endorsed.dirs=
30-Mar-2026 21:36:43.241 INFO [main] org.apache.catalina.startup.VersionLoggerListener.log Command line argument: -Dcatalina.base=/Users/motocycopath/Desktop/java-full-stack-training/00-microservices-00/apache-tomcat-9.0.116
30-Mar-2026 21:36:43.241 INFO [main] org.apache.catalina.startup.VersionLoggerListener.log Command line argument: -Dcatalina.home=/Users/motocycopath/Desktop/java-full-stack-training/00-microservices-00/apache-tomcat-9.0.116
30-Mar-2026 21:36:43.241 INFO [main] org.apache.catalina.startup.VersionLoggerListener.log Command line argument: -Djava.io.tmpdir=/Users/motocycopath/Desktop/java-full-stack-training/00-microservices-00/apache-tomcat-9.0.116/temp
30-Mar-2026 21:36:43.245 INFO [main] org.apache.catalina.core.AprLifecycleListener.lifecycleEvent The Apache Tomcat Native library which allows using OpenSSL was not found on the java.library.path: [/Users/motocycopath/Library/Java/Extensions:/Library/Java/Extensions:/Network/Library/Java/Extensions:/System/Library/Java/Extensions:/usr/lib/java:.]
30-Mar-2026 21:36:43.346 INFO [main] org.apache.coyote.AbstractProtocol.init Initializing ProtocolHandler ["http-nio-8080"]
30-Mar-2026 21:36:43.357 INFO [main] org.apache.catalina.startup.Catalina.load Server initialization in [189] milliseconds
30-Mar-2026 21:36:43.371 INFO [main] org.apache.catalina.core.StandardService.startInternal Starting service [Catalina]
30-Mar-2026 21:36:43.371 INFO [main] org.apache.catalina.core.StandardEngine.startInternal Starting Servlet engine: [Apache Tomcat/9.0.116]
30-Mar-2026 21:36:43.373 INFO [main] org.apache.catalina.startup.HostConfig.deployDirectory Deploying web application directory [/Users/motocycopath/Desktop/java-full-stack-training/00-microservices-00/apache-tomcat-9.0.116/webapps/employee-service]
30-Mar-2026 21:36:44.015 INFO [main] org.apache.jasper.servlet.TldScanner.scanJars At least one JAR was scanned for TLDs yet contained no TLDs. Enable debug logging for this logger for a complete list of JARs that were scanned but no TLDs were found in them. Skipping unneeded JARs during scanning can improve startup time and JSP compilation time.
30-Mar-2026 21:36:44.027 INFO [main] org.springframework.web.context.ContextLoader.initWebApplicationContext Root WebApplicationContext: initialization started
30-Mar-2026 21:36:44.156 INFO [main] org.springframework.data.repository.config.RepositoryConfigurationDelegate.registerRepositoriesIn Bootstrapping Spring Data JPA repositories in DEFAULT mode.
30-Mar-2026 21:36:44.185 INFO [main] org.springframework.data.repository.config.RepositoryConfigurationDelegate.registerRepositoriesIn Finished Spring Data repository scanning in 22 ms. Found 1 JPA repository interfaces.
30-Mar-2026 21:36:44.186 INFO [main] org.springframework.data.repository.config.RepositoryConfigurationDelegate.registerRepositoriesIn Bootstrapping Spring Data JPA repositories in DEFAULT mode.
30-Mar-2026 21:36:44.187 INFO [main] org.springframework.data.repository.config.RepositoryConfigurationDelegate.registerRepositoriesIn Finished Spring Data repository scanning in 1 ms. Found 1 JPA repository interfaces.
30-Mar-2026 21:36:44.303 INFO [main] org.hibernate.jpa.internal.util.LogHelper.logPersistenceUnitInformation HHH000204: Processing PersistenceUnitInfo [
	name: default
	...]
30-Mar-2026 21:36:44.338 INFO [main] org.hibernate.Version.logVersion HHH000412: Hibernate Core {5.2.8.Final}
30-Mar-2026 21:36:44.338 INFO [main] org.hibernate.cfg.Environment.<clinit> HHH000206: hibernate.properties not found
30-Mar-2026 21:36:44.345 WARNING [main] org.springframework.context.support.AbstractApplicationContext.refresh Exception encountered during context initialization - cancelling refresh attempt: org.springframework.beans.factory.BeanCreationException: Error creating bean with name 'entityManagerFactory' defined in ServletContext resource [/WEB-INF/cst_jpa_spring_config.xml]: Invocation of init method failed; nested exception is java.lang.NoClassDefFoundError: javax/xml/bind/JAXBException
30-Mar-2026 21:36:44.346 SEVERE [main] org.springframework.web.context.ContextLoader.initWebApplicationContext Context initialization failed
	org.springframework.beans.factory.BeanCreationException: Error creating bean with name 'entityManagerFactory' defined in ServletContext resource [/WEB-INF/cst_jpa_spring_config.xml]: Invocation of init method failed; nested exception is java.lang.NoClassDefFoundError: javax/xml/bind/JAXBException
		at org.springframework.beans.factory.support.AbstractAutowireCapableBeanFactory.initializeBean(AbstractAutowireCapableBeanFactory.java:1804)
		at org.springframework.beans.factory.support.AbstractAutowireCapableBeanFactory.doCreateBean(AbstractAutowireCapableBeanFactory.java:620)
		at org.springframework.beans.factory.support.AbstractAutowireCapableBeanFactory.createBean(AbstractAutowireCapableBeanFactory.java:542)
		at org.springframework.beans.factory.support.AbstractBeanFactory.lambda$doGetBean$0(AbstractBeanFactory.java:335)
		at org.springframework.beans.factory.support.DefaultSingletonBeanRegistry.getSingleton(DefaultSingletonBeanRegistry.java:234)
		at org.springframework.beans.factory.support.AbstractBeanFactory.doGetBean(AbstractBeanFactory.java:333)
		at org.springframework.beans.factory.support.AbstractBeanFactory.getBean(AbstractBeanFactory.java:208)
		at org.springframework.context.support.AbstractApplicationContext.getBean(AbstractApplicationContext.java:1154)
		at org.springframework.context.support.AbstractApplicationContext.finishBeanFactoryInitialization(AbstractApplicationContext.java:908)
		at org.springframework.context.support.AbstractApplicationContext.refresh(AbstractApplicationContext.java:583)
		at org.springframework.web.context.ContextLoader.configureAndRefreshWebApplicationContext(ContextLoader.java:401)
		at org.springframework.web.context.ContextLoader.initWebApplicationContext(ContextLoader.java:292)
		at org.springframework.web.context.ContextLoaderListener.contextInitialized(ContextLoaderListener.java:103)
		at org.apache.catalina.core.StandardContext.listenerStart(StandardContext.java:4047)
		at org.apache.catalina.core.StandardContext.startInternal(StandardContext.java:4489)
		at org.apache.catalina.util.LifecycleBase.start(LifecycleBase.java:164)
		at org.apache.catalina.core.ContainerBase.addChildInternal(ContainerBase.java:597)
		at org.apache.catalina.core.ContainerBase.addChild(ContainerBase.java:569)
		at org.apache.catalina.core.StandardHost.addChild(StandardHost.java:608)
		at org.apache.catalina.startup.HostConfig.deployDirectory(HostConfig.java:1171)
		at org.apache.catalina.startup.HostConfig$DeployDirectory.run(HostConfig.java:1880)
		at java.base/java.util.concurrent.Executors$RunnableAdapter.call(Executors.java:539)
		at java.base/java.util.concurrent.FutureTask.run(FutureTask.java:264)
		at org.apache.tomcat.util.threads.InlineExecutorService.execute(InlineExecutorService.java:82)
		at java.base/java.util.concurrent.AbstractExecutorService.submit(AbstractExecutorService.java:123)
		at org.apache.catalina.startup.HostConfig.deployDirectories(HostConfig.java:1082)
		at org.apache.catalina.startup.HostConfig.deployApps(HostConfig.java:467)
		at org.apache.catalina.startup.HostConfig.start(HostConfig.java:1576)
		at org.apache.catalina.startup.HostConfig.lifecycleEvent(HostConfig.java:309)
		at org.apache.catalina.util.LifecycleBase.fireLifecycleEvent(LifecycleBase.java:109)
		at org.apache.catalina.util.LifecycleBase.setStateInternal(LifecycleBase.java:389)
		at org.apache.catalina.util.LifecycleBase.setState(LifecycleBase.java:336)
		at org.apache.catalina.core.ContainerBase.startInternal(ContainerBase.java:774)
		at org.apache.catalina.core.StandardHost.startInternal(StandardHost.java:726)
		at org.apache.catalina.util.LifecycleBase.start(LifecycleBase.java:164)
		at org.apache.catalina.core.ContainerBase$StartChild.call(ContainerBase.java:1201)
		at org.apache.catalina.core.ContainerBase$StartChild.call(ContainerBase.java:1191)
		at java.base/java.util.concurrent.FutureTask.run(FutureTask.java:264)
		at org.apache.tomcat.util.threads.InlineExecutorService.execute(InlineExecutorService.java:82)
		at java.base/java.util.concurrent.AbstractExecutorService.submit(AbstractExecutorService.java:145)
		at org.apache.catalina.core.ContainerBase.startInternal(ContainerBase.java:747)
		at org.apache.catalina.core.StandardEngine.startInternal(StandardEngine.java:209)
		at org.apache.catalina.util.LifecycleBase.start(LifecycleBase.java:164)
		at org.apache.catalina.core.StandardService.startInternal(StandardService.java:410)
		at org.apache.catalina.util.LifecycleBase.start(LifecycleBase.java:164)
		at org.apache.catalina.core.StandardServer.startInternal(StandardServer.java:872)
		at org.apache.catalina.util.LifecycleBase.start(LifecycleBase.java:164)
		at org.apache.catalina.startup.Catalina.start(Catalina.java:736)
		at java.base/jdk.internal.reflect.NativeMethodAccessorImpl.invoke0(Native Method)
		at java.base/jdk.internal.reflect.NativeMethodAccessorImpl.invoke(NativeMethodAccessorImpl.java:77)
		at java.base/jdk.internal.reflect.DelegatingMethodAccessorImpl.invoke(DelegatingMethodAccessorImpl.java:43)
		at java.base/java.lang.reflect.Method.invoke(Method.java:569)
		at org.apache.catalina.startup.Bootstrap.start(Bootstrap.java:342)
		at org.apache.catalina.startup.Bootstrap.main(Bootstrap.java:473)
	Caused by: java.lang.NoClassDefFoundError: javax/xml/bind/JAXBException
		at org.hibernate.boot.spi.XmlMappingBinderAccess.<init>(XmlMappingBinderAccess.java:43)
		at org.hibernate.boot.MetadataSources.<init>(MetadataSources.java:87)
		at org.hibernate.jpa.boot.internal.EntityManagerFactoryBuilderImpl.<init>(EntityManagerFactoryBuilderImpl.java:208)
		at org.hibernate.jpa.boot.internal.EntityManagerFactoryBuilderImpl.<init>(EntityManagerFactoryBuilderImpl.java:163)
		at org.springframework.orm.jpa.vendor.SpringHibernateJpaPersistenceProvider.createContainerEntityManagerFactory(SpringHibernateJpaPersistenceProvider.java:52)
		at org.springframework.orm.jpa.LocalContainerEntityManagerFactoryBean.createNativeEntityManagerFactory(LocalContainerEntityManagerFactoryBean.java:365)
		at org.springframework.orm.jpa.AbstractEntityManagerFactoryBean.buildNativeEntityManagerFactory(AbstractEntityManagerFactoryBean.java:409)
		at org.springframework.orm.jpa.AbstractEntityManagerFactoryBean.afterPropertiesSet(AbstractEntityManagerFactoryBean.java:396)
		at org.springframework.orm.jpa.LocalContainerEntityManagerFactoryBean.afterPropertiesSet(LocalContainerEntityManagerFactoryBean.java:341)
		at org.springframework.beans.factory.support.AbstractAutowireCapableBeanFactory.invokeInitMethods(AbstractAutowireCapableBeanFactory.java:1863)
		at org.springframework.beans.factory.support.AbstractAutowireCapableBeanFactory.initializeBean(AbstractAutowireCapableBeanFactory.java:1800)
		... 53 more
	Caused by: java.lang.ClassNotFoundException: javax.xml.bind.JAXBException
		at org.apache.catalina.loader.WebappClassLoaderBase.loadClass(WebappClassLoaderBase.java:1351)
		at org.apache.catalina.loader.WebappClassLoaderBase.loadClass(WebappClassLoaderBase.java:1160)
		... 64 more
30-Mar-2026 21:36:44.348 SEVERE [main] org.apache.catalina.core.StandardContext.startInternal One or more listeners failed to start. Full details will be found in the appropriate container log file
30-Mar-2026 21:36:44.355 SEVERE [main] org.apache.catalina.core.StandardContext.startInternal Context [/employee-service] startup failed due to previous errors
30-Mar-2026 21:36:44.358 WARNING [main] org.apache.catalina.loader.WebappClassLoaderBase.clearReferencesJdbc The web application [employee-service] registered the JDBC driver [com.mysql.cj.jdbc.Driver] but failed to unregister it when the web application was stopped. To prevent a memory leak, the JDBC Driver has been forcibly unregistered.
30-Mar-2026 21:36:44.358 WARNING [main] org.apache.catalina.loader.WebappClassLoaderBase.clearReferencesThreads The web application [employee-service] appears to have started a thread named [mysql-cj-abandoned-connection-cleanup] but has failed to stop it. This is very likely to create a memory leak. Stack trace of thread:
 java.base@17.0.14/java.lang.Object.wait(Native Method)
 java.base@17.0.14/java.lang.ref.ReferenceQueue.remove(ReferenceQueue.java:155)
 com.mysql.cj.jdbc.AbandonedConnectionCleanupThread.run(AbandonedConnectionCleanupThread.java:91)
 java.base@17.0.14/java.util.concurrent.ThreadPoolExecutor.runWorker(ThreadPoolExecutor.java:1136)
 java.base@17.0.14/java.util.concurrent.ThreadPoolExecutor$Worker.run(ThreadPoolExecutor.java:635)
 java.base@17.0.14/java.lang.Thread.run(Thread.java:840)
30-Mar-2026 21:36:44.361 INFO [main] org.apache.catalina.startup.HostConfig.deployDirectory Deployment of web application directory [/Users/motocycopath/Desktop/java-full-stack-training/00-microservices-00/apache-tomcat-9.0.116/webapps/employee-service] has finished in [988] ms
30-Mar-2026 21:36:44.361 INFO [main] org.apache.catalina.startup.HostConfig.deployDirectory Deploying web application directory [/Users/motocycopath/Desktop/java-full-stack-training/00-microservices-00/apache-tomcat-9.0.116/webapps/docs]
30-Mar-2026 21:36:44.375 INFO [main] org.apache.catalina.startup.HostConfig.deployDirectory Deployment of web application directory [/Users/motocycopath/Desktop/java-full-stack-training/00-microservices-00/apache-tomcat-9.0.116/webapps/docs] has finished in [14] ms
30-Mar-2026 21:36:44.375 INFO [main] org.apache.catalina.startup.HostConfig.deployDirectory Deploying web application directory [/Users/motocycopath/Desktop/java-full-stack-training/00-microservices-00/apache-tomcat-9.0.116/webapps/manager]
30-Mar-2026 21:36:44.386 INFO [main] org.apache.catalina.startup.HostConfig.deployDirectory Deployment of web application directory [/Users/motocycopath/Desktop/java-full-stack-training/00-microservices-00/apache-tomcat-9.0.116/webapps/manager] has finished in [11] ms
30-Mar-2026 21:36:44.386 INFO [main] org.apache.catalina.startup.HostConfig.deployDirectory Deploying web application directory [/Users/motocycopath/Desktop/java-full-stack-training/00-microservices-00/apache-tomcat-9.0.116/webapps/examples]
30-Mar-2026 21:36:44.452 INFO [main] org.apache.catalina.startup.HostConfig.deployDirectory Deployment of web application directory [/Users/motocycopath/Desktop/java-full-stack-training/00-microservices-00/apache-tomcat-9.0.116/webapps/examples] has finished in [66] ms
30-Mar-2026 21:36:44.452 INFO [main] org.apache.catalina.startup.HostConfig.deployDirectory Deploying web application directory [/Users/motocycopath/Desktop/java-full-stack-training/00-microservices-00/apache-tomcat-9.0.116/webapps/ROOT]
30-Mar-2026 21:36:44.457 INFO [main] org.apache.catalina.startup.HostConfig.deployDirectory Deployment of web application directory [/Users/motocycopath/Desktop/java-full-stack-training/00-microservices-00/apache-tomcat-9.0.116/webapps/ROOT] has finished in [5] ms
30-Mar-2026 21:36:44.457 INFO [main] org.apache.catalina.startup.HostConfig.deployDirectory Deploying web application directory [/Users/motocycopath/Desktop/java-full-stack-training/00-microservices-00/apache-tomcat-9.0.116/webapps/host-manager]
30-Mar-2026 21:36:44.463 INFO [main] org.apache.catalina.startup.HostConfig.deployDirectory Deployment of web application directory [/Users/motocycopath/Desktop/java-full-stack-training/00-microservices-00/apache-tomcat-9.0.116/webapps/host-manager] has finished in [6] ms
30-Mar-2026 21:36:44.464 INFO [main] org.apache.coyote.AbstractProtocol.start Starting ProtocolHandler ["http-nio-8080"]
30-Mar-2026 21:36:44.468 INFO [main] org.apache.catalina.startup.Catalina.start Server startup in [1110] milliseconds
30-Mar-2026 21:36:49.267 INFO [mysql-cj-abandoned-connection-cleanup] org.apache.catalina.loader.WebappClassLoaderBase.checkStateForResourceLoading Illegal access: this web application instance has been stopped already. Could not load []. The following stack trace is thrown for debugging purposes as well as to attempt to terminate the thread which caused the illegal access.
	java.lang.IllegalStateException: Illegal access: this web application instance has been stopped already. Could not load []. The following stack trace is thrown for debugging purposes as well as to attempt to terminate the thread which caused the illegal access.
		at org.apache.catalina.loader.WebappClassLoaderBase.checkStateForResourceLoading(WebappClassLoaderBase.java:1370)
		at org.apache.catalina.loader.WebappClassLoaderBase.getResource(WebappClassLoaderBase.java:994)
		at com.mysql.cj.jdbc.AbandonedConnectionCleanupThread.checkThreadContextClassLoader(AbandonedConnectionCleanupThread.java:123)
		at com.mysql.cj.jdbc.AbandonedConnectionCleanupThread.run(AbandonedConnectionCleanupThread.java:90)
		at java.base/java.util.concurrent.ThreadPoolExecutor.runWorker(ThreadPoolExecutor.java:1136)
		at java.base/java.util.concurrent.ThreadPoolExecutor$Worker.run(ThreadPoolExecutor.java:635)
		at java.base/java.lang.Thread.run(Thread.java:840)
30-Mar-2026 21:41:32.963 INFO [main] org.apache.catalina.core.StandardServer.await A valid shutdown command was received via the shutdown port. Stopping the Server instance.
30-Mar-2026 21:41:32.966 INFO [main] org.apache.coyote.AbstractProtocol.pause Pausing ProtocolHandler ["http-nio-8080"]
30-Mar-2026 21:41:32.974 INFO [main] org.apache.catalina.core.StandardService.stopInternal Stopping service [Catalina]
30-Mar-2026 21:41:32.982 INFO [main] org.apache.coyote.AbstractProtocol.stop Stopping ProtocolHandler ["http-nio-8080"]
30-Mar-2026 21:41:32.985 INFO [main] org.apache.coyote.AbstractProtocol.destroy Destroying ProtocolHandler ["http-nio-8080"]
30-Mar-2026 21:41:36.431 INFO [main] org.apache.catalina.startup.VersionLoggerListener.log Server version name:   Apache Tomcat/9.0.116
30-Mar-2026 21:41:36.436 INFO [main] org.apache.catalina.startup.VersionLoggerListener.log Server built:          Mar 16 2026 15:05:42 UTC
30-Mar-2026 21:41:36.436 INFO [main] org.apache.catalina.startup.VersionLoggerListener.log Server version number: 9.0.116.0
30-Mar-2026 21:41:36.436 INFO [main] org.apache.catalina.startup.VersionLoggerListener.log OS Name:               Mac OS X
30-Mar-2026 21:41:36.436 INFO [main] org.apache.catalina.startup.VersionLoggerListener.log OS Version:            15.5
30-Mar-2026 21:41:36.436 INFO [main] org.apache.catalina.startup.VersionLoggerListener.log Architecture:          x86_64
30-Mar-2026 21:41:36.436 INFO [main] org.apache.catalina.startup.VersionLoggerListener.log Java Home:             /Library/Java/JavaVirtualMachines/temurin-8.jdk/Contents/Home/jre
30-Mar-2026 21:41:36.436 INFO [main] org.apache.catalina.startup.VersionLoggerListener.log JVM Version:           1.8.0_482-b08
30-Mar-2026 21:41:36.436 INFO [main] org.apache.catalina.startup.VersionLoggerListener.log JVM Vendor:            Temurin
30-Mar-2026 21:41:36.436 INFO [main] org.apache.catalina.startup.VersionLoggerListener.log CATALINA_BASE:         /Users/motocycopath/Desktop/java-full-stack-training/00-microservices-00/apache-tomcat-9.0.116
30-Mar-2026 21:41:36.437 INFO [main] org.apache.catalina.startup.VersionLoggerListener.log CATALINA_HOME:         /Users/motocycopath/Desktop/java-full-stack-training/00-microservices-00/apache-tomcat-9.0.116
30-Mar-2026 21:41:36.441 INFO [main] org.apache.catalina.startup.VersionLoggerListener.log Command line argument: -Djava.util.logging.config.file=/Users/motocycopath/Desktop/java-full-stack-training/00-microservices-00/apache-tomcat-9.0.116/conf/logging.properties
30-Mar-2026 21:41:36.442 INFO [main] org.apache.catalina.startup.VersionLoggerListener.log Command line argument: -Djava.util.logging.manager=org.apache.juli.ClassLoaderLogManager
30-Mar-2026 21:41:36.442 INFO [main] org.apache.catalina.startup.VersionLoggerListener.log Command line argument: -Djdk.tls.ephemeralDHKeySize=2048
30-Mar-2026 21:41:36.442 INFO [main] org.apache.catalina.startup.VersionLoggerListener.log Command line argument: -Djava.protocol.handler.pkgs=org.apache.catalina.webresources
30-Mar-2026 21:41:36.442 INFO [main] org.apache.catalina.startup.VersionLoggerListener.log Command line argument: -Dsun.io.useCanonCaches=false
30-Mar-2026 21:41:36.442 INFO [main] org.apache.catalina.startup.VersionLoggerListener.log Command line argument: -Dorg.apache.catalina.security.SecurityListener.UMASK=0027
30-Mar-2026 21:41:36.442 INFO [main] org.apache.catalina.startup.VersionLoggerListener.log Command line argument: -Dignore.endorsed.dirs=
30-Mar-2026 21:41:36.442 INFO [main] org.apache.catalina.startup.VersionLoggerListener.log Command line argument: -Dcatalina.base=/Users/motocycopath/Desktop/java-full-stack-training/00-microservices-00/apache-tomcat-9.0.116
30-Mar-2026 21:41:36.442 INFO [main] org.apache.catalina.startup.VersionLoggerListener.log Command line argument: -Dcatalina.home=/Users/motocycopath/Desktop/java-full-stack-training/00-microservices-00/apache-tomcat-9.0.116
30-Mar-2026 21:41:36.442 INFO [main] org.apache.catalina.startup.VersionLoggerListener.log Command line argument: -Djava.io.tmpdir=/Users/motocycopath/Desktop/java-full-stack-training/00-microservices-00/apache-tomcat-9.0.116/temp
30-Mar-2026 21:41:36.444 INFO [main] org.apache.catalina.core.AprLifecycleListener.lifecycleEvent The Apache Tomcat Native library which allows using OpenSSL was not found on the java.library.path: [/Users/motocycopath/Library/Java/Extensions:/Library/Java/Extensions:/Network/Library/Java/Extensions:/System/Library/Java/Extensions:/usr/lib/java:.]
30-Mar-2026 21:41:36.890 INFO [main] org.apache.coyote.AbstractProtocol.init Initializing ProtocolHandler ["http-nio-8080"]
30-Mar-2026 21:41:36.935 INFO [main] org.apache.catalina.startup.Catalina.load Server initialization in [669] milliseconds
30-Mar-2026 21:41:37.025 INFO [main] org.apache.catalina.core.StandardService.startInternal Starting service [Catalina]
30-Mar-2026 21:41:37.025 INFO [main] org.apache.catalina.core.StandardEngine.startInternal Starting Servlet engine: [Apache Tomcat/9.0.116]
30-Mar-2026 21:41:37.032 INFO [main] org.apache.catalina.startup.HostConfig.deployDirectory Deploying web application directory [/Users/motocycopath/Desktop/java-full-stack-training/00-microservices-00/apache-tomcat-9.0.116/webapps/employee-service]
30-Mar-2026 21:41:39.797 INFO [main] org.apache.jasper.servlet.TldScanner.scanJars At least one JAR was scanned for TLDs yet contained no TLDs. Enable debug logging for this logger for a complete list of JARs that were scanned but no TLDs were found in them. Skipping unneeded JARs during scanning can improve startup time and JSP compilation time.
30-Mar-2026 21:41:39.848 INFO [main] org.springframework.web.context.ContextLoader.initWebApplicationContext Root WebApplicationContext: initialization started
30-Mar-2026 21:41:40.535 INFO [main] org.springframework.data.repository.config.RepositoryConfigurationDelegate.registerRepositoriesIn Bootstrapping Spring Data JPA repositories in DEFAULT mode.
30-Mar-2026 21:41:40.582 WARNING [main] org.springframework.data.repository.config.RepositoryConfigurationExtensionSupport.loadRepositoryInterface JPA - Could not load type com.microservices.learn.dao.EmployeeDAO using class loader org.springframework.data.jpa.repository.config.InspectionClassLoader@2d91147b
	java.lang.UnsupportedClassVersionError: com/microservices/learn/dao/EmployeeDAO has been compiled by a more recent version of the Java Runtime (class file version 61.0), this version of the Java Runtime only recognizes class file versions up to 52.0
		at java.lang.ClassLoader.defineClass1(Native Method)
		at java.lang.ClassLoader.defineClass(ClassLoader.java:756)
		at java.lang.ClassLoader.defineClass(ClassLoader.java:635)
		at org.springframework.instrument.classloading.ShadowingClassLoader.doLoadClass(ShadowingClassLoader.java:156)
		at org.springframework.instrument.classloading.ShadowingClassLoader.loadClass(ShadowingClassLoader.java:118)
		at java.lang.Class.forName0(Native Method)
		at java.lang.Class.forName(Class.java:348)
		at org.springframework.util.ClassUtils.forName(ClassUtils.java:284)
		at org.springframework.data.repository.config.RepositoryConfigurationExtensionSupport.loadRepositoryInterface(RepositoryConfigurationExtensionSupport.java:390)
		at org.springframework.data.repository.config.RepositoryConfigurationExtensionSupport.getRepositoryConfigurations(RepositoryConfigurationExtensionSupport.java:96)
		at org.springframework.data.repository.config.RepositoryConfigurationDelegate.registerRepositoriesIn(RepositoryConfigurationDelegate.java:159)
		at org.springframework.data.repository.config.RepositoryBeanDefinitionParser.parse(RepositoryBeanDefinitionParser.java:78)
		at org.springframework.beans.factory.xml.NamespaceHandlerSupport.parse(NamespaceHandlerSupport.java:74)
		at org.springframework.beans.factory.xml.BeanDefinitionParserDelegate.parseCustomElement(BeanDefinitionParserDelegate.java:1391)
		at org.springframework.beans.factory.xml.BeanDefinitionParserDelegate.parseCustomElement(BeanDefinitionParserDelegate.java:1371)
		at org.springframework.beans.factory.xml.DefaultBeanDefinitionDocumentReader.parseBeanDefinitions(DefaultBeanDefinitionDocumentReader.java:179)
		at org.springframework.beans.factory.xml.DefaultBeanDefinitionDocumentReader.doRegisterBeanDefinitions(DefaultBeanDefinitionDocumentReader.java:149)
		at org.springframework.beans.factory.xml.DefaultBeanDefinitionDocumentReader.registerBeanDefinitions(DefaultBeanDefinitionDocumentReader.java:96)
		at org.springframework.beans.factory.xml.XmlBeanDefinitionReader.registerBeanDefinitions(XmlBeanDefinitionReader.java:511)
		at org.springframework.beans.factory.xml.XmlBeanDefinitionReader.doLoadBeanDefinitions(XmlBeanDefinitionReader.java:391)
		at org.springframework.beans.factory.xml.XmlBeanDefinitionReader.loadBeanDefinitions(XmlBeanDefinitionReader.java:338)
		at org.springframework.beans.factory.xml.XmlBeanDefinitionReader.loadBeanDefinitions(XmlBeanDefinitionReader.java:310)
		at org.springframework.beans.factory.xml.DefaultBeanDefinitionDocumentReader.importBeanDefinitionResource(DefaultBeanDefinitionDocumentReader.java:250)
		at org.springframework.beans.factory.xml.DefaultBeanDefinitionDocumentReader.parseDefaultElement(DefaultBeanDefinitionDocumentReader.java:191)
		at org.springframework.beans.factory.xml.DefaultBeanDefinitionDocumentReader.parseBeanDefinitions(DefaultBeanDefinitionDocumentReader.java:176)
		at org.springframework.beans.factory.xml.DefaultBeanDefinitionDocumentReader.doRegisterBeanDefinitions(DefaultBeanDefinitionDocumentReader.java:149)
		at org.springframework.beans.factory.xml.DefaultBeanDefinitionDocumentReader.registerBeanDefinitions(DefaultBeanDefinitionDocumentReader.java:96)
		at org.springframework.beans.factory.xml.XmlBeanDefinitionReader.registerBeanDefinitions(XmlBeanDefinitionReader.java:511)
		at org.springframework.beans.factory.xml.XmlBeanDefinitionReader.doLoadBeanDefinitions(XmlBeanDefinitionReader.java:391)
		at org.springframework.beans.factory.xml.XmlBeanDefinitionReader.loadBeanDefinitions(XmlBeanDefinitionReader.java:338)
		at org.springframework.beans.factory.xml.XmlBeanDefinitionReader.loadBeanDefinitions(XmlBeanDefinitionReader.java:310)
		at org.springframework.beans.factory.support.AbstractBeanDefinitionReader.loadBeanDefinitions(AbstractBeanDefinitionReader.java:196)
		at org.springframework.beans.factory.support.AbstractBeanDefinitionReader.loadBeanDefinitions(AbstractBeanDefinitionReader.java:232)
		at org.springframework.beans.factory.support.AbstractBeanDefinitionReader.loadBeanDefinitions(AbstractBeanDefinitionReader.java:203)
		at org.springframework.web.context.support.XmlWebApplicationContext.loadBeanDefinitions(XmlWebApplicationContext.java:125)
		at org.springframework.web.context.support.XmlWebApplicationContext.loadBeanDefinitions(XmlWebApplicationContext.java:94)
		at org.springframework.context.support.AbstractRefreshableApplicationContext.refreshBeanFactory(AbstractRefreshableApplicationContext.java:130)
		at org.springframework.context.support.AbstractApplicationContext.obtainFreshBeanFactory(AbstractApplicationContext.java:671)
		at org.springframework.context.support.AbstractApplicationContext.refresh(AbstractApplicationContext.java:553)
		at org.springframework.web.context.ContextLoader.configureAndRefreshWebApplicationContext(ContextLoader.java:401)
		at org.springframework.web.context.ContextLoader.initWebApplicationContext(ContextLoader.java:292)
		at org.springframework.web.context.ContextLoaderListener.contextInitialized(ContextLoaderListener.java:103)
		at org.apache.catalina.core.StandardContext.listenerStart(StandardContext.java:4047)
		at org.apache.catalina.core.StandardContext.startInternal(StandardContext.java:4489)
		at org.apache.catalina.util.LifecycleBase.start(LifecycleBase.java:164)
		at org.apache.catalina.core.ContainerBase.addChildInternal(ContainerBase.java:597)
		at org.apache.catalina.core.ContainerBase.addChild(ContainerBase.java:569)
		at org.apache.catalina.core.StandardHost.addChild(StandardHost.java:608)
		at org.apache.catalina.startup.HostConfig.deployDirectory(HostConfig.java:1171)
		at org.apache.catalina.startup.HostConfig$DeployDirectory.run(HostConfig.java:1880)
		at java.util.concurrent.Executors$RunnableAdapter.call(Executors.java:511)
		at java.util.concurrent.FutureTask.run(FutureTask.java:266)
		at org.apache.tomcat.util.threads.InlineExecutorService.execute(InlineExecutorService.java:82)
		at java.util.concurrent.AbstractExecutorService.submit(AbstractExecutorService.java:112)
		at org.apache.catalina.startup.HostConfig.deployDirectories(HostConfig.java:1082)
		at org.apache.catalina.startup.HostConfig.deployApps(HostConfig.java:467)
		at org.apache.catalina.startup.HostConfig.start(HostConfig.java:1576)
		at org.apache.catalina.startup.HostConfig.lifecycleEvent(HostConfig.java:309)
		at org.apache.catalina.util.LifecycleBase.fireLifecycleEvent(LifecycleBase.java:109)
		at org.apache.catalina.util.LifecycleBase.setStateInternal(LifecycleBase.java:389)
		at org.apache.catalina.util.LifecycleBase.setState(LifecycleBase.java:336)
		at org.apache.catalina.core.ContainerBase.startInternal(ContainerBase.java:774)
		at org.apache.catalina.core.StandardHost.startInternal(StandardHost.java:726)
		at org.apache.catalina.util.LifecycleBase.start(LifecycleBase.java:164)
		at org.apache.catalina.core.ContainerBase$StartChild.call(ContainerBase.java:1201)
		at org.apache.catalina.core.ContainerBase$StartChild.call(ContainerBase.java:1191)
		at java.util.concurrent.FutureTask.run(FutureTask.java:266)
		at org.apache.tomcat.util.threads.InlineExecutorService.execute(InlineExecutorService.java:82)
		at java.util.concurrent.AbstractExecutorService.submit(AbstractExecutorService.java:134)
		at org.apache.catalina.core.ContainerBase.startInternal(ContainerBase.java:747)
		at org.apache.catalina.core.StandardEngine.startInternal(StandardEngine.java:209)
		at org.apache.catalina.util.LifecycleBase.start(LifecycleBase.java:164)
		at org.apache.catalina.core.StandardService.startInternal(StandardService.java:410)
		at org.apache.catalina.util.LifecycleBase.start(LifecycleBase.java:164)
		at org.apache.catalina.core.StandardServer.startInternal(StandardServer.java:872)
		at org.apache.catalina.util.LifecycleBase.start(LifecycleBase.java:164)
		at org.apache.catalina.startup.Catalina.start(Catalina.java:736)
		at sun.reflect.NativeMethodAccessorImpl.invoke0(Native Method)
		at sun.reflect.NativeMethodAccessorImpl.invoke(NativeMethodAccessorImpl.java:62)
		at sun.reflect.DelegatingMethodAccessorImpl.invoke(DelegatingMethodAccessorImpl.java:43)
		at java.lang.reflect.Method.invoke(Method.java:498)
		at org.apache.catalina.startup.Bootstrap.start(Bootstrap.java:342)
		at org.apache.catalina.startup.Bootstrap.main(Bootstrap.java:473)
30-Mar-2026 21:41:40.617 SEVERE [main] org.springframework.web.context.ContextLoader.initWebApplicationContext Context initialization failed
	org.springframework.beans.factory.parsing.BeanDefinitionParsingException: Configuration problem: Failed to import bean definitions from relative location [cst_jpa_spring_config.xml]
Offending resource: ServletContext resource [/WEB-INF/cst-root-ctx.xml]; nested exception is org.springframework.beans.factory.BeanDefinitionStoreException: Unexpected exception parsing XML document from ServletContext resource [/WEB-INF/cst_jpa_spring_config.xml]; nested exception is java.lang.UnsupportedClassVersionError: com/microservices/learn/dao/EmployeeDAO has been compiled by a more recent version of the Java Runtime (class file version 61.0), this version of the Java Runtime only recognizes class file versions up to 52.0 (unable to load class [com.microservices.learn.dao.EmployeeDAO])
		at org.springframework.beans.factory.parsing.FailFastProblemReporter.error(FailFastProblemReporter.java:72)
		at org.springframework.beans.factory.parsing.ReaderContext.error(ReaderContext.java:119)
		at org.springframework.beans.factory.parsing.ReaderContext.error(ReaderContext.java:104)
		at org.springframework.beans.factory.xml.DefaultBeanDefinitionDocumentReader.importBeanDefinitionResource(DefaultBeanDefinitionDocumentReader.java:266)
		at org.springframework.beans.factory.xml.DefaultBeanDefinitionDocumentReader.parseDefaultElement(DefaultBeanDefinitionDocumentReader.java:191)
		at org.springframework.beans.factory.xml.DefaultBeanDefinitionDocumentReader.parseBeanDefinitions(DefaultBeanDefinitionDocumentReader.java:176)
		at org.springframework.beans.factory.xml.DefaultBeanDefinitionDocumentReader.doRegisterBeanDefinitions(DefaultBeanDefinitionDocumentReader.java:149)
		at org.springframework.beans.factory.xml.DefaultBeanDefinitionDocumentReader.registerBeanDefinitions(DefaultBeanDefinitionDocumentReader.java:96)
		at org.springframework.beans.factory.xml.XmlBeanDefinitionReader.registerBeanDefinitions(XmlBeanDefinitionReader.java:511)
		at org.springframework.beans.factory.xml.XmlBeanDefinitionReader.doLoadBeanDefinitions(XmlBeanDefinitionReader.java:391)
		at org.springframework.beans.factory.xml.XmlBeanDefinitionReader.loadBeanDefinitions(XmlBeanDefinitionReader.java:338)
		at org.springframework.beans.factory.xml.XmlBeanDefinitionReader.loadBeanDefinitions(XmlBeanDefinitionReader.java:310)
		at org.springframework.beans.factory.support.AbstractBeanDefinitionReader.loadBeanDefinitions(AbstractBeanDefinitionReader.java:196)
		at org.springframework.beans.factory.support.AbstractBeanDefinitionReader.loadBeanDefinitions(AbstractBeanDefinitionReader.java:232)
		at org.springframework.beans.factory.support.AbstractBeanDefinitionReader.loadBeanDefinitions(AbstractBeanDefinitionReader.java:203)
		at org.springframework.web.context.support.XmlWebApplicationContext.loadBeanDefinitions(XmlWebApplicationContext.java:125)
		at org.springframework.web.context.support.XmlWebApplicationContext.loadBeanDefinitions(XmlWebApplicationContext.java:94)
		at org.springframework.context.support.AbstractRefreshableApplicationContext.refreshBeanFactory(AbstractRefreshableApplicationContext.java:130)
		at org.springframework.context.support.AbstractApplicationContext.obtainFreshBeanFactory(AbstractApplicationContext.java:671)
		at org.springframework.context.support.AbstractApplicationContext.refresh(AbstractApplicationContext.java:553)
		at org.springframework.web.context.ContextLoader.configureAndRefreshWebApplicationContext(ContextLoader.java:401)
		at org.springframework.web.context.ContextLoader.initWebApplicationContext(ContextLoader.java:292)
		at org.springframework.web.context.ContextLoaderListener.contextInitialized(ContextLoaderListener.java:103)
		at org.apache.catalina.core.StandardContext.listenerStart(StandardContext.java:4047)
		at org.apache.catalina.core.StandardContext.startInternal(StandardContext.java:4489)
		at org.apache.catalina.util.LifecycleBase.start(LifecycleBase.java:164)
		at org.apache.catalina.core.ContainerBase.addChildInternal(ContainerBase.java:597)
		at org.apache.catalina.core.ContainerBase.addChild(ContainerBase.java:569)
		at org.apache.catalina.core.StandardHost.addChild(StandardHost.java:608)
		at org.apache.catalina.startup.HostConfig.deployDirectory(HostConfig.java:1171)
		at org.apache.catalina.startup.HostConfig$DeployDirectory.run(HostConfig.java:1880)
		at java.util.concurrent.Executors$RunnableAdapter.call(Executors.java:511)
		at java.util.concurrent.FutureTask.run(FutureTask.java:266)
		at org.apache.tomcat.util.threads.InlineExecutorService.execute(InlineExecutorService.java:82)
		at java.util.concurrent.AbstractExecutorService.submit(AbstractExecutorService.java:112)
		at org.apache.catalina.startup.HostConfig.deployDirectories(HostConfig.java:1082)
		at org.apache.catalina.startup.HostConfig.deployApps(HostConfig.java:467)
		at org.apache.catalina.startup.HostConfig.start(HostConfig.java:1576)
		at org.apache.catalina.startup.HostConfig.lifecycleEvent(HostConfig.java:309)
		at org.apache.catalina.util.LifecycleBase.fireLifecycleEvent(LifecycleBase.java:109)
		at org.apache.catalina.util.LifecycleBase.setStateInternal(LifecycleBase.java:389)
		at org.apache.catalina.util.LifecycleBase.setState(LifecycleBase.java:336)
		at org.apache.catalina.core.ContainerBase.startInternal(ContainerBase.java:774)
		at org.apache.catalina.core.StandardHost.startInternal(StandardHost.java:726)
		at org.apache.catalina.util.LifecycleBase.start(LifecycleBase.java:164)
		at org.apache.catalina.core.ContainerBase$StartChild.call(ContainerBase.java:1201)
		at org.apache.catalina.core.ContainerBase$StartChild.call(ContainerBase.java:1191)
		at java.util.concurrent.FutureTask.run(FutureTask.java:266)
		at org.apache.tomcat.util.threads.InlineExecutorService.execute(InlineExecutorService.java:82)
		at java.util.concurrent.AbstractExecutorService.submit(AbstractExecutorService.java:134)
		at org.apache.catalina.core.ContainerBase.startInternal(ContainerBase.java:747)
		at org.apache.catalina.core.StandardEngine.startInternal(StandardEngine.java:209)
		at org.apache.catalina.util.LifecycleBase.start(LifecycleBase.java:164)
		at org.apache.catalina.core.StandardService.startInternal(StandardService.java:410)
		at org.apache.catalina.util.LifecycleBase.start(LifecycleBase.java:164)
		at org.apache.catalina.core.StandardServer.startInternal(StandardServer.java:872)
		at org.apache.catalina.util.LifecycleBase.start(LifecycleBase.java:164)
		at org.apache.catalina.startup.Catalina.start(Catalina.java:736)
		at sun.reflect.NativeMethodAccessorImpl.invoke0(Native Method)
		at sun.reflect.NativeMethodAccessorImpl.invoke(NativeMethodAccessorImpl.java:62)
		at sun.reflect.DelegatingMethodAccessorImpl.invoke(DelegatingMethodAccessorImpl.java:43)
		at java.lang.reflect.Method.invoke(Method.java:498)
		at org.apache.catalina.startup.Bootstrap.start(Bootstrap.java:342)
		at org.apache.catalina.startup.Bootstrap.main(Bootstrap.java:473)
	Caused by: org.springframework.beans.factory.BeanDefinitionStoreException: Unexpected exception parsing XML document from ServletContext resource [/WEB-INF/cst_jpa_spring_config.xml]; nested exception is java.lang.UnsupportedClassVersionError: com/microservices/learn/dao/EmployeeDAO has been compiled by a more recent version of the Java Runtime (class file version 61.0), this version of the Java Runtime only recognizes class file versions up to 52.0 (unable to load class [com.microservices.learn.dao.EmployeeDAO])
		at org.springframework.beans.factory.xml.XmlBeanDefinitionReader.doLoadBeanDefinitions(XmlBeanDefinitionReader.java:417)
		at org.springframework.beans.factory.xml.XmlBeanDefinitionReader.loadBeanDefinitions(XmlBeanDefinitionReader.java:338)
		at org.springframework.beans.factory.xml.XmlBeanDefinitionReader.loadBeanDefinitions(XmlBeanDefinitionReader.java:310)
		at org.springframework.beans.factory.xml.DefaultBeanDefinitionDocumentReader.importBeanDefinitionResource(DefaultBeanDefinitionDocumentReader.java:250)
		... 60 more
	Caused by: java.lang.UnsupportedClassVersionError: com/microservices/learn/dao/EmployeeDAO has been compiled by a more recent version of the Java Runtime (class file version 61.0), this version of the Java Runtime only recognizes class file versions up to 52.0 (unable to load class [com.microservices.learn.dao.EmployeeDAO])
		at org.apache.catalina.loader.WebappClassLoaderBase.findClassInternal(WebappClassLoaderBase.java:2346)
		at org.apache.catalina.loader.WebappClassLoaderBase.findClassInternal(WebappClassLoaderBase.java:2212)
		at org.apache.catalina.loader.WebappClassLoaderBase.findClass(WebappClassLoaderBase.java:821)
		at org.apache.catalina.loader.WebappClassLoaderBase.loadClass(WebappClassLoaderBase.java:1312)
		at org.apache.catalina.loader.WebappClassLoaderBase.loadClass(WebappClassLoaderBase.java:1160)
		at java.lang.Class.forName0(Native Method)
		at java.lang.Class.forName(Class.java:348)
		at org.springframework.util.ClassUtils.forName(ClassUtils.java:284)
		at org.springframework.data.repository.config.RepositoryBeanNameGenerator.getRepositoryInterfaceFrom(RepositoryBeanNameGenerator.java:111)
		at org.springframework.data.repository.config.RepositoryBeanNameGenerator.generateBeanName(RepositoryBeanNameGenerator.java:75)
		at org.springframework.data.repository.config.RepositoryConfigurationSourceSupport.generateBeanName(RepositoryConfigurationSourceSupport.java:100)
		at org.springframework.data.repository.config.RepositoryConfigurationDelegate.registerRepositoriesIn(RepositoryConfigurationDelegate.java:180)
		at org.springframework.data.repository.config.RepositoryBeanDefinitionParser.parse(RepositoryBeanDefinitionParser.java:78)
		at org.springframework.beans.factory.xml.NamespaceHandlerSupport.parse(NamespaceHandlerSupport.java:74)
		at org.springframework.beans.factory.xml.BeanDefinitionParserDelegate.parseCustomElement(BeanDefinitionParserDelegate.java:1391)
		at org.springframework.beans.factory.xml.BeanDefinitionParserDelegate.parseCustomElement(BeanDefinitionParserDelegate.java:1371)
		at org.springframework.beans.factory.xml.DefaultBeanDefinitionDocumentReader.parseBeanDefinitions(DefaultBeanDefinitionDocumentReader.java:179)
		at org.springframework.beans.factory.xml.DefaultBeanDefinitionDocumentReader.doRegisterBeanDefinitions(DefaultBeanDefinitionDocumentReader.java:149)
		at org.springframework.beans.factory.xml.DefaultBeanDefinitionDocumentReader.registerBeanDefinitions(DefaultBeanDefinitionDocumentReader.java:96)
		at org.springframework.beans.factory.xml.XmlBeanDefinitionReader.registerBeanDefinitions(XmlBeanDefinitionReader.java:511)
		at org.springframework.beans.factory.xml.XmlBeanDefinitionReader.doLoadBeanDefinitions(XmlBeanDefinitionReader.java:391)
		... 63 more
30-Mar-2026 21:41:40.621 SEVERE [main] org.apache.catalina.core.StandardContext.startInternal One or more listeners failed to start. Full details will be found in the appropriate container log file
30-Mar-2026 21:41:40.633 SEVERE [main] org.apache.catalina.core.StandardContext.startInternal Context [/employee-service] startup failed due to previous errors
30-Mar-2026 21:41:40.651 INFO [main] org.apache.catalina.startup.HostConfig.deployDirectory Deployment of web application directory [/Users/motocycopath/Desktop/java-full-stack-training/00-microservices-00/apache-tomcat-9.0.116/webapps/employee-service] has finished in [3,619] ms
30-Mar-2026 21:41:40.652 INFO [main] org.apache.catalina.startup.HostConfig.deployDirectory Deploying web application directory [/Users/motocycopath/Desktop/java-full-stack-training/00-microservices-00/apache-tomcat-9.0.116/webapps/docs]
30-Mar-2026 21:41:40.718 INFO [main] org.apache.catalina.startup.HostConfig.deployDirectory Deployment of web application directory [/Users/motocycopath/Desktop/java-full-stack-training/00-microservices-00/apache-tomcat-9.0.116/webapps/docs] has finished in [66] ms
30-Mar-2026 21:41:40.718 INFO [main] org.apache.catalina.startup.HostConfig.deployDirectory Deploying web application directory [/Users/motocycopath/Desktop/java-full-stack-training/00-microservices-00/apache-tomcat-9.0.116/webapps/manager]
30-Mar-2026 21:41:40.785 INFO [main] org.apache.catalina.startup.HostConfig.deployDirectory Deployment of web application directory [/Users/motocycopath/Desktop/java-full-stack-training/00-microservices-00/apache-tomcat-9.0.116/webapps/manager] has finished in [67] ms
30-Mar-2026 21:41:40.786 INFO [main] org.apache.catalina.startup.HostConfig.deployDirectory Deploying web application directory [/Users/motocycopath/Desktop/java-full-stack-training/00-microservices-00/apache-tomcat-9.0.116/webapps/examples]
30-Mar-2026 21:41:41.120 INFO [main] org.apache.catalina.startup.HostConfig.deployDirectory Deployment of web application directory [/Users/motocycopath/Desktop/java-full-stack-training/00-microservices-00/apache-tomcat-9.0.116/webapps/examples] has finished in [334] ms
30-Mar-2026 21:41:41.121 INFO [main] org.apache.catalina.startup.HostConfig.deployDirectory Deploying web application directory [/Users/motocycopath/Desktop/java-full-stack-training/00-microservices-00/apache-tomcat-9.0.116/webapps/ROOT]
30-Mar-2026 21:41:41.148 INFO [main] org.apache.catalina.startup.HostConfig.deployDirectory Deployment of web application directory [/Users/motocycopath/Desktop/java-full-stack-training/00-microservices-00/apache-tomcat-9.0.116/webapps/ROOT] has finished in [27] ms
30-Mar-2026 21:41:41.148 INFO [main] org.apache.catalina.startup.HostConfig.deployDirectory Deploying web application directory [/Users/motocycopath/Desktop/java-full-stack-training/00-microservices-00/apache-tomcat-9.0.116/webapps/host-manager]
30-Mar-2026 21:41:41.172 INFO [main] org.apache.catalina.startup.HostConfig.deployDirectory Deployment of web application directory [/Users/motocycopath/Desktop/java-full-stack-training/00-microservices-00/apache-tomcat-9.0.116/webapps/host-manager] has finished in [24] ms
30-Mar-2026 21:41:41.176 INFO [main] org.apache.coyote.AbstractProtocol.start Starting ProtocolHandler ["http-nio-8080"]
30-Mar-2026 21:41:41.185 INFO [main] org.apache.catalina.startup.Catalina.start Server startup in [4249] milliseconds
30-Mar-2026 21:41:57.802 INFO [main] org.apache.catalina.core.StandardServer.await A valid shutdown command was received via the shutdown port. Stopping the Server instance.
30-Mar-2026 21:41:57.806 INFO [main] org.apache.coyote.AbstractProtocol.pause Pausing ProtocolHandler ["http-nio-8080"]
30-Mar-2026 21:41:57.818 INFO [main] org.apache.catalina.core.StandardService.stopInternal Stopping service [Catalina]
30-Mar-2026 21:41:57.873 INFO [main] org.apache.coyote.AbstractProtocol.stop Stopping ProtocolHandler ["http-nio-8080"]
30-Mar-2026 21:41:57.884 INFO [main] org.apache.coyote.AbstractProtocol.destroy Destroying ProtocolHandler ["http-nio-8080"]
30-Mar-2026 21:41:59.528 INFO [main] org.apache.catalina.startup.VersionLoggerListener.log Server version name:   Apache Tomcat/9.0.116
30-Mar-2026 21:41:59.534 INFO [main] org.apache.catalina.startup.VersionLoggerListener.log Server built:          Mar 16 2026 15:05:42 UTC
30-Mar-2026 21:41:59.535 INFO [main] org.apache.catalina.startup.VersionLoggerListener.log Server version number: 9.0.116.0
30-Mar-2026 21:41:59.535 INFO [main] org.apache.catalina.startup.VersionLoggerListener.log OS Name:               Mac OS X
30-Mar-2026 21:41:59.535 INFO [main] org.apache.catalina.startup.VersionLoggerListener.log OS Version:            15.5
30-Mar-2026 21:41:59.535 INFO [main] org.apache.catalina.startup.VersionLoggerListener.log Architecture:          x86_64
30-Mar-2026 21:41:59.535 INFO [main] org.apache.catalina.startup.VersionLoggerListener.log Java Home:             /Library/Java/JavaVirtualMachines/temurin-8.jdk/Contents/Home/jre
30-Mar-2026 21:41:59.535 INFO [main] org.apache.catalina.startup.VersionLoggerListener.log JVM Version:           1.8.0_482-b08
30-Mar-2026 21:41:59.535 INFO [main] org.apache.catalina.startup.VersionLoggerListener.log JVM Vendor:            Temurin
30-Mar-2026 21:41:59.535 INFO [main] org.apache.catalina.startup.VersionLoggerListener.log CATALINA_BASE:         /Users/motocycopath/Desktop/java-full-stack-training/00-microservices-00/apache-tomcat-9.0.116
30-Mar-2026 21:41:59.535 INFO [main] org.apache.catalina.startup.VersionLoggerListener.log CATALINA_HOME:         /Users/motocycopath/Desktop/java-full-stack-training/00-microservices-00/apache-tomcat-9.0.116
30-Mar-2026 21:41:59.538 INFO [main] org.apache.catalina.startup.VersionLoggerListener.log Command line argument: -Djava.util.logging.config.file=/Users/motocycopath/Desktop/java-full-stack-training/00-microservices-00/apache-tomcat-9.0.116/conf/logging.properties
30-Mar-2026 21:41:59.538 INFO [main] org.apache.catalina.startup.VersionLoggerListener.log Command line argument: -Djava.util.logging.manager=org.apache.juli.ClassLoaderLogManager
30-Mar-2026 21:41:59.538 INFO [main] org.apache.catalina.startup.VersionLoggerListener.log Command line argument: -Djdk.tls.ephemeralDHKeySize=2048
30-Mar-2026 21:41:59.538 INFO [main] org.apache.catalina.startup.VersionLoggerListener.log Command line argument: -Djava.protocol.handler.pkgs=org.apache.catalina.webresources
30-Mar-2026 21:41:59.538 INFO [main] org.apache.catalina.startup.VersionLoggerListener.log Command line argument: -Dsun.io.useCanonCaches=false
30-Mar-2026 21:41:59.538 INFO [main] org.apache.catalina.startup.VersionLoggerListener.log Command line argument: -Dorg.apache.catalina.security.SecurityListener.UMASK=0027
30-Mar-2026 21:41:59.538 INFO [main] org.apache.catalina.startup.VersionLoggerListener.log Command line argument: -Dignore.endorsed.dirs=
30-Mar-2026 21:41:59.539 INFO [main] org.apache.catalina.startup.VersionLoggerListener.log Command line argument: -Dcatalina.base=/Users/motocycopath/Desktop/java-full-stack-training/00-microservices-00/apache-tomcat-9.0.116
30-Mar-2026 21:41:59.539 INFO [main] org.apache.catalina.startup.VersionLoggerListener.log Command line argument: -Dcatalina.home=/Users/motocycopath/Desktop/java-full-stack-training/00-microservices-00/apache-tomcat-9.0.116
30-Mar-2026 21:41:59.539 INFO [main] org.apache.catalina.startup.VersionLoggerListener.log Command line argument: -Djava.io.tmpdir=/Users/motocycopath/Desktop/java-full-stack-training/00-microservices-00/apache-tomcat-9.0.116/temp
30-Mar-2026 21:41:59.540 INFO [main] org.apache.catalina.core.AprLifecycleListener.lifecycleEvent The Apache Tomcat Native library which allows using OpenSSL was not found on the java.library.path: [/Users/motocycopath/Library/Java/Extensions:/Library/Java/Extensions:/Network/Library/Java/Extensions:/System/Library/Java/Extensions:/usr/lib/java:.]
30-Mar-2026 21:41:59.955 INFO [main] org.apache.coyote.AbstractProtocol.init Initializing ProtocolHandler ["http-nio-8080"]
30-Mar-2026 21:41:59.996 INFO [main] org.apache.catalina.startup.Catalina.load Server initialization in [634] milliseconds
30-Mar-2026 21:42:00.087 INFO [main] org.apache.catalina.core.StandardService.startInternal Starting service [Catalina]
30-Mar-2026 21:42:00.088 INFO [main] org.apache.catalina.core.StandardEngine.startInternal Starting Servlet engine: [Apache Tomcat/9.0.116]
30-Mar-2026 21:42:00.093 INFO [main] org.apache.catalina.startup.HostConfig.deployDirectory Deploying web application directory [/Users/motocycopath/Desktop/java-full-stack-training/00-microservices-00/apache-tomcat-9.0.116/webapps/employee-service]
30-Mar-2026 21:42:01.672 INFO [main] org.apache.jasper.servlet.TldScanner.scanJars At least one JAR was scanned for TLDs yet contained no TLDs. Enable debug logging for this logger for a complete list of JARs that were scanned but no TLDs were found in them. Skipping unneeded JARs during scanning can improve startup time and JSP compilation time.
30-Mar-2026 21:42:01.703 INFO [main] org.springframework.web.context.ContextLoader.initWebApplicationContext Root WebApplicationContext: initialization started
30-Mar-2026 21:42:02.138 INFO [main] org.springframework.data.repository.config.RepositoryConfigurationDelegate.registerRepositoriesIn Bootstrapping Spring Data JPA repositories in DEFAULT mode.
30-Mar-2026 21:42:02.248 INFO [main] org.springframework.data.repository.config.RepositoryConfigurationDelegate.registerRepositoriesIn Finished Spring Data repository scanning in 91 ms. Found 1 JPA repository interfaces.
30-Mar-2026 21:42:02.250 INFO [main] org.springframework.data.repository.config.RepositoryConfigurationDelegate.registerRepositoriesIn Bootstrapping Spring Data JPA repositories in DEFAULT mode.
30-Mar-2026 21:42:02.255 INFO [main] org.springframework.data.repository.config.RepositoryConfigurationDelegate.registerRepositoriesIn Finished Spring Data repository scanning in 5 ms. Found 1 JPA repository interfaces.
30-Mar-2026 21:42:02.609 INFO [main] org.hibernate.jpa.internal.util.LogHelper.logPersistenceUnitInformation HHH000204: Processing PersistenceUnitInfo [
	name: default
	...]
30-Mar-2026 21:42:02.673 INFO [main] org.hibernate.Version.logVersion HHH000412: Hibernate Core {5.2.8.Final}
30-Mar-2026 21:42:02.675 INFO [main] org.hibernate.cfg.Environment.<clinit> HHH000206: hibernate.properties not found
30-Mar-2026 21:42:02.707 INFO [main] org.hibernate.annotations.common.reflection.java.JavaReflectionManager.<clinit> HCANN000001: Hibernate Commons Annotations {5.0.1.Final}
30-Mar-2026 21:42:03.276 INFO [main] org.hibernate.dialect.Dialect.<init> HHH000400: Using dialect: org.hibernate.dialect.MySQLDialect
Hibernate: create table employee (empId integer not null auto_increment, deptCode integer, empName varchar(255), salary double precision, primary key (empId))
30-Mar-2026 21:42:03.953 INFO [main] org.springframework.orm.jpa.AbstractEntityManagerFactoryBean.buildNativeEntityManagerFactory Initialized JPA EntityManagerFactory for persistence unit 'default'
30-Mar-2026 21:42:04.612 INFO [main] org.springframework.web.context.ContextLoader.initWebApplicationContext Root WebApplicationContext initialized in 2908 ms
30-Mar-2026 21:42:04.666 INFO [main] org.springframework.web.servlet.FrameworkServlet.initServletBean Initializing Servlet 'cstspconf-web'
30-Mar-2026 21:42:05.244 INFO [main] org.springframework.web.servlet.FrameworkServlet.initServletBean Completed initialization in 578 ms
30-Mar-2026 21:42:05.278 INFO [main] org.apache.catalina.startup.HostConfig.deployDirectory Deployment of web application directory [/Users/motocycopath/Desktop/java-full-stack-training/00-microservices-00/apache-tomcat-9.0.116/webapps/employee-service] has finished in [5,184] ms
30-Mar-2026 21:42:05.278 INFO [main] org.apache.catalina.startup.HostConfig.deployDirectory Deploying web application directory [/Users/motocycopath/Desktop/java-full-stack-training/00-microservices-00/apache-tomcat-9.0.116/webapps/docs]
30-Mar-2026 21:42:05.314 INFO [main] org.apache.catalina.startup.HostConfig.deployDirectory Deployment of web application directory [/Users/motocycopath/Desktop/java-full-stack-training/00-microservices-00/apache-tomcat-9.0.116/webapps/docs] has finished in [36] ms
30-Mar-2026 21:42:05.314 INFO [main] org.apache.catalina.startup.HostConfig.deployDirectory Deploying web application directory [/Users/motocycopath/Desktop/java-full-stack-training/00-microservices-00/apache-tomcat-9.0.116/webapps/manager]
30-Mar-2026 21:42:05.339 INFO [main] org.apache.catalina.startup.HostConfig.deployDirectory Deployment of web application directory [/Users/motocycopath/Desktop/java-full-stack-training/00-microservices-00/apache-tomcat-9.0.116/webapps/manager] has finished in [25] ms
30-Mar-2026 21:42:05.340 INFO [main] org.apache.catalina.startup.HostConfig.deployDirectory Deploying web application directory [/Users/motocycopath/Desktop/java-full-stack-training/00-microservices-00/apache-tomcat-9.0.116/webapps/examples]
30-Mar-2026 21:42:05.525 INFO [main] org.apache.catalina.startup.HostConfig.deployDirectory Deployment of web application directory [/Users/motocycopath/Desktop/java-full-stack-training/00-microservices-00/apache-tomcat-9.0.116/webapps/examples] has finished in [185] ms
30-Mar-2026 21:42:05.525 INFO [main] org.apache.catalina.startup.HostConfig.deployDirectory Deploying web application directory [/Users/motocycopath/Desktop/java-full-stack-training/00-microservices-00/apache-tomcat-9.0.116/webapps/ROOT]
30-Mar-2026 21:42:05.537 INFO [main] org.apache.catalina.startup.HostConfig.deployDirectory Deployment of web application directory [/Users/motocycopath/Desktop/java-full-stack-training/00-microservices-00/apache-tomcat-9.0.116/webapps/ROOT] has finished in [12] ms
30-Mar-2026 21:42:05.538 INFO [main] org.apache.catalina.startup.HostConfig.deployDirectory Deploying web application directory [/Users/motocycopath/Desktop/java-full-stack-training/00-microservices-00/apache-tomcat-9.0.116/webapps/host-manager]
30-Mar-2026 21:42:05.556 INFO [main] org.apache.catalina.startup.HostConfig.deployDirectory Deployment of web application directory [/Users/motocycopath/Desktop/java-full-stack-training/00-microservices-00/apache-tomcat-9.0.116/webapps/host-manager] has finished in [18] ms
30-Mar-2026 21:42:05.558 INFO [main] org.apache.coyote.AbstractProtocol.start Starting ProtocolHandler ["http-nio-8080"]
30-Mar-2026 21:42:05.566 INFO [main] org.apache.catalina.startup.Catalina.start Server startup in [5569] milliseconds
Hibernate: select employeeen0_.empId as empId1_0_0_, employeeen0_.deptCode as deptCode2_0_0_, employeeen0_.empName as empName3_0_0_, employeeen0_.salary as salary4_0_0_ from employee employeeen0_ where employeeen0_.empId=?
Hibernate: insert into employee (deptCode, empName, salary) values (?, ?, ?)
30-Mar-2026 22:43:00.847 INFO [main] org.apache.catalina.core.StandardServer.await A valid shutdown command was received via the shutdown port. Stopping the Server instance.
30-Mar-2026 22:43:00.864 INFO [main] org.apache.coyote.AbstractProtocol.pause Pausing ProtocolHandler ["http-nio-8080"]
30-Mar-2026 22:43:00.883 INFO [main] org.apache.catalina.core.StandardService.stopInternal Stopping service [Catalina]
30-Mar-2026 22:43:01.085 INFO [main] org.springframework.orm.jpa.AbstractEntityManagerFactoryBean.destroy Closing JPA EntityManagerFactory for persistence unit 'default'
30-Mar-2026 22:43:01.111 WARNING [main] org.apache.catalina.loader.WebappClassLoaderBase.clearReferencesJdbc The web application [employee-service] registered the JDBC driver [com.mysql.cj.jdbc.Driver] but failed to unregister it when the web application was stopped. To prevent a memory leak, the JDBC Driver has been forcibly unregistered.
30-Mar-2026 22:43:01.114 WARNING [main] org.apache.catalina.loader.WebappClassLoaderBase.clearReferencesThreads The web application [employee-service] appears to have started a thread named [mysql-cj-abandoned-connection-cleanup] but has failed to stop it. This is very likely to create a memory leak. Stack trace of thread:
 java.lang.Object.wait(Native Method)
 java.lang.ref.ReferenceQueue.remove(ReferenceQueue.java:144)
 com.mysql.cj.jdbc.AbandonedConnectionCleanupThread.run(AbandonedConnectionCleanupThread.java:91)
 java.util.concurrent.ThreadPoolExecutor.runWorker(ThreadPoolExecutor.java:1149)
 java.util.concurrent.ThreadPoolExecutor$Worker.run(ThreadPoolExecutor.java:624)
 java.lang.Thread.run(Thread.java:750)
30-Mar-2026 22:43:01.378 INFO [main] org.apache.coyote.AbstractProtocol.stop Stopping ProtocolHandler ["http-nio-8080"]
30-Mar-2026 22:43:01.380 INFO [mysql-cj-abandoned-connection-cleanup] org.apache.catalina.loader.WebappClassLoaderBase.checkStateForResourceLoading Illegal access: this web application instance has been stopped already. Could not load []. The following stack trace is thrown for debugging purposes as well as to attempt to terminate the thread which caused the illegal access.
	java.lang.IllegalStateException: Illegal access: this web application instance has been stopped already. Could not load []. The following stack trace is thrown for debugging purposes as well as to attempt to terminate the thread which caused the illegal access.
		at org.apache.catalina.loader.WebappClassLoaderBase.checkStateForResourceLoading(WebappClassLoaderBase.java:1370)
		at org.apache.catalina.loader.WebappClassLoaderBase.getResource(WebappClassLoaderBase.java:994)
		at com.mysql.cj.jdbc.AbandonedConnectionCleanupThread.checkThreadContextClassLoader(AbandonedConnectionCleanupThread.java:123)
		at com.mysql.cj.jdbc.AbandonedConnectionCleanupThread.run(AbandonedConnectionCleanupThread.java:90)
		at java.util.concurrent.ThreadPoolExecutor.runWorker(ThreadPoolExecutor.java:1149)
		at java.util.concurrent.ThreadPoolExecutor$Worker.run(ThreadPoolExecutor.java:624)
		at java.lang.Thread.run(Thread.java:750)
30-Mar-2026 22:43:01.403 INFO [main] org.apache.coyote.AbstractProtocol.destroy Destroying ProtocolHandler ["http-nio-8080"]
30-Mar-2026 22:43:02.798 INFO [main] org.apache.catalina.startup.VersionLoggerListener.log Server version name:   Apache Tomcat/9.0.116
30-Mar-2026 22:43:02.803 INFO [main] org.apache.catalina.startup.VersionLoggerListener.log Server built:          Mar 16 2026 15:05:42 UTC
30-Mar-2026 22:43:02.804 INFO [main] org.apache.catalina.startup.VersionLoggerListener.log Server version number: 9.0.116.0
30-Mar-2026 22:43:02.804 INFO [main] org.apache.catalina.startup.VersionLoggerListener.log OS Name:               Mac OS X
30-Mar-2026 22:43:02.804 INFO [main] org.apache.catalina.startup.VersionLoggerListener.log OS Version:            15.5
30-Mar-2026 22:43:02.804 INFO [main] org.apache.catalina.startup.VersionLoggerListener.log Architecture:          x86_64
30-Mar-2026 22:43:02.804 INFO [main] org.apache.catalina.startup.VersionLoggerListener.log Java Home:             /Library/Java/JavaVirtualMachines/temurin-8.jdk/Contents/Home/jre
30-Mar-2026 22:43:02.804 INFO [main] org.apache.catalina.startup.VersionLoggerListener.log JVM Version:           1.8.0_482-b08
30-Mar-2026 22:43:02.804 INFO [main] org.apache.catalina.startup.VersionLoggerListener.log JVM Vendor:            Temurin
30-Mar-2026 22:43:02.804 INFO [main] org.apache.catalina.startup.VersionLoggerListener.log CATALINA_BASE:         /Users/motocycopath/Desktop/java-full-stack-training/00-microservices-00/apache-tomcat-9.0.116
30-Mar-2026 22:43:02.804 INFO [main] org.apache.catalina.startup.VersionLoggerListener.log CATALINA_HOME:         /Users/motocycopath/Desktop/java-full-stack-training/00-microservices-00/apache-tomcat-9.0.116
30-Mar-2026 22:43:02.810 INFO [main] org.apache.catalina.startup.VersionLoggerListener.log Command line argument: -Djava.util.logging.config.file=/Users/motocycopath/Desktop/java-full-stack-training/00-microservices-00/apache-tomcat-9.0.116/conf/logging.properties
30-Mar-2026 22:43:02.810 INFO [main] org.apache.catalina.startup.VersionLoggerListener.log Command line argument: -Djava.util.logging.manager=org.apache.juli.ClassLoaderLogManager
30-Mar-2026 22:43:02.810 INFO [main] org.apache.catalina.startup.VersionLoggerListener.log Command line argument: -Djdk.tls.ephemeralDHKeySize=2048
30-Mar-2026 22:43:02.810 INFO [main] org.apache.catalina.startup.VersionLoggerListener.log Command line argument: -Djava.protocol.handler.pkgs=org.apache.catalina.webresources
30-Mar-2026 22:43:02.810 INFO [main] org.apache.catalina.startup.VersionLoggerListener.log Command line argument: -Dsun.io.useCanonCaches=false
30-Mar-2026 22:43:02.810 INFO [main] org.apache.catalina.startup.VersionLoggerListener.log Command line argument: -Dorg.apache.catalina.security.SecurityListener.UMASK=0027
30-Mar-2026 22:43:02.810 INFO [main] org.apache.catalina.startup.VersionLoggerListener.log Command line argument: -Dignore.endorsed.dirs=
30-Mar-2026 22:43:02.810 INFO [main] org.apache.catalina.startup.VersionLoggerListener.log Command line argument: -Dcatalina.base=/Users/motocycopath/Desktop/java-full-stack-training/00-microservices-00/apache-tomcat-9.0.116
30-Mar-2026 22:43:02.810 INFO [main] org.apache.catalina.startup.VersionLoggerListener.log Command line argument: -Dcatalina.home=/Users/motocycopath/Desktop/java-full-stack-training/00-microservices-00/apache-tomcat-9.0.116
30-Mar-2026 22:43:02.810 INFO [main] org.apache.catalina.startup.VersionLoggerListener.log Command line argument: -Djava.io.tmpdir=/Users/motocycopath/Desktop/java-full-stack-training/00-microservices-00/apache-tomcat-9.0.116/temp
30-Mar-2026 22:43:02.812 INFO [main] org.apache.catalina.core.AprLifecycleListener.lifecycleEvent The Apache Tomcat Native library which allows using OpenSSL was not found on the java.library.path: [/Users/motocycopath/Library/Java/Extensions:/Library/Java/Extensions:/Network/Library/Java/Extensions:/System/Library/Java/Extensions:/usr/lib/java:.]
30-Mar-2026 22:43:03.252 INFO [main] org.apache.coyote.AbstractProtocol.init Initializing ProtocolHandler ["http-nio-8080"]
30-Mar-2026 22:43:03.299 INFO [main] org.apache.catalina.startup.Catalina.load Server initialization in [669] milliseconds
30-Mar-2026 22:43:03.387 INFO [main] org.apache.catalina.core.StandardService.startInternal Starting service [Catalina]
30-Mar-2026 22:43:03.388 INFO [main] org.apache.catalina.core.StandardEngine.startInternal Starting Servlet engine: [Apache Tomcat/9.0.116]
30-Mar-2026 22:43:03.393 INFO [main] org.apache.catalina.startup.HostConfig.deployDirectory Deploying web application directory [/Users/motocycopath/Desktop/java-full-stack-training/00-microservices-00/apache-tomcat-9.0.116/webapps/employee-service]
30-Mar-2026 22:43:05.042 INFO [main] org.apache.jasper.servlet.TldScanner.scanJars At least one JAR was scanned for TLDs yet contained no TLDs. Enable debug logging for this logger for a complete list of JARs that were scanned but no TLDs were found in them. Skipping unneeded JARs during scanning can improve startup time and JSP compilation time.
30-Mar-2026 22:43:05.077 INFO [main] org.springframework.web.context.ContextLoader.initWebApplicationContext Root WebApplicationContext: initialization started
30-Mar-2026 22:43:05.598 INFO [main] org.springframework.data.repository.config.RepositoryConfigurationDelegate.registerRepositoriesIn Bootstrapping Spring Data JPA repositories in DEFAULT mode.
30-Mar-2026 22:43:05.710 INFO [main] org.springframework.data.repository.config.RepositoryConfigurationDelegate.registerRepositoriesIn Finished Spring Data repository scanning in 94 ms. Found 1 JPA repository interfaces.
30-Mar-2026 22:43:05.712 INFO [main] org.springframework.data.repository.config.RepositoryConfigurationDelegate.registerRepositoriesIn Bootstrapping Spring Data JPA repositories in DEFAULT mode.
30-Mar-2026 22:43:05.722 INFO [main] org.springframework.data.repository.config.RepositoryConfigurationDelegate.registerRepositoriesIn Finished Spring Data repository scanning in 10 ms. Found 1 JPA repository interfaces.
30-Mar-2026 22:43:06.093 INFO [main] org.hibernate.jpa.internal.util.LogHelper.logPersistenceUnitInformation HHH000204: Processing PersistenceUnitInfo [
	name: default
	...]
30-Mar-2026 22:43:06.183 INFO [main] org.hibernate.Version.logVersion HHH000412: Hibernate Core {5.2.8.Final}
30-Mar-2026 22:43:06.186 INFO [main] org.hibernate.cfg.Environment.<clinit> HHH000206: hibernate.properties not found
30-Mar-2026 22:43:06.236 INFO [main] org.hibernate.annotations.common.reflection.java.JavaReflectionManager.<clinit> HCANN000001: Hibernate Commons Annotations {5.0.1.Final}
30-Mar-2026 22:43:06.784 INFO [main] org.hibernate.dialect.Dialect.<init> HHH000400: Using dialect: org.hibernate.dialect.MySQLDialect
30-Mar-2026 22:43:07.418 INFO [main] org.springframework.orm.jpa.AbstractEntityManagerFactoryBean.buildNativeEntityManagerFactory Initialized JPA EntityManagerFactory for persistence unit 'default'
30-Mar-2026 22:43:08.011 INFO [main] org.springframework.web.context.ContextLoader.initWebApplicationContext Root WebApplicationContext initialized in 2934 ms
30-Mar-2026 22:43:08.057 INFO [main] org.springframework.web.servlet.FrameworkServlet.initServletBean Initializing Servlet 'cstspconf-web'
30-Mar-2026 22:43:08.626 INFO [main] org.springframework.web.servlet.FrameworkServlet.initServletBean Completed initialization in 569 ms
30-Mar-2026 22:43:08.666 INFO [main] org.apache.catalina.startup.HostConfig.deployDirectory Deployment of web application directory [/Users/motocycopath/Desktop/java-full-stack-training/00-microservices-00/apache-tomcat-9.0.116/webapps/employee-service] has finished in [5,270] ms
30-Mar-2026 22:43:08.667 INFO [main] org.apache.catalina.startup.HostConfig.deployDirectory Deploying web application directory [/Users/motocycopath/Desktop/java-full-stack-training/00-microservices-00/apache-tomcat-9.0.116/webapps/docs]
30-Mar-2026 22:43:08.737 INFO [main] org.apache.catalina.startup.HostConfig.deployDirectory Deployment of web application directory [/Users/motocycopath/Desktop/java-full-stack-training/00-microservices-00/apache-tomcat-9.0.116/webapps/docs] has finished in [70] ms
30-Mar-2026 22:43:08.739 INFO [main] org.apache.catalina.startup.HostConfig.deployDirectory Deploying web application directory [/Users/motocycopath/Desktop/java-full-stack-training/00-microservices-00/apache-tomcat-9.0.116/webapps/manager]
30-Mar-2026 22:43:08.788 INFO [main] org.apache.catalina.startup.HostConfig.deployDirectory Deployment of web application directory [/Users/motocycopath/Desktop/java-full-stack-training/00-microservices-00/apache-tomcat-9.0.116/webapps/manager] has finished in [49] ms
30-Mar-2026 22:43:08.788 INFO [main] org.apache.catalina.startup.HostConfig.deployDirectory Deploying web application directory [/Users/motocycopath/Desktop/java-full-stack-training/00-microservices-00/apache-tomcat-9.0.116/webapps/examples]
30-Mar-2026 22:43:09.037 INFO [main] org.apache.catalina.startup.HostConfig.deployDirectory Deployment of web application directory [/Users/motocycopath/Desktop/java-full-stack-training/00-microservices-00/apache-tomcat-9.0.116/webapps/examples] has finished in [248] ms
30-Mar-2026 22:43:09.037 INFO [main] org.apache.catalina.startup.HostConfig.deployDirectory Deploying web application directory [/Users/motocycopath/Desktop/java-full-stack-training/00-microservices-00/apache-tomcat-9.0.116/webapps/ROOT]
30-Mar-2026 22:43:09.056 INFO [main] org.apache.catalina.startup.HostConfig.deployDirectory Deployment of web application directory [/Users/motocycopath/Desktop/java-full-stack-training/00-microservices-00/apache-tomcat-9.0.116/webapps/ROOT] has finished in [19] ms
30-Mar-2026 22:43:09.057 INFO [main] org.apache.catalina.startup.HostConfig.deployDirectory Deploying web application directory [/Users/motocycopath/Desktop/java-full-stack-training/00-microservices-00/apache-tomcat-9.0.116/webapps/host-manager]
30-Mar-2026 22:43:09.093 INFO [main] org.apache.catalina.startup.HostConfig.deployDirectory Deployment of web application directory [/Users/motocycopath/Desktop/java-full-stack-training/00-microservices-00/apache-tomcat-9.0.116/webapps/host-manager] has finished in [36] ms
30-Mar-2026 22:43:09.098 INFO [main] org.apache.coyote.AbstractProtocol.start Starting ProtocolHandler ["http-nio-8080"]
30-Mar-2026 22:43:09.110 INFO [main] org.apache.catalina.startup.Catalina.start Server startup in [5811] milliseconds
Hibernate: select employeeen0_.empId as empId1_0_0_, employeeen0_.deptCode as deptCode2_0_0_, employeeen0_.empName as empName3_0_0_, employeeen0_.salary as salary4_0_0_ from employee employeeen0_ where employeeen0_.empId=?
Hibernate: select employeeen0_.empId as empId1_0_0_, employeeen0_.deptCode as deptCode2_0_0_, employeeen0_.empName as empName3_0_0_, employeeen0_.salary as salary4_0_0_ from employee employeeen0_ where employeeen0_.empId=?
Hibernate: select employeeen0_.empId as empId1_0_0_, employeeen0_.deptCode as deptCode2_0_0_, employeeen0_.empName as empName3_0_0_, employeeen0_.salary as salary4_0_0_ from employee employeeen0_ where employeeen0_.empId=?
Hibernate: insert into employee (deptCode, empName, salary) values (?, ?, ?)
Hibernate: select employeeen0_.empId as empId1_0_0_, employeeen0_.deptCode as deptCode2_0_0_, employeeen0_.empName as empName3_0_0_, employeeen0_.salary as salary4_0_0_ from employee employeeen0_ where employeeen0_.empId=?
Hibernate: insert into employee (deptCode, empName, salary) values (?, ?, ?)
Hibernate: select employeeen0_.empId as empId1_0_0_, employeeen0_.deptCode as deptCode2_0_0_, employeeen0_.empName as empName3_0_0_, employeeen0_.salary as salary4_0_0_ from employee employeeen0_ where employeeen0_.empId=?
Hibernate: insert into employee (deptCode, empName, salary) values (?, ?, ?)
Hibernate: select employeeen0_.empId as empId1_0_0_, employeeen0_.deptCode as deptCode2_0_0_, employeeen0_.empName as empName3_0_0_, employeeen0_.salary as salary4_0_0_ from employee employeeen0_ where employeeen0_.empId=?
Hibernate: update employee set deptCode=?, empName=?, salary=? where empId=?
30-Mar-2026 22:43:49.673 WARNING [http-nio-8080-exec-8] org.springframework.web.servlet.DispatcherServlet.noHandlerFound No mapping for POST /employee-service/findEmployee/1
30-Mar-2026 22:44:08.264 WARNING [http-nio-8080-exec-9] org.springframework.web.servlet.handler.AbstractHandlerExceptionResolver.logException Resolved [org.springframework.web.HttpRequestMethodNotSupportedException: Request method 'POST' not supported]
30-Mar-2026 22:45:34.808 INFO [main] org.apache.catalina.core.StandardServer.await A valid shutdown command was received via the shutdown port. Stopping the Server instance.
30-Mar-2026 22:45:34.811 INFO [main] org.apache.coyote.AbstractProtocol.pause Pausing ProtocolHandler ["http-nio-8080"]
30-Mar-2026 22:45:34.818 INFO [main] org.apache.catalina.core.StandardService.stopInternal Stopping service [Catalina]
30-Mar-2026 22:45:34.893 INFO [main] org.springframework.orm.jpa.AbstractEntityManagerFactoryBean.destroy Closing JPA EntityManagerFactory for persistence unit 'default'
30-Mar-2026 22:45:34.901 WARNING [main] org.apache.catalina.loader.WebappClassLoaderBase.clearReferencesJdbc The web application [employee-service] registered the JDBC driver [com.mysql.cj.jdbc.Driver] but failed to unregister it when the web application was stopped. To prevent a memory leak, the JDBC Driver has been forcibly unregistered.
30-Mar-2026 22:45:34.903 WARNING [main] org.apache.catalina.loader.WebappClassLoaderBase.clearReferencesThreads The web application [employee-service] appears to have started a thread named [mysql-cj-abandoned-connection-cleanup] but has failed to stop it. This is very likely to create a memory leak. Stack trace of thread:
 java.lang.Object.wait(Native Method)
 java.lang.ref.ReferenceQueue.remove(ReferenceQueue.java:144)
 com.mysql.cj.jdbc.AbandonedConnectionCleanupThread.run(AbandonedConnectionCleanupThread.java:91)
 java.util.concurrent.ThreadPoolExecutor.runWorker(ThreadPoolExecutor.java:1149)
 java.util.concurrent.ThreadPoolExecutor$Worker.run(ThreadPoolExecutor.java:624)
 java.lang.Thread.run(Thread.java:750)
30-Mar-2026 22:45:34.933 INFO [main] org.apache.coyote.AbstractProtocol.stop Stopping ProtocolHandler ["http-nio-8080"]
30-Mar-2026 22:45:34.952 INFO [main] org.apache.coyote.AbstractProtocol.destroy Destroying ProtocolHandler ["http-nio-8080"]
30-Mar-2026 22:45:36.563 INFO [main] org.apache.catalina.startup.VersionLoggerListener.log Server version name:   Apache Tomcat/9.0.116
30-Mar-2026 22:45:36.569 INFO [main] org.apache.catalina.startup.VersionLoggerListener.log Server built:          Mar 16 2026 15:05:42 UTC
30-Mar-2026 22:45:36.569 INFO [main] org.apache.catalina.startup.VersionLoggerListener.log Server version number: 9.0.116.0
30-Mar-2026 22:45:36.569 INFO [main] org.apache.catalina.startup.VersionLoggerListener.log OS Name:               Mac OS X
30-Mar-2026 22:45:36.569 INFO [main] org.apache.catalina.startup.VersionLoggerListener.log OS Version:            15.5
30-Mar-2026 22:45:36.569 INFO [main] org.apache.catalina.startup.VersionLoggerListener.log Architecture:          x86_64
30-Mar-2026 22:45:36.569 INFO [main] org.apache.catalina.startup.VersionLoggerListener.log Java Home:             /Library/Java/JavaVirtualMachines/temurin-8.jdk/Contents/Home/jre
30-Mar-2026 22:45:36.569 INFO [main] org.apache.catalina.startup.VersionLoggerListener.log JVM Version:           1.8.0_482-b08
30-Mar-2026 22:45:36.569 INFO [main] org.apache.catalina.startup.VersionLoggerListener.log JVM Vendor:            Temurin
30-Mar-2026 22:45:36.570 INFO [main] org.apache.catalina.startup.VersionLoggerListener.log CATALINA_BASE:         /Users/motocycopath/Desktop/java-full-stack-training/00-microservices-00/apache-tomcat-9.0.116
30-Mar-2026 22:45:36.570 INFO [main] org.apache.catalina.startup.VersionLoggerListener.log CATALINA_HOME:         /Users/motocycopath/Desktop/java-full-stack-training/00-microservices-00/apache-tomcat-9.0.116
30-Mar-2026 22:45:36.573 INFO [main] org.apache.catalina.startup.VersionLoggerListener.log Command line argument: -Djava.util.logging.config.file=/Users/motocycopath/Desktop/java-full-stack-training/00-microservices-00/apache-tomcat-9.0.116/conf/logging.properties
30-Mar-2026 22:45:36.573 INFO [main] org.apache.catalina.startup.VersionLoggerListener.log Command line argument: -Djava.util.logging.manager=org.apache.juli.ClassLoaderLogManager
30-Mar-2026 22:45:36.573 INFO [main] org.apache.catalina.startup.VersionLoggerListener.log Command line argument: -Djdk.tls.ephemeralDHKeySize=2048
30-Mar-2026 22:45:36.573 INFO [main] org.apache.catalina.startup.VersionLoggerListener.log Command line argument: -Djava.protocol.handler.pkgs=org.apache.catalina.webresources
30-Mar-2026 22:45:36.573 INFO [main] org.apache.catalina.startup.VersionLoggerListener.log Command line argument: -Dsun.io.useCanonCaches=false
30-Mar-2026 22:45:36.574 INFO [main] org.apache.catalina.startup.VersionLoggerListener.log Command line argument: -Dorg.apache.catalina.security.SecurityListener.UMASK=0027
30-Mar-2026 22:45:36.574 INFO [main] org.apache.catalina.startup.VersionLoggerListener.log Command line argument: -Dignore.endorsed.dirs=
30-Mar-2026 22:45:36.574 INFO [main] org.apache.catalina.startup.VersionLoggerListener.log Command line argument: -Dcatalina.base=/Users/motocycopath/Desktop/java-full-stack-training/00-microservices-00/apache-tomcat-9.0.116
30-Mar-2026 22:45:36.574 INFO [main] org.apache.catalina.startup.VersionLoggerListener.log Command line argument: -Dcatalina.home=/Users/motocycopath/Desktop/java-full-stack-training/00-microservices-00/apache-tomcat-9.0.116
30-Mar-2026 22:45:36.574 INFO [main] org.apache.catalina.startup.VersionLoggerListener.log Command line argument: -Djava.io.tmpdir=/Users/motocycopath/Desktop/java-full-stack-training/00-microservices-00/apache-tomcat-9.0.116/temp
30-Mar-2026 22:45:36.576 INFO [main] org.apache.catalina.core.AprLifecycleListener.lifecycleEvent The Apache Tomcat Native library which allows using OpenSSL was not found on the java.library.path: [/Users/motocycopath/Library/Java/Extensions:/Library/Java/Extensions:/Network/Library/Java/Extensions:/System/Library/Java/Extensions:/usr/lib/java:.]
30-Mar-2026 22:45:37.001 INFO [main] org.apache.coyote.AbstractProtocol.init Initializing ProtocolHandler ["http-nio-8080"]
30-Mar-2026 22:45:37.046 INFO [main] org.apache.catalina.startup.Catalina.load Server initialization in [650] milliseconds
30-Mar-2026 22:45:37.132 INFO [main] org.apache.catalina.core.StandardService.startInternal Starting service [Catalina]
30-Mar-2026 22:45:37.132 INFO [main] org.apache.catalina.core.StandardEngine.startInternal Starting Servlet engine: [Apache Tomcat/9.0.116]
30-Mar-2026 22:45:37.137 INFO [main] org.apache.catalina.startup.HostConfig.deployDirectory Deploying web application directory [/Users/motocycopath/Desktop/java-full-stack-training/00-microservices-00/apache-tomcat-9.0.116/webapps/employee-service]
30-Mar-2026 22:45:38.677 INFO [main] org.apache.jasper.servlet.TldScanner.scanJars At least one JAR was scanned for TLDs yet contained no TLDs. Enable debug logging for this logger for a complete list of JARs that were scanned but no TLDs were found in them. Skipping unneeded JARs during scanning can improve startup time and JSP compilation time.
30-Mar-2026 22:45:38.709 INFO [main] org.springframework.web.context.ContextLoader.initWebApplicationContext Root WebApplicationContext: initialization started
30-Mar-2026 22:45:39.170 INFO [main] org.springframework.data.repository.config.RepositoryConfigurationDelegate.registerRepositoriesIn Bootstrapping Spring Data JPA repositories in DEFAULT mode.
30-Mar-2026 22:45:39.281 INFO [main] org.springframework.data.repository.config.RepositoryConfigurationDelegate.registerRepositoriesIn Finished Spring Data repository scanning in 95 ms. Found 1 JPA repository interfaces.
30-Mar-2026 22:45:39.282 INFO [main] org.springframework.data.repository.config.RepositoryConfigurationDelegate.registerRepositoriesIn Bootstrapping Spring Data JPA repositories in DEFAULT mode.
30-Mar-2026 22:45:39.292 INFO [main] org.springframework.data.repository.config.RepositoryConfigurationDelegate.registerRepositoriesIn Finished Spring Data repository scanning in 8 ms. Found 1 JPA repository interfaces.
30-Mar-2026 22:45:39.671 INFO [main] org.hibernate.jpa.internal.util.LogHelper.logPersistenceUnitInformation HHH000204: Processing PersistenceUnitInfo [
	name: default
	...]
30-Mar-2026 22:45:39.735 INFO [main] org.hibernate.Version.logVersion HHH000412: Hibernate Core {5.2.8.Final}
30-Mar-2026 22:45:39.737 INFO [main] org.hibernate.cfg.Environment.<clinit> HHH000206: hibernate.properties not found
30-Mar-2026 22:45:39.776 INFO [main] org.hibernate.annotations.common.reflection.java.JavaReflectionManager.<clinit> HCANN000001: Hibernate Commons Annotations {5.0.1.Final}
30-Mar-2026 22:45:40.309 INFO [main] org.hibernate.dialect.Dialect.<init> HHH000400: Using dialect: org.hibernate.dialect.MySQLDialect
30-Mar-2026 22:45:40.956 INFO [main] org.springframework.orm.jpa.AbstractEntityManagerFactoryBean.buildNativeEntityManagerFactory Initialized JPA EntityManagerFactory for persistence unit 'default'
30-Mar-2026 22:45:41.528 INFO [main] org.springframework.web.context.ContextLoader.initWebApplicationContext Root WebApplicationContext initialized in 2819 ms
30-Mar-2026 22:45:41.571 INFO [main] org.springframework.web.servlet.FrameworkServlet.initServletBean Initializing Servlet 'cstspconf-web'
30-Mar-2026 22:45:42.126 INFO [main] org.springframework.web.servlet.FrameworkServlet.initServletBean Completed initialization in 554 ms
30-Mar-2026 22:45:42.159 INFO [main] org.apache.catalina.startup.HostConfig.deployDirectory Deployment of web application directory [/Users/motocycopath/Desktop/java-full-stack-training/00-microservices-00/apache-tomcat-9.0.116/webapps/employee-service] has finished in [5,020] ms
30-Mar-2026 22:45:42.160 INFO [main] org.apache.catalina.startup.HostConfig.deployDirectory Deploying web application directory [/Users/motocycopath/Desktop/java-full-stack-training/00-microservices-00/apache-tomcat-9.0.116/webapps/docs]
30-Mar-2026 22:45:42.200 INFO [main] org.apache.catalina.startup.HostConfig.deployDirectory Deployment of web application directory [/Users/motocycopath/Desktop/java-full-stack-training/00-microservices-00/apache-tomcat-9.0.116/webapps/docs] has finished in [40] ms
30-Mar-2026 22:45:42.201 INFO [main] org.apache.catalina.startup.HostConfig.deployDirectory Deploying web application directory [/Users/motocycopath/Desktop/java-full-stack-training/00-microservices-00/apache-tomcat-9.0.116/webapps/manager]
30-Mar-2026 22:45:42.238 INFO [main] org.apache.catalina.startup.HostConfig.deployDirectory Deployment of web application directory [/Users/motocycopath/Desktop/java-full-stack-training/00-microservices-00/apache-tomcat-9.0.116/webapps/manager] has finished in [38] ms
30-Mar-2026 22:45:42.238 INFO [main] org.apache.catalina.startup.HostConfig.deployDirectory Deploying web application directory [/Users/motocycopath/Desktop/java-full-stack-training/00-microservices-00/apache-tomcat-9.0.116/webapps/examples]
30-Mar-2026 22:45:42.424 INFO [main] org.apache.catalina.startup.HostConfig.deployDirectory Deployment of web application directory [/Users/motocycopath/Desktop/java-full-stack-training/00-microservices-00/apache-tomcat-9.0.116/webapps/examples] has finished in [186] ms
30-Mar-2026 22:45:42.424 INFO [main] org.apache.catalina.startup.HostConfig.deployDirectory Deploying web application directory [/Users/motocycopath/Desktop/java-full-stack-training/00-microservices-00/apache-tomcat-9.0.116/webapps/ROOT]
30-Mar-2026 22:45:42.441 INFO [main] org.apache.catalina.startup.HostConfig.deployDirectory Deployment of web application directory [/Users/motocycopath/Desktop/java-full-stack-training/00-microservices-00/apache-tomcat-9.0.116/webapps/ROOT] has finished in [16] ms
30-Mar-2026 22:45:42.441 INFO [main] org.apache.catalina.startup.HostConfig.deployDirectory Deploying web application directory [/Users/motocycopath/Desktop/java-full-stack-training/00-microservices-00/apache-tomcat-9.0.116/webapps/host-manager]
30-Mar-2026 22:45:42.464 INFO [main] org.apache.catalina.startup.HostConfig.deployDirectory Deployment of web application directory [/Users/motocycopath/Desktop/java-full-stack-training/00-microservices-00/apache-tomcat-9.0.116/webapps/host-manager] has finished in [23] ms
30-Mar-2026 22:45:42.468 INFO [main] org.apache.coyote.AbstractProtocol.start Starting ProtocolHandler ["http-nio-8080"]
30-Mar-2026 22:45:42.475 INFO [main] org.apache.catalina.startup.Catalina.start Server startup in [5429] milliseconds
30-Mar-2026 22:46:25.884 WARNING [http-nio-8080-exec-3] org.springframework.web.servlet.handler.AbstractHandlerExceptionResolver.logException Resolved [org.springframework.web.HttpRequestMethodNotSupportedException: Request method 'POST' not supported]
30-Mar-2026 22:49:14.170 INFO [main] org.apache.catalina.core.StandardServer.await A valid shutdown command was received via the shutdown port. Stopping the Server instance.
30-Mar-2026 22:49:14.175 INFO [main] org.apache.coyote.AbstractProtocol.pause Pausing ProtocolHandler ["http-nio-8080"]
30-Mar-2026 22:49:14.181 INFO [main] org.apache.catalina.core.StandardService.stopInternal Stopping service [Catalina]
30-Mar-2026 22:49:14.244 INFO [main] org.springframework.orm.jpa.AbstractEntityManagerFactoryBean.destroy Closing JPA EntityManagerFactory for persistence unit 'default'
30-Mar-2026 22:49:14.252 WARNING [main] org.apache.catalina.loader.WebappClassLoaderBase.clearReferencesJdbc The web application [employee-service] registered the JDBC driver [com.mysql.cj.jdbc.Driver] but failed to unregister it when the web application was stopped. To prevent a memory leak, the JDBC Driver has been forcibly unregistered.
30-Mar-2026 22:49:14.253 WARNING [main] org.apache.catalina.loader.WebappClassLoaderBase.clearReferencesThreads The web application [employee-service] appears to have started a thread named [mysql-cj-abandoned-connection-cleanup] but has failed to stop it. This is very likely to create a memory leak. Stack trace of thread:
 java.lang.Object.wait(Native Method)
 java.lang.ref.ReferenceQueue.remove(ReferenceQueue.java:144)
 com.mysql.cj.jdbc.AbandonedConnectionCleanupThread.run(AbandonedConnectionCleanupThread.java:91)
 java.util.concurrent.ThreadPoolExecutor.runWorker(ThreadPoolExecutor.java:1149)
 java.util.concurrent.ThreadPoolExecutor$Worker.run(ThreadPoolExecutor.java:624)
 java.lang.Thread.run(Thread.java:750)
30-Mar-2026 22:49:14.278 INFO [main] org.apache.coyote.AbstractProtocol.stop Stopping ProtocolHandler ["http-nio-8080"]
30-Mar-2026 22:49:14.302 INFO [main] org.apache.coyote.AbstractProtocol.destroy Destroying ProtocolHandler ["http-nio-8080"]
30-Mar-2026 22:49:15.972 INFO [main] org.apache.catalina.startup.VersionLoggerListener.log Server version name:   Apache Tomcat/9.0.116
30-Mar-2026 22:49:15.978 INFO [main] org.apache.catalina.startup.VersionLoggerListener.log Server built:          Mar 16 2026 15:05:42 UTC
30-Mar-2026 22:49:15.978 INFO [main] org.apache.catalina.startup.VersionLoggerListener.log Server version number: 9.0.116.0
30-Mar-2026 22:49:15.979 INFO [main] org.apache.catalina.startup.VersionLoggerListener.log OS Name:               Mac OS X
30-Mar-2026 22:49:15.979 INFO [main] org.apache.catalina.startup.VersionLoggerListener.log OS Version:            15.5
30-Mar-2026 22:49:15.979 INFO [main] org.apache.catalina.startup.VersionLoggerListener.log Architecture:          x86_64
30-Mar-2026 22:49:15.979 INFO [main] org.apache.catalina.startup.VersionLoggerListener.log Java Home:             /Library/Java/JavaVirtualMachines/temurin-8.jdk/Contents/Home/jre
30-Mar-2026 22:49:15.979 INFO [main] org.apache.catalina.startup.VersionLoggerListener.log JVM Version:           1.8.0_482-b08
30-Mar-2026 22:49:15.979 INFO [main] org.apache.catalina.startup.VersionLoggerListener.log JVM Vendor:            Temurin
30-Mar-2026 22:49:15.979 INFO [main] org.apache.catalina.startup.VersionLoggerListener.log CATALINA_BASE:         /Users/motocycopath/Desktop/java-full-stack-training/00-microservices-00/apache-tomcat-9.0.116
30-Mar-2026 22:49:15.979 INFO [main] org.apache.catalina.startup.VersionLoggerListener.log CATALINA_HOME:         /Users/motocycopath/Desktop/java-full-stack-training/00-microservices-00/apache-tomcat-9.0.116
30-Mar-2026 22:49:15.982 INFO [main] org.apache.catalina.startup.VersionLoggerListener.log Command line argument: -Djava.util.logging.config.file=/Users/motocycopath/Desktop/java-full-stack-training/00-microservices-00/apache-tomcat-9.0.116/conf/logging.properties
30-Mar-2026 22:49:15.982 INFO [main] org.apache.catalina.startup.VersionLoggerListener.log Command line argument: -Djava.util.logging.manager=org.apache.juli.ClassLoaderLogManager
30-Mar-2026 22:49:15.982 INFO [main] org.apache.catalina.startup.VersionLoggerListener.log Command line argument: -Djdk.tls.ephemeralDHKeySize=2048
30-Mar-2026 22:49:15.982 INFO [main] org.apache.catalina.startup.VersionLoggerListener.log Command line argument: -Djava.protocol.handler.pkgs=org.apache.catalina.webresources
30-Mar-2026 22:49:15.982 INFO [main] org.apache.catalina.startup.VersionLoggerListener.log Command line argument: -Dsun.io.useCanonCaches=false
30-Mar-2026 22:49:15.982 INFO [main] org.apache.catalina.startup.VersionLoggerListener.log Command line argument: -Dorg.apache.catalina.security.SecurityListener.UMASK=0027
30-Mar-2026 22:49:15.982 INFO [main] org.apache.catalina.startup.VersionLoggerListener.log Command line argument: -Dignore.endorsed.dirs=
30-Mar-2026 22:49:15.983 INFO [main] org.apache.catalina.startup.VersionLoggerListener.log Command line argument: -Dcatalina.base=/Users/motocycopath/Desktop/java-full-stack-training/00-microservices-00/apache-tomcat-9.0.116
30-Mar-2026 22:49:15.983 INFO [main] org.apache.catalina.startup.VersionLoggerListener.log Command line argument: -Dcatalina.home=/Users/motocycopath/Desktop/java-full-stack-training/00-microservices-00/apache-tomcat-9.0.116
30-Mar-2026 22:49:15.983 INFO [main] org.apache.catalina.startup.VersionLoggerListener.log Command line argument: -Djava.io.tmpdir=/Users/motocycopath/Desktop/java-full-stack-training/00-microservices-00/apache-tomcat-9.0.116/temp
30-Mar-2026 22:49:15.985 INFO [main] org.apache.catalina.core.AprLifecycleListener.lifecycleEvent The Apache Tomcat Native library which allows using OpenSSL was not found on the java.library.path: [/Users/motocycopath/Library/Java/Extensions:/Library/Java/Extensions:/Network/Library/Java/Extensions:/System/Library/Java/Extensions:/usr/lib/java:.]
30-Mar-2026 22:49:16.424 INFO [main] org.apache.coyote.AbstractProtocol.init Initializing ProtocolHandler ["http-nio-8080"]
30-Mar-2026 22:49:16.462 INFO [main] org.apache.catalina.startup.Catalina.load Server initialization in [656] milliseconds
30-Mar-2026 22:49:16.552 INFO [main] org.apache.catalina.core.StandardService.startInternal Starting service [Catalina]
30-Mar-2026 22:49:16.552 INFO [main] org.apache.catalina.core.StandardEngine.startInternal Starting Servlet engine: [Apache Tomcat/9.0.116]
30-Mar-2026 22:49:16.557 INFO [main] org.apache.catalina.startup.HostConfig.deployDirectory Deploying web application directory [/Users/motocycopath/Desktop/java-full-stack-training/00-microservices-00/apache-tomcat-9.0.116/webapps/employee-service]
30-Mar-2026 22:49:18.078 INFO [main] org.apache.jasper.servlet.TldScanner.scanJars At least one JAR was scanned for TLDs yet contained no TLDs. Enable debug logging for this logger for a complete list of JARs that were scanned but no TLDs were found in them. Skipping unneeded JARs during scanning can improve startup time and JSP compilation time.
30-Mar-2026 22:49:18.106 INFO [main] org.springframework.web.context.ContextLoader.initWebApplicationContext Root WebApplicationContext: initialization started
30-Mar-2026 22:49:18.565 INFO [main] org.springframework.data.repository.config.RepositoryConfigurationDelegate.registerRepositoriesIn Bootstrapping Spring Data JPA repositories in DEFAULT mode.
30-Mar-2026 22:49:18.679 INFO [main] org.springframework.data.repository.config.RepositoryConfigurationDelegate.registerRepositoriesIn Finished Spring Data repository scanning in 94 ms. Found 1 JPA repository interfaces.
30-Mar-2026 22:49:18.680 INFO [main] org.springframework.data.repository.config.RepositoryConfigurationDelegate.registerRepositoriesIn Bootstrapping Spring Data JPA repositories in DEFAULT mode.
30-Mar-2026 22:49:18.689 INFO [main] org.springframework.data.repository.config.RepositoryConfigurationDelegate.registerRepositoriesIn Finished Spring Data repository scanning in 8 ms. Found 1 JPA repository interfaces.
30-Mar-2026 22:49:19.029 INFO [main] org.hibernate.jpa.internal.util.LogHelper.logPersistenceUnitInformation HHH000204: Processing PersistenceUnitInfo [
	name: default
	...]
30-Mar-2026 22:49:19.096 INFO [main] org.hibernate.Version.logVersion HHH000412: Hibernate Core {5.2.8.Final}
30-Mar-2026 22:49:19.098 INFO [main] org.hibernate.cfg.Environment.<clinit> HHH000206: hibernate.properties not found
30-Mar-2026 22:49:19.136 INFO [main] org.hibernate.annotations.common.reflection.java.JavaReflectionManager.<clinit> HCANN000001: Hibernate Commons Annotations {5.0.1.Final}
30-Mar-2026 22:49:19.700 INFO [main] org.hibernate.dialect.Dialect.<init> HHH000400: Using dialect: org.hibernate.dialect.MySQLDialect
30-Mar-2026 22:49:20.382 INFO [main] org.springframework.orm.jpa.AbstractEntityManagerFactoryBean.buildNativeEntityManagerFactory Initialized JPA EntityManagerFactory for persistence unit 'default'
30-Mar-2026 22:49:20.971 INFO [main] org.springframework.web.context.ContextLoader.initWebApplicationContext Root WebApplicationContext initialized in 2865 ms
30-Mar-2026 22:49:21.014 INFO [main] org.springframework.web.servlet.FrameworkServlet.initServletBean Initializing Servlet 'cstspconf-web'
30-Mar-2026 22:49:21.573 INFO [main] org.springframework.web.servlet.FrameworkServlet.initServletBean Completed initialization in 558 ms
30-Mar-2026 22:49:21.603 INFO [main] org.apache.catalina.startup.HostConfig.deployDirectory Deployment of web application directory [/Users/motocycopath/Desktop/java-full-stack-training/00-microservices-00/apache-tomcat-9.0.116/webapps/employee-service] has finished in [5,044] ms
30-Mar-2026 22:49:21.604 INFO [main] org.apache.catalina.startup.HostConfig.deployDirectory Deploying web application directory [/Users/motocycopath/Desktop/java-full-stack-training/00-microservices-00/apache-tomcat-9.0.116/webapps/docs]
30-Mar-2026 22:49:21.641 INFO [main] org.apache.catalina.startup.HostConfig.deployDirectory Deployment of web application directory [/Users/motocycopath/Desktop/java-full-stack-training/00-microservices-00/apache-tomcat-9.0.116/webapps/docs] has finished in [38] ms
30-Mar-2026 22:49:21.641 INFO [main] org.apache.catalina.startup.HostConfig.deployDirectory Deploying web application directory [/Users/motocycopath/Desktop/java-full-stack-training/00-microservices-00/apache-tomcat-9.0.116/webapps/manager]
30-Mar-2026 22:49:21.670 INFO [main] org.apache.catalina.startup.HostConfig.deployDirectory Deployment of web application directory [/Users/motocycopath/Desktop/java-full-stack-training/00-microservices-00/apache-tomcat-9.0.116/webapps/manager] has finished in [29] ms
30-Mar-2026 22:49:21.670 INFO [main] org.apache.catalina.startup.HostConfig.deployDirectory Deploying web application directory [/Users/motocycopath/Desktop/java-full-stack-training/00-microservices-00/apache-tomcat-9.0.116/webapps/examples]
30-Mar-2026 22:49:21.861 INFO [main] org.apache.catalina.startup.HostConfig.deployDirectory Deployment of web application directory [/Users/motocycopath/Desktop/java-full-stack-training/00-microservices-00/apache-tomcat-9.0.116/webapps/examples] has finished in [191] ms
30-Mar-2026 22:49:21.862 INFO [main] org.apache.catalina.startup.HostConfig.deployDirectory Deploying web application directory [/Users/motocycopath/Desktop/java-full-stack-training/00-microservices-00/apache-tomcat-9.0.116/webapps/ROOT]
30-Mar-2026 22:49:21.880 INFO [main] org.apache.catalina.startup.HostConfig.deployDirectory Deployment of web application directory [/Users/motocycopath/Desktop/java-full-stack-training/00-microservices-00/apache-tomcat-9.0.116/webapps/ROOT] has finished in [18] ms
30-Mar-2026 22:49:21.881 INFO [main] org.apache.catalina.startup.HostConfig.deployDirectory Deploying web application directory [/Users/motocycopath/Desktop/java-full-stack-training/00-microservices-00/apache-tomcat-9.0.116/webapps/host-manager]
30-Mar-2026 22:49:21.908 INFO [main] org.apache.catalina.startup.HostConfig.deployDirectory Deployment of web application directory [/Users/motocycopath/Desktop/java-full-stack-training/00-microservices-00/apache-tomcat-9.0.116/webapps/host-manager] has finished in [27] ms
30-Mar-2026 22:49:21.910 INFO [main] org.apache.coyote.AbstractProtocol.start Starting ProtocolHandler ["http-nio-8080"]
30-Mar-2026 22:49:21.919 INFO [main] org.apache.catalina.startup.Catalina.start Server startup in [5456] milliseconds
Hibernate: select employeeen0_.empId as empId1_0_0_, employeeen0_.deptCode as deptCode2_0_0_, employeeen0_.empName as empName3_0_0_, employeeen0_.salary as salary4_0_0_ from employee employeeen0_ where employeeen0_.empId=?
30-Mar-2026 22:49:39.417 INFO [http-nio-8080-exec-3] org.hibernate.hql.internal.QueryTranslatorFactoryInitiator.initiateService HHH000397: Using ASTQueryTranslatorFactory
Hibernate: select employeeen0_.empId as empId1_0_, employeeen0_.deptCode as deptCode2_0_, employeeen0_.empName as empName3_0_, employeeen0_.salary as salary4_0_ from employee employeeen0_
30-Mar-2026 22:59:50.301 INFO [main] org.apache.catalina.core.StandardServer.await A valid shutdown command was received via the shutdown port. Stopping the Server instance.
30-Mar-2026 22:59:50.316 INFO [main] org.apache.coyote.AbstractProtocol.pause Pausing ProtocolHandler ["http-nio-8080"]
30-Mar-2026 22:59:50.327 INFO [main] org.apache.catalina.core.StandardService.stopInternal Stopping service [Catalina]
30-Mar-2026 22:59:50.439 INFO [main] org.springframework.orm.jpa.AbstractEntityManagerFactoryBean.destroy Closing JPA EntityManagerFactory for persistence unit 'default'
30-Mar-2026 22:59:50.455 WARNING [main] org.apache.catalina.loader.WebappClassLoaderBase.clearReferencesJdbc The web application [employee-service] registered the JDBC driver [com.mysql.cj.jdbc.Driver] but failed to unregister it when the web application was stopped. To prevent a memory leak, the JDBC Driver has been forcibly unregistered.
30-Mar-2026 22:59:50.458 WARNING [main] org.apache.catalina.loader.WebappClassLoaderBase.clearReferencesThreads The web application [employee-service] appears to have started a thread named [mysql-cj-abandoned-connection-cleanup] but has failed to stop it. This is very likely to create a memory leak. Stack trace of thread:
 java.lang.Object.wait(Native Method)
 java.lang.ref.ReferenceQueue.remove(ReferenceQueue.java:144)
 com.mysql.cj.jdbc.AbandonedConnectionCleanupThread.run(AbandonedConnectionCleanupThread.java:91)
 java.util.concurrent.ThreadPoolExecutor.runWorker(ThreadPoolExecutor.java:1149)
 java.util.concurrent.ThreadPoolExecutor$Worker.run(ThreadPoolExecutor.java:624)
 java.lang.Thread.run(Thread.java:750)
30-Mar-2026 22:59:50.498 INFO [main] org.apache.coyote.AbstractProtocol.stop Stopping ProtocolHandler ["http-nio-8080"]
30-Mar-2026 22:59:50.516 INFO [main] org.apache.coyote.AbstractProtocol.destroy Destroying ProtocolHandler ["http-nio-8080"]
30-Mar-2026 22:59:52.464 INFO [main] org.apache.catalina.startup.VersionLoggerListener.log Server version name:   Apache Tomcat/9.0.116
30-Mar-2026 22:59:52.469 INFO [main] org.apache.catalina.startup.VersionLoggerListener.log Server built:          Mar 16 2026 15:05:42 UTC
30-Mar-2026 22:59:52.469 INFO [main] org.apache.catalina.startup.VersionLoggerListener.log Server version number: 9.0.116.0
30-Mar-2026 22:59:52.469 INFO [main] org.apache.catalina.startup.VersionLoggerListener.log OS Name:               Mac OS X
30-Mar-2026 22:59:52.469 INFO [main] org.apache.catalina.startup.VersionLoggerListener.log OS Version:            15.5
30-Mar-2026 22:59:52.469 INFO [main] org.apache.catalina.startup.VersionLoggerListener.log Architecture:          x86_64
30-Mar-2026 22:59:52.469 INFO [main] org.apache.catalina.startup.VersionLoggerListener.log Java Home:             /Library/Java/JavaVirtualMachines/temurin-8.jdk/Contents/Home/jre
30-Mar-2026 22:59:52.469 INFO [main] org.apache.catalina.startup.VersionLoggerListener.log JVM Version:           1.8.0_482-b08
30-Mar-2026 22:59:52.470 INFO [main] org.apache.catalina.startup.VersionLoggerListener.log JVM Vendor:            Temurin
30-Mar-2026 22:59:52.470 INFO [main] org.apache.catalina.startup.VersionLoggerListener.log CATALINA_BASE:         /Users/motocycopath/Desktop/java-full-stack-training/00-microservices-00/apache-tomcat-9.0.116
30-Mar-2026 22:59:52.470 INFO [main] org.apache.catalina.startup.VersionLoggerListener.log CATALINA_HOME:         /Users/motocycopath/Desktop/java-full-stack-training/00-microservices-00/apache-tomcat-9.0.116
30-Mar-2026 22:59:52.475 INFO [main] org.apache.catalina.startup.VersionLoggerListener.log Command line argument: -Djava.util.logging.config.file=/Users/motocycopath/Desktop/java-full-stack-training/00-microservices-00/apache-tomcat-9.0.116/conf/logging.properties
30-Mar-2026 22:59:52.475 INFO [main] org.apache.catalina.startup.VersionLoggerListener.log Command line argument: -Djava.util.logging.manager=org.apache.juli.ClassLoaderLogManager
30-Mar-2026 22:59:52.475 INFO [main] org.apache.catalina.startup.VersionLoggerListener.log Command line argument: -Djdk.tls.ephemeralDHKeySize=2048
30-Mar-2026 22:59:52.475 INFO [main] org.apache.catalina.startup.VersionLoggerListener.log Command line argument: -Djava.protocol.handler.pkgs=org.apache.catalina.webresources
30-Mar-2026 22:59:52.475 INFO [main] org.apache.catalina.startup.VersionLoggerListener.log Command line argument: -Dsun.io.useCanonCaches=false
30-Mar-2026 22:59:52.475 INFO [main] org.apache.catalina.startup.VersionLoggerListener.log Command line argument: -Dorg.apache.catalina.security.SecurityListener.UMASK=0027
30-Mar-2026 22:59:52.475 INFO [main] org.apache.catalina.startup.VersionLoggerListener.log Command line argument: -Dignore.endorsed.dirs=
30-Mar-2026 22:59:52.475 INFO [main] org.apache.catalina.startup.VersionLoggerListener.log Command line argument: -Dcatalina.base=/Users/motocycopath/Desktop/java-full-stack-training/00-microservices-00/apache-tomcat-9.0.116
30-Mar-2026 22:59:52.475 INFO [main] org.apache.catalina.startup.VersionLoggerListener.log Command line argument: -Dcatalina.home=/Users/motocycopath/Desktop/java-full-stack-training/00-microservices-00/apache-tomcat-9.0.116
30-Mar-2026 22:59:52.476 INFO [main] org.apache.catalina.startup.VersionLoggerListener.log Command line argument: -Djava.io.tmpdir=/Users/motocycopath/Desktop/java-full-stack-training/00-microservices-00/apache-tomcat-9.0.116/temp
30-Mar-2026 22:59:52.479 INFO [main] org.apache.catalina.core.AprLifecycleListener.lifecycleEvent The Apache Tomcat Native library which allows using OpenSSL was not found on the java.library.path: [/Users/motocycopath/Library/Java/Extensions:/Library/Java/Extensions:/Network/Library/Java/Extensions:/System/Library/Java/Extensions:/usr/lib/java:.]
30-Mar-2026 22:59:52.996 INFO [main] org.apache.coyote.AbstractProtocol.init Initializing ProtocolHandler ["http-nio-8080"]
30-Mar-2026 22:59:53.045 INFO [main] org.apache.catalina.startup.Catalina.load Server initialization in [769] milliseconds
30-Mar-2026 22:59:53.160 INFO [main] org.apache.catalina.core.StandardService.startInternal Starting service [Catalina]
30-Mar-2026 22:59:53.160 INFO [main] org.apache.catalina.core.StandardEngine.startInternal Starting Servlet engine: [Apache Tomcat/9.0.116]
30-Mar-2026 22:59:53.167 INFO [main] org.apache.catalina.startup.HostConfig.deployDirectory Deploying web application directory [/Users/motocycopath/Desktop/java-full-stack-training/00-microservices-00/apache-tomcat-9.0.116/webapps/employee-service]
30-Mar-2026 22:59:55.245 INFO [main] org.apache.jasper.servlet.TldScanner.scanJars At least one JAR was scanned for TLDs yet contained no TLDs. Enable debug logging for this logger for a complete list of JARs that were scanned but no TLDs were found in them. Skipping unneeded JARs during scanning can improve startup time and JSP compilation time.
30-Mar-2026 22:59:55.295 INFO [main] org.springframework.web.context.ContextLoader.initWebApplicationContext Root WebApplicationContext: initialization started
30-Mar-2026 22:59:56.075 INFO [main] org.springframework.data.repository.config.RepositoryConfigurationDelegate.registerRepositoriesIn Bootstrapping Spring Data JPA repositories in DEFAULT mode.
30-Mar-2026 22:59:56.215 INFO [main] org.springframework.data.repository.config.RepositoryConfigurationDelegate.registerRepositoriesIn Finished Spring Data repository scanning in 121 ms. Found 1 JPA repository interfaces.
30-Mar-2026 22:59:56.218 INFO [main] org.springframework.data.repository.config.RepositoryConfigurationDelegate.registerRepositoriesIn Bootstrapping Spring Data JPA repositories in DEFAULT mode.
30-Mar-2026 22:59:56.232 INFO [main] org.springframework.data.repository.config.RepositoryConfigurationDelegate.registerRepositoriesIn Finished Spring Data repository scanning in 12 ms. Found 1 JPA repository interfaces.
30-Mar-2026 22:59:56.752 INFO [main] org.hibernate.jpa.internal.util.LogHelper.logPersistenceUnitInformation HHH000204: Processing PersistenceUnitInfo [
	name: default
	...]
30-Mar-2026 22:59:56.845 INFO [main] org.hibernate.Version.logVersion HHH000412: Hibernate Core {5.2.8.Final}
30-Mar-2026 22:59:56.849 INFO [main] org.hibernate.cfg.Environment.<clinit> HHH000206: hibernate.properties not found
30-Mar-2026 22:59:56.921 INFO [main] org.hibernate.annotations.common.reflection.java.JavaReflectionManager.<clinit> HCANN000001: Hibernate Commons Annotations {5.0.1.Final}
30-Mar-2026 22:59:57.544 INFO [main] org.hibernate.dialect.Dialect.<init> HHH000400: Using dialect: org.hibernate.dialect.MySQLDialect
30-Mar-2026 22:59:58.960 INFO [main] org.springframework.orm.jpa.AbstractEntityManagerFactoryBean.buildNativeEntityManagerFactory Initialized JPA EntityManagerFactory for persistence unit 'default'
30-Mar-2026 22:59:59.989 INFO [main] org.springframework.web.context.ContextLoader.initWebApplicationContext Root WebApplicationContext initialized in 4694 ms
30-Mar-2026 23:00:00.048 INFO [main] org.springframework.web.servlet.FrameworkServlet.initServletBean Initializing Servlet 'cstspconf-web'
30-Mar-2026 23:00:00.762 INFO [main] org.springframework.web.servlet.FrameworkServlet.initServletBean Completed initialization in 714 ms
30-Mar-2026 23:00:00.803 INFO [main] org.apache.catalina.startup.HostConfig.deployDirectory Deployment of web application directory [/Users/motocycopath/Desktop/java-full-stack-training/00-microservices-00/apache-tomcat-9.0.116/webapps/employee-service] has finished in [7,633] ms
30-Mar-2026 23:00:00.804 INFO [main] org.apache.catalina.startup.HostConfig.deployDirectory Deploying web application directory [/Users/motocycopath/Desktop/java-full-stack-training/00-microservices-00/apache-tomcat-9.0.116/webapps/docs]
30-Mar-2026 23:00:00.846 INFO [main] org.apache.catalina.startup.HostConfig.deployDirectory Deployment of web application directory [/Users/motocycopath/Desktop/java-full-stack-training/00-microservices-00/apache-tomcat-9.0.116/webapps/docs] has finished in [43] ms
30-Mar-2026 23:00:00.847 INFO [main] org.apache.catalina.startup.HostConfig.deployDirectory Deploying web application directory [/Users/motocycopath/Desktop/java-full-stack-training/00-microservices-00/apache-tomcat-9.0.116/webapps/manager]
30-Mar-2026 23:00:00.878 INFO [main] org.apache.catalina.startup.HostConfig.deployDirectory Deployment of web application directory [/Users/motocycopath/Desktop/java-full-stack-training/00-microservices-00/apache-tomcat-9.0.116/webapps/manager] has finished in [32] ms
30-Mar-2026 23:00:00.879 INFO [main] org.apache.catalina.startup.HostConfig.deployDirectory Deploying web application directory [/Users/motocycopath/Desktop/java-full-stack-training/00-microservices-00/apache-tomcat-9.0.116/webapps/examples]
30-Mar-2026 23:00:01.086 INFO [main] org.apache.catalina.startup.HostConfig.deployDirectory Deployment of web application directory [/Users/motocycopath/Desktop/java-full-stack-training/00-microservices-00/apache-tomcat-9.0.116/webapps/examples] has finished in [207] ms
30-Mar-2026 23:00:01.088 INFO [main] org.apache.catalina.startup.HostConfig.deployDirectory Deploying web application directory [/Users/motocycopath/Desktop/java-full-stack-training/00-microservices-00/apache-tomcat-9.0.116/webapps/ROOT]
30-Mar-2026 23:00:01.107 INFO [main] org.apache.catalina.startup.HostConfig.deployDirectory Deployment of web application directory [/Users/motocycopath/Desktop/java-full-stack-training/00-microservices-00/apache-tomcat-9.0.116/webapps/ROOT] has finished in [20] ms
30-Mar-2026 23:00:01.109 INFO [main] org.apache.catalina.startup.HostConfig.deployDirectory Deploying web application directory [/Users/motocycopath/Desktop/java-full-stack-training/00-microservices-00/apache-tomcat-9.0.116/webapps/host-manager]
30-Mar-2026 23:00:01.137 INFO [main] org.apache.catalina.startup.HostConfig.deployDirectory Deployment of web application directory [/Users/motocycopath/Desktop/java-full-stack-training/00-microservices-00/apache-tomcat-9.0.116/webapps/host-manager] has finished in [28] ms
30-Mar-2026 23:00:01.141 INFO [main] org.apache.coyote.AbstractProtocol.start Starting ProtocolHandler ["http-nio-8080"]
30-Mar-2026 23:00:01.152 INFO [main] org.apache.catalina.startup.Catalina.start Server startup in [8110] milliseconds
Hibernate: select employeeen0_.empId as empId1_0_0_, employeeen0_.deptCode as deptCode2_0_0_, employeeen0_.empName as empName3_0_0_, employeeen0_.salary as salary4_0_0_ from employee employeeen0_ where employeeen0_.empId=?
Hibernate: select employeeen0_.empId as empId1_0_0_, employeeen0_.deptCode as deptCode2_0_0_, employeeen0_.empName as empName3_0_0_, employeeen0_.salary as salary4_0_0_ from employee employeeen0_ where employeeen0_.empId=?
Hibernate: update employee set deptCode=?, empName=?, salary=? where empId=?
30-Mar-2026 23:21:34.521 INFO [main] org.apache.catalina.core.StandardServer.await A valid shutdown command was received via the shutdown port. Stopping the Server instance.
30-Mar-2026 23:21:34.546 INFO [main] org.apache.coyote.AbstractProtocol.pause Pausing ProtocolHandler ["http-nio-8080"]
30-Mar-2026 23:21:34.578 INFO [main] org.apache.catalina.core.StandardService.stopInternal Stopping service [Catalina]
30-Mar-2026 23:21:35.079 INFO [main] org.springframework.orm.jpa.AbstractEntityManagerFactoryBean.destroy Closing JPA EntityManagerFactory for persistence unit 'default'
30-Mar-2026 23:21:35.125 WARNING [main] org.apache.catalina.loader.WebappClassLoaderBase.clearReferencesJdbc The web application [employee-service] registered the JDBC driver [com.mysql.cj.jdbc.Driver] but failed to unregister it when the web application was stopped. To prevent a memory leak, the JDBC Driver has been forcibly unregistered.
30-Mar-2026 23:21:35.134 WARNING [main] org.apache.catalina.loader.WebappClassLoaderBase.clearReferencesThreads The web application [employee-service] appears to have started a thread named [mysql-cj-abandoned-connection-cleanup] but has failed to stop it. This is very likely to create a memory leak. Stack trace of thread:
 java.lang.Object.wait(Native Method)
 java.lang.ref.ReferenceQueue.remove(ReferenceQueue.java:144)
 com.mysql.cj.jdbc.AbandonedConnectionCleanupThread.run(AbandonedConnectionCleanupThread.java:91)
 java.util.concurrent.ThreadPoolExecutor.runWorker(ThreadPoolExecutor.java:1149)
 java.util.concurrent.ThreadPoolExecutor$Worker.run(ThreadPoolExecutor.java:624)
 java.lang.Thread.run(Thread.java:750)
30-Mar-2026 23:21:35.519 INFO [main] org.apache.coyote.AbstractProtocol.stop Stopping ProtocolHandler ["http-nio-8080"]
30-Mar-2026 23:21:35.568 INFO [main] org.apache.coyote.AbstractProtocol.destroy Destroying ProtocolHandler ["http-nio-8080"]
30-Mar-2026 23:21:41.832 INFO [main] org.apache.catalina.startup.VersionLoggerListener.log Server version name:   Apache Tomcat/9.0.116
30-Mar-2026 23:21:41.964 INFO [main] org.apache.catalina.startup.VersionLoggerListener.log Server built:          Mar 16 2026 15:05:42 UTC
30-Mar-2026 23:21:41.967 INFO [main] org.apache.catalina.startup.VersionLoggerListener.log Server version number: 9.0.116.0
30-Mar-2026 23:21:41.967 INFO [main] org.apache.catalina.startup.VersionLoggerListener.log OS Name:               Mac OS X
30-Mar-2026 23:21:41.967 INFO [main] org.apache.catalina.startup.VersionLoggerListener.log OS Version:            15.5
30-Mar-2026 23:21:41.968 INFO [main] org.apache.catalina.startup.VersionLoggerListener.log Architecture:          x86_64
30-Mar-2026 23:21:41.968 INFO [main] org.apache.catalina.startup.VersionLoggerListener.log Java Home:             /Library/Java/JavaVirtualMachines/temurin-8.jdk/Contents/Home/jre
30-Mar-2026 23:21:41.968 INFO [main] org.apache.catalina.startup.VersionLoggerListener.log JVM Version:           1.8.0_482-b08
30-Mar-2026 23:21:41.968 INFO [main] org.apache.catalina.startup.VersionLoggerListener.log JVM Vendor:            Temurin
30-Mar-2026 23:21:41.969 INFO [main] org.apache.catalina.startup.VersionLoggerListener.log CATALINA_BASE:         /Users/motocycopath/Desktop/java-full-stack-training/00-microservices-00/apache-tomcat-9.0.116
30-Mar-2026 23:21:41.970 INFO [main] org.apache.catalina.startup.VersionLoggerListener.log CATALINA_HOME:         /Users/motocycopath/Desktop/java-full-stack-training/00-microservices-00/apache-tomcat-9.0.116
30-Mar-2026 23:21:42.001 INFO [main] org.apache.catalina.startup.VersionLoggerListener.log Command line argument: -Djava.util.logging.config.file=/Users/motocycopath/Desktop/java-full-stack-training/00-microservices-00/apache-tomcat-9.0.116/conf/logging.properties
30-Mar-2026 23:21:42.006 INFO [main] org.apache.catalina.startup.VersionLoggerListener.log Command line argument: -Djava.util.logging.manager=org.apache.juli.ClassLoaderLogManager
30-Mar-2026 23:21:42.024 INFO [main] org.apache.catalina.startup.VersionLoggerListener.log Command line argument: -Djdk.tls.ephemeralDHKeySize=2048
30-Mar-2026 23:21:42.028 INFO [main] org.apache.catalina.startup.VersionLoggerListener.log Command line argument: -Djava.protocol.handler.pkgs=org.apache.catalina.webresources
30-Mar-2026 23:21:42.030 INFO [main] org.apache.catalina.startup.VersionLoggerListener.log Command line argument: -Dsun.io.useCanonCaches=false
30-Mar-2026 23:21:42.032 INFO [main] org.apache.catalina.startup.VersionLoggerListener.log Command line argument: -Dorg.apache.catalina.security.SecurityListener.UMASK=0027
30-Mar-2026 23:21:42.033 INFO [main] org.apache.catalina.startup.VersionLoggerListener.log Command line argument: -Dignore.endorsed.dirs=
30-Mar-2026 23:21:42.033 INFO [main] org.apache.catalina.startup.VersionLoggerListener.log Command line argument: -Dcatalina.base=/Users/motocycopath/Desktop/java-full-stack-training/00-microservices-00/apache-tomcat-9.0.116
30-Mar-2026 23:21:42.033 INFO [main] org.apache.catalina.startup.VersionLoggerListener.log Command line argument: -Dcatalina.home=/Users/motocycopath/Desktop/java-full-stack-training/00-microservices-00/apache-tomcat-9.0.116
30-Mar-2026 23:21:42.034 INFO [main] org.apache.catalina.startup.VersionLoggerListener.log Command line argument: -Djava.io.tmpdir=/Users/motocycopath/Desktop/java-full-stack-training/00-microservices-00/apache-tomcat-9.0.116/temp
30-Mar-2026 23:21:42.062 INFO [main] org.apache.catalina.core.AprLifecycleListener.lifecycleEvent The Apache Tomcat Native library which allows using OpenSSL was not found on the java.library.path: [/Users/motocycopath/Library/Java/Extensions:/Library/Java/Extensions:/Network/Library/Java/Extensions:/System/Library/Java/Extensions:/usr/lib/java:.]
30-Mar-2026 23:21:43.920 INFO [main] org.apache.coyote.AbstractProtocol.init Initializing ProtocolHandler ["http-nio-8080"]
30-Mar-2026 23:21:44.007 INFO [main] org.apache.catalina.startup.Catalina.load Server initialization in [4576] milliseconds
30-Mar-2026 23:21:44.202 INFO [main] org.apache.catalina.core.StandardService.startInternal Starting service [Catalina]
30-Mar-2026 23:21:44.203 INFO [main] org.apache.catalina.core.StandardEngine.startInternal Starting Servlet engine: [Apache Tomcat/9.0.116]
30-Mar-2026 23:21:44.214 INFO [main] org.apache.catalina.startup.HostConfig.deployDirectory Deploying web application directory [/Users/motocycopath/Desktop/java-full-stack-training/00-microservices-00/apache-tomcat-9.0.116/webapps/employee-service]
30-Mar-2026 23:21:49.378 INFO [main] org.apache.jasper.servlet.TldScanner.scanJars At least one JAR was scanned for TLDs yet contained no TLDs. Enable debug logging for this logger for a complete list of JARs that were scanned but no TLDs were found in them. Skipping unneeded JARs during scanning can improve startup time and JSP compilation time.
30-Mar-2026 23:21:49.885 INFO [main] org.springframework.web.context.ContextLoader.initWebApplicationContext Root WebApplicationContext: initialization started
30-Mar-2026 23:21:51.985 INFO [main] org.springframework.data.repository.config.RepositoryConfigurationDelegate.registerRepositoriesIn Bootstrapping Spring Data JPA repositories in DEFAULT mode.
30-Mar-2026 23:21:52.323 INFO [main] org.springframework.data.repository.config.RepositoryConfigurationDelegate.registerRepositoriesIn Finished Spring Data repository scanning in 276 ms. Found 1 JPA repository interfaces.
30-Mar-2026 23:21:52.327 INFO [main] org.springframework.data.repository.config.RepositoryConfigurationDelegate.registerRepositoriesIn Bootstrapping Spring Data JPA repositories in DEFAULT mode.
30-Mar-2026 23:21:52.345 INFO [main] org.springframework.data.repository.config.RepositoryConfigurationDelegate.registerRepositoriesIn Finished Spring Data repository scanning in 17 ms. Found 1 JPA repository interfaces.
30-Mar-2026 23:21:53.263 INFO [main] org.hibernate.jpa.internal.util.LogHelper.logPersistenceUnitInformation HHH000204: Processing PersistenceUnitInfo [
	name: default
	...]
30-Mar-2026 23:21:53.475 INFO [main] org.hibernate.Version.logVersion HHH000412: Hibernate Core {5.2.8.Final}
30-Mar-2026 23:21:53.490 INFO [main] org.hibernate.cfg.Environment.<clinit> HHH000206: hibernate.properties not found
30-Mar-2026 23:21:53.765 INFO [main] org.hibernate.annotations.common.reflection.java.JavaReflectionManager.<clinit> HCANN000001: Hibernate Commons Annotations {5.0.1.Final}
30-Mar-2026 23:21:55.514 INFO [main] org.hibernate.dialect.Dialect.<init> HHH000400: Using dialect: org.hibernate.dialect.MySQLDialect
30-Mar-2026 23:21:56.872 INFO [main] org.springframework.orm.jpa.AbstractEntityManagerFactoryBean.buildNativeEntityManagerFactory Initialized JPA EntityManagerFactory for persistence unit 'default'
30-Mar-2026 23:21:58.085 INFO [main] org.springframework.web.context.ContextLoader.initWebApplicationContext Root WebApplicationContext initialized in 8198 ms
30-Mar-2026 23:21:58.362 INFO [main] org.springframework.web.servlet.FrameworkServlet.initServletBean Initializing Servlet 'cstspconf-web'
30-Mar-2026 23:21:59.770 INFO [main] org.springframework.web.servlet.FrameworkServlet.initServletBean Completed initialization in 1406 ms
30-Mar-2026 23:21:59.850 INFO [main] org.apache.catalina.startup.HostConfig.deployDirectory Deployment of web application directory [/Users/motocycopath/Desktop/java-full-stack-training/00-microservices-00/apache-tomcat-9.0.116/webapps/employee-service] has finished in [15,629] ms
30-Mar-2026 23:21:59.852 INFO [main] org.apache.catalina.startup.HostConfig.deployDirectory Deploying web application directory [/Users/motocycopath/Desktop/java-full-stack-training/00-microservices-00/apache-tomcat-9.0.116/webapps/docs]
30-Mar-2026 23:21:59.974 INFO [main] org.apache.catalina.startup.HostConfig.deployDirectory Deployment of web application directory [/Users/motocycopath/Desktop/java-full-stack-training/00-microservices-00/apache-tomcat-9.0.116/webapps/docs] has finished in [121] ms
30-Mar-2026 23:21:59.977 INFO [main] org.apache.catalina.startup.HostConfig.deployDirectory Deploying web application directory [/Users/motocycopath/Desktop/java-full-stack-training/00-microservices-00/apache-tomcat-9.0.116/webapps/manager]
30-Mar-2026 23:22:00.092 INFO [main] org.apache.catalina.startup.HostConfig.deployDirectory Deployment of web application directory [/Users/motocycopath/Desktop/java-full-stack-training/00-microservices-00/apache-tomcat-9.0.116/webapps/manager] has finished in [114] ms
30-Mar-2026 23:22:00.093 INFO [main] org.apache.catalina.startup.HostConfig.deployDirectory Deploying web application directory [/Users/motocycopath/Desktop/java-full-stack-training/00-microservices-00/apache-tomcat-9.0.116/webapps/examples]
30-Mar-2026 23:22:00.799 INFO [main] org.apache.catalina.startup.HostConfig.deployDirectory Deployment of web application directory [/Users/motocycopath/Desktop/java-full-stack-training/00-microservices-00/apache-tomcat-9.0.116/webapps/examples] has finished in [707] ms
30-Mar-2026 23:22:00.800 INFO [main] org.apache.catalina.startup.HostConfig.deployDirectory Deploying web application directory [/Users/motocycopath/Desktop/java-full-stack-training/00-microservices-00/apache-tomcat-9.0.116/webapps/ROOT]
30-Mar-2026 23:22:00.920 INFO [main] org.apache.catalina.startup.HostConfig.deployDirectory Deployment of web application directory [/Users/motocycopath/Desktop/java-full-stack-training/00-microservices-00/apache-tomcat-9.0.116/webapps/ROOT] has finished in [118] ms
30-Mar-2026 23:22:00.924 INFO [main] org.apache.catalina.startup.HostConfig.deployDirectory Deploying web application directory [/Users/motocycopath/Desktop/java-full-stack-training/00-microservices-00/apache-tomcat-9.0.116/webapps/host-manager]
30-Mar-2026 23:22:01.114 INFO [main] org.apache.catalina.startup.HostConfig.deployDirectory Deployment of web application directory [/Users/motocycopath/Desktop/java-full-stack-training/00-microservices-00/apache-tomcat-9.0.116/webapps/host-manager] has finished in [188] ms
30-Mar-2026 23:22:01.146 INFO [main] org.apache.coyote.AbstractProtocol.start Starting ProtocolHandler ["http-nio-8080"]
30-Mar-2026 23:22:01.219 INFO [main] org.apache.catalina.startup.Catalina.start Server startup in [17211] milliseconds
Hibernate: select employeeen0_.empId as empId1_0_0_, employeeen0_.deptCode as deptCode2_0_0_, employeeen0_.empName as empName3_0_0_, employeeen0_.salary as salary4_0_0_ from employee employeeen0_ where employeeen0_.empId=?
Hibernate: select employeeen0_.empId as empId1_0_0_, employeeen0_.deptCode as deptCode2_0_0_, employeeen0_.empName as empName3_0_0_, employeeen0_.salary as salary4_0_0_ from employee employeeen0_ where employeeen0_.empId=?
Hibernate: delete from employee where empId=?
30-Mar-2026 23:22:32.680 WARNING [http-nio-8080-exec-5] org.springframework.web.servlet.handler.AbstractHandlerExceptionResolver.logException Resolved [org.springframework.web.HttpRequestMethodNotSupportedException: Request method 'DELETE' not supported]
30-Mar-2026 23:22:36.106 INFO [http-nio-8080-exec-6] org.hibernate.hql.internal.QueryTranslatorFactoryInitiator.initiateService HHH000397: Using ASTQueryTranslatorFactory
Hibernate: select employeeen0_.empId as empId1_0_, employeeen0_.deptCode as deptCode2_0_, employeeen0_.empName as empName3_0_, employeeen0_.salary as salary4_0_ from employee employeeen0_
Hibernate: insert into employee (deptCode, empName, salary) values (?, ?, ?)
Hibernate: select employeeen0_.empId as empId1_0_0_, employeeen0_.deptCode as deptCode2_0_0_, employeeen0_.empName as empName3_0_0_, employeeen0_.salary as salary4_0_0_ from employee employeeen0_ where employeeen0_.empId=?
Hibernate: select employeeen0_.empId as empId1_0_0_, employeeen0_.deptCode as deptCode2_0_0_, employeeen0_.empName as empName3_0_0_, employeeen0_.salary as salary4_0_0_ from employee employeeen0_ where employeeen0_.empId=?
Hibernate: select employeeen0_.empId as empId1_0_0_, employeeen0_.deptCode as deptCode2_0_0_, employeeen0_.empName as empName3_0_0_, employeeen0_.salary as salary4_0_0_ from employee employeeen0_ where employeeen0_.empId=?
Hibernate: select employeeen0_.empId as empId1_0_0_, employeeen0_.deptCode as deptCode2_0_0_, employeeen0_.empName as empName3_0_0_, employeeen0_.salary as salary4_0_0_ from employee employeeen0_ where employeeen0_.empId=?
Hibernate: select employeeen0_.empId as empId1_0_0_, employeeen0_.deptCode as deptCode2_0_0_, employeeen0_.empName as empName3_0_0_, employeeen0_.salary as salary4_0_0_ from employee employeeen0_ where employeeen0_.empId=?
Hibernate: select employeeen0_.empId as empId1_0_, employeeen0_.deptCode as deptCode2_0_, employeeen0_.empName as empName3_0_, employeeen0_.salary as salary4_0_ from employee employeeen0_
Hibernate: select employeeen0_.empId as empId1_0_0_, employeeen0_.deptCode as deptCode2_0_0_, employeeen0_.empName as empName3_0_0_, employeeen0_.salary as salary4_0_0_ from employee employeeen0_ where employeeen0_.empId=?
Hibernate: select employeeen0_.empId as empId1_0_0_, employeeen0_.deptCode as deptCode2_0_0_, employeeen0_.empName as empName3_0_0_, employeeen0_.salary as salary4_0_0_ from employee employeeen0_ where employeeen0_.empId=?
Hibernate: select employeeen0_.empId as empId1_0_0_, employeeen0_.deptCode as deptCode2_0_0_, employeeen0_.empName as empName3_0_0_, employeeen0_.salary as salary4_0_0_ from employee employeeen0_ where employeeen0_.empId=?
Hibernate: update employee set deptCode=?, empName=?, salary=? where empId=?
Hibernate: select employeeen0_.empId as empId1_0_0_, employeeen0_.deptCode as deptCode2_0_0_, employeeen0_.empName as empName3_0_0_, employeeen0_.salary as salary4_0_0_ from employee employeeen0_ where employeeen0_.empId=?
Hibernate: select employeeen0_.empId as empId1_0_0_, employeeen0_.deptCode as deptCode2_0_0_, employeeen0_.empName as empName3_0_0_, employeeen0_.salary as salary4_0_0_ from employee employeeen0_ where employeeen0_.empId=?
Hibernate: delete from employee where empId=?
31-Mar-2026 01:55:32.526 INFO [main] org.apache.catalina.core.StandardServer.await A valid shutdown command was received via the shutdown port. Stopping the Server instance.
31-Mar-2026 01:55:32.535 INFO [main] org.apache.coyote.AbstractProtocol.pause Pausing ProtocolHandler ["http-nio-8080"]
31-Mar-2026 01:55:32.547 INFO [main] org.apache.catalina.core.StandardService.stopInternal Stopping service [Catalina]
31-Mar-2026 01:55:32.661 INFO [main] org.springframework.orm.jpa.AbstractEntityManagerFactoryBean.destroy Closing JPA EntityManagerFactory for persistence unit 'default'
31-Mar-2026 01:55:32.676 WARNING [main] org.apache.catalina.loader.WebappClassLoaderBase.clearReferencesJdbc The web application [employee-service] registered the JDBC driver [com.mysql.cj.jdbc.Driver] but failed to unregister it when the web application was stopped. To prevent a memory leak, the JDBC Driver has been forcibly unregistered.
31-Mar-2026 01:55:32.678 WARNING [main] org.apache.catalina.loader.WebappClassLoaderBase.clearReferencesThreads The web application [employee-service] appears to have started a thread named [mysql-cj-abandoned-connection-cleanup] but has failed to stop it. This is very likely to create a memory leak. Stack trace of thread:
 java.lang.Object.wait(Native Method)
 java.lang.ref.ReferenceQueue.remove(ReferenceQueue.java:144)
 com.mysql.cj.jdbc.AbandonedConnectionCleanupThread.run(AbandonedConnectionCleanupThread.java:91)
 java.util.concurrent.ThreadPoolExecutor.runWorker(ThreadPoolExecutor.java:1149)
 java.util.concurrent.ThreadPoolExecutor$Worker.run(ThreadPoolExecutor.java:624)
 java.lang.Thread.run(Thread.java:750)
31-Mar-2026 01:55:32.696 INFO [main] org.apache.coyote.AbstractProtocol.stop Stopping ProtocolHandler ["http-nio-8080"]
31-Mar-2026 01:55:32.728 INFO [main] org.apache.coyote.AbstractProtocol.destroy Destroying ProtocolHandler ["http-nio-8080"]
31-Mar-2026 19:51:51.542 INFO [main] org.apache.catalina.startup.VersionLoggerListener.log Server version name:   Apache Tomcat/9.0.116
31-Mar-2026 19:51:51.549 INFO [main] org.apache.catalina.startup.VersionLoggerListener.log Server built:          Mar 16 2026 15:05:42 UTC
31-Mar-2026 19:51:51.549 INFO [main] org.apache.catalina.startup.VersionLoggerListener.log Server version number: 9.0.116.0
31-Mar-2026 19:51:51.549 INFO [main] org.apache.catalina.startup.VersionLoggerListener.log OS Name:               Mac OS X
31-Mar-2026 19:51:51.549 INFO [main] org.apache.catalina.startup.VersionLoggerListener.log OS Version:            15.5
31-Mar-2026 19:51:51.549 INFO [main] org.apache.catalina.startup.VersionLoggerListener.log Architecture:          x86_64
31-Mar-2026 19:51:51.549 INFO [main] org.apache.catalina.startup.VersionLoggerListener.log Java Home:             /Library/Java/JavaVirtualMachines/temurin-8.jdk/Contents/Home/jre
31-Mar-2026 19:51:51.549 INFO [main] org.apache.catalina.startup.VersionLoggerListener.log JVM Version:           1.8.0_482-b08
31-Mar-2026 19:51:51.549 INFO [main] org.apache.catalina.startup.VersionLoggerListener.log JVM Vendor:            Temurin
31-Mar-2026 19:51:51.549 INFO [main] org.apache.catalina.startup.VersionLoggerListener.log CATALINA_BASE:         /Users/motocycopath/Desktop/java-full-stack-training/00-microservices-00/apache-tomcat-9.0.116
31-Mar-2026 19:51:51.549 INFO [main] org.apache.catalina.startup.VersionLoggerListener.log CATALINA_HOME:         /Users/motocycopath/Desktop/java-full-stack-training/00-microservices-00/apache-tomcat-9.0.116
31-Mar-2026 19:51:51.554 INFO [main] org.apache.catalina.startup.VersionLoggerListener.log Command line argument: -Djava.util.logging.config.file=/Users/motocycopath/Desktop/java-full-stack-training/00-microservices-00/apache-tomcat-9.0.116/conf/logging.properties
31-Mar-2026 19:51:51.554 INFO [main] org.apache.catalina.startup.VersionLoggerListener.log Command line argument: -Djava.util.logging.manager=org.apache.juli.ClassLoaderLogManager
31-Mar-2026 19:51:51.554 INFO [main] org.apache.catalina.startup.VersionLoggerListener.log Command line argument: -Djdk.tls.ephemeralDHKeySize=2048
31-Mar-2026 19:51:51.554 INFO [main] org.apache.catalina.startup.VersionLoggerListener.log Command line argument: -Djava.protocol.handler.pkgs=org.apache.catalina.webresources
31-Mar-2026 19:51:51.554 INFO [main] org.apache.catalina.startup.VersionLoggerListener.log Command line argument: -Dsun.io.useCanonCaches=false
31-Mar-2026 19:51:51.554 INFO [main] org.apache.catalina.startup.VersionLoggerListener.log Command line argument: -Dorg.apache.catalina.security.SecurityListener.UMASK=0027
31-Mar-2026 19:51:51.555 INFO [main] org.apache.catalina.startup.VersionLoggerListener.log Command line argument: -Dignore.endorsed.dirs=
31-Mar-2026 19:51:51.555 INFO [main] org.apache.catalina.startup.VersionLoggerListener.log Command line argument: -Dcatalina.base=/Users/motocycopath/Desktop/java-full-stack-training/00-microservices-00/apache-tomcat-9.0.116
31-Mar-2026 19:51:51.556 INFO [main] org.apache.catalina.startup.VersionLoggerListener.log Command line argument: -Dcatalina.home=/Users/motocycopath/Desktop/java-full-stack-training/00-microservices-00/apache-tomcat-9.0.116
31-Mar-2026 19:51:51.556 INFO [main] org.apache.catalina.startup.VersionLoggerListener.log Command line argument: -Djava.io.tmpdir=/Users/motocycopath/Desktop/java-full-stack-training/00-microservices-00/apache-tomcat-9.0.116/temp
31-Mar-2026 19:51:51.559 INFO [main] org.apache.catalina.core.AprLifecycleListener.lifecycleEvent The Apache Tomcat Native library which allows using OpenSSL was not found on the java.library.path: [/Users/motocycopath/Library/Java/Extensions:/Library/Java/Extensions:/Network/Library/Java/Extensions:/System/Library/Java/Extensions:/usr/lib/java:.]
31-Mar-2026 19:51:52.013 INFO [main] org.apache.coyote.AbstractProtocol.init Initializing ProtocolHandler ["http-nio-8080"]
31-Mar-2026 19:51:52.053 INFO [main] org.apache.catalina.startup.Catalina.load Server initialization in [675] milliseconds
31-Mar-2026 19:51:52.151 INFO [main] org.apache.catalina.core.StandardService.startInternal Starting service [Catalina]
31-Mar-2026 19:51:52.151 INFO [main] org.apache.catalina.core.StandardEngine.startInternal Starting Servlet engine: [Apache Tomcat/9.0.116]
31-Mar-2026 19:51:52.157 INFO [main] org.apache.catalina.startup.HostConfig.deployDirectory Deploying web application directory [/Users/motocycopath/Desktop/java-full-stack-training/00-microservices-00/apache-tomcat-9.0.116/webapps/employee-service]
31-Mar-2026 19:51:54.518 INFO [main] org.apache.jasper.servlet.TldScanner.scanJars At least one JAR was scanned for TLDs yet contained no TLDs. Enable debug logging for this logger for a complete list of JARs that were scanned but no TLDs were found in them. Skipping unneeded JARs during scanning can improve startup time and JSP compilation time.
31-Mar-2026 19:51:54.551 INFO [main] org.springframework.web.context.ContextLoader.initWebApplicationContext Root WebApplicationContext: initialization started
31-Mar-2026 19:51:55.085 INFO [main] org.springframework.data.repository.config.RepositoryConfigurationDelegate.registerRepositoriesIn Bootstrapping Spring Data JPA repositories in DEFAULT mode.
31-Mar-2026 19:51:55.199 INFO [main] org.springframework.data.repository.config.RepositoryConfigurationDelegate.registerRepositoriesIn Finished Spring Data repository scanning in 94 ms. Found 1 JPA repository interfaces.
31-Mar-2026 19:51:55.200 INFO [main] org.springframework.data.repository.config.RepositoryConfigurationDelegate.registerRepositoriesIn Bootstrapping Spring Data JPA repositories in DEFAULT mode.
31-Mar-2026 19:51:55.208 INFO [main] org.springframework.data.repository.config.RepositoryConfigurationDelegate.registerRepositoriesIn Finished Spring Data repository scanning in 7 ms. Found 1 JPA repository interfaces.
31-Mar-2026 19:51:55.622 INFO [main] org.hibernate.jpa.internal.util.LogHelper.logPersistenceUnitInformation HHH000204: Processing PersistenceUnitInfo [
	name: default
	...]
31-Mar-2026 19:51:55.689 INFO [main] org.hibernate.Version.logVersion HHH000412: Hibernate Core {5.2.8.Final}
31-Mar-2026 19:51:55.691 INFO [main] org.hibernate.cfg.Environment.<clinit> HHH000206: hibernate.properties not found
31-Mar-2026 19:51:55.728 INFO [main] org.hibernate.annotations.common.reflection.java.JavaReflectionManager.<clinit> HCANN000001: Hibernate Commons Annotations {5.0.1.Final}
31-Mar-2026 19:51:56.282 INFO [main] org.hibernate.dialect.Dialect.<init> HHH000400: Using dialect: org.hibernate.dialect.MySQLDialect
31-Mar-2026 19:51:56.932 INFO [main] org.springframework.orm.jpa.AbstractEntityManagerFactoryBean.buildNativeEntityManagerFactory Initialized JPA EntityManagerFactory for persistence unit 'default'
31-Mar-2026 19:51:57.510 INFO [main] org.springframework.web.context.ContextLoader.initWebApplicationContext Root WebApplicationContext initialized in 2958 ms
31-Mar-2026 19:51:57.558 INFO [main] org.springframework.web.servlet.FrameworkServlet.initServletBean Initializing Servlet 'cstspconf-web'
31-Mar-2026 19:51:58.135 INFO [main] org.springframework.web.servlet.FrameworkServlet.initServletBean Completed initialization in 576 ms
31-Mar-2026 19:51:58.173 INFO [main] org.apache.catalina.startup.HostConfig.deployDirectory Deployment of web application directory [/Users/motocycopath/Desktop/java-full-stack-training/00-microservices-00/apache-tomcat-9.0.116/webapps/employee-service] has finished in [6,015] ms
31-Mar-2026 19:51:58.174 INFO [main] org.apache.catalina.startup.HostConfig.deployDirectory Deploying web application directory [/Users/motocycopath/Desktop/java-full-stack-training/00-microservices-00/apache-tomcat-9.0.116/webapps/docs]
31-Mar-2026 19:51:58.213 INFO [main] org.apache.catalina.startup.HostConfig.deployDirectory Deployment of web application directory [/Users/motocycopath/Desktop/java-full-stack-training/00-microservices-00/apache-tomcat-9.0.116/webapps/docs] has finished in [39] ms
31-Mar-2026 19:51:58.213 INFO [main] org.apache.catalina.startup.HostConfig.deployDirectory Deploying web application directory [/Users/motocycopath/Desktop/java-full-stack-training/00-microservices-00/apache-tomcat-9.0.116/webapps/manager]
31-Mar-2026 19:51:58.249 INFO [main] org.apache.catalina.startup.HostConfig.deployDirectory Deployment of web application directory [/Users/motocycopath/Desktop/java-full-stack-training/00-microservices-00/apache-tomcat-9.0.116/webapps/manager] has finished in [36] ms
31-Mar-2026 19:51:58.249 INFO [main] org.apache.catalina.startup.HostConfig.deployDirectory Deploying web application directory [/Users/motocycopath/Desktop/java-full-stack-training/00-microservices-00/apache-tomcat-9.0.116/webapps/examples]
31-Mar-2026 19:51:58.468 INFO [main] org.apache.catalina.startup.HostConfig.deployDirectory Deployment of web application directory [/Users/motocycopath/Desktop/java-full-stack-training/00-microservices-00/apache-tomcat-9.0.116/webapps/examples] has finished in [219] ms
31-Mar-2026 19:51:58.468 INFO [main] org.apache.catalina.startup.HostConfig.deployDirectory Deploying web application directory [/Users/motocycopath/Desktop/java-full-stack-training/00-microservices-00/apache-tomcat-9.0.116/webapps/ROOT]
31-Mar-2026 19:51:58.487 INFO [main] org.apache.catalina.startup.HostConfig.deployDirectory Deployment of web application directory [/Users/motocycopath/Desktop/java-full-stack-training/00-microservices-00/apache-tomcat-9.0.116/webapps/ROOT] has finished in [18] ms
31-Mar-2026 19:51:58.488 INFO [main] org.apache.catalina.startup.HostConfig.deployDirectory Deploying web application directory [/Users/motocycopath/Desktop/java-full-stack-training/00-microservices-00/apache-tomcat-9.0.116/webapps/host-manager]
31-Mar-2026 19:51:58.517 INFO [main] org.apache.catalina.startup.HostConfig.deployDirectory Deployment of web application directory [/Users/motocycopath/Desktop/java-full-stack-training/00-microservices-00/apache-tomcat-9.0.116/webapps/host-manager] has finished in [28] ms
31-Mar-2026 19:51:58.521 INFO [main] org.apache.coyote.AbstractProtocol.start Starting ProtocolHandler ["http-nio-8080"]
31-Mar-2026 19:51:58.533 INFO [main] org.apache.catalina.startup.Catalina.start Server startup in [6480] milliseconds
31-Mar-2026 19:52:33.691 INFO [main] org.apache.catalina.core.StandardServer.await A valid shutdown command was received via the shutdown port. Stopping the Server instance.
31-Mar-2026 19:52:33.699 INFO [main] org.apache.coyote.AbstractProtocol.pause Pausing ProtocolHandler ["http-nio-8080"]
31-Mar-2026 19:52:33.711 INFO [main] org.apache.catalina.core.StandardService.stopInternal Stopping service [Catalina]
31-Mar-2026 19:52:33.794 INFO [main] org.springframework.orm.jpa.AbstractEntityManagerFactoryBean.destroy Closing JPA EntityManagerFactory for persistence unit 'default'
31-Mar-2026 19:52:33.814 WARNING [main] org.apache.catalina.loader.WebappClassLoaderBase.clearReferencesJdbc The web application [employee-service] registered the JDBC driver [com.mysql.cj.jdbc.Driver] but failed to unregister it when the web application was stopped. To prevent a memory leak, the JDBC Driver has been forcibly unregistered.
31-Mar-2026 19:52:33.817 WARNING [main] org.apache.catalina.loader.WebappClassLoaderBase.clearReferencesThreads The web application [employee-service] appears to have started a thread named [mysql-cj-abandoned-connection-cleanup] but has failed to stop it. This is very likely to create a memory leak. Stack trace of thread:
 java.lang.Object.wait(Native Method)
 java.lang.ref.ReferenceQueue.remove(ReferenceQueue.java:144)
 com.mysql.cj.jdbc.AbandonedConnectionCleanupThread.run(AbandonedConnectionCleanupThread.java:91)
 java.util.concurrent.ThreadPoolExecutor.runWorker(ThreadPoolExecutor.java:1149)
 java.util.concurrent.ThreadPoolExecutor$Worker.run(ThreadPoolExecutor.java:624)
 java.lang.Thread.run(Thread.java:750)
31-Mar-2026 19:52:33.850 INFO [main] org.apache.coyote.AbstractProtocol.stop Stopping ProtocolHandler ["http-nio-8080"]
31-Mar-2026 19:52:33.871 INFO [main] org.apache.coyote.AbstractProtocol.destroy Destroying ProtocolHandler ["http-nio-8080"]
NOTE: Picked up JDK_JAVA_OPTIONS:  --add-opens=java.base/java.lang=ALL-UNNAMED --add-opens=java.base/java.lang.invoke=ALL-UNNAMED --add-opens=java.base/java.lang.reflect=ALL-UNNAMED --add-opens=java.base/java.io=ALL-UNNAMED --add-opens=java.base/java.util=ALL-UNNAMED --add-opens=java.base/java.util.concurrent=ALL-UNNAMED --add-opens=java.rmi/sun.rmi.transport=ALL-UNNAMED
31-Mar-2026 19:52:34.425 INFO [main] org.apache.catalina.startup.VersionLoggerListener.log Server version name:   Apache Tomcat/9.0.116
31-Mar-2026 19:52:34.427 INFO [main] org.apache.catalina.startup.VersionLoggerListener.log Server built:          Mar 16 2026 15:05:42 UTC
31-Mar-2026 19:52:34.427 INFO [main] org.apache.catalina.startup.VersionLoggerListener.log Server version number: 9.0.116.0
31-Mar-2026 19:52:34.427 INFO [main] org.apache.catalina.startup.VersionLoggerListener.log OS Name:               Mac OS X
31-Mar-2026 19:52:34.427 INFO [main] org.apache.catalina.startup.VersionLoggerListener.log OS Version:            15.5
31-Mar-2026 19:52:34.427 INFO [main] org.apache.catalina.startup.VersionLoggerListener.log Architecture:          aarch64
31-Mar-2026 19:52:34.427 INFO [main] org.apache.catalina.startup.VersionLoggerListener.log Java Home:             /Users/motocycopath/Library/Java/JavaVirtualMachines/jbr-17.0.14/Contents/Home
31-Mar-2026 19:52:34.427 INFO [main] org.apache.catalina.startup.VersionLoggerListener.log JVM Version:           17.0.14+1-b1367.22
31-Mar-2026 19:52:34.427 INFO [main] org.apache.catalina.startup.VersionLoggerListener.log JVM Vendor:            JetBrains s.r.o.
31-Mar-2026 19:52:34.427 INFO [main] org.apache.catalina.startup.VersionLoggerListener.log CATALINA_BASE:         /Users/motocycopath/Desktop/java-full-stack-training/00-microservices-00/apache-tomcat-9.0.116
31-Mar-2026 19:52:34.427 INFO [main] org.apache.catalina.startup.VersionLoggerListener.log CATALINA_HOME:         /Users/motocycopath/Desktop/java-full-stack-training/00-microservices-00/apache-tomcat-9.0.116
31-Mar-2026 19:52:34.433 INFO [main] org.apache.catalina.startup.VersionLoggerListener.log Command line argument: --add-opens=java.base/java.lang=ALL-UNNAMED
31-Mar-2026 19:52:34.433 INFO [main] org.apache.catalina.startup.VersionLoggerListener.log Command line argument: --add-opens=java.base/java.lang.invoke=ALL-UNNAMED
31-Mar-2026 19:52:34.433 INFO [main] org.apache.catalina.startup.VersionLoggerListener.log Command line argument: --add-opens=java.base/java.lang.reflect=ALL-UNNAMED
31-Mar-2026 19:52:34.433 INFO [main] org.apache.catalina.startup.VersionLoggerListener.log Command line argument: --add-opens=java.base/java.io=ALL-UNNAMED
31-Mar-2026 19:52:34.433 INFO [main] org.apache.catalina.startup.VersionLoggerListener.log Command line argument: --add-opens=java.base/java.util=ALL-UNNAMED
31-Mar-2026 19:52:34.433 INFO [main] org.apache.catalina.startup.VersionLoggerListener.log Command line argument: --add-opens=java.base/java.util.concurrent=ALL-UNNAMED
31-Mar-2026 19:52:34.433 INFO [main] org.apache.catalina.startup.VersionLoggerListener.log Command line argument: --add-opens=java.rmi/sun.rmi.transport=ALL-UNNAMED
31-Mar-2026 19:52:34.433 INFO [main] org.apache.catalina.startup.VersionLoggerListener.log Command line argument: -Djava.util.logging.config.file=/Users/motocycopath/Desktop/java-full-stack-training/00-microservices-00/apache-tomcat-9.0.116/conf/logging.properties
31-Mar-2026 19:52:34.433 INFO [main] org.apache.catalina.startup.VersionLoggerListener.log Command line argument: -Djava.util.logging.manager=org.apache.juli.ClassLoaderLogManager
31-Mar-2026 19:52:34.433 INFO [main] org.apache.catalina.startup.VersionLoggerListener.log Command line argument: -Djdk.tls.ephemeralDHKeySize=2048
31-Mar-2026 19:52:34.433 INFO [main] org.apache.catalina.startup.VersionLoggerListener.log Command line argument: -Djava.protocol.handler.pkgs=org.apache.catalina.webresources
31-Mar-2026 19:52:34.434 INFO [main] org.apache.catalina.startup.VersionLoggerListener.log Command line argument: -Dsun.io.useCanonCaches=false
31-Mar-2026 19:52:34.434 INFO [main] org.apache.catalina.startup.VersionLoggerListener.log Command line argument: -Dorg.apache.catalina.security.SecurityListener.UMASK=0027
31-Mar-2026 19:52:34.434 INFO [main] org.apache.catalina.startup.VersionLoggerListener.log Command line argument: -Dignore.endorsed.dirs=
31-Mar-2026 19:52:34.434 INFO [main] org.apache.catalina.startup.VersionLoggerListener.log Command line argument: -Dcatalina.base=/Users/motocycopath/Desktop/java-full-stack-training/00-microservices-00/apache-tomcat-9.0.116
31-Mar-2026 19:52:34.434 INFO [main] org.apache.catalina.startup.VersionLoggerListener.log Command line argument: -Dcatalina.home=/Users/motocycopath/Desktop/java-full-stack-training/00-microservices-00/apache-tomcat-9.0.116
31-Mar-2026 19:52:34.434 INFO [main] org.apache.catalina.startup.VersionLoggerListener.log Command line argument: -Djava.io.tmpdir=/Users/motocycopath/Desktop/java-full-stack-training/00-microservices-00/apache-tomcat-9.0.116/temp
31-Mar-2026 19:52:34.439 INFO [main] org.apache.catalina.core.AprLifecycleListener.lifecycleEvent The Apache Tomcat Native library which allows using OpenSSL was not found on the java.library.path: [/Users/motocycopath/Library/Java/Extensions:/Library/Java/Extensions:/Network/Library/Java/Extensions:/System/Library/Java/Extensions:/usr/lib/java:.]
31-Mar-2026 19:52:34.553 INFO [main] org.apache.coyote.AbstractProtocol.init Initializing ProtocolHandler ["http-nio-8080"]
31-Mar-2026 19:52:34.565 INFO [main] org.apache.catalina.startup.Catalina.load Server initialization in [205] milliseconds
31-Mar-2026 19:52:34.581 INFO [main] org.apache.catalina.core.StandardService.startInternal Starting service [Catalina]
31-Mar-2026 19:52:34.582 INFO [main] org.apache.catalina.core.StandardEngine.startInternal Starting Servlet engine: [Apache Tomcat/9.0.116]
31-Mar-2026 19:52:34.586 INFO [main] org.apache.catalina.startup.HostConfig.deployDirectory Deploying web application directory [/Users/motocycopath/Desktop/java-full-stack-training/00-microservices-00/apache-tomcat-9.0.116/webapps/employee-service]
31-Mar-2026 19:52:35.233 INFO [main] org.apache.jasper.servlet.TldScanner.scanJars At least one JAR was scanned for TLDs yet contained no TLDs. Enable debug logging for this logger for a complete list of JARs that were scanned but no TLDs were found in them. Skipping unneeded JARs during scanning can improve startup time and JSP compilation time.
31-Mar-2026 19:52:35.250 INFO [main] org.springframework.web.context.ContextLoader.initWebApplicationContext Root WebApplicationContext: initialization started
31-Mar-2026 19:52:35.401 INFO [main] org.springframework.data.repository.config.RepositoryConfigurationDelegate.registerRepositoriesIn Bootstrapping Spring Data JPA repositories in DEFAULT mode.
31-Mar-2026 19:52:35.435 INFO [main] org.springframework.data.repository.config.RepositoryConfigurationDelegate.registerRepositoriesIn Finished Spring Data repository scanning in 26 ms. Found 1 JPA repository interfaces.
31-Mar-2026 19:52:35.436 INFO [main] org.springframework.data.repository.config.RepositoryConfigurationDelegate.registerRepositoriesIn Bootstrapping Spring Data JPA repositories in DEFAULT mode.
31-Mar-2026 19:52:35.438 INFO [main] org.springframework.data.repository.config.RepositoryConfigurationDelegate.registerRepositoriesIn Finished Spring Data repository scanning in 2 ms. Found 1 JPA repository interfaces.
31-Mar-2026 19:52:35.556 INFO [main] org.hibernate.jpa.internal.util.LogHelper.logPersistenceUnitInformation HHH000204: Processing PersistenceUnitInfo [
	name: default
	...]
31-Mar-2026 19:52:35.614 INFO [main] org.hibernate.Version.logVersion HHH000412: Hibernate Core {5.2.8.Final}
31-Mar-2026 19:52:35.616 INFO [main] org.hibernate.cfg.Environment.<clinit> HHH000206: hibernate.properties not found
31-Mar-2026 19:52:35.632 WARNING [main] org.springframework.context.support.AbstractApplicationContext.refresh Exception encountered during context initialization - cancelling refresh attempt: org.springframework.beans.factory.BeanCreationException: Error creating bean with name 'entityManagerFactory' defined in ServletContext resource [/WEB-INF/cst_jpa_spring_config.xml]: Invocation of init method failed; nested exception is java.lang.NoClassDefFoundError: javax/xml/bind/JAXBException
31-Mar-2026 19:52:35.634 SEVERE [main] org.springframework.web.context.ContextLoader.initWebApplicationContext Context initialization failed
	org.springframework.beans.factory.BeanCreationException: Error creating bean with name 'entityManagerFactory' defined in ServletContext resource [/WEB-INF/cst_jpa_spring_config.xml]: Invocation of init method failed; nested exception is java.lang.NoClassDefFoundError: javax/xml/bind/JAXBException
		at org.springframework.beans.factory.support.AbstractAutowireCapableBeanFactory.initializeBean(AbstractAutowireCapableBeanFactory.java:1804)
		at org.springframework.beans.factory.support.AbstractAutowireCapableBeanFactory.doCreateBean(AbstractAutowireCapableBeanFactory.java:620)
		at org.springframework.beans.factory.support.AbstractAutowireCapableBeanFactory.createBean(AbstractAutowireCapableBeanFactory.java:542)
		at org.springframework.beans.factory.support.AbstractBeanFactory.lambda$doGetBean$0(AbstractBeanFactory.java:335)
		at org.springframework.beans.factory.support.DefaultSingletonBeanRegistry.getSingleton(DefaultSingletonBeanRegistry.java:234)
		at org.springframework.beans.factory.support.AbstractBeanFactory.doGetBean(AbstractBeanFactory.java:333)
		at org.springframework.beans.factory.support.AbstractBeanFactory.getBean(AbstractBeanFactory.java:208)
		at org.springframework.context.support.AbstractApplicationContext.getBean(AbstractApplicationContext.java:1154)
		at org.springframework.context.support.AbstractApplicationContext.finishBeanFactoryInitialization(AbstractApplicationContext.java:908)
		at org.springframework.context.support.AbstractApplicationContext.refresh(AbstractApplicationContext.java:583)
		at org.springframework.web.context.ContextLoader.configureAndRefreshWebApplicationContext(ContextLoader.java:401)
		at org.springframework.web.context.ContextLoader.initWebApplicationContext(ContextLoader.java:292)
		at org.springframework.web.context.ContextLoaderListener.contextInitialized(ContextLoaderListener.java:103)
		at org.apache.catalina.core.StandardContext.listenerStart(StandardContext.java:4047)
		at org.apache.catalina.core.StandardContext.startInternal(StandardContext.java:4489)
		at org.apache.catalina.util.LifecycleBase.start(LifecycleBase.java:164)
		at org.apache.catalina.core.ContainerBase.addChildInternal(ContainerBase.java:597)
		at org.apache.catalina.core.ContainerBase.addChild(ContainerBase.java:569)
		at org.apache.catalina.core.StandardHost.addChild(StandardHost.java:608)
		at org.apache.catalina.startup.HostConfig.deployDirectory(HostConfig.java:1171)
		at org.apache.catalina.startup.HostConfig$DeployDirectory.run(HostConfig.java:1880)
		at java.base/java.util.concurrent.Executors$RunnableAdapter.call(Executors.java:539)
		at java.base/java.util.concurrent.FutureTask.run(FutureTask.java:264)
		at org.apache.tomcat.util.threads.InlineExecutorService.execute(InlineExecutorService.java:82)
		at java.base/java.util.concurrent.AbstractExecutorService.submit(AbstractExecutorService.java:123)
		at org.apache.catalina.startup.HostConfig.deployDirectories(HostConfig.java:1082)
		at org.apache.catalina.startup.HostConfig.deployApps(HostConfig.java:467)
		at org.apache.catalina.startup.HostConfig.start(HostConfig.java:1576)
		at org.apache.catalina.startup.HostConfig.lifecycleEvent(HostConfig.java:309)
		at org.apache.catalina.util.LifecycleBase.fireLifecycleEvent(LifecycleBase.java:109)
		at org.apache.catalina.util.LifecycleBase.setStateInternal(LifecycleBase.java:389)
		at org.apache.catalina.util.LifecycleBase.setState(LifecycleBase.java:336)
		at org.apache.catalina.core.ContainerBase.startInternal(ContainerBase.java:774)
		at org.apache.catalina.core.StandardHost.startInternal(StandardHost.java:726)
		at org.apache.catalina.util.LifecycleBase.start(LifecycleBase.java:164)
		at org.apache.catalina.core.ContainerBase$StartChild.call(ContainerBase.java:1201)
		at org.apache.catalina.core.ContainerBase$StartChild.call(ContainerBase.java:1191)
		at java.base/java.util.concurrent.FutureTask.run(FutureTask.java:264)
		at org.apache.tomcat.util.threads.InlineExecutorService.execute(InlineExecutorService.java:82)
		at java.base/java.util.concurrent.AbstractExecutorService.submit(AbstractExecutorService.java:145)
		at org.apache.catalina.core.ContainerBase.startInternal(ContainerBase.java:747)
		at org.apache.catalina.core.StandardEngine.startInternal(StandardEngine.java:209)
		at org.apache.catalina.util.LifecycleBase.start(LifecycleBase.java:164)
		at org.apache.catalina.core.StandardService.startInternal(StandardService.java:410)
		at org.apache.catalina.util.LifecycleBase.start(LifecycleBase.java:164)
		at org.apache.catalina.core.StandardServer.startInternal(StandardServer.java:872)
		at org.apache.catalina.util.LifecycleBase.start(LifecycleBase.java:164)
		at org.apache.catalina.startup.Catalina.start(Catalina.java:736)
		at java.base/jdk.internal.reflect.NativeMethodAccessorImpl.invoke0(Native Method)
		at java.base/jdk.internal.reflect.NativeMethodAccessorImpl.invoke(NativeMethodAccessorImpl.java:77)
		at java.base/jdk.internal.reflect.DelegatingMethodAccessorImpl.invoke(DelegatingMethodAccessorImpl.java:43)
		at java.base/java.lang.reflect.Method.invoke(Method.java:569)
		at org.apache.catalina.startup.Bootstrap.start(Bootstrap.java:342)
		at org.apache.catalina.startup.Bootstrap.main(Bootstrap.java:473)
	Caused by: java.lang.NoClassDefFoundError: javax/xml/bind/JAXBException
		at org.hibernate.boot.spi.XmlMappingBinderAccess.<init>(XmlMappingBinderAccess.java:43)
		at org.hibernate.boot.MetadataSources.<init>(MetadataSources.java:87)
		at org.hibernate.jpa.boot.internal.EntityManagerFactoryBuilderImpl.<init>(EntityManagerFactoryBuilderImpl.java:208)
		at org.hibernate.jpa.boot.internal.EntityManagerFactoryBuilderImpl.<init>(EntityManagerFactoryBuilderImpl.java:163)
		at org.springframework.orm.jpa.vendor.SpringHibernateJpaPersistenceProvider.createContainerEntityManagerFactory(SpringHibernateJpaPersistenceProvider.java:52)
		at org.springframework.orm.jpa.LocalContainerEntityManagerFactoryBean.createNativeEntityManagerFactory(LocalContainerEntityManagerFactoryBean.java:365)
		at org.springframework.orm.jpa.AbstractEntityManagerFactoryBean.buildNativeEntityManagerFactory(AbstractEntityManagerFactoryBean.java:409)
		at org.springframework.orm.jpa.AbstractEntityManagerFactoryBean.afterPropertiesSet(AbstractEntityManagerFactoryBean.java:396)
		at org.springframework.orm.jpa.LocalContainerEntityManagerFactoryBean.afterPropertiesSet(LocalContainerEntityManagerFactoryBean.java:341)
		at org.springframework.beans.factory.support.AbstractAutowireCapableBeanFactory.invokeInitMethods(AbstractAutowireCapableBeanFactory.java:1863)
		at org.springframework.beans.factory.support.AbstractAutowireCapableBeanFactory.initializeBean(AbstractAutowireCapableBeanFactory.java:1800)
		... 53 more
	Caused by: java.lang.ClassNotFoundException: javax.xml.bind.JAXBException
		at org.apache.catalina.loader.WebappClassLoaderBase.loadClass(WebappClassLoaderBase.java:1351)
		at org.apache.catalina.loader.WebappClassLoaderBase.loadClass(WebappClassLoaderBase.java:1160)
		... 64 more
31-Mar-2026 19:52:35.635 SEVERE [main] org.apache.catalina.core.StandardContext.startInternal One or more listeners failed to start. Full details will be found in the appropriate container log file
31-Mar-2026 19:52:35.648 SEVERE [main] org.apache.catalina.core.StandardContext.startInternal Context [/employee-service] startup failed due to previous errors
31-Mar-2026 19:52:35.652 WARNING [main] org.apache.catalina.loader.WebappClassLoaderBase.clearReferencesJdbc The web application [employee-service] registered the JDBC driver [com.mysql.cj.jdbc.Driver] but failed to unregister it when the web application was stopped. To prevent a memory leak, the JDBC Driver has been forcibly unregistered.
31-Mar-2026 19:52:35.656 WARNING [main] org.apache.catalina.loader.WebappClassLoaderBase.clearReferencesThreads The web application [employee-service] appears to have started a thread named [mysql-cj-abandoned-connection-cleanup] but has failed to stop it. This is very likely to create a memory leak. Stack trace of thread:
 java.base@17.0.14/java.lang.Object.wait(Native Method)
 java.base@17.0.14/java.lang.ref.ReferenceQueue.remove(ReferenceQueue.java:155)
 com.mysql.cj.jdbc.AbandonedConnectionCleanupThread.run(AbandonedConnectionCleanupThread.java:91)
 java.base@17.0.14/java.util.concurrent.ThreadPoolExecutor.runWorker(ThreadPoolExecutor.java:1136)
 java.base@17.0.14/java.util.concurrent.ThreadPoolExecutor$Worker.run(ThreadPoolExecutor.java:635)
 java.base@17.0.14/java.lang.Thread.run(Thread.java:840)
31-Mar-2026 19:52:35.659 INFO [main] org.apache.catalina.startup.HostConfig.deployDirectory Deployment of web application directory [/Users/motocycopath/Desktop/java-full-stack-training/00-microservices-00/apache-tomcat-9.0.116/webapps/employee-service] has finished in [1,073] ms
31-Mar-2026 19:52:35.660 INFO [main] org.apache.catalina.startup.HostConfig.deployDirectory Deploying web application directory [/Users/motocycopath/Desktop/java-full-stack-training/00-microservices-00/apache-tomcat-9.0.116/webapps/docs]
31-Mar-2026 19:52:35.688 INFO [main] org.apache.catalina.startup.HostConfig.deployDirectory Deployment of web application directory [/Users/motocycopath/Desktop/java-full-stack-training/00-microservices-00/apache-tomcat-9.0.116/webapps/docs] has finished in [27] ms
31-Mar-2026 19:52:35.688 INFO [main] org.apache.catalina.startup.HostConfig.deployDirectory Deploying web application directory [/Users/motocycopath/Desktop/java-full-stack-training/00-microservices-00/apache-tomcat-9.0.116/webapps/manager]
31-Mar-2026 19:52:35.707 INFO [main] org.apache.catalina.startup.HostConfig.deployDirectory Deployment of web application directory [/Users/motocycopath/Desktop/java-full-stack-training/00-microservices-00/apache-tomcat-9.0.116/webapps/manager] has finished in [19] ms
31-Mar-2026 19:52:35.707 INFO [main] org.apache.catalina.startup.HostConfig.deployDirectory Deploying web application directory [/Users/motocycopath/Desktop/java-full-stack-training/00-microservices-00/apache-tomcat-9.0.116/webapps/examples]
31-Mar-2026 19:52:35.784 INFO [main] org.apache.catalina.startup.HostConfig.deployDirectory Deployment of web application directory [/Users/motocycopath/Desktop/java-full-stack-training/00-microservices-00/apache-tomcat-9.0.116/webapps/examples] has finished in [77] ms
31-Mar-2026 19:52:35.784 INFO [main] org.apache.catalina.startup.HostConfig.deployDirectory Deploying web application directory [/Users/motocycopath/Desktop/java-full-stack-training/00-microservices-00/apache-tomcat-9.0.116/webapps/ROOT]
31-Mar-2026 19:52:35.790 INFO [main] org.apache.catalina.startup.HostConfig.deployDirectory Deployment of web application directory [/Users/motocycopath/Desktop/java-full-stack-training/00-microservices-00/apache-tomcat-9.0.116/webapps/ROOT] has finished in [6] ms
31-Mar-2026 19:52:35.791 INFO [main] org.apache.catalina.startup.HostConfig.deployDirectory Deploying web application directory [/Users/motocycopath/Desktop/java-full-stack-training/00-microservices-00/apache-tomcat-9.0.116/webapps/host-manager]
31-Mar-2026 19:52:35.799 INFO [main] org.apache.catalina.startup.HostConfig.deployDirectory Deployment of web application directory [/Users/motocycopath/Desktop/java-full-stack-training/00-microservices-00/apache-tomcat-9.0.116/webapps/host-manager] has finished in [7] ms
31-Mar-2026 19:52:35.801 INFO [main] org.apache.coyote.AbstractProtocol.start Starting ProtocolHandler ["http-nio-8080"]
31-Mar-2026 19:52:35.807 INFO [main] org.apache.catalina.startup.Catalina.start Server startup in [1241] milliseconds
31-Mar-2026 19:52:40.517 INFO [mysql-cj-abandoned-connection-cleanup] org.apache.catalina.loader.WebappClassLoaderBase.checkStateForResourceLoading Illegal access: this web application instance has been stopped already. Could not load []. The following stack trace is thrown for debugging purposes as well as to attempt to terminate the thread which caused the illegal access.
	java.lang.IllegalStateException: Illegal access: this web application instance has been stopped already. Could not load []. The following stack trace is thrown for debugging purposes as well as to attempt to terminate the thread which caused the illegal access.
		at org.apache.catalina.loader.WebappClassLoaderBase.checkStateForResourceLoading(WebappClassLoaderBase.java:1370)
		at org.apache.catalina.loader.WebappClassLoaderBase.getResource(WebappClassLoaderBase.java:994)
		at com.mysql.cj.jdbc.AbandonedConnectionCleanupThread.checkThreadContextClassLoader(AbandonedConnectionCleanupThread.java:123)
		at com.mysql.cj.jdbc.AbandonedConnectionCleanupThread.run(AbandonedConnectionCleanupThread.java:90)
		at java.base/java.util.concurrent.ThreadPoolExecutor.runWorker(ThreadPoolExecutor.java:1136)
		at java.base/java.util.concurrent.ThreadPoolExecutor$Worker.run(ThreadPoolExecutor.java:635)
		at java.base/java.lang.Thread.run(Thread.java:840)
31-Mar-2026 20:09:09.949 INFO [Thread-1] org.apache.coyote.AbstractProtocol.pause Pausing ProtocolHandler ["http-nio-8080"]
31-Mar-2026 20:09:09.959 INFO [Thread-1] org.apache.catalina.core.StandardService.stopInternal Stopping service [Catalina]
31-Mar-2026 20:09:09.968 INFO [Thread-1] org.apache.coyote.AbstractProtocol.stop Stopping ProtocolHandler ["http-nio-8080"]
31-Mar-2026 20:09:09.971 INFO [Thread-1] org.apache.coyote.AbstractProtocol.destroy Destroying ProtocolHandler ["http-nio-8080"]
NOTE: Picked up JDK_JAVA_OPTIONS:  --add-opens=java.base/java.lang=ALL-UNNAMED --add-opens=java.base/java.lang.invoke=ALL-UNNAMED --add-opens=java.base/java.lang.reflect=ALL-UNNAMED --add-opens=java.base/java.io=ALL-UNNAMED --add-opens=java.base/java.util=ALL-UNNAMED --add-opens=java.base/java.util.concurrent=ALL-UNNAMED --add-opens=java.rmi/sun.rmi.transport=ALL-UNNAMED
31-Mar-2026 20:58:03.483 INFO [main] org.apache.catalina.startup.VersionLoggerListener.log Server version name:   Apache Tomcat/9.0.116
31-Mar-2026 20:58:03.484 INFO [main] org.apache.catalina.startup.VersionLoggerListener.log Server built:          Mar 16 2026 15:05:42 UTC
31-Mar-2026 20:58:03.484 INFO [main] org.apache.catalina.startup.VersionLoggerListener.log Server version number: 9.0.116.0
31-Mar-2026 20:58:03.484 INFO [main] org.apache.catalina.startup.VersionLoggerListener.log OS Name:               Mac OS X
31-Mar-2026 20:58:03.484 INFO [main] org.apache.catalina.startup.VersionLoggerListener.log OS Version:            15.5
31-Mar-2026 20:58:03.485 INFO [main] org.apache.catalina.startup.VersionLoggerListener.log Architecture:          aarch64
31-Mar-2026 20:58:03.485 INFO [main] org.apache.catalina.startup.VersionLoggerListener.log Java Home:             /Users/motocycopath/Library/Java/JavaVirtualMachines/jbr-17.0.14/Contents/Home
31-Mar-2026 20:58:03.485 INFO [main] org.apache.catalina.startup.VersionLoggerListener.log JVM Version:           17.0.14+1-b1367.22
31-Mar-2026 20:58:03.485 INFO [main] org.apache.catalina.startup.VersionLoggerListener.log JVM Vendor:            JetBrains s.r.o.
31-Mar-2026 20:58:03.485 INFO [main] org.apache.catalina.startup.VersionLoggerListener.log CATALINA_BASE:         /Users/motocycopath/Desktop/java-full-stack-training/00-microservices-00/apache-tomcat-9.0.116
31-Mar-2026 20:58:03.485 INFO [main] org.apache.catalina.startup.VersionLoggerListener.log CATALINA_HOME:         /Users/motocycopath/Desktop/java-full-stack-training/00-microservices-00/apache-tomcat-9.0.116
31-Mar-2026 20:58:03.491 INFO [main] org.apache.catalina.startup.VersionLoggerListener.log Command line argument: --add-opens=java.base/java.lang=ALL-UNNAMED
31-Mar-2026 20:58:03.491 INFO [main] org.apache.catalina.startup.VersionLoggerListener.log Command line argument: --add-opens=java.base/java.lang.invoke=ALL-UNNAMED
31-Mar-2026 20:58:03.491 INFO [main] org.apache.catalina.startup.VersionLoggerListener.log Command line argument: --add-opens=java.base/java.lang.reflect=ALL-UNNAMED
31-Mar-2026 20:58:03.491 INFO [main] org.apache.catalina.startup.VersionLoggerListener.log Command line argument: --add-opens=java.base/java.io=ALL-UNNAMED
31-Mar-2026 20:58:03.491 INFO [main] org.apache.catalina.startup.VersionLoggerListener.log Command line argument: --add-opens=java.base/java.util=ALL-UNNAMED
31-Mar-2026 20:58:03.491 INFO [main] org.apache.catalina.startup.VersionLoggerListener.log Command line argument: --add-opens=java.base/java.util.concurrent=ALL-UNNAMED
31-Mar-2026 20:58:03.491 INFO [main] org.apache.catalina.startup.VersionLoggerListener.log Command line argument: --add-opens=java.rmi/sun.rmi.transport=ALL-UNNAMED
31-Mar-2026 20:58:03.491 INFO [main] org.apache.catalina.startup.VersionLoggerListener.log Command line argument: -Djava.util.logging.config.file=/Users/motocycopath/Desktop/java-full-stack-training/00-microservices-00/apache-tomcat-9.0.116/conf/logging.properties
31-Mar-2026 20:58:03.491 INFO [main] org.apache.catalina.startup.VersionLoggerListener.log Command line argument: -Djava.util.logging.manager=org.apache.juli.ClassLoaderLogManager
31-Mar-2026 20:58:03.491 INFO [main] org.apache.catalina.startup.VersionLoggerListener.log Command line argument: -Djdk.tls.ephemeralDHKeySize=2048
31-Mar-2026 20:58:03.491 INFO [main] org.apache.catalina.startup.VersionLoggerListener.log Command line argument: -Djava.protocol.handler.pkgs=org.apache.catalina.webresources
31-Mar-2026 20:58:03.491 INFO [main] org.apache.catalina.startup.VersionLoggerListener.log Command line argument: -Dsun.io.useCanonCaches=false
31-Mar-2026 20:58:03.491 INFO [main] org.apache.catalina.startup.VersionLoggerListener.log Command line argument: -Dorg.apache.catalina.security.SecurityListener.UMASK=0027
31-Mar-2026 20:58:03.491 INFO [main] org.apache.catalina.startup.VersionLoggerListener.log Command line argument: -Dignore.endorsed.dirs=
31-Mar-2026 20:58:03.491 INFO [main] org.apache.catalina.startup.VersionLoggerListener.log Command line argument: -Dcatalina.base=/Users/motocycopath/Desktop/java-full-stack-training/00-microservices-00/apache-tomcat-9.0.116
31-Mar-2026 20:58:03.491 INFO [main] org.apache.catalina.startup.VersionLoggerListener.log Command line argument: -Dcatalina.home=/Users/motocycopath/Desktop/java-full-stack-training/00-microservices-00/apache-tomcat-9.0.116
31-Mar-2026 20:58:03.491 INFO [main] org.apache.catalina.startup.VersionLoggerListener.log Command line argument: -Djava.io.tmpdir=/Users/motocycopath/Desktop/java-full-stack-training/00-microservices-00/apache-tomcat-9.0.116/temp
31-Mar-2026 20:58:03.497 INFO [main] org.apache.catalina.core.AprLifecycleListener.lifecycleEvent The Apache Tomcat Native library which allows using OpenSSL was not found on the java.library.path: [/Users/motocycopath/Library/Java/Extensions:/Library/Java/Extensions:/Network/Library/Java/Extensions:/System/Library/Java/Extensions:/usr/lib/java:.]
31-Mar-2026 20:58:03.607 INFO [main] org.apache.coyote.AbstractProtocol.init Initializing ProtocolHandler ["http-nio-8080"]
31-Mar-2026 20:58:03.619 INFO [main] org.apache.catalina.startup.Catalina.load Server initialization in [204] milliseconds
31-Mar-2026 20:58:03.634 INFO [main] org.apache.catalina.core.StandardService.startInternal Starting service [Catalina]
31-Mar-2026 20:58:03.634 INFO [main] org.apache.catalina.core.StandardEngine.startInternal Starting Servlet engine: [Apache Tomcat/9.0.116]
31-Mar-2026 20:58:03.636 INFO [main] org.apache.catalina.startup.HostConfig.deployDirectory Deploying web application directory [/Users/motocycopath/Desktop/java-full-stack-training/00-microservices-00/apache-tomcat-9.0.116/webapps/employee-service]
31-Mar-2026 20:58:04.265 INFO [main] org.apache.jasper.servlet.TldScanner.scanJars At least one JAR was scanned for TLDs yet contained no TLDs. Enable debug logging for this logger for a complete list of JARs that were scanned but no TLDs were found in them. Skipping unneeded JARs during scanning can improve startup time and JSP compilation time.
31-Mar-2026 20:58:04.278 INFO [main] org.springframework.web.context.ContextLoader.initWebApplicationContext Root WebApplicationContext: initialization started
31-Mar-2026 20:58:04.408 INFO [main] org.springframework.data.repository.config.RepositoryConfigurationDelegate.registerRepositoriesIn Bootstrapping Spring Data JPA repositories in DEFAULT mode.
31-Mar-2026 20:58:04.435 INFO [main] org.springframework.data.repository.config.RepositoryConfigurationDelegate.registerRepositoriesIn Finished Spring Data repository scanning in 21 ms. Found 1 JPA repository interfaces.
31-Mar-2026 20:58:04.436 INFO [main] org.springframework.data.repository.config.RepositoryConfigurationDelegate.registerRepositoriesIn Bootstrapping Spring Data JPA repositories in DEFAULT mode.
31-Mar-2026 20:58:04.438 INFO [main] org.springframework.data.repository.config.RepositoryConfigurationDelegate.registerRepositoriesIn Finished Spring Data repository scanning in 2 ms. Found 1 JPA repository interfaces.
31-Mar-2026 20:58:04.546 INFO [main] org.hibernate.jpa.internal.util.LogHelper.logPersistenceUnitInformation HHH000204: Processing PersistenceUnitInfo [
	name: default
	...]
31-Mar-2026 20:58:04.582 INFO [main] org.hibernate.Version.logVersion HHH000412: Hibernate Core {5.2.8.Final}
31-Mar-2026 20:58:04.582 INFO [main] org.hibernate.cfg.Environment.<clinit> HHH000206: hibernate.properties not found
31-Mar-2026 20:58:04.589 WARNING [main] org.springframework.context.support.AbstractApplicationContext.refresh Exception encountered during context initialization - cancelling refresh attempt: org.springframework.beans.factory.BeanCreationException: Error creating bean with name 'entityManagerFactory' defined in ServletContext resource [/WEB-INF/cst_jpa_spring_config.xml]: Invocation of init method failed; nested exception is java.lang.NoClassDefFoundError: javax/xml/bind/JAXBException
31-Mar-2026 20:58:04.590 SEVERE [main] org.springframework.web.context.ContextLoader.initWebApplicationContext Context initialization failed
	org.springframework.beans.factory.BeanCreationException: Error creating bean with name 'entityManagerFactory' defined in ServletContext resource [/WEB-INF/cst_jpa_spring_config.xml]: Invocation of init method failed; nested exception is java.lang.NoClassDefFoundError: javax/xml/bind/JAXBException
		at org.springframework.beans.factory.support.AbstractAutowireCapableBeanFactory.initializeBean(AbstractAutowireCapableBeanFactory.java:1804)
		at org.springframework.beans.factory.support.AbstractAutowireCapableBeanFactory.doCreateBean(AbstractAutowireCapableBeanFactory.java:620)
		at org.springframework.beans.factory.support.AbstractAutowireCapableBeanFactory.createBean(AbstractAutowireCapableBeanFactory.java:542)
		at org.springframework.beans.factory.support.AbstractBeanFactory.lambda$doGetBean$0(AbstractBeanFactory.java:335)
		at org.springframework.beans.factory.support.DefaultSingletonBeanRegistry.getSingleton(DefaultSingletonBeanRegistry.java:234)
		at org.springframework.beans.factory.support.AbstractBeanFactory.doGetBean(AbstractBeanFactory.java:333)
		at org.springframework.beans.factory.support.AbstractBeanFactory.getBean(AbstractBeanFactory.java:208)
		at org.springframework.context.support.AbstractApplicationContext.getBean(AbstractApplicationContext.java:1154)
		at org.springframework.context.support.AbstractApplicationContext.finishBeanFactoryInitialization(AbstractApplicationContext.java:908)
		at org.springframework.context.support.AbstractApplicationContext.refresh(AbstractApplicationContext.java:583)
		at org.springframework.web.context.ContextLoader.configureAndRefreshWebApplicationContext(ContextLoader.java:401)
		at org.springframework.web.context.ContextLoader.initWebApplicationContext(ContextLoader.java:292)
		at org.springframework.web.context.ContextLoaderListener.contextInitialized(ContextLoaderListener.java:103)
		at org.apache.catalina.core.StandardContext.listenerStart(StandardContext.java:4047)
		at org.apache.catalina.core.StandardContext.startInternal(StandardContext.java:4489)
		at org.apache.catalina.util.LifecycleBase.start(LifecycleBase.java:164)
		at org.apache.catalina.core.ContainerBase.addChildInternal(ContainerBase.java:597)
		at org.apache.catalina.core.ContainerBase.addChild(ContainerBase.java:569)
		at org.apache.catalina.core.StandardHost.addChild(StandardHost.java:608)
		at org.apache.catalina.startup.HostConfig.deployDirectory(HostConfig.java:1171)
		at org.apache.catalina.startup.HostConfig$DeployDirectory.run(HostConfig.java:1880)
		at java.base/java.util.concurrent.Executors$RunnableAdapter.call(Executors.java:539)
		at java.base/java.util.concurrent.FutureTask.run(FutureTask.java:264)
		at org.apache.tomcat.util.threads.InlineExecutorService.execute(InlineExecutorService.java:82)
		at java.base/java.util.concurrent.AbstractExecutorService.submit(AbstractExecutorService.java:123)
		at org.apache.catalina.startup.HostConfig.deployDirectories(HostConfig.java:1082)
		at org.apache.catalina.startup.HostConfig.deployApps(HostConfig.java:467)
		at org.apache.catalina.startup.HostConfig.start(HostConfig.java:1576)
		at org.apache.catalina.startup.HostConfig.lifecycleEvent(HostConfig.java:309)
		at org.apache.catalina.util.LifecycleBase.fireLifecycleEvent(LifecycleBase.java:109)
		at org.apache.catalina.util.LifecycleBase.setStateInternal(LifecycleBase.java:389)
		at org.apache.catalina.util.LifecycleBase.setState(LifecycleBase.java:336)
		at org.apache.catalina.core.ContainerBase.startInternal(ContainerBase.java:774)
		at org.apache.catalina.core.StandardHost.startInternal(StandardHost.java:726)
		at org.apache.catalina.util.LifecycleBase.start(LifecycleBase.java:164)
		at org.apache.catalina.core.ContainerBase$StartChild.call(ContainerBase.java:1201)
		at org.apache.catalina.core.ContainerBase$StartChild.call(ContainerBase.java:1191)
		at java.base/java.util.concurrent.FutureTask.run(FutureTask.java:264)
		at org.apache.tomcat.util.threads.InlineExecutorService.execute(InlineExecutorService.java:82)
		at java.base/java.util.concurrent.AbstractExecutorService.submit(AbstractExecutorService.java:145)
		at org.apache.catalina.core.ContainerBase.startInternal(ContainerBase.java:747)
		at org.apache.catalina.core.StandardEngine.startInternal(StandardEngine.java:209)
		at org.apache.catalina.util.LifecycleBase.start(LifecycleBase.java:164)
		at org.apache.catalina.core.StandardService.startInternal(StandardService.java:410)
		at org.apache.catalina.util.LifecycleBase.start(LifecycleBase.java:164)
		at org.apache.catalina.core.StandardServer.startInternal(StandardServer.java:872)
		at org.apache.catalina.util.LifecycleBase.start(LifecycleBase.java:164)
		at org.apache.catalina.startup.Catalina.start(Catalina.java:736)
		at java.base/jdk.internal.reflect.NativeMethodAccessorImpl.invoke0(Native Method)
		at java.base/jdk.internal.reflect.NativeMethodAccessorImpl.invoke(NativeMethodAccessorImpl.java:77)
		at java.base/jdk.internal.reflect.DelegatingMethodAccessorImpl.invoke(DelegatingMethodAccessorImpl.java:43)
		at java.base/java.lang.reflect.Method.invoke(Method.java:569)
		at org.apache.catalina.startup.Bootstrap.start(Bootstrap.java:342)
		at org.apache.catalina.startup.Bootstrap.main(Bootstrap.java:473)
	Caused by: java.lang.NoClassDefFoundError: javax/xml/bind/JAXBException
		at org.hibernate.boot.spi.XmlMappingBinderAccess.<init>(XmlMappingBinderAccess.java:43)
		at org.hibernate.boot.MetadataSources.<init>(MetadataSources.java:87)
		at org.hibernate.jpa.boot.internal.EntityManagerFactoryBuilderImpl.<init>(EntityManagerFactoryBuilderImpl.java:208)
		at org.hibernate.jpa.boot.internal.EntityManagerFactoryBuilderImpl.<init>(EntityManagerFactoryBuilderImpl.java:163)
		at org.springframework.orm.jpa.vendor.SpringHibernateJpaPersistenceProvider.createContainerEntityManagerFactory(SpringHibernateJpaPersistenceProvider.java:52)
		at org.springframework.orm.jpa.LocalContainerEntityManagerFactoryBean.createNativeEntityManagerFactory(LocalContainerEntityManagerFactoryBean.java:365)
		at org.springframework.orm.jpa.AbstractEntityManagerFactoryBean.buildNativeEntityManagerFactory(AbstractEntityManagerFactoryBean.java:409)
		at org.springframework.orm.jpa.AbstractEntityManagerFactoryBean.afterPropertiesSet(AbstractEntityManagerFactoryBean.java:396)
		at org.springframework.orm.jpa.LocalContainerEntityManagerFactoryBean.afterPropertiesSet(LocalContainerEntityManagerFactoryBean.java:341)
		at org.springframework.beans.factory.support.AbstractAutowireCapableBeanFactory.invokeInitMethods(AbstractAutowireCapableBeanFactory.java:1863)
		at org.springframework.beans.factory.support.AbstractAutowireCapableBeanFactory.initializeBean(AbstractAutowireCapableBeanFactory.java:1800)
		... 53 more
	Caused by: java.lang.ClassNotFoundException: javax.xml.bind.JAXBException
		at org.apache.catalina.loader.WebappClassLoaderBase.loadClass(WebappClassLoaderBase.java:1351)
		at org.apache.catalina.loader.WebappClassLoaderBase.loadClass(WebappClassLoaderBase.java:1160)
		... 64 more
31-Mar-2026 20:58:04.591 SEVERE [main] org.apache.catalina.core.StandardContext.startInternal One or more listeners failed to start. Full details will be found in the appropriate container log file
31-Mar-2026 20:58:04.599 SEVERE [main] org.apache.catalina.core.StandardContext.startInternal Context [/employee-service] startup failed due to previous errors
31-Mar-2026 20:58:04.602 WARNING [main] org.apache.catalina.loader.WebappClassLoaderBase.clearReferencesJdbc The web application [employee-service] registered the JDBC driver [com.mysql.cj.jdbc.Driver] but failed to unregister it when the web application was stopped. To prevent a memory leak, the JDBC Driver has been forcibly unregistered.
31-Mar-2026 20:58:04.603 WARNING [main] org.apache.catalina.loader.WebappClassLoaderBase.clearReferencesThreads The web application [employee-service] appears to have started a thread named [mysql-cj-abandoned-connection-cleanup] but has failed to stop it. This is very likely to create a memory leak. Stack trace of thread:
 java.base@17.0.14/java.lang.Object.wait(Native Method)
 java.base@17.0.14/java.lang.ref.ReferenceQueue.remove(ReferenceQueue.java:155)
 com.mysql.cj.jdbc.AbandonedConnectionCleanupThread.run(AbandonedConnectionCleanupThread.java:91)
 java.base@17.0.14/java.util.concurrent.ThreadPoolExecutor.runWorker(ThreadPoolExecutor.java:1136)
 java.base@17.0.14/java.util.concurrent.ThreadPoolExecutor$Worker.run(ThreadPoolExecutor.java:635)
 java.base@17.0.14/java.lang.Thread.run(Thread.java:840)
31-Mar-2026 20:58:04.606 INFO [main] org.apache.catalina.startup.HostConfig.deployDirectory Deployment of web application directory [/Users/motocycopath/Desktop/java-full-stack-training/00-microservices-00/apache-tomcat-9.0.116/webapps/employee-service] has finished in [970] ms
31-Mar-2026 20:58:04.606 INFO [main] org.apache.catalina.startup.HostConfig.deployDirectory Deploying web application directory [/Users/motocycopath/Desktop/java-full-stack-training/00-microservices-00/apache-tomcat-9.0.116/webapps/docs]
31-Mar-2026 20:58:04.623 INFO [main] org.apache.catalina.startup.HostConfig.deployDirectory Deployment of web application directory [/Users/motocycopath/Desktop/java-full-stack-training/00-microservices-00/apache-tomcat-9.0.116/webapps/docs] has finished in [16] ms
31-Mar-2026 20:58:04.623 INFO [main] org.apache.catalina.startup.HostConfig.deployDirectory Deploying web application directory [/Users/motocycopath/Desktop/java-full-stack-training/00-microservices-00/apache-tomcat-9.0.116/webapps/manager]
31-Mar-2026 20:58:04.634 INFO [main] org.apache.catalina.startup.HostConfig.deployDirectory Deployment of web application directory [/Users/motocycopath/Desktop/java-full-stack-training/00-microservices-00/apache-tomcat-9.0.116/webapps/manager] has finished in [11] ms
31-Mar-2026 20:58:04.635 INFO [main] org.apache.catalina.startup.HostConfig.deployDirectory Deploying web application directory [/Users/motocycopath/Desktop/java-full-stack-training/00-microservices-00/apache-tomcat-9.0.116/webapps/examples]
31-Mar-2026 20:58:04.699 INFO [main] org.apache.catalina.startup.HostConfig.deployDirectory Deployment of web application directory [/Users/motocycopath/Desktop/java-full-stack-training/00-microservices-00/apache-tomcat-9.0.116/webapps/examples] has finished in [64] ms
31-Mar-2026 20:58:04.699 INFO [main] org.apache.catalina.startup.HostConfig.deployDirectory Deploying web application directory [/Users/motocycopath/Desktop/java-full-stack-training/00-microservices-00/apache-tomcat-9.0.116/webapps/ROOT]
31-Mar-2026 20:58:04.704 INFO [main] org.apache.catalina.startup.HostConfig.deployDirectory Deployment of web application directory [/Users/motocycopath/Desktop/java-full-stack-training/00-microservices-00/apache-tomcat-9.0.116/webapps/ROOT] has finished in [5] ms
31-Mar-2026 20:58:04.704 INFO [main] org.apache.catalina.startup.HostConfig.deployDirectory Deploying web application directory [/Users/motocycopath/Desktop/java-full-stack-training/00-microservices-00/apache-tomcat-9.0.116/webapps/host-manager]
31-Mar-2026 20:58:04.711 INFO [main] org.apache.catalina.startup.HostConfig.deployDirectory Deployment of web application directory [/Users/motocycopath/Desktop/java-full-stack-training/00-microservices-00/apache-tomcat-9.0.116/webapps/host-manager] has finished in [7] ms
31-Mar-2026 20:58:04.712 INFO [main] org.apache.coyote.AbstractProtocol.start Starting ProtocolHandler ["http-nio-8080"]
31-Mar-2026 20:58:04.716 INFO [main] org.apache.catalina.startup.Catalina.start Server startup in [1096] milliseconds
31-Mar-2026 20:58:09.515 INFO [mysql-cj-abandoned-connection-cleanup] org.apache.catalina.loader.WebappClassLoaderBase.checkStateForResourceLoading Illegal access: this web application instance has been stopped already. Could not load []. The following stack trace is thrown for debugging purposes as well as to attempt to terminate the thread which caused the illegal access.
	java.lang.IllegalStateException: Illegal access: this web application instance has been stopped already. Could not load []. The following stack trace is thrown for debugging purposes as well as to attempt to terminate the thread which caused the illegal access.
		at org.apache.catalina.loader.WebappClassLoaderBase.checkStateForResourceLoading(WebappClassLoaderBase.java:1370)
		at org.apache.catalina.loader.WebappClassLoaderBase.getResource(WebappClassLoaderBase.java:994)
		at com.mysql.cj.jdbc.AbandonedConnectionCleanupThread.checkThreadContextClassLoader(AbandonedConnectionCleanupThread.java:123)
		at com.mysql.cj.jdbc.AbandonedConnectionCleanupThread.run(AbandonedConnectionCleanupThread.java:90)
		at java.base/java.util.concurrent.ThreadPoolExecutor.runWorker(ThreadPoolExecutor.java:1136)
		at java.base/java.util.concurrent.ThreadPoolExecutor$Worker.run(ThreadPoolExecutor.java:635)
		at java.base/java.lang.Thread.run(Thread.java:840)
31-Mar-2026 20:58:29.702 INFO [Thread-1] org.apache.coyote.AbstractProtocol.pause Pausing ProtocolHandler ["http-nio-8080"]
31-Mar-2026 20:58:29.710 INFO [Thread-1] org.apache.catalina.core.StandardService.stopInternal Stopping service [Catalina]
31-Mar-2026 20:58:29.727 INFO [Thread-1] org.apache.coyote.AbstractProtocol.stop Stopping ProtocolHandler ["http-nio-8080"]
31-Mar-2026 20:58:29.739 INFO [Thread-1] org.apache.coyote.AbstractProtocol.destroy Destroying ProtocolHandler ["http-nio-8080"]
NOTE: Picked up JDK_JAVA_OPTIONS:  --add-opens=java.base/java.lang=ALL-UNNAMED --add-opens=java.base/java.lang.invoke=ALL-UNNAMED --add-opens=java.base/java.lang.reflect=ALL-UNNAMED --add-opens=java.base/java.io=ALL-UNNAMED --add-opens=java.base/java.util=ALL-UNNAMED --add-opens=java.base/java.util.concurrent=ALL-UNNAMED --add-opens=java.rmi/sun.rmi.transport=ALL-UNNAMED
31-Mar-2026 20:59:25.550 INFO [main] org.apache.catalina.startup.VersionLoggerListener.log Server version name:   Apache Tomcat/9.0.116
31-Mar-2026 20:59:25.552 INFO [main] org.apache.catalina.startup.VersionLoggerListener.log Server built:          Mar 16 2026 15:05:42 UTC
31-Mar-2026 20:59:25.552 INFO [main] org.apache.catalina.startup.VersionLoggerListener.log Server version number: 9.0.116.0
31-Mar-2026 20:59:25.552 INFO [main] org.apache.catalina.startup.VersionLoggerListener.log OS Name:               Mac OS X
31-Mar-2026 20:59:25.552 INFO [main] org.apache.catalina.startup.VersionLoggerListener.log OS Version:            15.5
31-Mar-2026 20:59:25.552 INFO [main] org.apache.catalina.startup.VersionLoggerListener.log Architecture:          aarch64
31-Mar-2026 20:59:25.552 INFO [main] org.apache.catalina.startup.VersionLoggerListener.log Java Home:             /Users/motocycopath/Library/Java/JavaVirtualMachines/jbr-17.0.14/Contents/Home
31-Mar-2026 20:59:25.552 INFO [main] org.apache.catalina.startup.VersionLoggerListener.log JVM Version:           17.0.14+1-b1367.22
31-Mar-2026 20:59:25.552 INFO [main] org.apache.catalina.startup.VersionLoggerListener.log JVM Vendor:            JetBrains s.r.o.
31-Mar-2026 20:59:25.552 INFO [main] org.apache.catalina.startup.VersionLoggerListener.log CATALINA_BASE:         /Users/motocycopath/Desktop/java-full-stack-training/00-microservices-00/apache-tomcat-9.0.116
31-Mar-2026 20:59:25.552 INFO [main] org.apache.catalina.startup.VersionLoggerListener.log CATALINA_HOME:         /Users/motocycopath/Desktop/java-full-stack-training/00-microservices-00/apache-tomcat-9.0.116
31-Mar-2026 20:59:25.558 INFO [main] org.apache.catalina.startup.VersionLoggerListener.log Command line argument: --add-opens=java.base/java.lang=ALL-UNNAMED
31-Mar-2026 20:59:25.558 INFO [main] org.apache.catalina.startup.VersionLoggerListener.log Command line argument: --add-opens=java.base/java.lang.invoke=ALL-UNNAMED
31-Mar-2026 20:59:25.558 INFO [main] org.apache.catalina.startup.VersionLoggerListener.log Command line argument: --add-opens=java.base/java.lang.reflect=ALL-UNNAMED
31-Mar-2026 20:59:25.558 INFO [main] org.apache.catalina.startup.VersionLoggerListener.log Command line argument: --add-opens=java.base/java.io=ALL-UNNAMED
31-Mar-2026 20:59:25.558 INFO [main] org.apache.catalina.startup.VersionLoggerListener.log Command line argument: --add-opens=java.base/java.util=ALL-UNNAMED
31-Mar-2026 20:59:25.558 INFO [main] org.apache.catalina.startup.VersionLoggerListener.log Command line argument: --add-opens=java.base/java.util.concurrent=ALL-UNNAMED
31-Mar-2026 20:59:25.558 INFO [main] org.apache.catalina.startup.VersionLoggerListener.log Command line argument: --add-opens=java.rmi/sun.rmi.transport=ALL-UNNAMED
31-Mar-2026 20:59:25.558 INFO [main] org.apache.catalina.startup.VersionLoggerListener.log Command line argument: -Djava.util.logging.config.file=/Users/motocycopath/Desktop/java-full-stack-training/00-microservices-00/apache-tomcat-9.0.116/conf/logging.properties
31-Mar-2026 20:59:25.558 INFO [main] org.apache.catalina.startup.VersionLoggerListener.log Command line argument: -Djava.util.logging.manager=org.apache.juli.ClassLoaderLogManager
31-Mar-2026 20:59:25.558 INFO [main] org.apache.catalina.startup.VersionLoggerListener.log Command line argument: -Djdk.tls.ephemeralDHKeySize=2048
31-Mar-2026 20:59:25.558 INFO [main] org.apache.catalina.startup.VersionLoggerListener.log Command line argument: -Djava.protocol.handler.pkgs=org.apache.catalina.webresources
31-Mar-2026 20:59:25.558 INFO [main] org.apache.catalina.startup.VersionLoggerListener.log Command line argument: -Dsun.io.useCanonCaches=false
31-Mar-2026 20:59:25.558 INFO [main] org.apache.catalina.startup.VersionLoggerListener.log Command line argument: -Dorg.apache.catalina.security.SecurityListener.UMASK=0027
31-Mar-2026 20:59:25.558 INFO [main] org.apache.catalina.startup.VersionLoggerListener.log Command line argument: -Dignore.endorsed.dirs=
31-Mar-2026 20:59:25.558 INFO [main] org.apache.catalina.startup.VersionLoggerListener.log Command line argument: -Dcatalina.base=/Users/motocycopath/Desktop/java-full-stack-training/00-microservices-00/apache-tomcat-9.0.116
31-Mar-2026 20:59:25.558 INFO [main] org.apache.catalina.startup.VersionLoggerListener.log Command line argument: -Dcatalina.home=/Users/motocycopath/Desktop/java-full-stack-training/00-microservices-00/apache-tomcat-9.0.116
31-Mar-2026 20:59:25.558 INFO [main] org.apache.catalina.startup.VersionLoggerListener.log Command line argument: -Djava.io.tmpdir=/Users/motocycopath/Desktop/java-full-stack-training/00-microservices-00/apache-tomcat-9.0.116/temp
31-Mar-2026 20:59:25.563 INFO [main] org.apache.catalina.core.AprLifecycleListener.lifecycleEvent The Apache Tomcat Native library which allows using OpenSSL was not found on the java.library.path: [/Users/motocycopath/Library/Java/Extensions:/Library/Java/Extensions:/Network/Library/Java/Extensions:/System/Library/Java/Extensions:/usr/lib/java:.]
31-Mar-2026 20:59:25.670 INFO [main] org.apache.coyote.AbstractProtocol.init Initializing ProtocolHandler ["http-nio-8080"]
31-Mar-2026 20:59:25.680 INFO [main] org.apache.catalina.startup.Catalina.load Server initialization in [199] milliseconds
31-Mar-2026 20:59:25.695 INFO [main] org.apache.catalina.core.StandardService.startInternal Starting service [Catalina]
31-Mar-2026 20:59:25.695 INFO [main] org.apache.catalina.core.StandardEngine.startInternal Starting Servlet engine: [Apache Tomcat/9.0.116]
31-Mar-2026 20:59:25.698 INFO [main] org.apache.catalina.startup.HostConfig.deployDirectory Deploying web application directory [/Users/motocycopath/Desktop/java-full-stack-training/00-microservices-00/apache-tomcat-9.0.116/webapps/employee-service]
31-Mar-2026 20:59:26.340 INFO [main] org.apache.jasper.servlet.TldScanner.scanJars At least one JAR was scanned for TLDs yet contained no TLDs. Enable debug logging for this logger for a complete list of JARs that were scanned but no TLDs were found in them. Skipping unneeded JARs during scanning can improve startup time and JSP compilation time.
31-Mar-2026 20:59:26.355 INFO [main] org.springframework.web.context.ContextLoader.initWebApplicationContext Root WebApplicationContext: initialization started
31-Mar-2026 20:59:26.484 INFO [main] org.springframework.data.repository.config.RepositoryConfigurationDelegate.registerRepositoriesIn Bootstrapping Spring Data JPA repositories in DEFAULT mode.
31-Mar-2026 20:59:26.513 INFO [main] org.springframework.data.repository.config.RepositoryConfigurationDelegate.registerRepositoriesIn Finished Spring Data repository scanning in 22 ms. Found 1 JPA repository interfaces.
31-Mar-2026 20:59:26.513 INFO [main] org.springframework.data.repository.config.RepositoryConfigurationDelegate.registerRepositoriesIn Bootstrapping Spring Data JPA repositories in DEFAULT mode.
31-Mar-2026 20:59:26.515 INFO [main] org.springframework.data.repository.config.RepositoryConfigurationDelegate.registerRepositoriesIn Finished Spring Data repository scanning in 1 ms. Found 1 JPA repository interfaces.
31-Mar-2026 20:59:26.622 INFO [main] org.hibernate.jpa.internal.util.LogHelper.logPersistenceUnitInformation HHH000204: Processing PersistenceUnitInfo [
	name: default
	...]
31-Mar-2026 20:59:26.654 INFO [main] org.hibernate.Version.logVersion HHH000412: Hibernate Core {5.2.8.Final}
31-Mar-2026 20:59:26.655 INFO [main] org.hibernate.cfg.Environment.<clinit> HHH000206: hibernate.properties not found
31-Mar-2026 20:59:26.661 WARNING [main] org.springframework.context.support.AbstractApplicationContext.refresh Exception encountered during context initialization - cancelling refresh attempt: org.springframework.beans.factory.BeanCreationException: Error creating bean with name 'entityManagerFactory' defined in ServletContext resource [/WEB-INF/cst_jpa_spring_config.xml]: Invocation of init method failed; nested exception is java.lang.NoClassDefFoundError: javax/xml/bind/JAXBException
31-Mar-2026 20:59:26.663 SEVERE [main] org.springframework.web.context.ContextLoader.initWebApplicationContext Context initialization failed
	org.springframework.beans.factory.BeanCreationException: Error creating bean with name 'entityManagerFactory' defined in ServletContext resource [/WEB-INF/cst_jpa_spring_config.xml]: Invocation of init method failed; nested exception is java.lang.NoClassDefFoundError: javax/xml/bind/JAXBException
		at org.springframework.beans.factory.support.AbstractAutowireCapableBeanFactory.initializeBean(AbstractAutowireCapableBeanFactory.java:1804)
		at org.springframework.beans.factory.support.AbstractAutowireCapableBeanFactory.doCreateBean(AbstractAutowireCapableBeanFactory.java:620)
		at org.springframework.beans.factory.support.AbstractAutowireCapableBeanFactory.createBean(AbstractAutowireCapableBeanFactory.java:542)
		at org.springframework.beans.factory.support.AbstractBeanFactory.lambda$doGetBean$0(AbstractBeanFactory.java:335)
		at org.springframework.beans.factory.support.DefaultSingletonBeanRegistry.getSingleton(DefaultSingletonBeanRegistry.java:234)
		at org.springframework.beans.factory.support.AbstractBeanFactory.doGetBean(AbstractBeanFactory.java:333)
		at org.springframework.beans.factory.support.AbstractBeanFactory.getBean(AbstractBeanFactory.java:208)
		at org.springframework.context.support.AbstractApplicationContext.getBean(AbstractApplicationContext.java:1154)
		at org.springframework.context.support.AbstractApplicationContext.finishBeanFactoryInitialization(AbstractApplicationContext.java:908)
		at org.springframework.context.support.AbstractApplicationContext.refresh(AbstractApplicationContext.java:583)
		at org.springframework.web.context.ContextLoader.configureAndRefreshWebApplicationContext(ContextLoader.java:401)
		at org.springframework.web.context.ContextLoader.initWebApplicationContext(ContextLoader.java:292)
		at org.springframework.web.context.ContextLoaderListener.contextInitialized(ContextLoaderListener.java:103)
		at org.apache.catalina.core.StandardContext.listenerStart(StandardContext.java:4047)
		at org.apache.catalina.core.StandardContext.startInternal(StandardContext.java:4489)
		at org.apache.catalina.util.LifecycleBase.start(LifecycleBase.java:164)
		at org.apache.catalina.core.ContainerBase.addChildInternal(ContainerBase.java:597)
		at org.apache.catalina.core.ContainerBase.addChild(ContainerBase.java:569)
		at org.apache.catalina.core.StandardHost.addChild(StandardHost.java:608)
		at org.apache.catalina.startup.HostConfig.deployDirectory(HostConfig.java:1171)
		at org.apache.catalina.startup.HostConfig$DeployDirectory.run(HostConfig.java:1880)
		at java.base/java.util.concurrent.Executors$RunnableAdapter.call(Executors.java:539)
		at java.base/java.util.concurrent.FutureTask.run(FutureTask.java:264)
		at org.apache.tomcat.util.threads.InlineExecutorService.execute(InlineExecutorService.java:82)
		at java.base/java.util.concurrent.AbstractExecutorService.submit(AbstractExecutorService.java:123)
		at org.apache.catalina.startup.HostConfig.deployDirectories(HostConfig.java:1082)
		at org.apache.catalina.startup.HostConfig.deployApps(HostConfig.java:467)
		at org.apache.catalina.startup.HostConfig.start(HostConfig.java:1576)
		at org.apache.catalina.startup.HostConfig.lifecycleEvent(HostConfig.java:309)
		at org.apache.catalina.util.LifecycleBase.fireLifecycleEvent(LifecycleBase.java:109)
		at org.apache.catalina.util.LifecycleBase.setStateInternal(LifecycleBase.java:389)
		at org.apache.catalina.util.LifecycleBase.setState(LifecycleBase.java:336)
		at org.apache.catalina.core.ContainerBase.startInternal(ContainerBase.java:774)
		at org.apache.catalina.core.StandardHost.startInternal(StandardHost.java:726)
		at org.apache.catalina.util.LifecycleBase.start(LifecycleBase.java:164)
		at org.apache.catalina.core.ContainerBase$StartChild.call(ContainerBase.java:1201)
		at org.apache.catalina.core.ContainerBase$StartChild.call(ContainerBase.java:1191)
		at java.base/java.util.concurrent.FutureTask.run(FutureTask.java:264)
		at org.apache.tomcat.util.threads.InlineExecutorService.execute(InlineExecutorService.java:82)
		at java.base/java.util.concurrent.AbstractExecutorService.submit(AbstractExecutorService.java:145)
		at org.apache.catalina.core.ContainerBase.startInternal(ContainerBase.java:747)
		at org.apache.catalina.core.StandardEngine.startInternal(StandardEngine.java:209)
		at org.apache.catalina.util.LifecycleBase.start(LifecycleBase.java:164)
		at org.apache.catalina.core.StandardService.startInternal(StandardService.java:410)
		at org.apache.catalina.util.LifecycleBase.start(LifecycleBase.java:164)
		at org.apache.catalina.core.StandardServer.startInternal(StandardServer.java:872)
		at org.apache.catalina.util.LifecycleBase.start(LifecycleBase.java:164)
		at org.apache.catalina.startup.Catalina.start(Catalina.java:736)
		at java.base/jdk.internal.reflect.NativeMethodAccessorImpl.invoke0(Native Method)
		at java.base/jdk.internal.reflect.NativeMethodAccessorImpl.invoke(NativeMethodAccessorImpl.java:77)
		at java.base/jdk.internal.reflect.DelegatingMethodAccessorImpl.invoke(DelegatingMethodAccessorImpl.java:43)
		at java.base/java.lang.reflect.Method.invoke(Method.java:569)
		at org.apache.catalina.startup.Bootstrap.start(Bootstrap.java:342)
		at org.apache.catalina.startup.Bootstrap.main(Bootstrap.java:473)
	Caused by: java.lang.NoClassDefFoundError: javax/xml/bind/JAXBException
		at org.hibernate.boot.spi.XmlMappingBinderAccess.<init>(XmlMappingBinderAccess.java:43)
		at org.hibernate.boot.MetadataSources.<init>(MetadataSources.java:87)
		at org.hibernate.jpa.boot.internal.EntityManagerFactoryBuilderImpl.<init>(EntityManagerFactoryBuilderImpl.java:208)
		at org.hibernate.jpa.boot.internal.EntityManagerFactoryBuilderImpl.<init>(EntityManagerFactoryBuilderImpl.java:163)
		at org.springframework.orm.jpa.vendor.SpringHibernateJpaPersistenceProvider.createContainerEntityManagerFactory(SpringHibernateJpaPersistenceProvider.java:52)
		at org.springframework.orm.jpa.LocalContainerEntityManagerFactoryBean.createNativeEntityManagerFactory(LocalContainerEntityManagerFactoryBean.java:365)
		at org.springframework.orm.jpa.AbstractEntityManagerFactoryBean.buildNativeEntityManagerFactory(AbstractEntityManagerFactoryBean.java:409)
		at org.springframework.orm.jpa.AbstractEntityManagerFactoryBean.afterPropertiesSet(AbstractEntityManagerFactoryBean.java:396)
		at org.springframework.orm.jpa.LocalContainerEntityManagerFactoryBean.afterPropertiesSet(LocalContainerEntityManagerFactoryBean.java:341)
		at org.springframework.beans.factory.support.AbstractAutowireCapableBeanFactory.invokeInitMethods(AbstractAutowireCapableBeanFactory.java:1863)
		at org.springframework.beans.factory.support.AbstractAutowireCapableBeanFactory.initializeBean(AbstractAutowireCapableBeanFactory.java:1800)
		... 53 more
	Caused by: java.lang.ClassNotFoundException: javax.xml.bind.JAXBException
		at org.apache.catalina.loader.WebappClassLoaderBase.loadClass(WebappClassLoaderBase.java:1351)
		at org.apache.catalina.loader.WebappClassLoaderBase.loadClass(WebappClassLoaderBase.java:1160)
		... 64 more
31-Mar-2026 20:59:26.664 SEVERE [main] org.apache.catalina.core.StandardContext.startInternal One or more listeners failed to start. Full details will be found in the appropriate container log file
31-Mar-2026 20:59:26.672 SEVERE [main] org.apache.catalina.core.StandardContext.startInternal Context [/employee-service] startup failed due to previous errors
31-Mar-2026 20:59:26.675 WARNING [main] org.apache.catalina.loader.WebappClassLoaderBase.clearReferencesJdbc The web application [employee-service] registered the JDBC driver [com.mysql.cj.jdbc.Driver] but failed to unregister it when the web application was stopped. To prevent a memory leak, the JDBC Driver has been forcibly unregistered.
31-Mar-2026 20:59:26.676 WARNING [main] org.apache.catalina.loader.WebappClassLoaderBase.clearReferencesThreads The web application [employee-service] appears to have started a thread named [mysql-cj-abandoned-connection-cleanup] but has failed to stop it. This is very likely to create a memory leak. Stack trace of thread:
 java.base@17.0.14/java.lang.Object.wait(Native Method)
 java.base@17.0.14/java.lang.ref.ReferenceQueue.remove(ReferenceQueue.java:155)
 com.mysql.cj.jdbc.AbandonedConnectionCleanupThread.run(AbandonedConnectionCleanupThread.java:91)
 java.base@17.0.14/java.util.concurrent.ThreadPoolExecutor.runWorker(ThreadPoolExecutor.java:1136)
 java.base@17.0.14/java.util.concurrent.ThreadPoolExecutor$Worker.run(ThreadPoolExecutor.java:635)
 java.base@17.0.14/java.lang.Thread.run(Thread.java:840)
31-Mar-2026 20:59:26.679 INFO [main] org.apache.catalina.startup.HostConfig.deployDirectory Deployment of web application directory [/Users/motocycopath/Desktop/java-full-stack-training/00-microservices-00/apache-tomcat-9.0.116/webapps/employee-service] has finished in [981] ms
31-Mar-2026 20:59:26.679 INFO [main] org.apache.catalina.startup.HostConfig.deployDirectory Deploying web application directory [/Users/motocycopath/Desktop/java-full-stack-training/00-microservices-00/apache-tomcat-9.0.116/webapps/docs]
31-Mar-2026 20:59:26.696 INFO [main] org.apache.catalina.startup.HostConfig.deployDirectory Deployment of web application directory [/Users/motocycopath/Desktop/java-full-stack-training/00-microservices-00/apache-tomcat-9.0.116/webapps/docs] has finished in [17] ms
31-Mar-2026 20:59:26.696 INFO [main] org.apache.catalina.startup.HostConfig.deployDirectory Deploying web application directory [/Users/motocycopath/Desktop/java-full-stack-training/00-microservices-00/apache-tomcat-9.0.116/webapps/manager]
31-Mar-2026 20:59:26.708 INFO [main] org.apache.catalina.startup.HostConfig.deployDirectory Deployment of web application directory [/Users/motocycopath/Desktop/java-full-stack-training/00-microservices-00/apache-tomcat-9.0.116/webapps/manager] has finished in [12] ms
31-Mar-2026 20:59:26.708 INFO [main] org.apache.catalina.startup.HostConfig.deployDirectory Deploying web application directory [/Users/motocycopath/Desktop/java-full-stack-training/00-microservices-00/apache-tomcat-9.0.116/webapps/examples]
31-Mar-2026 20:59:26.771 INFO [main] org.apache.catalina.startup.HostConfig.deployDirectory Deployment of web application directory [/Users/motocycopath/Desktop/java-full-stack-training/00-microservices-00/apache-tomcat-9.0.116/webapps/examples] has finished in [63] ms
31-Mar-2026 20:59:26.772 INFO [main] org.apache.catalina.startup.HostConfig.deployDirectory Deploying web application directory [/Users/motocycopath/Desktop/java-full-stack-training/00-microservices-00/apache-tomcat-9.0.116/webapps/ROOT]
31-Mar-2026 20:59:26.777 INFO [main] org.apache.catalina.startup.HostConfig.deployDirectory Deployment of web application directory [/Users/motocycopath/Desktop/java-full-stack-training/00-microservices-00/apache-tomcat-9.0.116/webapps/ROOT] has finished in [5] ms
31-Mar-2026 20:59:26.777 INFO [main] org.apache.catalina.startup.HostConfig.deployDirectory Deploying web application directory [/Users/motocycopath/Desktop/java-full-stack-training/00-microservices-00/apache-tomcat-9.0.116/webapps/host-manager]
31-Mar-2026 20:59:26.784 INFO [main] org.apache.catalina.startup.HostConfig.deployDirectory Deployment of web application directory [/Users/motocycopath/Desktop/java-full-stack-training/00-microservices-00/apache-tomcat-9.0.116/webapps/host-manager] has finished in [7] ms
31-Mar-2026 20:59:26.785 INFO [main] org.apache.coyote.AbstractProtocol.start Starting ProtocolHandler ["http-nio-8080"]
31-Mar-2026 20:59:26.789 INFO [main] org.apache.catalina.startup.Catalina.start Server startup in [1108] milliseconds
31-Mar-2026 20:59:31.589 INFO [mysql-cj-abandoned-connection-cleanup] org.apache.catalina.loader.WebappClassLoaderBase.checkStateForResourceLoading Illegal access: this web application instance has been stopped already. Could not load []. The following stack trace is thrown for debugging purposes as well as to attempt to terminate the thread which caused the illegal access.
	java.lang.IllegalStateException: Illegal access: this web application instance has been stopped already. Could not load []. The following stack trace is thrown for debugging purposes as well as to attempt to terminate the thread which caused the illegal access.
		at org.apache.catalina.loader.WebappClassLoaderBase.checkStateForResourceLoading(WebappClassLoaderBase.java:1370)
		at org.apache.catalina.loader.WebappClassLoaderBase.getResource(WebappClassLoaderBase.java:994)
		at com.mysql.cj.jdbc.AbandonedConnectionCleanupThread.checkThreadContextClassLoader(AbandonedConnectionCleanupThread.java:123)
		at com.mysql.cj.jdbc.AbandonedConnectionCleanupThread.run(AbandonedConnectionCleanupThread.java:90)
		at java.base/java.util.concurrent.ThreadPoolExecutor.runWorker(ThreadPoolExecutor.java:1136)
		at java.base/java.util.concurrent.ThreadPoolExecutor$Worker.run(ThreadPoolExecutor.java:635)
		at java.base/java.lang.Thread.run(Thread.java:840)
31-Mar-2026 21:02:40.817 INFO [main] org.apache.catalina.core.StandardServer.await A valid shutdown command was received via the shutdown port. Stopping the Server instance.
31-Mar-2026 21:02:40.818 INFO [main] org.apache.coyote.AbstractProtocol.pause Pausing ProtocolHandler ["http-nio-8080"]
31-Mar-2026 21:02:40.823 INFO [main] org.apache.catalina.core.StandardService.stopInternal Stopping service [Catalina]
31-Mar-2026 21:02:40.830 INFO [main] org.apache.coyote.AbstractProtocol.stop Stopping ProtocolHandler ["http-nio-8080"]
31-Mar-2026 21:02:40.832 INFO [main] org.apache.coyote.AbstractProtocol.destroy Destroying ProtocolHandler ["http-nio-8080"]
NOTE: Picked up JDK_JAVA_OPTIONS:  --add-opens=java.base/java.lang=ALL-UNNAMED --add-opens=java.base/java.lang.invoke=ALL-UNNAMED --add-opens=java.base/java.lang.reflect=ALL-UNNAMED --add-opens=java.base/java.io=ALL-UNNAMED --add-opens=java.base/java.util=ALL-UNNAMED --add-opens=java.base/java.util.concurrent=ALL-UNNAMED --add-opens=java.rmi/sun.rmi.transport=ALL-UNNAMED
31-Mar-2026 21:02:41.518 INFO [main] org.apache.catalina.startup.VersionLoggerListener.log Server version name:   Apache Tomcat/9.0.116
31-Mar-2026 21:02:41.520 INFO [main] org.apache.catalina.startup.VersionLoggerListener.log Server built:          Mar 16 2026 15:05:42 UTC
31-Mar-2026 21:02:41.520 INFO [main] org.apache.catalina.startup.VersionLoggerListener.log Server version number: 9.0.116.0
31-Mar-2026 21:02:41.521 INFO [main] org.apache.catalina.startup.VersionLoggerListener.log OS Name:               Mac OS X
31-Mar-2026 21:02:41.521 INFO [main] org.apache.catalina.startup.VersionLoggerListener.log OS Version:            15.5
31-Mar-2026 21:02:41.521 INFO [main] org.apache.catalina.startup.VersionLoggerListener.log Architecture:          aarch64
31-Mar-2026 21:02:41.521 INFO [main] org.apache.catalina.startup.VersionLoggerListener.log Java Home:             /Users/motocycopath/Library/Java/JavaVirtualMachines/jbr-17.0.14/Contents/Home
31-Mar-2026 21:02:41.521 INFO [main] org.apache.catalina.startup.VersionLoggerListener.log JVM Version:           17.0.14+1-b1367.22
31-Mar-2026 21:02:41.521 INFO [main] org.apache.catalina.startup.VersionLoggerListener.log JVM Vendor:            JetBrains s.r.o.
31-Mar-2026 21:02:41.521 INFO [main] org.apache.catalina.startup.VersionLoggerListener.log CATALINA_BASE:         /Users/motocycopath/Desktop/java-full-stack-training/00-microservices-00/apache-tomcat-9.0.116
31-Mar-2026 21:02:41.521 INFO [main] org.apache.catalina.startup.VersionLoggerListener.log CATALINA_HOME:         /Users/motocycopath/Desktop/java-full-stack-training/00-microservices-00/apache-tomcat-9.0.116
31-Mar-2026 21:02:41.527 INFO [main] org.apache.catalina.startup.VersionLoggerListener.log Command line argument: --add-opens=java.base/java.lang=ALL-UNNAMED
31-Mar-2026 21:02:41.527 INFO [main] org.apache.catalina.startup.VersionLoggerListener.log Command line argument: --add-opens=java.base/java.lang.invoke=ALL-UNNAMED
31-Mar-2026 21:02:41.527 INFO [main] org.apache.catalina.startup.VersionLoggerListener.log Command line argument: --add-opens=java.base/java.lang.reflect=ALL-UNNAMED
31-Mar-2026 21:02:41.527 INFO [main] org.apache.catalina.startup.VersionLoggerListener.log Command line argument: --add-opens=java.base/java.io=ALL-UNNAMED
31-Mar-2026 21:02:41.527 INFO [main] org.apache.catalina.startup.VersionLoggerListener.log Command line argument: --add-opens=java.base/java.util=ALL-UNNAMED
31-Mar-2026 21:02:41.527 INFO [main] org.apache.catalina.startup.VersionLoggerListener.log Command line argument: --add-opens=java.base/java.util.concurrent=ALL-UNNAMED
31-Mar-2026 21:02:41.527 INFO [main] org.apache.catalina.startup.VersionLoggerListener.log Command line argument: --add-opens=java.rmi/sun.rmi.transport=ALL-UNNAMED
31-Mar-2026 21:02:41.527 INFO [main] org.apache.catalina.startup.VersionLoggerListener.log Command line argument: -Djava.util.logging.config.file=/Users/motocycopath/Desktop/java-full-stack-training/00-microservices-00/apache-tomcat-9.0.116/conf/logging.properties
31-Mar-2026 21:02:41.527 INFO [main] org.apache.catalina.startup.VersionLoggerListener.log Command line argument: -Djava.util.logging.manager=org.apache.juli.ClassLoaderLogManager
31-Mar-2026 21:02:41.527 INFO [main] org.apache.catalina.startup.VersionLoggerListener.log Command line argument: -Djdk.tls.ephemeralDHKeySize=2048
31-Mar-2026 21:02:41.527 INFO [main] org.apache.catalina.startup.VersionLoggerListener.log Command line argument: -Djava.protocol.handler.pkgs=org.apache.catalina.webresources
31-Mar-2026 21:02:41.527 INFO [main] org.apache.catalina.startup.VersionLoggerListener.log Command line argument: -Dsun.io.useCanonCaches=false
31-Mar-2026 21:02:41.527 INFO [main] org.apache.catalina.startup.VersionLoggerListener.log Command line argument: -Dorg.apache.catalina.security.SecurityListener.UMASK=0027
31-Mar-2026 21:02:41.527 INFO [main] org.apache.catalina.startup.VersionLoggerListener.log Command line argument: -Dignore.endorsed.dirs=
31-Mar-2026 21:02:41.528 INFO [main] org.apache.catalina.startup.VersionLoggerListener.log Command line argument: -Dcatalina.base=/Users/motocycopath/Desktop/java-full-stack-training/00-microservices-00/apache-tomcat-9.0.116
31-Mar-2026 21:02:41.528 INFO [main] org.apache.catalina.startup.VersionLoggerListener.log Command line argument: -Dcatalina.home=/Users/motocycopath/Desktop/java-full-stack-training/00-microservices-00/apache-tomcat-9.0.116
31-Mar-2026 21:02:41.528 INFO [main] org.apache.catalina.startup.VersionLoggerListener.log Command line argument: -Djava.io.tmpdir=/Users/motocycopath/Desktop/java-full-stack-training/00-microservices-00/apache-tomcat-9.0.116/temp
31-Mar-2026 21:02:41.532 INFO [main] org.apache.catalina.core.AprLifecycleListener.lifecycleEvent The Apache Tomcat Native library which allows using OpenSSL was not found on the java.library.path: [/Users/motocycopath/Library/Java/Extensions:/Library/Java/Extensions:/Network/Library/Java/Extensions:/System/Library/Java/Extensions:/usr/lib/java:.]
31-Mar-2026 21:02:41.637 INFO [main] org.apache.coyote.AbstractProtocol.init Initializing ProtocolHandler ["http-nio-8080"]
31-Mar-2026 21:02:41.648 INFO [main] org.apache.catalina.startup.Catalina.load Server initialization in [198] milliseconds
31-Mar-2026 21:02:41.664 INFO [main] org.apache.catalina.core.StandardService.startInternal Starting service [Catalina]
31-Mar-2026 21:02:41.664 INFO [main] org.apache.catalina.core.StandardEngine.startInternal Starting Servlet engine: [Apache Tomcat/9.0.116]
31-Mar-2026 21:02:41.666 INFO [main] org.apache.catalina.startup.HostConfig.deployDirectory Deploying web application directory [/Users/motocycopath/Desktop/java-full-stack-training/00-microservices-00/apache-tomcat-9.0.116/webapps/employee-service]
31-Mar-2026 21:02:42.306 INFO [main] org.apache.jasper.servlet.TldScanner.scanJars At least one JAR was scanned for TLDs yet contained no TLDs. Enable debug logging for this logger for a complete list of JARs that were scanned but no TLDs were found in them. Skipping unneeded JARs during scanning can improve startup time and JSP compilation time.
31-Mar-2026 21:02:42.321 INFO [main] org.springframework.web.context.ContextLoader.initWebApplicationContext Root WebApplicationContext: initialization started
31-Mar-2026 21:02:42.459 INFO [main] org.springframework.data.repository.config.RepositoryConfigurationDelegate.registerRepositoriesIn Bootstrapping Spring Data JPA repositories in DEFAULT mode.
31-Mar-2026 21:02:42.488 INFO [main] org.springframework.data.repository.config.RepositoryConfigurationDelegate.registerRepositoriesIn Finished Spring Data repository scanning in 22 ms. Found 1 JPA repository interfaces.
31-Mar-2026 21:02:42.488 INFO [main] org.springframework.data.repository.config.RepositoryConfigurationDelegate.registerRepositoriesIn Bootstrapping Spring Data JPA repositories in DEFAULT mode.
31-Mar-2026 21:02:42.490 INFO [main] org.springframework.data.repository.config.RepositoryConfigurationDelegate.registerRepositoriesIn Finished Spring Data repository scanning in 1 ms. Found 1 JPA repository interfaces.
31-Mar-2026 21:02:42.604 INFO [main] org.hibernate.jpa.internal.util.LogHelper.logPersistenceUnitInformation HHH000204: Processing PersistenceUnitInfo [
	name: default
	...]
31-Mar-2026 21:02:42.637 INFO [main] org.hibernate.Version.logVersion HHH000412: Hibernate Core {5.2.8.Final}
31-Mar-2026 21:02:42.638 INFO [main] org.hibernate.cfg.Environment.<clinit> HHH000206: hibernate.properties not found
31-Mar-2026 21:02:42.645 WARNING [main] org.springframework.context.support.AbstractApplicationContext.refresh Exception encountered during context initialization - cancelling refresh attempt: org.springframework.beans.factory.BeanCreationException: Error creating bean with name 'entityManagerFactory' defined in ServletContext resource [/WEB-INF/cst_jpa_spring_config.xml]: Invocation of init method failed; nested exception is java.lang.NoClassDefFoundError: javax/xml/bind/JAXBException
31-Mar-2026 21:02:42.646 SEVERE [main] org.springframework.web.context.ContextLoader.initWebApplicationContext Context initialization failed
	org.springframework.beans.factory.BeanCreationException: Error creating bean with name 'entityManagerFactory' defined in ServletContext resource [/WEB-INF/cst_jpa_spring_config.xml]: Invocation of init method failed; nested exception is java.lang.NoClassDefFoundError: javax/xml/bind/JAXBException
		at org.springframework.beans.factory.support.AbstractAutowireCapableBeanFactory.initializeBean(AbstractAutowireCapableBeanFactory.java:1804)
		at org.springframework.beans.factory.support.AbstractAutowireCapableBeanFactory.doCreateBean(AbstractAutowireCapableBeanFactory.java:620)
		at org.springframework.beans.factory.support.AbstractAutowireCapableBeanFactory.createBean(AbstractAutowireCapableBeanFactory.java:542)
		at org.springframework.beans.factory.support.AbstractBeanFactory.lambda$doGetBean$0(AbstractBeanFactory.java:335)
		at org.springframework.beans.factory.support.DefaultSingletonBeanRegistry.getSingleton(DefaultSingletonBeanRegistry.java:234)
		at org.springframework.beans.factory.support.AbstractBeanFactory.doGetBean(AbstractBeanFactory.java:333)
		at org.springframework.beans.factory.support.AbstractBeanFactory.getBean(AbstractBeanFactory.java:208)
		at org.springframework.context.support.AbstractApplicationContext.getBean(AbstractApplicationContext.java:1154)
		at org.springframework.context.support.AbstractApplicationContext.finishBeanFactoryInitialization(AbstractApplicationContext.java:908)
		at org.springframework.context.support.AbstractApplicationContext.refresh(AbstractApplicationContext.java:583)
		at org.springframework.web.context.ContextLoader.configureAndRefreshWebApplicationContext(ContextLoader.java:401)
		at org.springframework.web.context.ContextLoader.initWebApplicationContext(ContextLoader.java:292)
		at org.springframework.web.context.ContextLoaderListener.contextInitialized(ContextLoaderListener.java:103)
		at org.apache.catalina.core.StandardContext.listenerStart(StandardContext.java:4047)
		at org.apache.catalina.core.StandardContext.startInternal(StandardContext.java:4489)
		at org.apache.catalina.util.LifecycleBase.start(LifecycleBase.java:164)
		at org.apache.catalina.core.ContainerBase.addChildInternal(ContainerBase.java:597)
		at org.apache.catalina.core.ContainerBase.addChild(ContainerBase.java:569)
		at org.apache.catalina.core.StandardHost.addChild(StandardHost.java:608)
		at org.apache.catalina.startup.HostConfig.deployDirectory(HostConfig.java:1171)
		at org.apache.catalina.startup.HostConfig$DeployDirectory.run(HostConfig.java:1880)
		at java.base/java.util.concurrent.Executors$RunnableAdapter.call(Executors.java:539)
		at java.base/java.util.concurrent.FutureTask.run(FutureTask.java:264)
		at org.apache.tomcat.util.threads.InlineExecutorService.execute(InlineExecutorService.java:82)
		at java.base/java.util.concurrent.AbstractExecutorService.submit(AbstractExecutorService.java:123)
		at org.apache.catalina.startup.HostConfig.deployDirectories(HostConfig.java:1082)
		at org.apache.catalina.startup.HostConfig.deployApps(HostConfig.java:467)
		at org.apache.catalina.startup.HostConfig.start(HostConfig.java:1576)
		at org.apache.catalina.startup.HostConfig.lifecycleEvent(HostConfig.java:309)
		at org.apache.catalina.util.LifecycleBase.fireLifecycleEvent(LifecycleBase.java:109)
		at org.apache.catalina.util.LifecycleBase.setStateInternal(LifecycleBase.java:389)
		at org.apache.catalina.util.LifecycleBase.setState(LifecycleBase.java:336)
		at org.apache.catalina.core.ContainerBase.startInternal(ContainerBase.java:774)
		at org.apache.catalina.core.StandardHost.startInternal(StandardHost.java:726)
		at org.apache.catalina.util.LifecycleBase.start(LifecycleBase.java:164)
		at org.apache.catalina.core.ContainerBase$StartChild.call(ContainerBase.java:1201)
		at org.apache.catalina.core.ContainerBase$StartChild.call(ContainerBase.java:1191)
		at java.base/java.util.concurrent.FutureTask.run(FutureTask.java:264)
		at org.apache.tomcat.util.threads.InlineExecutorService.execute(InlineExecutorService.java:82)
		at java.base/java.util.concurrent.AbstractExecutorService.submit(AbstractExecutorService.java:145)
		at org.apache.catalina.core.ContainerBase.startInternal(ContainerBase.java:747)
		at org.apache.catalina.core.StandardEngine.startInternal(StandardEngine.java:209)
		at org.apache.catalina.util.LifecycleBase.start(LifecycleBase.java:164)
		at org.apache.catalina.core.StandardService.startInternal(StandardService.java:410)
		at org.apache.catalina.util.LifecycleBase.start(LifecycleBase.java:164)
		at org.apache.catalina.core.StandardServer.startInternal(StandardServer.java:872)
		at org.apache.catalina.util.LifecycleBase.start(LifecycleBase.java:164)
		at org.apache.catalina.startup.Catalina.start(Catalina.java:736)
		at java.base/jdk.internal.reflect.NativeMethodAccessorImpl.invoke0(Native Method)
		at java.base/jdk.internal.reflect.NativeMethodAccessorImpl.invoke(NativeMethodAccessorImpl.java:77)
		at java.base/jdk.internal.reflect.DelegatingMethodAccessorImpl.invoke(DelegatingMethodAccessorImpl.java:43)
		at java.base/java.lang.reflect.Method.invoke(Method.java:569)
		at org.apache.catalina.startup.Bootstrap.start(Bootstrap.java:342)
		at org.apache.catalina.startup.Bootstrap.main(Bootstrap.java:473)
	Caused by: java.lang.NoClassDefFoundError: javax/xml/bind/JAXBException
		at org.hibernate.boot.spi.XmlMappingBinderAccess.<init>(XmlMappingBinderAccess.java:43)
		at org.hibernate.boot.MetadataSources.<init>(MetadataSources.java:87)
		at org.hibernate.jpa.boot.internal.EntityManagerFactoryBuilderImpl.<init>(EntityManagerFactoryBuilderImpl.java:208)
		at org.hibernate.jpa.boot.internal.EntityManagerFactoryBuilderImpl.<init>(EntityManagerFactoryBuilderImpl.java:163)
		at org.springframework.orm.jpa.vendor.SpringHibernateJpaPersistenceProvider.createContainerEntityManagerFactory(SpringHibernateJpaPersistenceProvider.java:52)
		at org.springframework.orm.jpa.LocalContainerEntityManagerFactoryBean.createNativeEntityManagerFactory(LocalContainerEntityManagerFactoryBean.java:365)
		at org.springframework.orm.jpa.AbstractEntityManagerFactoryBean.buildNativeEntityManagerFactory(AbstractEntityManagerFactoryBean.java:409)
		at org.springframework.orm.jpa.AbstractEntityManagerFactoryBean.afterPropertiesSet(AbstractEntityManagerFactoryBean.java:396)
		at org.springframework.orm.jpa.LocalContainerEntityManagerFactoryBean.afterPropertiesSet(LocalContainerEntityManagerFactoryBean.java:341)
		at org.springframework.beans.factory.support.AbstractAutowireCapableBeanFactory.invokeInitMethods(AbstractAutowireCapableBeanFactory.java:1863)
		at org.springframework.beans.factory.support.AbstractAutowireCapableBeanFactory.initializeBean(AbstractAutowireCapableBeanFactory.java:1800)
		... 53 more
	Caused by: java.lang.ClassNotFoundException: javax.xml.bind.JAXBException
		at org.apache.catalina.loader.WebappClassLoaderBase.loadClass(WebappClassLoaderBase.java:1351)
		at org.apache.catalina.loader.WebappClassLoaderBase.loadClass(WebappClassLoaderBase.java:1160)
		... 64 more
31-Mar-2026 21:02:42.647 SEVERE [main] org.apache.catalina.core.StandardContext.startInternal One or more listeners failed to start. Full details will be found in the appropriate container log file
31-Mar-2026 21:02:42.655 SEVERE [main] org.apache.catalina.core.StandardContext.startInternal Context [/employee-service] startup failed due to previous errors
31-Mar-2026 21:02:42.658 WARNING [main] org.apache.catalina.loader.WebappClassLoaderBase.clearReferencesJdbc The web application [employee-service] registered the JDBC driver [com.mysql.cj.jdbc.Driver] but failed to unregister it when the web application was stopped. To prevent a memory leak, the JDBC Driver has been forcibly unregistered.
31-Mar-2026 21:02:42.658 WARNING [main] org.apache.catalina.loader.WebappClassLoaderBase.clearReferencesThreads The web application [employee-service] appears to have started a thread named [mysql-cj-abandoned-connection-cleanup] but has failed to stop it. This is very likely to create a memory leak. Stack trace of thread:
 java.base@17.0.14/java.lang.Object.wait(Native Method)
 java.base@17.0.14/java.lang.ref.ReferenceQueue.remove(ReferenceQueue.java:155)
 com.mysql.cj.jdbc.AbandonedConnectionCleanupThread.run(AbandonedConnectionCleanupThread.java:91)
 java.base@17.0.14/java.util.concurrent.ThreadPoolExecutor.runWorker(ThreadPoolExecutor.java:1136)
 java.base@17.0.14/java.util.concurrent.ThreadPoolExecutor$Worker.run(ThreadPoolExecutor.java:635)
 java.base@17.0.14/java.lang.Thread.run(Thread.java:840)
31-Mar-2026 21:02:42.661 INFO [main] org.apache.catalina.startup.HostConfig.deployDirectory Deployment of web application directory [/Users/motocycopath/Desktop/java-full-stack-training/00-microservices-00/apache-tomcat-9.0.116/webapps/employee-service] has finished in [995] ms
31-Mar-2026 21:02:42.661 INFO [main] org.apache.catalina.startup.HostConfig.deployDirectory Deploying web application directory [/Users/motocycopath/Desktop/java-full-stack-training/00-microservices-00/apache-tomcat-9.0.116/webapps/docs]
31-Mar-2026 21:02:42.676 INFO [main] org.apache.catalina.startup.HostConfig.deployDirectory Deployment of web application directory [/Users/motocycopath/Desktop/java-full-stack-training/00-microservices-00/apache-tomcat-9.0.116/webapps/docs] has finished in [15] ms
31-Mar-2026 21:02:42.676 INFO [main] org.apache.catalina.startup.HostConfig.deployDirectory Deploying web application directory [/Users/motocycopath/Desktop/java-full-stack-training/00-microservices-00/apache-tomcat-9.0.116/webapps/manager]
31-Mar-2026 21:02:42.687 INFO [main] org.apache.catalina.startup.HostConfig.deployDirectory Deployment of web application directory [/Users/motocycopath/Desktop/java-full-stack-training/00-microservices-00/apache-tomcat-9.0.116/webapps/manager] has finished in [11] ms
31-Mar-2026 21:02:42.687 INFO [main] org.apache.catalina.startup.HostConfig.deployDirectory Deploying web application directory [/Users/motocycopath/Desktop/java-full-stack-training/00-microservices-00/apache-tomcat-9.0.116/webapps/examples]
31-Mar-2026 21:02:42.750 INFO [main] org.apache.catalina.startup.HostConfig.deployDirectory Deployment of web application directory [/Users/motocycopath/Desktop/java-full-stack-training/00-microservices-00/apache-tomcat-9.0.116/webapps/examples] has finished in [63] ms
31-Mar-2026 21:02:42.750 INFO [main] org.apache.catalina.startup.HostConfig.deployDirectory Deploying web application directory [/Users/motocycopath/Desktop/java-full-stack-training/00-microservices-00/apache-tomcat-9.0.116/webapps/ROOT]
31-Mar-2026 21:02:42.755 INFO [main] org.apache.catalina.startup.HostConfig.deployDirectory Deployment of web application directory [/Users/motocycopath/Desktop/java-full-stack-training/00-microservices-00/apache-tomcat-9.0.116/webapps/ROOT] has finished in [5] ms
31-Mar-2026 21:02:42.755 INFO [main] org.apache.catalina.startup.HostConfig.deployDirectory Deploying web application directory [/Users/motocycopath/Desktop/java-full-stack-training/00-microservices-00/apache-tomcat-9.0.116/webapps/host-manager]
31-Mar-2026 21:02:42.761 INFO [main] org.apache.catalina.startup.HostConfig.deployDirectory Deployment of web application directory [/Users/motocycopath/Desktop/java-full-stack-training/00-microservices-00/apache-tomcat-9.0.116/webapps/host-manager] has finished in [6] ms
31-Mar-2026 21:02:42.762 INFO [main] org.apache.coyote.AbstractProtocol.start Starting ProtocolHandler ["http-nio-8080"]
31-Mar-2026 21:02:42.766 INFO [main] org.apache.catalina.startup.Catalina.start Server startup in [1118] milliseconds
31-Mar-2026 21:02:47.570 INFO [mysql-cj-abandoned-connection-cleanup] org.apache.catalina.loader.WebappClassLoaderBase.checkStateForResourceLoading Illegal access: this web application instance has been stopped already. Could not load []. The following stack trace is thrown for debugging purposes as well as to attempt to terminate the thread which caused the illegal access.
	java.lang.IllegalStateException: Illegal access: this web application instance has been stopped already. Could not load []. The following stack trace is thrown for debugging purposes as well as to attempt to terminate the thread which caused the illegal access.
		at org.apache.catalina.loader.WebappClassLoaderBase.checkStateForResourceLoading(WebappClassLoaderBase.java:1370)
		at org.apache.catalina.loader.WebappClassLoaderBase.getResource(WebappClassLoaderBase.java:994)
		at com.mysql.cj.jdbc.AbandonedConnectionCleanupThread.checkThreadContextClassLoader(AbandonedConnectionCleanupThread.java:123)
		at com.mysql.cj.jdbc.AbandonedConnectionCleanupThread.run(AbandonedConnectionCleanupThread.java:90)
		at java.base/java.util.concurrent.ThreadPoolExecutor.runWorker(ThreadPoolExecutor.java:1136)
		at java.base/java.util.concurrent.ThreadPoolExecutor$Worker.run(ThreadPoolExecutor.java:635)
		at java.base/java.lang.Thread.run(Thread.java:840)
31-Mar-2026 21:09:46.806 INFO [main] org.apache.catalina.core.StandardServer.await A valid shutdown command was received via the shutdown port. Stopping the Server instance.
31-Mar-2026 21:09:46.811 INFO [main] org.apache.coyote.AbstractProtocol.pause Pausing ProtocolHandler ["http-nio-8080"]
31-Mar-2026 21:09:46.819 INFO [main] org.apache.catalina.core.StandardService.stopInternal Stopping service [Catalina]
31-Mar-2026 21:09:46.828 INFO [main] org.apache.coyote.AbstractProtocol.stop Stopping ProtocolHandler ["http-nio-8080"]
31-Mar-2026 21:09:46.831 INFO [main] org.apache.coyote.AbstractProtocol.destroy Destroying ProtocolHandler ["http-nio-8080"]
31-Mar-2026 21:09:48.653 INFO [main] org.apache.catalina.startup.VersionLoggerListener.log Server version name:   Apache Tomcat/9.0.116
31-Mar-2026 21:09:48.656 INFO [main] org.apache.catalina.startup.VersionLoggerListener.log Server built:          Mar 16 2026 15:05:42 UTC
31-Mar-2026 21:09:48.656 INFO [main] org.apache.catalina.startup.VersionLoggerListener.log Server version number: 9.0.116.0
31-Mar-2026 21:09:48.656 INFO [main] org.apache.catalina.startup.VersionLoggerListener.log OS Name:               Mac OS X
31-Mar-2026 21:09:48.657 INFO [main] org.apache.catalina.startup.VersionLoggerListener.log OS Version:            15.5
31-Mar-2026 21:09:48.657 INFO [main] org.apache.catalina.startup.VersionLoggerListener.log Architecture:          x86_64
31-Mar-2026 21:09:48.657 INFO [main] org.apache.catalina.startup.VersionLoggerListener.log Java Home:             /Library/Java/JavaVirtualMachines/temurin-8.jdk/Contents/Home/jre
31-Mar-2026 21:09:48.657 INFO [main] org.apache.catalina.startup.VersionLoggerListener.log JVM Version:           1.8.0_482-b08
31-Mar-2026 21:09:48.657 INFO [main] org.apache.catalina.startup.VersionLoggerListener.log JVM Vendor:            Temurin
31-Mar-2026 21:09:48.657 INFO [main] org.apache.catalina.startup.VersionLoggerListener.log CATALINA_BASE:         /Users/motocycopath/Desktop/java-full-stack-training/00-microservices-00/apache-tomcat-9.0.116
31-Mar-2026 21:09:48.657 INFO [main] org.apache.catalina.startup.VersionLoggerListener.log CATALINA_HOME:         /Users/motocycopath/Desktop/java-full-stack-training/00-microservices-00/apache-tomcat-9.0.116
31-Mar-2026 21:09:48.667 INFO [main] org.apache.catalina.startup.VersionLoggerListener.log Command line argument: -Djava.util.logging.config.file=/Users/motocycopath/Desktop/java-full-stack-training/00-microservices-00/apache-tomcat-9.0.116/conf/logging.properties
31-Mar-2026 21:09:48.667 INFO [main] org.apache.catalina.startup.VersionLoggerListener.log Command line argument: -Djava.util.logging.manager=org.apache.juli.ClassLoaderLogManager
31-Mar-2026 21:09:48.667 INFO [main] org.apache.catalina.startup.VersionLoggerListener.log Command line argument: -Djdk.tls.ephemeralDHKeySize=2048
31-Mar-2026 21:09:48.667 INFO [main] org.apache.catalina.startup.VersionLoggerListener.log Command line argument: -Djava.protocol.handler.pkgs=org.apache.catalina.webresources
31-Mar-2026 21:09:48.667 INFO [main] org.apache.catalina.startup.VersionLoggerListener.log Command line argument: -Dsun.io.useCanonCaches=false
31-Mar-2026 21:09:48.668 INFO [main] org.apache.catalina.startup.VersionLoggerListener.log Command line argument: -Dorg.apache.catalina.security.SecurityListener.UMASK=0027
31-Mar-2026 21:09:48.668 INFO [main] org.apache.catalina.startup.VersionLoggerListener.log Command line argument: -Dignore.endorsed.dirs=
31-Mar-2026 21:09:48.668 INFO [main] org.apache.catalina.startup.VersionLoggerListener.log Command line argument: -Dcatalina.base=/Users/motocycopath/Desktop/java-full-stack-training/00-microservices-00/apache-tomcat-9.0.116
31-Mar-2026 21:09:48.668 INFO [main] org.apache.catalina.startup.VersionLoggerListener.log Command line argument: -Dcatalina.home=/Users/motocycopath/Desktop/java-full-stack-training/00-microservices-00/apache-tomcat-9.0.116
31-Mar-2026 21:09:48.668 INFO [main] org.apache.catalina.startup.VersionLoggerListener.log Command line argument: -Djava.io.tmpdir=/Users/motocycopath/Desktop/java-full-stack-training/00-microservices-00/apache-tomcat-9.0.116/temp
31-Mar-2026 21:09:48.671 INFO [main] org.apache.catalina.core.AprLifecycleListener.lifecycleEvent The Apache Tomcat Native library which allows using OpenSSL was not found on the java.library.path: [/Users/motocycopath/Library/Java/Extensions:/Library/Java/Extensions:/Network/Library/Java/Extensions:/System/Library/Java/Extensions:/usr/lib/java:.]
31-Mar-2026 21:09:49.108 INFO [main] org.apache.coyote.AbstractProtocol.init Initializing ProtocolHandler ["http-nio-8080"]
31-Mar-2026 21:09:49.146 INFO [main] org.apache.catalina.startup.Catalina.load Server initialization in [652] milliseconds
31-Mar-2026 21:09:49.237 INFO [main] org.apache.catalina.core.StandardService.startInternal Starting service [Catalina]
31-Mar-2026 21:09:49.238 INFO [main] org.apache.catalina.core.StandardEngine.startInternal Starting Servlet engine: [Apache Tomcat/9.0.116]
31-Mar-2026 21:09:49.243 INFO [main] org.apache.catalina.startup.HostConfig.deployDirectory Deploying web application directory [/Users/motocycopath/Desktop/java-full-stack-training/00-microservices-00/apache-tomcat-9.0.116/webapps/employee-service]
31-Mar-2026 21:09:50.834 INFO [main] org.apache.jasper.servlet.TldScanner.scanJars At least one JAR was scanned for TLDs yet contained no TLDs. Enable debug logging for this logger for a complete list of JARs that were scanned but no TLDs were found in them. Skipping unneeded JARs during scanning can improve startup time and JSP compilation time.
31-Mar-2026 21:09:50.868 INFO [main] org.springframework.web.context.ContextLoader.initWebApplicationContext Root WebApplicationContext: initialization started
31-Mar-2026 21:09:51.377 INFO [main] org.springframework.data.repository.config.RepositoryConfigurationDelegate.registerRepositoriesIn Bootstrapping Spring Data JPA repositories in DEFAULT mode.
31-Mar-2026 21:09:51.477 INFO [main] org.springframework.data.repository.config.RepositoryConfigurationDelegate.registerRepositoriesIn Finished Spring Data repository scanning in 83 ms. Found 1 JPA repository interfaces.
31-Mar-2026 21:09:51.479 INFO [main] org.springframework.data.repository.config.RepositoryConfigurationDelegate.registerRepositoriesIn Bootstrapping Spring Data JPA repositories in DEFAULT mode.
31-Mar-2026 21:09:51.487 INFO [main] org.springframework.data.repository.config.RepositoryConfigurationDelegate.registerRepositoriesIn Finished Spring Data repository scanning in 7 ms. Found 1 JPA repository interfaces.
31-Mar-2026 21:09:51.845 INFO [main] org.hibernate.jpa.internal.util.LogHelper.logPersistenceUnitInformation HHH000204: Processing PersistenceUnitInfo [
	name: default
	...]
31-Mar-2026 21:09:51.930 INFO [main] org.hibernate.Version.logVersion HHH000412: Hibernate Core {5.2.8.Final}
31-Mar-2026 21:09:51.933 INFO [main] org.hibernate.cfg.Environment.<clinit> HHH000206: hibernate.properties not found
31-Mar-2026 21:09:51.980 INFO [main] org.hibernate.annotations.common.reflection.java.JavaReflectionManager.<clinit> HCANN000001: Hibernate Commons Annotations {5.0.1.Final}
31-Mar-2026 21:09:52.500 INFO [main] org.hibernate.dialect.Dialect.<init> HHH000400: Using dialect: org.hibernate.dialect.MySQLDialect
31-Mar-2026 21:09:53.128 INFO [main] org.springframework.orm.jpa.AbstractEntityManagerFactoryBean.buildNativeEntityManagerFactory Initialized JPA EntityManagerFactory for persistence unit 'default'
31-Mar-2026 21:09:53.708 INFO [main] org.springframework.web.context.ContextLoader.initWebApplicationContext Root WebApplicationContext initialized in 2839 ms
31-Mar-2026 21:09:53.756 INFO [main] org.springframework.web.servlet.FrameworkServlet.initServletBean Initializing Servlet 'cstspconf-web'
31-Mar-2026 21:09:54.321 INFO [main] org.springframework.web.servlet.FrameworkServlet.initServletBean Completed initialization in 565 ms
31-Mar-2026 21:09:54.356 INFO [main] org.apache.catalina.startup.HostConfig.deployDirectory Deployment of web application directory [/Users/motocycopath/Desktop/java-full-stack-training/00-microservices-00/apache-tomcat-9.0.116/webapps/employee-service] has finished in [5,112] ms
31-Mar-2026 21:09:54.357 INFO [main] org.apache.catalina.startup.HostConfig.deployDirectory Deploying web application directory [/Users/motocycopath/Desktop/java-full-stack-training/00-microservices-00/apache-tomcat-9.0.116/webapps/docs]
31-Mar-2026 21:09:54.431 INFO [main] org.apache.catalina.startup.HostConfig.deployDirectory Deployment of web application directory [/Users/motocycopath/Desktop/java-full-stack-training/00-microservices-00/apache-tomcat-9.0.116/webapps/docs] has finished in [73] ms
31-Mar-2026 21:09:54.432 INFO [main] org.apache.catalina.startup.HostConfig.deployDirectory Deploying web application directory [/Users/motocycopath/Desktop/java-full-stack-training/00-microservices-00/apache-tomcat-9.0.116/webapps/manager]
31-Mar-2026 21:09:54.476 INFO [main] org.apache.catalina.startup.HostConfig.deployDirectory Deployment of web application directory [/Users/motocycopath/Desktop/java-full-stack-training/00-microservices-00/apache-tomcat-9.0.116/webapps/manager] has finished in [44] ms
31-Mar-2026 21:09:54.476 INFO [main] org.apache.catalina.startup.HostConfig.deployDirectory Deploying web application directory [/Users/motocycopath/Desktop/java-full-stack-training/00-microservices-00/apache-tomcat-9.0.116/webapps/examples]
31-Mar-2026 21:09:54.719 INFO [main] org.apache.catalina.startup.HostConfig.deployDirectory Deployment of web application directory [/Users/motocycopath/Desktop/java-full-stack-training/00-microservices-00/apache-tomcat-9.0.116/webapps/examples] has finished in [242] ms
31-Mar-2026 21:09:54.719 INFO [main] org.apache.catalina.startup.HostConfig.deployDirectory Deploying web application directory [/Users/motocycopath/Desktop/java-full-stack-training/00-microservices-00/apache-tomcat-9.0.116/webapps/ROOT]
31-Mar-2026 21:09:54.733 INFO [main] org.apache.catalina.startup.HostConfig.deployDirectory Deployment of web application directory [/Users/motocycopath/Desktop/java-full-stack-training/00-microservices-00/apache-tomcat-9.0.116/webapps/ROOT] has finished in [14] ms
31-Mar-2026 21:09:54.734 INFO [main] org.apache.catalina.startup.HostConfig.deployDirectory Deploying web application directory [/Users/motocycopath/Desktop/java-full-stack-training/00-microservices-00/apache-tomcat-9.0.116/webapps/host-manager]
31-Mar-2026 21:09:54.752 INFO [main] org.apache.catalina.startup.HostConfig.deployDirectory Deployment of web application directory [/Users/motocycopath/Desktop/java-full-stack-training/00-microservices-00/apache-tomcat-9.0.116/webapps/host-manager] has finished in [18] ms
31-Mar-2026 21:09:54.754 INFO [main] org.apache.coyote.AbstractProtocol.start Starting ProtocolHandler ["http-nio-8080"]
31-Mar-2026 21:09:54.765 INFO [main] org.apache.catalina.startup.Catalina.start Server startup in [5617] milliseconds
31-Mar-2026 21:10:34.540 WARNING [http-nio-8080-exec-1] org.springframework.web.servlet.DispatcherServlet.noHandlerFound No mapping for GET /employee-service/findEmployeeBySalaryGreaterThan/2
31-Mar-2026 21:11:02.292 INFO [main] org.apache.catalina.core.StandardServer.await A valid shutdown command was received via the shutdown port. Stopping the Server instance.
31-Mar-2026 21:11:02.298 INFO [main] org.apache.coyote.AbstractProtocol.pause Pausing ProtocolHandler ["http-nio-8080"]
31-Mar-2026 21:11:02.305 INFO [main] org.apache.catalina.core.StandardService.stopInternal Stopping service [Catalina]
31-Mar-2026 21:11:02.384 INFO [main] org.springframework.orm.jpa.AbstractEntityManagerFactoryBean.destroy Closing JPA EntityManagerFactory for persistence unit 'default'
31-Mar-2026 21:11:02.394 WARNING [main] org.apache.catalina.loader.WebappClassLoaderBase.clearReferencesJdbc The web application [employee-service] registered the JDBC driver [com.mysql.cj.jdbc.Driver] but failed to unregister it when the web application was stopped. To prevent a memory leak, the JDBC Driver has been forcibly unregistered.
31-Mar-2026 21:11:02.396 WARNING [main] org.apache.catalina.loader.WebappClassLoaderBase.clearReferencesThreads The web application [employee-service] appears to have started a thread named [mysql-cj-abandoned-connection-cleanup] but has failed to stop it. This is very likely to create a memory leak. Stack trace of thread:
 java.lang.Object.wait(Native Method)
 java.lang.ref.ReferenceQueue.remove(ReferenceQueue.java:144)
 com.mysql.cj.jdbc.AbandonedConnectionCleanupThread.run(AbandonedConnectionCleanupThread.java:91)
 java.util.concurrent.ThreadPoolExecutor.runWorker(ThreadPoolExecutor.java:1149)
 java.util.concurrent.ThreadPoolExecutor$Worker.run(ThreadPoolExecutor.java:624)
 java.lang.Thread.run(Thread.java:750)
31-Mar-2026 21:11:02.418 INFO [main] org.apache.coyote.AbstractProtocol.stop Stopping ProtocolHandler ["http-nio-8080"]
31-Mar-2026 21:11:02.436 INFO [main] org.apache.coyote.AbstractProtocol.destroy Destroying ProtocolHandler ["http-nio-8080"]
31-Mar-2026 21:11:04.218 INFO [main] org.apache.catalina.startup.VersionLoggerListener.log Server version name:   Apache Tomcat/9.0.116
31-Mar-2026 21:11:04.223 INFO [main] org.apache.catalina.startup.VersionLoggerListener.log Server built:          Mar 16 2026 15:05:42 UTC
31-Mar-2026 21:11:04.224 INFO [main] org.apache.catalina.startup.VersionLoggerListener.log Server version number: 9.0.116.0
31-Mar-2026 21:11:04.224 INFO [main] org.apache.catalina.startup.VersionLoggerListener.log OS Name:               Mac OS X
31-Mar-2026 21:11:04.224 INFO [main] org.apache.catalina.startup.VersionLoggerListener.log OS Version:            15.5
31-Mar-2026 21:11:04.224 INFO [main] org.apache.catalina.startup.VersionLoggerListener.log Architecture:          x86_64
31-Mar-2026 21:11:04.224 INFO [main] org.apache.catalina.startup.VersionLoggerListener.log Java Home:             /Library/Java/JavaVirtualMachines/temurin-8.jdk/Contents/Home/jre
31-Mar-2026 21:11:04.224 INFO [main] org.apache.catalina.startup.VersionLoggerListener.log JVM Version:           1.8.0_482-b08
31-Mar-2026 21:11:04.224 INFO [main] org.apache.catalina.startup.VersionLoggerListener.log JVM Vendor:            Temurin
31-Mar-2026 21:11:04.225 INFO [main] org.apache.catalina.startup.VersionLoggerListener.log CATALINA_BASE:         /Users/motocycopath/Desktop/java-full-stack-training/00-microservices-00/apache-tomcat-9.0.116
31-Mar-2026 21:11:04.225 INFO [main] org.apache.catalina.startup.VersionLoggerListener.log CATALINA_HOME:         /Users/motocycopath/Desktop/java-full-stack-training/00-microservices-00/apache-tomcat-9.0.116
31-Mar-2026 21:11:04.229 INFO [main] org.apache.catalina.startup.VersionLoggerListener.log Command line argument: -Djava.util.logging.config.file=/Users/motocycopath/Desktop/java-full-stack-training/00-microservices-00/apache-tomcat-9.0.116/conf/logging.properties
31-Mar-2026 21:11:04.229 INFO [main] org.apache.catalina.startup.VersionLoggerListener.log Command line argument: -Djava.util.logging.manager=org.apache.juli.ClassLoaderLogManager
31-Mar-2026 21:11:04.229 INFO [main] org.apache.catalina.startup.VersionLoggerListener.log Command line argument: -Djdk.tls.ephemeralDHKeySize=2048
31-Mar-2026 21:11:04.229 INFO [main] org.apache.catalina.startup.VersionLoggerListener.log Command line argument: -Djava.protocol.handler.pkgs=org.apache.catalina.webresources
31-Mar-2026 21:11:04.229 INFO [main] org.apache.catalina.startup.VersionLoggerListener.log Command line argument: -Dsun.io.useCanonCaches=false
31-Mar-2026 21:11:04.229 INFO [main] org.apache.catalina.startup.VersionLoggerListener.log Command line argument: -Dorg.apache.catalina.security.SecurityListener.UMASK=0027
31-Mar-2026 21:11:04.230 INFO [main] org.apache.catalina.startup.VersionLoggerListener.log Command line argument: -Dignore.endorsed.dirs=
31-Mar-2026 21:11:04.230 INFO [main] org.apache.catalina.startup.VersionLoggerListener.log Command line argument: -Dcatalina.base=/Users/motocycopath/Desktop/java-full-stack-training/00-microservices-00/apache-tomcat-9.0.116
31-Mar-2026 21:11:04.230 INFO [main] org.apache.catalina.startup.VersionLoggerListener.log Command line argument: -Dcatalina.home=/Users/motocycopath/Desktop/java-full-stack-training/00-microservices-00/apache-tomcat-9.0.116
31-Mar-2026 21:11:04.230 INFO [main] org.apache.catalina.startup.VersionLoggerListener.log Command line argument: -Djava.io.tmpdir=/Users/motocycopath/Desktop/java-full-stack-training/00-microservices-00/apache-tomcat-9.0.116/temp
31-Mar-2026 21:11:04.233 INFO [main] org.apache.catalina.core.AprLifecycleListener.lifecycleEvent The Apache Tomcat Native library which allows using OpenSSL was not found on the java.library.path: [/Users/motocycopath/Library/Java/Extensions:/Library/Java/Extensions:/Network/Library/Java/Extensions:/System/Library/Java/Extensions:/usr/lib/java:.]
31-Mar-2026 21:11:04.659 INFO [main] org.apache.coyote.AbstractProtocol.init Initializing ProtocolHandler ["http-nio-8080"]
31-Mar-2026 21:11:04.695 INFO [main] org.apache.catalina.startup.Catalina.load Server initialization in [642] milliseconds
31-Mar-2026 21:11:04.782 INFO [main] org.apache.catalina.core.StandardService.startInternal Starting service [Catalina]
31-Mar-2026 21:11:04.782 INFO [main] org.apache.catalina.core.StandardEngine.startInternal Starting Servlet engine: [Apache Tomcat/9.0.116]
31-Mar-2026 21:11:04.787 INFO [main] org.apache.catalina.startup.HostConfig.deployDirectory Deploying web application directory [/Users/motocycopath/Desktop/java-full-stack-training/00-microservices-00/apache-tomcat-9.0.116/webapps/employee-service]
31-Mar-2026 21:11:06.331 INFO [main] org.apache.jasper.servlet.TldScanner.scanJars At least one JAR was scanned for TLDs yet contained no TLDs. Enable debug logging for this logger for a complete list of JARs that were scanned but no TLDs were found in them. Skipping unneeded JARs during scanning can improve startup time and JSP compilation time.
31-Mar-2026 21:11:06.364 INFO [main] org.springframework.web.context.ContextLoader.initWebApplicationContext Root WebApplicationContext: initialization started
31-Mar-2026 21:11:06.864 INFO [main] org.springframework.data.repository.config.RepositoryConfigurationDelegate.registerRepositoriesIn Bootstrapping Spring Data JPA repositories in DEFAULT mode.
31-Mar-2026 21:11:06.961 INFO [main] org.springframework.data.repository.config.RepositoryConfigurationDelegate.registerRepositoriesIn Finished Spring Data repository scanning in 81 ms. Found 1 JPA repository interfaces.
31-Mar-2026 21:11:06.963 INFO [main] org.springframework.data.repository.config.RepositoryConfigurationDelegate.registerRepositoriesIn Bootstrapping Spring Data JPA repositories in DEFAULT mode.
31-Mar-2026 21:11:06.970 INFO [main] org.springframework.data.repository.config.RepositoryConfigurationDelegate.registerRepositoriesIn Finished Spring Data repository scanning in 6 ms. Found 1 JPA repository interfaces.
31-Mar-2026 21:11:07.326 INFO [main] org.hibernate.jpa.internal.util.LogHelper.logPersistenceUnitInformation HHH000204: Processing PersistenceUnitInfo [
	name: default
	...]
31-Mar-2026 21:11:07.399 INFO [main] org.hibernate.Version.logVersion HHH000412: Hibernate Core {5.2.8.Final}
31-Mar-2026 21:11:07.402 INFO [main] org.hibernate.cfg.Environment.<clinit> HHH000206: hibernate.properties not found
31-Mar-2026 21:11:07.460 INFO [main] org.hibernate.annotations.common.reflection.java.JavaReflectionManager.<clinit> HCANN000001: Hibernate Commons Annotations {5.0.1.Final}
31-Mar-2026 21:11:07.992 INFO [main] org.hibernate.dialect.Dialect.<init> HHH000400: Using dialect: org.hibernate.dialect.MySQLDialect
31-Mar-2026 21:11:08.590 INFO [main] org.springframework.orm.jpa.AbstractEntityManagerFactoryBean.buildNativeEntityManagerFactory Initialized JPA EntityManagerFactory for persistence unit 'default'
31-Mar-2026 21:11:09.417 INFO [main] org.springframework.web.context.ContextLoader.initWebApplicationContext Root WebApplicationContext initialized in 3053 ms
31-Mar-2026 21:11:09.465 INFO [main] org.springframework.web.servlet.FrameworkServlet.initServletBean Initializing Servlet 'cstspconf-web'
31-Mar-2026 21:11:10.105 INFO [main] org.springframework.web.servlet.FrameworkServlet.initServletBean Completed initialization in 640 ms
31-Mar-2026 21:11:10.141 INFO [main] org.apache.catalina.startup.HostConfig.deployDirectory Deployment of web application directory [/Users/motocycopath/Desktop/java-full-stack-training/00-microservices-00/apache-tomcat-9.0.116/webapps/employee-service] has finished in [5,352] ms
31-Mar-2026 21:11:10.142 INFO [main] org.apache.catalina.startup.HostConfig.deployDirectory Deploying web application directory [/Users/motocycopath/Desktop/java-full-stack-training/00-microservices-00/apache-tomcat-9.0.116/webapps/docs]
31-Mar-2026 21:11:10.182 INFO [main] org.apache.catalina.startup.HostConfig.deployDirectory Deployment of web application directory [/Users/motocycopath/Desktop/java-full-stack-training/00-microservices-00/apache-tomcat-9.0.116/webapps/docs] has finished in [39] ms
31-Mar-2026 21:11:10.182 INFO [main] org.apache.catalina.startup.HostConfig.deployDirectory Deploying web application directory [/Users/motocycopath/Desktop/java-full-stack-training/00-microservices-00/apache-tomcat-9.0.116/webapps/manager]
31-Mar-2026 21:11:10.217 INFO [main] org.apache.catalina.startup.HostConfig.deployDirectory Deployment of web application directory [/Users/motocycopath/Desktop/java-full-stack-training/00-microservices-00/apache-tomcat-9.0.116/webapps/manager] has finished in [35] ms
31-Mar-2026 21:11:10.218 INFO [main] org.apache.catalina.startup.HostConfig.deployDirectory Deploying web application directory [/Users/motocycopath/Desktop/java-full-stack-training/00-microservices-00/apache-tomcat-9.0.116/webapps/examples]
31-Mar-2026 21:11:10.434 INFO [main] org.apache.catalina.startup.HostConfig.deployDirectory Deployment of web application directory [/Users/motocycopath/Desktop/java-full-stack-training/00-microservices-00/apache-tomcat-9.0.116/webapps/examples] has finished in [216] ms
31-Mar-2026 21:11:10.434 INFO [main] org.apache.catalina.startup.HostConfig.deployDirectory Deploying web application directory [/Users/motocycopath/Desktop/java-full-stack-training/00-microservices-00/apache-tomcat-9.0.116/webapps/ROOT]
31-Mar-2026 21:11:10.446 INFO [main] org.apache.catalina.startup.HostConfig.deployDirectory Deployment of web application directory [/Users/motocycopath/Desktop/java-full-stack-training/00-microservices-00/apache-tomcat-9.0.116/webapps/ROOT] has finished in [12] ms
31-Mar-2026 21:11:10.447 INFO [main] org.apache.catalina.startup.HostConfig.deployDirectory Deploying web application directory [/Users/motocycopath/Desktop/java-full-stack-training/00-microservices-00/apache-tomcat-9.0.116/webapps/host-manager]
31-Mar-2026 21:11:10.472 INFO [main] org.apache.catalina.startup.HostConfig.deployDirectory Deployment of web application directory [/Users/motocycopath/Desktop/java-full-stack-training/00-microservices-00/apache-tomcat-9.0.116/webapps/host-manager] has finished in [25] ms
31-Mar-2026 21:11:10.475 INFO [main] org.apache.coyote.AbstractProtocol.start Starting ProtocolHandler ["http-nio-8080"]
31-Mar-2026 21:11:10.486 INFO [main] org.apache.catalina.startup.Catalina.start Server startup in [5789] milliseconds
31-Mar-2026 21:11:10.604 WARNING [http-nio-8080-exec-1] org.springframework.web.servlet.DispatcherServlet.noHandlerFound No mapping for GET /employee-service/findEmployeeBySalaryGreaterThan/2
31-Mar-2026 21:11:12.156 WARNING [http-nio-8080-exec-2] org.springframework.web.servlet.DispatcherServlet.noHandlerFound No mapping for GET /employee-service/findEmployeeBySalaryGreaterThan/2
31-Mar-2026 21:11:12.867 WARNING [http-nio-8080-exec-3] org.springframework.web.servlet.DispatcherServlet.noHandlerFound No mapping for GET /employee-service/findEmployeeBySalaryGreaterThan/2
31-Mar-2026 21:11:13.923 WARNING [http-nio-8080-exec-4] org.springframework.web.servlet.DispatcherServlet.noHandlerFound No mapping for GET /employee-service/findEmployeeBySalaryGreaterThan/2
31-Mar-2026 21:51:11.428 INFO [main] org.apache.catalina.core.StandardServer.await A valid shutdown command was received via the shutdown port. Stopping the Server instance.
31-Mar-2026 21:51:11.448 INFO [main] org.apache.coyote.AbstractProtocol.pause Pausing ProtocolHandler ["http-nio-8080"]
31-Mar-2026 21:51:11.460 INFO [main] org.apache.catalina.core.StandardService.stopInternal Stopping service [Catalina]
31-Mar-2026 21:51:11.549 INFO [main] org.springframework.orm.jpa.AbstractEntityManagerFactoryBean.destroy Closing JPA EntityManagerFactory for persistence unit 'default'
31-Mar-2026 21:51:11.563 WARNING [main] org.apache.catalina.loader.WebappClassLoaderBase.clearReferencesJdbc The web application [employee-service] registered the JDBC driver [com.mysql.cj.jdbc.Driver] but failed to unregister it when the web application was stopped. To prevent a memory leak, the JDBC Driver has been forcibly unregistered.
31-Mar-2026 21:51:11.565 WARNING [main] org.apache.catalina.loader.WebappClassLoaderBase.clearReferencesThreads The web application [employee-service] appears to have started a thread named [mysql-cj-abandoned-connection-cleanup] but has failed to stop it. This is very likely to create a memory leak. Stack trace of thread:
 java.lang.Object.wait(Native Method)
 java.lang.ref.ReferenceQueue.remove(ReferenceQueue.java:144)
 com.mysql.cj.jdbc.AbandonedConnectionCleanupThread.run(AbandonedConnectionCleanupThread.java:91)
 java.util.concurrent.ThreadPoolExecutor.runWorker(ThreadPoolExecutor.java:1149)
 java.util.concurrent.ThreadPoolExecutor$Worker.run(ThreadPoolExecutor.java:624)
 java.lang.Thread.run(Thread.java:750)
31-Mar-2026 21:51:11.634 INFO [main] org.apache.coyote.AbstractProtocol.stop Stopping ProtocolHandler ["http-nio-8080"]
31-Mar-2026 21:51:11.657 INFO [main] org.apache.coyote.AbstractProtocol.destroy Destroying ProtocolHandler ["http-nio-8080"]
31-Mar-2026 21:51:16.333 INFO [main] org.apache.catalina.startup.VersionLoggerListener.log Server version name:   Apache Tomcat/9.0.116
31-Mar-2026 21:51:16.339 INFO [main] org.apache.catalina.startup.VersionLoggerListener.log Server built:          Mar 16 2026 15:05:42 UTC
31-Mar-2026 21:51:16.339 INFO [main] org.apache.catalina.startup.VersionLoggerListener.log Server version number: 9.0.116.0
31-Mar-2026 21:51:16.339 INFO [main] org.apache.catalina.startup.VersionLoggerListener.log OS Name:               Mac OS X
31-Mar-2026 21:51:16.339 INFO [main] org.apache.catalina.startup.VersionLoggerListener.log OS Version:            15.5
31-Mar-2026 21:51:16.339 INFO [main] org.apache.catalina.startup.VersionLoggerListener.log Architecture:          x86_64
31-Mar-2026 21:51:16.339 INFO [main] org.apache.catalina.startup.VersionLoggerListener.log Java Home:             /Library/Java/JavaVirtualMachines/temurin-8.jdk/Contents/Home/jre
31-Mar-2026 21:51:16.339 INFO [main] org.apache.catalina.startup.VersionLoggerListener.log JVM Version:           1.8.0_482-b08
31-Mar-2026 21:51:16.340 INFO [main] org.apache.catalina.startup.VersionLoggerListener.log JVM Vendor:            Temurin
31-Mar-2026 21:51:16.340 INFO [main] org.apache.catalina.startup.VersionLoggerListener.log CATALINA_BASE:         /Users/motocycopath/Desktop/java-full-stack-training/00-microservices-00/apache-tomcat-9.0.116
31-Mar-2026 21:51:16.340 INFO [main] org.apache.catalina.startup.VersionLoggerListener.log CATALINA_HOME:         /Users/motocycopath/Desktop/java-full-stack-training/00-microservices-00/apache-tomcat-9.0.116
31-Mar-2026 21:51:16.345 INFO [main] org.apache.catalina.startup.VersionLoggerListener.log Command line argument: -Djava.util.logging.config.file=/Users/motocycopath/Desktop/java-full-stack-training/00-microservices-00/apache-tomcat-9.0.116/conf/logging.properties
31-Mar-2026 21:51:16.345 INFO [main] org.apache.catalina.startup.VersionLoggerListener.log Command line argument: -Djava.util.logging.manager=org.apache.juli.ClassLoaderLogManager
31-Mar-2026 21:51:16.345 INFO [main] org.apache.catalina.startup.VersionLoggerListener.log Command line argument: -Djdk.tls.ephemeralDHKeySize=2048
31-Mar-2026 21:51:16.345 INFO [main] org.apache.catalina.startup.VersionLoggerListener.log Command line argument: -Djava.protocol.handler.pkgs=org.apache.catalina.webresources
31-Mar-2026 21:51:16.345 INFO [main] org.apache.catalina.startup.VersionLoggerListener.log Command line argument: -Dsun.io.useCanonCaches=false
31-Mar-2026 21:51:16.345 INFO [main] org.apache.catalina.startup.VersionLoggerListener.log Command line argument: -Dorg.apache.catalina.security.SecurityListener.UMASK=0027
31-Mar-2026 21:51:16.345 INFO [main] org.apache.catalina.startup.VersionLoggerListener.log Command line argument: -Dignore.endorsed.dirs=
31-Mar-2026 21:51:16.345 INFO [main] org.apache.catalina.startup.VersionLoggerListener.log Command line argument: -Dcatalina.base=/Users/motocycopath/Desktop/java-full-stack-training/00-microservices-00/apache-tomcat-9.0.116
31-Mar-2026 21:51:16.345 INFO [main] org.apache.catalina.startup.VersionLoggerListener.log Command line argument: -Dcatalina.home=/Users/motocycopath/Desktop/java-full-stack-training/00-microservices-00/apache-tomcat-9.0.116
31-Mar-2026 21:51:16.345 INFO [main] org.apache.catalina.startup.VersionLoggerListener.log Command line argument: -Djava.io.tmpdir=/Users/motocycopath/Desktop/java-full-stack-training/00-microservices-00/apache-tomcat-9.0.116/temp
31-Mar-2026 21:51:16.348 INFO [main] org.apache.catalina.core.AprLifecycleListener.lifecycleEvent The Apache Tomcat Native library which allows using OpenSSL was not found on the java.library.path: [/Users/motocycopath/Library/Java/Extensions:/Library/Java/Extensions:/Network/Library/Java/Extensions:/System/Library/Java/Extensions:/usr/lib/java:.]
31-Mar-2026 21:51:16.783 INFO [main] org.apache.coyote.AbstractProtocol.init Initializing ProtocolHandler ["http-nio-8080"]
31-Mar-2026 21:51:16.826 INFO [main] org.apache.catalina.startup.Catalina.load Server initialization in [655] milliseconds
31-Mar-2026 21:51:16.916 INFO [main] org.apache.catalina.core.StandardService.startInternal Starting service [Catalina]
31-Mar-2026 21:51:16.917 INFO [main] org.apache.catalina.core.StandardEngine.startInternal Starting Servlet engine: [Apache Tomcat/9.0.116]
31-Mar-2026 21:51:16.922 INFO [main] org.apache.catalina.startup.HostConfig.deployDirectory Deploying web application directory [/Users/motocycopath/Desktop/java-full-stack-training/00-microservices-00/apache-tomcat-9.0.116/webapps/employee-service]
31-Mar-2026 21:51:18.446 INFO [main] org.apache.jasper.servlet.TldScanner.scanJars At least one JAR was scanned for TLDs yet contained no TLDs. Enable debug logging for this logger for a complete list of JARs that were scanned but no TLDs were found in them. Skipping unneeded JARs during scanning can improve startup time and JSP compilation time.
31-Mar-2026 21:51:18.477 INFO [main] org.springframework.web.context.ContextLoader.initWebApplicationContext Root WebApplicationContext: initialization started
31-Mar-2026 21:51:18.953 INFO [main] org.springframework.data.repository.config.RepositoryConfigurationDelegate.registerRepositoriesIn Bootstrapping Spring Data JPA repositories in DEFAULT mode.
31-Mar-2026 21:51:19.064 INFO [main] org.springframework.data.repository.config.RepositoryConfigurationDelegate.registerRepositoriesIn Finished Spring Data repository scanning in 97 ms. Found 1 JPA repository interfaces.
31-Mar-2026 21:51:19.066 INFO [main] org.springframework.data.repository.config.RepositoryConfigurationDelegate.registerRepositoriesIn Bootstrapping Spring Data JPA repositories in DEFAULT mode.
31-Mar-2026 21:51:19.073 INFO [main] org.springframework.data.repository.config.RepositoryConfigurationDelegate.registerRepositoriesIn Finished Spring Data repository scanning in 6 ms. Found 1 JPA repository interfaces.
31-Mar-2026 21:51:19.454 INFO [main] org.hibernate.jpa.internal.util.LogHelper.logPersistenceUnitInformation HHH000204: Processing PersistenceUnitInfo [
	name: default
	...]
31-Mar-2026 21:51:19.524 INFO [main] org.hibernate.Version.logVersion HHH000412: Hibernate Core {5.2.8.Final}
31-Mar-2026 21:51:19.525 INFO [main] org.hibernate.cfg.Environment.<clinit> HHH000206: hibernate.properties not found
31-Mar-2026 21:51:19.565 INFO [main] org.hibernate.annotations.common.reflection.java.JavaReflectionManager.<clinit> HCANN000001: Hibernate Commons Annotations {5.0.1.Final}
31-Mar-2026 21:51:20.137 INFO [main] org.hibernate.dialect.Dialect.<init> HHH000400: Using dialect: org.hibernate.dialect.MySQLDialect
31-Mar-2026 21:51:20.817 INFO [main] org.springframework.orm.jpa.AbstractEntityManagerFactoryBean.buildNativeEntityManagerFactory Initialized JPA EntityManagerFactory for persistence unit 'default'
31-Mar-2026 21:51:21.424 INFO [main] org.springframework.web.context.ContextLoader.initWebApplicationContext Root WebApplicationContext initialized in 2947 ms
31-Mar-2026 21:51:21.470 INFO [main] org.springframework.web.servlet.FrameworkServlet.initServletBean Initializing Servlet 'cstspconf-web'
31-Mar-2026 21:51:22.064 INFO [main] org.springframework.web.servlet.FrameworkServlet.initServletBean Completed initialization in 594 ms
31-Mar-2026 21:51:22.099 INFO [main] org.apache.catalina.startup.HostConfig.deployDirectory Deployment of web application directory [/Users/motocycopath/Desktop/java-full-stack-training/00-microservices-00/apache-tomcat-9.0.116/webapps/employee-service] has finished in [5,175] ms
31-Mar-2026 21:51:22.099 INFO [main] org.apache.catalina.startup.HostConfig.deployDirectory Deploying web application directory [/Users/motocycopath/Desktop/java-full-stack-training/00-microservices-00/apache-tomcat-9.0.116/webapps/docs]
31-Mar-2026 21:51:22.143 INFO [main] org.apache.catalina.startup.HostConfig.deployDirectory Deployment of web application directory [/Users/motocycopath/Desktop/java-full-stack-training/00-microservices-00/apache-tomcat-9.0.116/webapps/docs] has finished in [44] ms
31-Mar-2026 21:51:22.143 INFO [main] org.apache.catalina.startup.HostConfig.deployDirectory Deploying web application directory [/Users/motocycopath/Desktop/java-full-stack-training/00-microservices-00/apache-tomcat-9.0.116/webapps/manager]
31-Mar-2026 21:51:22.182 INFO [main] org.apache.catalina.startup.HostConfig.deployDirectory Deployment of web application directory [/Users/motocycopath/Desktop/java-full-stack-training/00-microservices-00/apache-tomcat-9.0.116/webapps/manager] has finished in [39] ms
31-Mar-2026 21:51:22.182 INFO [main] org.apache.catalina.startup.HostConfig.deployDirectory Deploying web application directory [/Users/motocycopath/Desktop/java-full-stack-training/00-microservices-00/apache-tomcat-9.0.116/webapps/examples]
31-Mar-2026 21:51:22.369 INFO [main] org.apache.catalina.startup.HostConfig.deployDirectory Deployment of web application directory [/Users/motocycopath/Desktop/java-full-stack-training/00-microservices-00/apache-tomcat-9.0.116/webapps/examples] has finished in [187] ms
31-Mar-2026 21:51:22.369 INFO [main] org.apache.catalina.startup.HostConfig.deployDirectory Deploying web application directory [/Users/motocycopath/Desktop/java-full-stack-training/00-microservices-00/apache-tomcat-9.0.116/webapps/ROOT]
31-Mar-2026 21:51:22.385 INFO [main] org.apache.catalina.startup.HostConfig.deployDirectory Deployment of web application directory [/Users/motocycopath/Desktop/java-full-stack-training/00-microservices-00/apache-tomcat-9.0.116/webapps/ROOT] has finished in [15] ms
31-Mar-2026 21:51:22.386 INFO [main] org.apache.catalina.startup.HostConfig.deployDirectory Deploying web application directory [/Users/motocycopath/Desktop/java-full-stack-training/00-microservices-00/apache-tomcat-9.0.116/webapps/host-manager]
31-Mar-2026 21:51:22.413 INFO [main] org.apache.catalina.startup.HostConfig.deployDirectory Deployment of web application directory [/Users/motocycopath/Desktop/java-full-stack-training/00-microservices-00/apache-tomcat-9.0.116/webapps/host-manager] has finished in [27] ms
31-Mar-2026 21:51:22.418 INFO [main] org.apache.coyote.AbstractProtocol.start Starting ProtocolHandler ["http-nio-8080"]
31-Mar-2026 21:51:22.427 INFO [main] org.apache.catalina.startup.Catalina.start Server startup in [5601] milliseconds
31-Mar-2026 21:53:18.337 INFO [main] org.apache.catalina.core.StandardServer.await A valid shutdown command was received via the shutdown port. Stopping the Server instance.
31-Mar-2026 21:53:18.343 INFO [main] org.apache.coyote.AbstractProtocol.pause Pausing ProtocolHandler ["http-nio-8080"]
31-Mar-2026 21:53:18.353 INFO [main] org.apache.catalina.core.StandardService.stopInternal Stopping service [Catalina]
31-Mar-2026 21:53:18.399 INFO [main] org.springframework.orm.jpa.AbstractEntityManagerFactoryBean.destroy Closing JPA EntityManagerFactory for persistence unit 'default'
31-Mar-2026 21:53:18.407 WARNING [main] org.apache.catalina.loader.WebappClassLoaderBase.clearReferencesJdbc The web application [employee-service] registered the JDBC driver [com.mysql.cj.jdbc.Driver] but failed to unregister it when the web application was stopped. To prevent a memory leak, the JDBC Driver has been forcibly unregistered.
31-Mar-2026 21:53:18.408 WARNING [main] org.apache.catalina.loader.WebappClassLoaderBase.clearReferencesThreads The web application [employee-service] appears to have started a thread named [mysql-cj-abandoned-connection-cleanup] but has failed to stop it. This is very likely to create a memory leak. Stack trace of thread:
 java.lang.Object.wait(Native Method)
 java.lang.ref.ReferenceQueue.remove(ReferenceQueue.java:144)
 com.mysql.cj.jdbc.AbandonedConnectionCleanupThread.run(AbandonedConnectionCleanupThread.java:91)
 java.util.concurrent.ThreadPoolExecutor.runWorker(ThreadPoolExecutor.java:1149)
 java.util.concurrent.ThreadPoolExecutor$Worker.run(ThreadPoolExecutor.java:624)
 java.lang.Thread.run(Thread.java:750)
31-Mar-2026 21:53:18.428 INFO [main] org.apache.coyote.AbstractProtocol.stop Stopping ProtocolHandler ["http-nio-8080"]
31-Mar-2026 21:53:18.445 INFO [main] org.apache.coyote.AbstractProtocol.destroy Destroying ProtocolHandler ["http-nio-8080"]
31-Mar-2026 21:53:22.356 INFO [main] org.apache.catalina.startup.VersionLoggerListener.log Server version name:   Apache Tomcat/9.0.116
31-Mar-2026 21:53:22.362 INFO [main] org.apache.catalina.startup.VersionLoggerListener.log Server built:          Mar 16 2026 15:05:42 UTC
31-Mar-2026 21:53:22.362 INFO [main] org.apache.catalina.startup.VersionLoggerListener.log Server version number: 9.0.116.0
31-Mar-2026 21:53:22.362 INFO [main] org.apache.catalina.startup.VersionLoggerListener.log OS Name:               Mac OS X
31-Mar-2026 21:53:22.362 INFO [main] org.apache.catalina.startup.VersionLoggerListener.log OS Version:            15.5
31-Mar-2026 21:53:22.362 INFO [main] org.apache.catalina.startup.VersionLoggerListener.log Architecture:          x86_64
31-Mar-2026 21:53:22.362 INFO [main] org.apache.catalina.startup.VersionLoggerListener.log Java Home:             /Library/Java/JavaVirtualMachines/temurin-8.jdk/Contents/Home/jre
31-Mar-2026 21:53:22.362 INFO [main] org.apache.catalina.startup.VersionLoggerListener.log JVM Version:           1.8.0_482-b08
31-Mar-2026 21:53:22.362 INFO [main] org.apache.catalina.startup.VersionLoggerListener.log JVM Vendor:            Temurin
31-Mar-2026 21:53:22.362 INFO [main] org.apache.catalina.startup.VersionLoggerListener.log CATALINA_BASE:         /Users/motocycopath/Desktop/java-full-stack-training/00-microservices-00/apache-tomcat-9.0.116
31-Mar-2026 21:53:22.363 INFO [main] org.apache.catalina.startup.VersionLoggerListener.log CATALINA_HOME:         /Users/motocycopath/Desktop/java-full-stack-training/00-microservices-00/apache-tomcat-9.0.116
31-Mar-2026 21:53:22.365 INFO [main] org.apache.catalina.startup.VersionLoggerListener.log Command line argument: -Djava.util.logging.config.file=/Users/motocycopath/Desktop/java-full-stack-training/00-microservices-00/apache-tomcat-9.0.116/conf/logging.properties
31-Mar-2026 21:53:22.365 INFO [main] org.apache.catalina.startup.VersionLoggerListener.log Command line argument: -Djava.util.logging.manager=org.apache.juli.ClassLoaderLogManager
31-Mar-2026 21:53:22.365 INFO [main] org.apache.catalina.startup.VersionLoggerListener.log Command line argument: -Djdk.tls.ephemeralDHKeySize=2048
31-Mar-2026 21:53:22.365 INFO [main] org.apache.catalina.startup.VersionLoggerListener.log Command line argument: -Djava.protocol.handler.pkgs=org.apache.catalina.webresources
31-Mar-2026 21:53:22.365 INFO [main] org.apache.catalina.startup.VersionLoggerListener.log Command line argument: -Dsun.io.useCanonCaches=false
31-Mar-2026 21:53:22.365 INFO [main] org.apache.catalina.startup.VersionLoggerListener.log Command line argument: -Dorg.apache.catalina.security.SecurityListener.UMASK=0027
31-Mar-2026 21:53:22.366 INFO [main] org.apache.catalina.startup.VersionLoggerListener.log Command line argument: -Dignore.endorsed.dirs=
31-Mar-2026 21:53:22.366 INFO [main] org.apache.catalina.startup.VersionLoggerListener.log Command line argument: -Dcatalina.base=/Users/motocycopath/Desktop/java-full-stack-training/00-microservices-00/apache-tomcat-9.0.116
31-Mar-2026 21:53:22.366 INFO [main] org.apache.catalina.startup.VersionLoggerListener.log Command line argument: -Dcatalina.home=/Users/motocycopath/Desktop/java-full-stack-training/00-microservices-00/apache-tomcat-9.0.116
31-Mar-2026 21:53:22.366 INFO [main] org.apache.catalina.startup.VersionLoggerListener.log Command line argument: -Djava.io.tmpdir=/Users/motocycopath/Desktop/java-full-stack-training/00-microservices-00/apache-tomcat-9.0.116/temp
31-Mar-2026 21:53:22.368 INFO [main] org.apache.catalina.core.AprLifecycleListener.lifecycleEvent The Apache Tomcat Native library which allows using OpenSSL was not found on the java.library.path: [/Users/motocycopath/Library/Java/Extensions:/Library/Java/Extensions:/Network/Library/Java/Extensions:/System/Library/Java/Extensions:/usr/lib/java:.]
31-Mar-2026 21:53:22.781 INFO [main] org.apache.coyote.AbstractProtocol.init Initializing ProtocolHandler ["http-nio-8080"]
31-Mar-2026 21:53:22.820 INFO [main] org.apache.catalina.startup.Catalina.load Server initialization in [624] milliseconds
31-Mar-2026 21:53:22.901 INFO [main] org.apache.catalina.core.StandardService.startInternal Starting service [Catalina]
31-Mar-2026 21:53:22.902 INFO [main] org.apache.catalina.core.StandardEngine.startInternal Starting Servlet engine: [Apache Tomcat/9.0.116]
31-Mar-2026 21:53:22.907 INFO [main] org.apache.catalina.startup.HostConfig.deployDirectory Deploying web application directory [/Users/motocycopath/Desktop/java-full-stack-training/00-microservices-00/apache-tomcat-9.0.116/webapps/employee-service]
31-Mar-2026 21:53:24.404 INFO [main] org.apache.jasper.servlet.TldScanner.scanJars At least one JAR was scanned for TLDs yet contained no TLDs. Enable debug logging for this logger for a complete list of JARs that were scanned but no TLDs were found in them. Skipping unneeded JARs during scanning can improve startup time and JSP compilation time.
31-Mar-2026 21:53:24.429 INFO [main] org.springframework.web.context.ContextLoader.initWebApplicationContext Root WebApplicationContext: initialization started
31-Mar-2026 21:53:24.828 INFO [main] org.springframework.data.repository.config.RepositoryConfigurationDelegate.registerRepositoriesIn Bootstrapping Spring Data JPA repositories in DEFAULT mode.
31-Mar-2026 21:53:24.857 INFO [main] org.springframework.data.repository.config.RepositoryConfigurationDelegate.registerRepositoriesIn Finished Spring Data repository scanning in 14 ms. Found 0 JPA repository interfaces.
31-Mar-2026 21:53:24.859 INFO [main] org.springframework.data.repository.config.RepositoryConfigurationDelegate.registerRepositoriesIn Bootstrapping Spring Data JPA repositories in DEFAULT mode.
31-Mar-2026 21:53:24.861 INFO [main] org.springframework.data.repository.config.RepositoryConfigurationDelegate.registerRepositoriesIn Finished Spring Data repository scanning in 1 ms. Found 0 JPA repository interfaces.
31-Mar-2026 21:53:25.197 INFO [main] org.hibernate.jpa.internal.util.LogHelper.logPersistenceUnitInformation HHH000204: Processing PersistenceUnitInfo [
	name: default
	...]
31-Mar-2026 21:53:25.275 INFO [main] org.hibernate.Version.logVersion HHH000412: Hibernate Core {5.2.8.Final}
31-Mar-2026 21:53:25.276 INFO [main] org.hibernate.cfg.Environment.<clinit> HHH000206: hibernate.properties not found
31-Mar-2026 21:53:25.316 INFO [main] org.hibernate.annotations.common.reflection.java.JavaReflectionManager.<clinit> HCANN000001: Hibernate Commons Annotations {5.0.1.Final}
31-Mar-2026 21:53:25.746 INFO [main] org.hibernate.dialect.Dialect.<init> HHH000400: Using dialect: org.hibernate.dialect.MySQLDialect
31-Mar-2026 21:53:26.143 INFO [main] org.springframework.orm.jpa.AbstractEntityManagerFactoryBean.buildNativeEntityManagerFactory Initialized JPA EntityManagerFactory for persistence unit 'default'
31-Mar-2026 21:53:26.243 INFO [main] org.springframework.web.context.ContextLoader.initWebApplicationContext Root WebApplicationContext initialized in 1813 ms
31-Mar-2026 21:53:26.289 INFO [main] org.springframework.web.servlet.FrameworkServlet.initServletBean Initializing Servlet 'cstspconf-web'
31-Mar-2026 21:53:26.865 INFO [main] org.springframework.web.servlet.FrameworkServlet.initServletBean Completed initialization in 576 ms
31-Mar-2026 21:53:26.898 INFO [main] org.apache.catalina.startup.HostConfig.deployDirectory Deployment of web application directory [/Users/motocycopath/Desktop/java-full-stack-training/00-microservices-00/apache-tomcat-9.0.116/webapps/employee-service] has finished in [3,989] ms
31-Mar-2026 21:53:26.898 INFO [main] org.apache.catalina.startup.HostConfig.deployDirectory Deploying web application directory [/Users/motocycopath/Desktop/java-full-stack-training/00-microservices-00/apache-tomcat-9.0.116/webapps/docs]
31-Mar-2026 21:53:26.936 INFO [main] org.apache.catalina.startup.HostConfig.deployDirectory Deployment of web application directory [/Users/motocycopath/Desktop/java-full-stack-training/00-microservices-00/apache-tomcat-9.0.116/webapps/docs] has finished in [38] ms
31-Mar-2026 21:53:26.936 INFO [main] org.apache.catalina.startup.HostConfig.deployDirectory Deploying web application directory [/Users/motocycopath/Desktop/java-full-stack-training/00-microservices-00/apache-tomcat-9.0.116/webapps/manager]
31-Mar-2026 21:53:26.970 INFO [main] org.apache.catalina.startup.HostConfig.deployDirectory Deployment of web application directory [/Users/motocycopath/Desktop/java-full-stack-training/00-microservices-00/apache-tomcat-9.0.116/webapps/manager] has finished in [34] ms
31-Mar-2026 21:53:26.971 INFO [main] org.apache.catalina.startup.HostConfig.deployDirectory Deploying web application directory [/Users/motocycopath/Desktop/java-full-stack-training/00-microservices-00/apache-tomcat-9.0.116/webapps/examples]
31-Mar-2026 21:53:27.172 INFO [main] org.apache.catalina.startup.HostConfig.deployDirectory Deployment of web application directory [/Users/motocycopath/Desktop/java-full-stack-training/00-microservices-00/apache-tomcat-9.0.116/webapps/examples] has finished in [201] ms
31-Mar-2026 21:53:27.173 INFO [main] org.apache.catalina.startup.HostConfig.deployDirectory Deploying web application directory [/Users/motocycopath/Desktop/java-full-stack-training/00-microservices-00/apache-tomcat-9.0.116/webapps/ROOT]
31-Mar-2026 21:53:27.193 INFO [main] org.apache.catalina.startup.HostConfig.deployDirectory Deployment of web application directory [/Users/motocycopath/Desktop/java-full-stack-training/00-microservices-00/apache-tomcat-9.0.116/webapps/ROOT] has finished in [20] ms
31-Mar-2026 21:53:27.195 INFO [main] org.apache.catalina.startup.HostConfig.deployDirectory Deploying web application directory [/Users/motocycopath/Desktop/java-full-stack-training/00-microservices-00/apache-tomcat-9.0.116/webapps/host-manager]
31-Mar-2026 21:53:27.218 INFO [main] org.apache.catalina.startup.HostConfig.deployDirectory Deployment of web application directory [/Users/motocycopath/Desktop/java-full-stack-training/00-microservices-00/apache-tomcat-9.0.116/webapps/host-manager] has finished in [24] ms
31-Mar-2026 21:53:27.221 INFO [main] org.apache.coyote.AbstractProtocol.start Starting ProtocolHandler ["http-nio-8080"]
31-Mar-2026 21:53:27.235 INFO [main] org.apache.catalina.startup.Catalina.start Server startup in [4415] milliseconds
31-Mar-2026 21:53:32.170 WARNING [http-nio-8080-exec-1] org.springframework.web.servlet.DispatcherServlet.noHandlerFound No mapping for GET /employee-service/findEmployeeBySalaryGreaterThan/2
31-Mar-2026 21:53:32.895 WARNING [http-nio-8080-exec-2] org.springframework.web.servlet.DispatcherServlet.noHandlerFound No mapping for GET /employee-service/findEmployeeBySalaryGreaterThan/2
31-Mar-2026 21:55:29.429 INFO [main] org.apache.catalina.core.StandardServer.await A valid shutdown command was received via the shutdown port. Stopping the Server instance.
31-Mar-2026 21:55:29.439 INFO [main] org.apache.coyote.AbstractProtocol.pause Pausing ProtocolHandler ["http-nio-8080"]
31-Mar-2026 21:55:29.444 INFO [main] org.apache.catalina.core.StandardService.stopInternal Stopping service [Catalina]
31-Mar-2026 21:55:29.529 INFO [main] org.springframework.orm.jpa.AbstractEntityManagerFactoryBean.destroy Closing JPA EntityManagerFactory for persistence unit 'default'
31-Mar-2026 21:55:29.534 WARNING [main] org.apache.catalina.loader.WebappClassLoaderBase.clearReferencesJdbc The web application [employee-service] registered the JDBC driver [com.mysql.cj.jdbc.Driver] but failed to unregister it when the web application was stopped. To prevent a memory leak, the JDBC Driver has been forcibly unregistered.
31-Mar-2026 21:55:29.536 WARNING [main] org.apache.catalina.loader.WebappClassLoaderBase.clearReferencesThreads The web application [employee-service] appears to have started a thread named [mysql-cj-abandoned-connection-cleanup] but has failed to stop it. This is very likely to create a memory leak. Stack trace of thread:
 java.lang.Object.wait(Native Method)
 java.lang.ref.ReferenceQueue.remove(ReferenceQueue.java:144)
 com.mysql.cj.jdbc.AbandonedConnectionCleanupThread.run(AbandonedConnectionCleanupThread.java:91)
 java.util.concurrent.ThreadPoolExecutor.runWorker(ThreadPoolExecutor.java:1149)
 java.util.concurrent.ThreadPoolExecutor$Worker.run(ThreadPoolExecutor.java:624)
 java.lang.Thread.run(Thread.java:750)
31-Mar-2026 21:55:29.552 INFO [main] org.apache.coyote.AbstractProtocol.stop Stopping ProtocolHandler ["http-nio-8080"]
31-Mar-2026 21:55:29.576 INFO [main] org.apache.coyote.AbstractProtocol.destroy Destroying ProtocolHandler ["http-nio-8080"]
31-Mar-2026 21:55:33.532 INFO [main] org.apache.catalina.startup.VersionLoggerListener.log Server version name:   Apache Tomcat/9.0.116
31-Mar-2026 21:55:33.539 INFO [main] org.apache.catalina.startup.VersionLoggerListener.log Server built:          Mar 16 2026 15:05:42 UTC
31-Mar-2026 21:55:33.539 INFO [main] org.apache.catalina.startup.VersionLoggerListener.log Server version number: 9.0.116.0
31-Mar-2026 21:55:33.539 INFO [main] org.apache.catalina.startup.VersionLoggerListener.log OS Name:               Mac OS X
31-Mar-2026 21:55:33.539 INFO [main] org.apache.catalina.startup.VersionLoggerListener.log OS Version:            15.5
31-Mar-2026 21:55:33.539 INFO [main] org.apache.catalina.startup.VersionLoggerListener.log Architecture:          x86_64
31-Mar-2026 21:55:33.539 INFO [main] org.apache.catalina.startup.VersionLoggerListener.log Java Home:             /Library/Java/JavaVirtualMachines/temurin-8.jdk/Contents/Home/jre
31-Mar-2026 21:55:33.539 INFO [main] org.apache.catalina.startup.VersionLoggerListener.log JVM Version:           1.8.0_482-b08
31-Mar-2026 21:55:33.539 INFO [main] org.apache.catalina.startup.VersionLoggerListener.log JVM Vendor:            Temurin
31-Mar-2026 21:55:33.540 INFO [main] org.apache.catalina.startup.VersionLoggerListener.log CATALINA_BASE:         /Users/motocycopath/Desktop/java-full-stack-training/00-microservices-00/apache-tomcat-9.0.116
31-Mar-2026 21:55:33.540 INFO [main] org.apache.catalina.startup.VersionLoggerListener.log CATALINA_HOME:         /Users/motocycopath/Desktop/java-full-stack-training/00-microservices-00/apache-tomcat-9.0.116
31-Mar-2026 21:55:33.545 INFO [main] org.apache.catalina.startup.VersionLoggerListener.log Command line argument: -Djava.util.logging.config.file=/Users/motocycopath/Desktop/java-full-stack-training/00-microservices-00/apache-tomcat-9.0.116/conf/logging.properties
31-Mar-2026 21:55:33.545 INFO [main] org.apache.catalina.startup.VersionLoggerListener.log Command line argument: -Djava.util.logging.manager=org.apache.juli.ClassLoaderLogManager
31-Mar-2026 21:55:33.545 INFO [main] org.apache.catalina.startup.VersionLoggerListener.log Command line argument: -Djdk.tls.ephemeralDHKeySize=2048
31-Mar-2026 21:55:33.545 INFO [main] org.apache.catalina.startup.VersionLoggerListener.log Command line argument: -Djava.protocol.handler.pkgs=org.apache.catalina.webresources
31-Mar-2026 21:55:33.545 INFO [main] org.apache.catalina.startup.VersionLoggerListener.log Command line argument: -Dsun.io.useCanonCaches=false
31-Mar-2026 21:55:33.545 INFO [main] org.apache.catalina.startup.VersionLoggerListener.log Command line argument: -Dorg.apache.catalina.security.SecurityListener.UMASK=0027
31-Mar-2026 21:55:33.546 INFO [main] org.apache.catalina.startup.VersionLoggerListener.log Command line argument: -Dignore.endorsed.dirs=
31-Mar-2026 21:55:33.546 INFO [main] org.apache.catalina.startup.VersionLoggerListener.log Command line argument: -Dcatalina.base=/Users/motocycopath/Desktop/java-full-stack-training/00-microservices-00/apache-tomcat-9.0.116
31-Mar-2026 21:55:33.546 INFO [main] org.apache.catalina.startup.VersionLoggerListener.log Command line argument: -Dcatalina.home=/Users/motocycopath/Desktop/java-full-stack-training/00-microservices-00/apache-tomcat-9.0.116
31-Mar-2026 21:55:33.546 INFO [main] org.apache.catalina.startup.VersionLoggerListener.log Command line argument: -Djava.io.tmpdir=/Users/motocycopath/Desktop/java-full-stack-training/00-microservices-00/apache-tomcat-9.0.116/temp
31-Mar-2026 21:55:33.548 INFO [main] org.apache.catalina.core.AprLifecycleListener.lifecycleEvent The Apache Tomcat Native library which allows using OpenSSL was not found on the java.library.path: [/Users/motocycopath/Library/Java/Extensions:/Library/Java/Extensions:/Network/Library/Java/Extensions:/System/Library/Java/Extensions:/usr/lib/java:.]
31-Mar-2026 21:55:34.001 INFO [main] org.apache.coyote.AbstractProtocol.init Initializing ProtocolHandler ["http-nio-8080"]
31-Mar-2026 21:55:34.039 INFO [main] org.apache.catalina.startup.Catalina.load Server initialization in [681] milliseconds
31-Mar-2026 21:55:34.130 INFO [main] org.apache.catalina.core.StandardService.startInternal Starting service [Catalina]
31-Mar-2026 21:55:34.130 INFO [main] org.apache.catalina.core.StandardEngine.startInternal Starting Servlet engine: [Apache Tomcat/9.0.116]
31-Mar-2026 21:55:34.135 INFO [main] org.apache.catalina.startup.HostConfig.deployDirectory Deploying web application directory [/Users/motocycopath/Desktop/java-full-stack-training/00-microservices-00/apache-tomcat-9.0.116/webapps/employee-service]
31-Mar-2026 21:55:35.842 INFO [main] org.apache.jasper.servlet.TldScanner.scanJars At least one JAR was scanned for TLDs yet contained no TLDs. Enable debug logging for this logger for a complete list of JARs that were scanned but no TLDs were found in them. Skipping unneeded JARs during scanning can improve startup time and JSP compilation time.
31-Mar-2026 21:55:35.872 INFO [main] org.springframework.web.context.ContextLoader.initWebApplicationContext Root WebApplicationContext: initialization started
31-Mar-2026 21:55:36.294 INFO [main] org.springframework.data.repository.config.RepositoryConfigurationDelegate.registerRepositoriesIn Bootstrapping Spring Data JPA repositories in DEFAULT mode.
31-Mar-2026 21:55:36.351 INFO [main] org.springframework.data.repository.config.RepositoryConfigurationDelegate.registerRepositoriesIn Finished Spring Data repository scanning in 28 ms. Found 0 JPA repository interfaces.
31-Mar-2026 21:55:36.358 INFO [main] org.springframework.data.repository.config.RepositoryConfigurationDelegate.registerRepositoriesIn Bootstrapping Spring Data JPA repositories in DEFAULT mode.
31-Mar-2026 21:55:36.362 INFO [main] org.springframework.data.repository.config.RepositoryConfigurationDelegate.registerRepositoriesIn Finished Spring Data repository scanning in 3 ms. Found 0 JPA repository interfaces.
31-Mar-2026 21:55:36.723 INFO [main] org.hibernate.jpa.internal.util.LogHelper.logPersistenceUnitInformation HHH000204: Processing PersistenceUnitInfo [
	name: default
	...]
31-Mar-2026 21:55:36.813 INFO [main] org.hibernate.Version.logVersion HHH000412: Hibernate Core {5.2.8.Final}
31-Mar-2026 21:55:36.814 INFO [main] org.hibernate.cfg.Environment.<clinit> HHH000206: hibernate.properties not found
31-Mar-2026 21:55:36.894 INFO [main] org.hibernate.annotations.common.reflection.java.JavaReflectionManager.<clinit> HCANN000001: Hibernate Commons Annotations {5.0.1.Final}
31-Mar-2026 21:55:37.456 INFO [main] org.hibernate.dialect.Dialect.<init> HHH000400: Using dialect: org.hibernate.dialect.MySQLDialect
31-Mar-2026 21:55:37.915 INFO [main] org.springframework.orm.jpa.AbstractEntityManagerFactoryBean.buildNativeEntityManagerFactory Initialized JPA EntityManagerFactory for persistence unit 'default'
31-Mar-2026 21:55:38.015 INFO [main] org.springframework.web.context.ContextLoader.initWebApplicationContext Root WebApplicationContext initialized in 2143 ms
31-Mar-2026 21:55:38.068 INFO [main] org.springframework.web.servlet.FrameworkServlet.initServletBean Initializing Servlet 'cstspconf-web'
31-Mar-2026 21:55:38.661 INFO [main] org.springframework.web.servlet.FrameworkServlet.initServletBean Completed initialization in 593 ms
31-Mar-2026 21:55:38.695 INFO [main] org.apache.catalina.startup.HostConfig.deployDirectory Deployment of web application directory [/Users/motocycopath/Desktop/java-full-stack-training/00-microservices-00/apache-tomcat-9.0.116/webapps/employee-service] has finished in [4,559] ms
31-Mar-2026 21:55:38.695 INFO [main] org.apache.catalina.startup.HostConfig.deployDirectory Deploying web application directory [/Users/motocycopath/Desktop/java-full-stack-training/00-microservices-00/apache-tomcat-9.0.116/webapps/docs]
31-Mar-2026 21:55:38.733 INFO [main] org.apache.catalina.startup.HostConfig.deployDirectory Deployment of web application directory [/Users/motocycopath/Desktop/java-full-stack-training/00-microservices-00/apache-tomcat-9.0.116/webapps/docs] has finished in [37] ms
31-Mar-2026 21:55:38.733 INFO [main] org.apache.catalina.startup.HostConfig.deployDirectory Deploying web application directory [/Users/motocycopath/Desktop/java-full-stack-training/00-microservices-00/apache-tomcat-9.0.116/webapps/manager]
31-Mar-2026 21:55:38.769 INFO [main] org.apache.catalina.startup.HostConfig.deployDirectory Deployment of web application directory [/Users/motocycopath/Desktop/java-full-stack-training/00-microservices-00/apache-tomcat-9.0.116/webapps/manager] has finished in [36] ms
31-Mar-2026 21:55:38.770 INFO [main] org.apache.catalina.startup.HostConfig.deployDirectory Deploying web application directory [/Users/motocycopath/Desktop/java-full-stack-training/00-microservices-00/apache-tomcat-9.0.116/webapps/examples]
31-Mar-2026 21:55:39.018 INFO [main] org.apache.catalina.startup.HostConfig.deployDirectory Deployment of web application directory [/Users/motocycopath/Desktop/java-full-stack-training/00-microservices-00/apache-tomcat-9.0.116/webapps/examples] has finished in [249] ms
31-Mar-2026 21:55:39.018 INFO [main] org.apache.catalina.startup.HostConfig.deployDirectory Deploying web application directory [/Users/motocycopath/Desktop/java-full-stack-training/00-microservices-00/apache-tomcat-9.0.116/webapps/ROOT]
31-Mar-2026 21:55:39.036 INFO [main] org.apache.catalina.startup.HostConfig.deployDirectory Deployment of web application directory [/Users/motocycopath/Desktop/java-full-stack-training/00-microservices-00/apache-tomcat-9.0.116/webapps/ROOT] has finished in [18] ms
31-Mar-2026 21:55:39.038 INFO [main] org.apache.catalina.startup.HostConfig.deployDirectory Deploying web application directory [/Users/motocycopath/Desktop/java-full-stack-training/00-microservices-00/apache-tomcat-9.0.116/webapps/host-manager]
31-Mar-2026 21:55:39.064 INFO [main] org.apache.catalina.startup.HostConfig.deployDirectory Deployment of web application directory [/Users/motocycopath/Desktop/java-full-stack-training/00-microservices-00/apache-tomcat-9.0.116/webapps/host-manager] has finished in [27] ms
31-Mar-2026 21:55:39.070 INFO [main] org.apache.coyote.AbstractProtocol.start Starting ProtocolHandler ["http-nio-8080"]
31-Mar-2026 21:55:39.084 INFO [main] org.apache.catalina.startup.Catalina.start Server startup in [5044] milliseconds
31-Mar-2026 22:00:27.432 WARNING [http-nio-8080-exec-1] org.springframework.web.servlet.DispatcherServlet.noHandlerFound No mapping for GET /employee-service/findEmployeeBySalaryGreaterThan/2
31-Mar-2026 22:03:47.264 INFO [main] org.apache.catalina.core.StandardServer.await A valid shutdown command was received via the shutdown port. Stopping the Server instance.
31-Mar-2026 22:03:47.272 INFO [main] org.apache.coyote.AbstractProtocol.pause Pausing ProtocolHandler ["http-nio-8080"]
31-Mar-2026 22:03:47.280 INFO [main] org.apache.catalina.core.StandardService.stopInternal Stopping service [Catalina]
31-Mar-2026 22:03:47.363 INFO [main] org.springframework.orm.jpa.AbstractEntityManagerFactoryBean.destroy Closing JPA EntityManagerFactory for persistence unit 'default'
31-Mar-2026 22:03:47.367 WARNING [main] org.apache.catalina.loader.WebappClassLoaderBase.clearReferencesJdbc The web application [employee-service] registered the JDBC driver [com.mysql.cj.jdbc.Driver] but failed to unregister it when the web application was stopped. To prevent a memory leak, the JDBC Driver has been forcibly unregistered.
31-Mar-2026 22:03:47.369 WARNING [main] org.apache.catalina.loader.WebappClassLoaderBase.clearReferencesThreads The web application [employee-service] appears to have started a thread named [mysql-cj-abandoned-connection-cleanup] but has failed to stop it. This is very likely to create a memory leak. Stack trace of thread:
 java.lang.Object.wait(Native Method)
 java.lang.ref.ReferenceQueue.remove(ReferenceQueue.java:144)
 com.mysql.cj.jdbc.AbandonedConnectionCleanupThread.run(AbandonedConnectionCleanupThread.java:91)
 java.util.concurrent.ThreadPoolExecutor.runWorker(ThreadPoolExecutor.java:1149)
 java.util.concurrent.ThreadPoolExecutor$Worker.run(ThreadPoolExecutor.java:624)
 java.lang.Thread.run(Thread.java:750)
31-Mar-2026 22:03:47.384 INFO [main] org.apache.coyote.AbstractProtocol.stop Stopping ProtocolHandler ["http-nio-8080"]
31-Mar-2026 22:03:47.400 INFO [main] org.apache.coyote.AbstractProtocol.destroy Destroying ProtocolHandler ["http-nio-8080"]
31-Mar-2026 22:03:51.391 INFO [main] org.apache.catalina.startup.VersionLoggerListener.log Server version name:   Apache Tomcat/9.0.116
31-Mar-2026 22:03:51.398 INFO [main] org.apache.catalina.startup.VersionLoggerListener.log Server built:          Mar 16 2026 15:05:42 UTC
31-Mar-2026 22:03:51.398 INFO [main] org.apache.catalina.startup.VersionLoggerListener.log Server version number: 9.0.116.0
31-Mar-2026 22:03:51.398 INFO [main] org.apache.catalina.startup.VersionLoggerListener.log OS Name:               Mac OS X
31-Mar-2026 22:03:51.399 INFO [main] org.apache.catalina.startup.VersionLoggerListener.log OS Version:            15.5
31-Mar-2026 22:03:51.399 INFO [main] org.apache.catalina.startup.VersionLoggerListener.log Architecture:          x86_64
31-Mar-2026 22:03:51.399 INFO [main] org.apache.catalina.startup.VersionLoggerListener.log Java Home:             /Library/Java/JavaVirtualMachines/temurin-8.jdk/Contents/Home/jre
31-Mar-2026 22:03:51.399 INFO [main] org.apache.catalina.startup.VersionLoggerListener.log JVM Version:           1.8.0_482-b08
31-Mar-2026 22:03:51.399 INFO [main] org.apache.catalina.startup.VersionLoggerListener.log JVM Vendor:            Temurin
31-Mar-2026 22:03:51.399 INFO [main] org.apache.catalina.startup.VersionLoggerListener.log CATALINA_BASE:         /Users/motocycopath/Desktop/java-full-stack-training/00-microservices-00/apache-tomcat-9.0.116
31-Mar-2026 22:03:51.399 INFO [main] org.apache.catalina.startup.VersionLoggerListener.log CATALINA_HOME:         /Users/motocycopath/Desktop/java-full-stack-training/00-microservices-00/apache-tomcat-9.0.116
31-Mar-2026 22:03:51.404 INFO [main] org.apache.catalina.startup.VersionLoggerListener.log Command line argument: -Djava.util.logging.config.file=/Users/motocycopath/Desktop/java-full-stack-training/00-microservices-00/apache-tomcat-9.0.116/conf/logging.properties
31-Mar-2026 22:03:51.404 INFO [main] org.apache.catalina.startup.VersionLoggerListener.log Command line argument: -Djava.util.logging.manager=org.apache.juli.ClassLoaderLogManager
31-Mar-2026 22:03:51.404 INFO [main] org.apache.catalina.startup.VersionLoggerListener.log Command line argument: -Djdk.tls.ephemeralDHKeySize=2048
31-Mar-2026 22:03:51.404 INFO [main] org.apache.catalina.startup.VersionLoggerListener.log Command line argument: -Djava.protocol.handler.pkgs=org.apache.catalina.webresources
31-Mar-2026 22:03:51.404 INFO [main] org.apache.catalina.startup.VersionLoggerListener.log Command line argument: -Dsun.io.useCanonCaches=false
31-Mar-2026 22:03:51.404 INFO [main] org.apache.catalina.startup.VersionLoggerListener.log Command line argument: -Dorg.apache.catalina.security.SecurityListener.UMASK=0027
31-Mar-2026 22:03:51.404 INFO [main] org.apache.catalina.startup.VersionLoggerListener.log Command line argument: -Dignore.endorsed.dirs=
31-Mar-2026 22:03:51.404 INFO [main] org.apache.catalina.startup.VersionLoggerListener.log Command line argument: -Dcatalina.base=/Users/motocycopath/Desktop/java-full-stack-training/00-microservices-00/apache-tomcat-9.0.116
31-Mar-2026 22:03:51.404 INFO [main] org.apache.catalina.startup.VersionLoggerListener.log Command line argument: -Dcatalina.home=/Users/motocycopath/Desktop/java-full-stack-training/00-microservices-00/apache-tomcat-9.0.116
31-Mar-2026 22:03:51.405 INFO [main] org.apache.catalina.startup.VersionLoggerListener.log Command line argument: -Djava.io.tmpdir=/Users/motocycopath/Desktop/java-full-stack-training/00-microservices-00/apache-tomcat-9.0.116/temp
31-Mar-2026 22:03:51.407 INFO [main] org.apache.catalina.core.AprLifecycleListener.lifecycleEvent The Apache Tomcat Native library which allows using OpenSSL was not found on the java.library.path: [/Users/motocycopath/Library/Java/Extensions:/Library/Java/Extensions:/Network/Library/Java/Extensions:/System/Library/Java/Extensions:/usr/lib/java:.]
31-Mar-2026 22:03:51.861 INFO [main] org.apache.coyote.AbstractProtocol.init Initializing ProtocolHandler ["http-nio-8080"]
31-Mar-2026 22:03:51.906 INFO [main] org.apache.catalina.startup.Catalina.load Server initialization in [684] milliseconds
31-Mar-2026 22:03:52.003 INFO [main] org.apache.catalina.core.StandardService.startInternal Starting service [Catalina]
31-Mar-2026 22:03:52.003 INFO [main] org.apache.catalina.core.StandardEngine.startInternal Starting Servlet engine: [Apache Tomcat/9.0.116]
31-Mar-2026 22:03:52.008 INFO [main] org.apache.catalina.startup.HostConfig.deployDirectory Deploying web application directory [/Users/motocycopath/Desktop/java-full-stack-training/00-microservices-00/apache-tomcat-9.0.116/webapps/employee-service]
31-Mar-2026 22:03:53.638 INFO [main] org.apache.jasper.servlet.TldScanner.scanJars At least one JAR was scanned for TLDs yet contained no TLDs. Enable debug logging for this logger for a complete list of JARs that were scanned but no TLDs were found in them. Skipping unneeded JARs during scanning can improve startup time and JSP compilation time.
31-Mar-2026 22:03:53.668 INFO [main] org.springframework.web.context.ContextLoader.initWebApplicationContext Root WebApplicationContext: initialization started
31-Mar-2026 22:03:54.067 INFO [main] org.springframework.data.repository.config.RepositoryConfigurationDelegate.registerRepositoriesIn Bootstrapping Spring Data JPA repositories in DEFAULT mode.
31-Mar-2026 22:03:54.102 INFO [main] org.springframework.data.repository.config.RepositoryConfigurationDelegate.registerRepositoriesIn Finished Spring Data repository scanning in 19 ms. Found 0 JPA repository interfaces.
31-Mar-2026 22:03:54.106 INFO [main] org.springframework.data.repository.config.RepositoryConfigurationDelegate.registerRepositoriesIn Bootstrapping Spring Data JPA repositories in DEFAULT mode.
31-Mar-2026 22:03:54.108 INFO [main] org.springframework.data.repository.config.RepositoryConfigurationDelegate.registerRepositoriesIn Finished Spring Data repository scanning in 1 ms. Found 0 JPA repository interfaces.
31-Mar-2026 22:03:54.441 INFO [main] org.hibernate.jpa.internal.util.LogHelper.logPersistenceUnitInformation HHH000204: Processing PersistenceUnitInfo [
	name: default
	...]
31-Mar-2026 22:03:54.519 INFO [main] org.hibernate.Version.logVersion HHH000412: Hibernate Core {5.2.8.Final}
31-Mar-2026 22:03:54.520 INFO [main] org.hibernate.cfg.Environment.<clinit> HHH000206: hibernate.properties not found
31-Mar-2026 22:03:54.578 INFO [main] org.hibernate.annotations.common.reflection.java.JavaReflectionManager.<clinit> HCANN000001: Hibernate Commons Annotations {5.0.1.Final}
31-Mar-2026 22:03:55.107 INFO [main] org.hibernate.dialect.Dialect.<init> HHH000400: Using dialect: org.hibernate.dialect.MySQLDialect
31-Mar-2026 22:03:55.592 INFO [main] org.springframework.orm.jpa.AbstractEntityManagerFactoryBean.buildNativeEntityManagerFactory Initialized JPA EntityManagerFactory for persistence unit 'default'
31-Mar-2026 22:03:55.700 INFO [main] org.springframework.web.context.ContextLoader.initWebApplicationContext Root WebApplicationContext initialized in 2032 ms
31-Mar-2026 22:03:55.749 INFO [main] org.springframework.web.servlet.FrameworkServlet.initServletBean Initializing Servlet 'cstspconf-web'
31-Mar-2026 22:03:56.368 INFO [main] org.springframework.web.servlet.FrameworkServlet.initServletBean Completed initialization in 619 ms
31-Mar-2026 22:03:56.403 INFO [main] org.apache.catalina.startup.HostConfig.deployDirectory Deployment of web application directory [/Users/motocycopath/Desktop/java-full-stack-training/00-microservices-00/apache-tomcat-9.0.116/webapps/employee-service] has finished in [4,393] ms
31-Mar-2026 22:03:56.404 INFO [main] org.apache.catalina.startup.HostConfig.deployDirectory Deploying web application directory [/Users/motocycopath/Desktop/java-full-stack-training/00-microservices-00/apache-tomcat-9.0.116/webapps/docs]
31-Mar-2026 22:03:56.438 INFO [main] org.apache.catalina.startup.HostConfig.deployDirectory Deployment of web application directory [/Users/motocycopath/Desktop/java-full-stack-training/00-microservices-00/apache-tomcat-9.0.116/webapps/docs] has finished in [35] ms
31-Mar-2026 22:03:56.438 INFO [main] org.apache.catalina.startup.HostConfig.deployDirectory Deploying web application directory [/Users/motocycopath/Desktop/java-full-stack-training/00-microservices-00/apache-tomcat-9.0.116/webapps/manager]
31-Mar-2026 22:03:56.477 INFO [main] org.apache.catalina.startup.HostConfig.deployDirectory Deployment of web application directory [/Users/motocycopath/Desktop/java-full-stack-training/00-microservices-00/apache-tomcat-9.0.116/webapps/manager] has finished in [39] ms
31-Mar-2026 22:03:56.477 INFO [main] org.apache.catalina.startup.HostConfig.deployDirectory Deploying web application directory [/Users/motocycopath/Desktop/java-full-stack-training/00-microservices-00/apache-tomcat-9.0.116/webapps/examples]
31-Mar-2026 22:03:56.682 INFO [main] org.apache.catalina.startup.HostConfig.deployDirectory Deployment of web application directory [/Users/motocycopath/Desktop/java-full-stack-training/00-microservices-00/apache-tomcat-9.0.116/webapps/examples] has finished in [205] ms
31-Mar-2026 22:03:56.683 INFO [main] org.apache.catalina.startup.HostConfig.deployDirectory Deploying web application directory [/Users/motocycopath/Desktop/java-full-stack-training/00-microservices-00/apache-tomcat-9.0.116/webapps/ROOT]
31-Mar-2026 22:03:56.701 INFO [main] org.apache.catalina.startup.HostConfig.deployDirectory Deployment of web application directory [/Users/motocycopath/Desktop/java-full-stack-training/00-microservices-00/apache-tomcat-9.0.116/webapps/ROOT] has finished in [18] ms
31-Mar-2026 22:03:56.702 INFO [main] org.apache.catalina.startup.HostConfig.deployDirectory Deploying web application directory [/Users/motocycopath/Desktop/java-full-stack-training/00-microservices-00/apache-tomcat-9.0.116/webapps/host-manager]
31-Mar-2026 22:03:56.719 INFO [main] org.apache.catalina.startup.HostConfig.deployDirectory Deployment of web application directory [/Users/motocycopath/Desktop/java-full-stack-training/00-microservices-00/apache-tomcat-9.0.116/webapps/host-manager] has finished in [17] ms
31-Mar-2026 22:03:56.722 INFO [main] org.apache.coyote.AbstractProtocol.start Starting ProtocolHandler ["http-nio-8080"]
31-Mar-2026 22:03:56.734 INFO [main] org.apache.catalina.startup.Catalina.start Server startup in [4827] milliseconds
31-Mar-2026 22:04:04.273 WARNING [http-nio-8080-exec-1] org.springframework.web.servlet.DispatcherServlet.noHandlerFound No mapping for GET /employee-service/findEmployeeBySalaryGreaterThan/2
31-Mar-2026 22:05:27.130 INFO [main] org.apache.catalina.core.StandardServer.await A valid shutdown command was received via the shutdown port. Stopping the Server instance.
31-Mar-2026 22:05:27.136 INFO [main] org.apache.coyote.AbstractProtocol.pause Pausing ProtocolHandler ["http-nio-8080"]
31-Mar-2026 22:05:27.142 INFO [main] org.apache.catalina.core.StandardService.stopInternal Stopping service [Catalina]
31-Mar-2026 22:05:27.213 INFO [main] org.springframework.orm.jpa.AbstractEntityManagerFactoryBean.destroy Closing JPA EntityManagerFactory for persistence unit 'default'
31-Mar-2026 22:05:27.217 WARNING [main] org.apache.catalina.loader.WebappClassLoaderBase.clearReferencesJdbc The web application [employee-service] registered the JDBC driver [com.mysql.cj.jdbc.Driver] but failed to unregister it when the web application was stopped. To prevent a memory leak, the JDBC Driver has been forcibly unregistered.
31-Mar-2026 22:05:27.218 WARNING [main] org.apache.catalina.loader.WebappClassLoaderBase.clearReferencesThreads The web application [employee-service] appears to have started a thread named [mysql-cj-abandoned-connection-cleanup] but has failed to stop it. This is very likely to create a memory leak. Stack trace of thread:
 java.lang.Object.wait(Native Method)
 java.lang.ref.ReferenceQueue.remove(ReferenceQueue.java:144)
 com.mysql.cj.jdbc.AbandonedConnectionCleanupThread.run(AbandonedConnectionCleanupThread.java:91)
 java.util.concurrent.ThreadPoolExecutor.runWorker(ThreadPoolExecutor.java:1149)
 java.util.concurrent.ThreadPoolExecutor$Worker.run(ThreadPoolExecutor.java:624)
 java.lang.Thread.run(Thread.java:750)
31-Mar-2026 22:05:27.231 INFO [main] org.apache.coyote.AbstractProtocol.stop Stopping ProtocolHandler ["http-nio-8080"]
31-Mar-2026 22:05:27.250 INFO [main] org.apache.coyote.AbstractProtocol.destroy Destroying ProtocolHandler ["http-nio-8080"]
31-Mar-2026 22:05:31.186 INFO [main] org.apache.catalina.startup.VersionLoggerListener.log Server version name:   Apache Tomcat/9.0.116
31-Mar-2026 22:05:31.191 INFO [main] org.apache.catalina.startup.VersionLoggerListener.log Server built:          Mar 16 2026 15:05:42 UTC
31-Mar-2026 22:05:31.191 INFO [main] org.apache.catalina.startup.VersionLoggerListener.log Server version number: 9.0.116.0
31-Mar-2026 22:05:31.192 INFO [main] org.apache.catalina.startup.VersionLoggerListener.log OS Name:               Mac OS X
31-Mar-2026 22:05:31.192 INFO [main] org.apache.catalina.startup.VersionLoggerListener.log OS Version:            15.5
31-Mar-2026 22:05:31.192 INFO [main] org.apache.catalina.startup.VersionLoggerListener.log Architecture:          x86_64
31-Mar-2026 22:05:31.192 INFO [main] org.apache.catalina.startup.VersionLoggerListener.log Java Home:             /Library/Java/JavaVirtualMachines/temurin-8.jdk/Contents/Home/jre
31-Mar-2026 22:05:31.192 INFO [main] org.apache.catalina.startup.VersionLoggerListener.log JVM Version:           1.8.0_482-b08
31-Mar-2026 22:05:31.192 INFO [main] org.apache.catalina.startup.VersionLoggerListener.log JVM Vendor:            Temurin
31-Mar-2026 22:05:31.192 INFO [main] org.apache.catalina.startup.VersionLoggerListener.log CATALINA_BASE:         /Users/motocycopath/Desktop/java-full-stack-training/00-microservices-00/apache-tomcat-9.0.116
31-Mar-2026 22:05:31.192 INFO [main] org.apache.catalina.startup.VersionLoggerListener.log CATALINA_HOME:         /Users/motocycopath/Desktop/java-full-stack-training/00-microservices-00/apache-tomcat-9.0.116
31-Mar-2026 22:05:31.197 INFO [main] org.apache.catalina.startup.VersionLoggerListener.log Command line argument: -Djava.util.logging.config.file=/Users/motocycopath/Desktop/java-full-stack-training/00-microservices-00/apache-tomcat-9.0.116/conf/logging.properties
31-Mar-2026 22:05:31.197 INFO [main] org.apache.catalina.startup.VersionLoggerListener.log Command line argument: -Djava.util.logging.manager=org.apache.juli.ClassLoaderLogManager
31-Mar-2026 22:05:31.197 INFO [main] org.apache.catalina.startup.VersionLoggerListener.log Command line argument: -Djdk.tls.ephemeralDHKeySize=2048
31-Mar-2026 22:05:31.197 INFO [main] org.apache.catalina.startup.VersionLoggerListener.log Command line argument: -Djava.protocol.handler.pkgs=org.apache.catalina.webresources
31-Mar-2026 22:05:31.197 INFO [main] org.apache.catalina.startup.VersionLoggerListener.log Command line argument: -Dsun.io.useCanonCaches=false
31-Mar-2026 22:05:31.197 INFO [main] org.apache.catalina.startup.VersionLoggerListener.log Command line argument: -Dorg.apache.catalina.security.SecurityListener.UMASK=0027
31-Mar-2026 22:05:31.197 INFO [main] org.apache.catalina.startup.VersionLoggerListener.log Command line argument: -Dignore.endorsed.dirs=
31-Mar-2026 22:05:31.197 INFO [main] org.apache.catalina.startup.VersionLoggerListener.log Command line argument: -Dcatalina.base=/Users/motocycopath/Desktop/java-full-stack-training/00-microservices-00/apache-tomcat-9.0.116
31-Mar-2026 22:05:31.198 INFO [main] org.apache.catalina.startup.VersionLoggerListener.log Command line argument: -Dcatalina.home=/Users/motocycopath/Desktop/java-full-stack-training/00-microservices-00/apache-tomcat-9.0.116
31-Mar-2026 22:05:31.198 INFO [main] org.apache.catalina.startup.VersionLoggerListener.log Command line argument: -Djava.io.tmpdir=/Users/motocycopath/Desktop/java-full-stack-training/00-microservices-00/apache-tomcat-9.0.116/temp
31-Mar-2026 22:05:31.201 INFO [main] org.apache.catalina.core.AprLifecycleListener.lifecycleEvent The Apache Tomcat Native library which allows using OpenSSL was not found on the java.library.path: [/Users/motocycopath/Library/Java/Extensions:/Library/Java/Extensions:/Network/Library/Java/Extensions:/System/Library/Java/Extensions:/usr/lib/java:.]
31-Mar-2026 22:05:31.665 INFO [main] org.apache.coyote.AbstractProtocol.init Initializing ProtocolHandler ["http-nio-8080"]
31-Mar-2026 22:05:31.708 INFO [main] org.apache.catalina.startup.Catalina.load Server initialization in [692] milliseconds
31-Mar-2026 22:05:31.814 INFO [main] org.apache.catalina.core.StandardService.startInternal Starting service [Catalina]
31-Mar-2026 22:05:31.814 INFO [main] org.apache.catalina.core.StandardEngine.startInternal Starting Servlet engine: [Apache Tomcat/9.0.116]
31-Mar-2026 22:05:31.820 INFO [main] org.apache.catalina.startup.HostConfig.deployDirectory Deploying web application directory [/Users/motocycopath/Desktop/java-full-stack-training/00-microservices-00/apache-tomcat-9.0.116/webapps/employee-service]
31-Mar-2026 22:05:33.492 INFO [main] org.apache.jasper.servlet.TldScanner.scanJars At least one JAR was scanned for TLDs yet contained no TLDs. Enable debug logging for this logger for a complete list of JARs that were scanned but no TLDs were found in them. Skipping unneeded JARs during scanning can improve startup time and JSP compilation time.
31-Mar-2026 22:05:33.523 INFO [main] org.springframework.web.context.ContextLoader.initWebApplicationContext Root WebApplicationContext: initialization started
31-Mar-2026 22:05:33.947 INFO [main] org.springframework.data.repository.config.RepositoryConfigurationDelegate.registerRepositoriesIn Bootstrapping Spring Data JPA repositories in DEFAULT mode.
31-Mar-2026 22:05:33.979 INFO [main] org.springframework.data.repository.config.RepositoryConfigurationDelegate.registerRepositoriesIn Finished Spring Data repository scanning in 15 ms. Found 0 JPA repository interfaces.
31-Mar-2026 22:05:33.982 INFO [main] org.springframework.data.repository.config.RepositoryConfigurationDelegate.registerRepositoriesIn Bootstrapping Spring Data JPA repositories in DEFAULT mode.
31-Mar-2026 22:05:33.982 INFO [main] org.springframework.data.repository.config.RepositoryConfigurationDelegate.registerRepositoriesIn Finished Spring Data repository scanning in 0 ms. Found 0 JPA repository interfaces.
31-Mar-2026 22:05:34.334 INFO [main] org.hibernate.jpa.internal.util.LogHelper.logPersistenceUnitInformation HHH000204: Processing PersistenceUnitInfo [
	name: default
	...]
31-Mar-2026 22:05:34.409 INFO [main] org.hibernate.Version.logVersion HHH000412: Hibernate Core {5.2.8.Final}
31-Mar-2026 22:05:34.411 INFO [main] org.hibernate.cfg.Environment.<clinit> HHH000206: hibernate.properties not found
31-Mar-2026 22:05:34.457 INFO [main] org.hibernate.annotations.common.reflection.java.JavaReflectionManager.<clinit> HCANN000001: Hibernate Commons Annotations {5.0.1.Final}
31-Mar-2026 22:05:34.949 INFO [main] org.hibernate.dialect.Dialect.<init> HHH000400: Using dialect: org.hibernate.dialect.MySQLDialect
31-Mar-2026 22:05:35.435 INFO [main] org.springframework.orm.jpa.AbstractEntityManagerFactoryBean.buildNativeEntityManagerFactory Initialized JPA EntityManagerFactory for persistence unit 'default'
31-Mar-2026 22:05:35.544 INFO [main] org.springframework.web.context.ContextLoader.initWebApplicationContext Root WebApplicationContext initialized in 2021 ms
31-Mar-2026 22:05:35.599 INFO [main] org.springframework.web.servlet.FrameworkServlet.initServletBean Initializing Servlet 'cstspconf-web'
31-Mar-2026 22:05:36.004 INFO [main] org.apache.catalina.startup.VersionLoggerListener.log Server version name:   Apache Tomcat/9.0.116
31-Mar-2026 22:05:36.008 INFO [main] org.apache.catalina.startup.VersionLoggerListener.log Server built:          Mar 16 2026 15:05:42 UTC
31-Mar-2026 22:05:36.008 INFO [main] org.apache.catalina.startup.VersionLoggerListener.log Server version number: 9.0.116.0
31-Mar-2026 22:05:36.008 INFO [main] org.apache.catalina.startup.VersionLoggerListener.log OS Name:               Mac OS X
31-Mar-2026 22:05:36.008 INFO [main] org.apache.catalina.startup.VersionLoggerListener.log OS Version:            15.5
31-Mar-2026 22:05:36.008 INFO [main] org.apache.catalina.startup.VersionLoggerListener.log Architecture:          x86_64
31-Mar-2026 22:05:36.008 INFO [main] org.apache.catalina.startup.VersionLoggerListener.log Java Home:             /Library/Java/JavaVirtualMachines/temurin-8.jdk/Contents/Home/jre
31-Mar-2026 22:05:36.008 INFO [main] org.apache.catalina.startup.VersionLoggerListener.log JVM Version:           1.8.0_482-b08
31-Mar-2026 22:05:36.008 INFO [main] org.apache.catalina.startup.VersionLoggerListener.log JVM Vendor:            Temurin
31-Mar-2026 22:05:36.008 INFO [main] org.apache.catalina.startup.VersionLoggerListener.log CATALINA_BASE:         /Users/motocycopath/Desktop/java-full-stack-training/00-microservices-00/apache-tomcat-9.0.116
31-Mar-2026 22:05:36.008 INFO [main] org.apache.catalina.startup.VersionLoggerListener.log CATALINA_HOME:         /Users/motocycopath/Desktop/java-full-stack-training/00-microservices-00/apache-tomcat-9.0.116
31-Mar-2026 22:05:36.015 INFO [main] org.apache.catalina.startup.VersionLoggerListener.log Command line argument: -Djava.util.logging.config.file=/Users/motocycopath/Desktop/java-full-stack-training/00-microservices-00/apache-tomcat-9.0.116/conf/logging.properties
31-Mar-2026 22:05:36.015 INFO [main] org.apache.catalina.startup.VersionLoggerListener.log Command line argument: -Djava.util.logging.manager=org.apache.juli.ClassLoaderLogManager
31-Mar-2026 22:05:36.015 INFO [main] org.apache.catalina.startup.VersionLoggerListener.log Command line argument: -Djdk.tls.ephemeralDHKeySize=2048
31-Mar-2026 22:05:36.015 INFO [main] org.apache.catalina.startup.VersionLoggerListener.log Command line argument: -Djava.protocol.handler.pkgs=org.apache.catalina.webresources
31-Mar-2026 22:05:36.015 INFO [main] org.apache.catalina.startup.VersionLoggerListener.log Command line argument: -Dsun.io.useCanonCaches=false
31-Mar-2026 22:05:36.015 INFO [main] org.apache.catalina.startup.VersionLoggerListener.log Command line argument: -Dorg.apache.catalina.security.SecurityListener.UMASK=0027
31-Mar-2026 22:05:36.015 INFO [main] org.apache.catalina.startup.VersionLoggerListener.log Command line argument: -Dignore.endorsed.dirs=
31-Mar-2026 22:05:36.015 INFO [main] org.apache.catalina.startup.VersionLoggerListener.log Command line argument: -Dcatalina.base=/Users/motocycopath/Desktop/java-full-stack-training/00-microservices-00/apache-tomcat-9.0.116
31-Mar-2026 22:05:36.015 INFO [main] org.apache.catalina.startup.VersionLoggerListener.log Command line argument: -Dcatalina.home=/Users/motocycopath/Desktop/java-full-stack-training/00-microservices-00/apache-tomcat-9.0.116
31-Mar-2026 22:05:36.015 INFO [main] org.apache.catalina.startup.VersionLoggerListener.log Command line argument: -Djava.io.tmpdir=/Users/motocycopath/Desktop/java-full-stack-training/00-microservices-00/apache-tomcat-9.0.116/temp
31-Mar-2026 22:05:36.019 INFO [main] org.apache.catalina.core.AprLifecycleListener.lifecycleEvent The Apache Tomcat Native library which allows using OpenSSL was not found on the java.library.path: [/Users/motocycopath/Library/Java/Extensions:/Library/Java/Extensions:/Network/Library/Java/Extensions:/System/Library/Java/Extensions:/usr/lib/java:.]
31-Mar-2026 22:05:36.330 INFO [main] org.springframework.web.servlet.FrameworkServlet.initServletBean Completed initialization in 731 ms
31-Mar-2026 22:05:36.338 SEVERE [main] org.apache.jasper.EmbeddedServletOptions.<init> The scratchDir you specified: [/Users/motocycopath/Desktop/java-full-stack-training/00-microservices-00/apache-tomcat-9.0.116/work/Catalina/localhost/employee-service] is unusable.
31-Mar-2026 22:05:36.382 INFO [main] org.apache.catalina.startup.HostConfig.deployDirectory Deployment of web application directory [/Users/motocycopath/Desktop/java-full-stack-training/00-microservices-00/apache-tomcat-9.0.116/webapps/employee-service] has finished in [4,558] ms
31-Mar-2026 22:05:36.383 INFO [main] org.apache.catalina.startup.HostConfig.deployDirectory Deploying web application directory [/Users/motocycopath/Desktop/java-full-stack-training/00-microservices-00/apache-tomcat-9.0.116/webapps/docs]
31-Mar-2026 22:05:36.432 INFO [main] org.apache.catalina.startup.HostConfig.deployDirectory Deployment of web application directory [/Users/motocycopath/Desktop/java-full-stack-training/00-microservices-00/apache-tomcat-9.0.116/webapps/docs] has finished in [49] ms
31-Mar-2026 22:05:36.433 INFO [main] org.apache.catalina.startup.HostConfig.deployDirectory Deploying web application directory [/Users/motocycopath/Desktop/java-full-stack-training/00-microservices-00/apache-tomcat-9.0.116/webapps/manager]
31-Mar-2026 22:05:36.475 INFO [main] org.apache.catalina.startup.HostConfig.deployDirectory Deployment of web application directory [/Users/motocycopath/Desktop/java-full-stack-training/00-microservices-00/apache-tomcat-9.0.116/webapps/manager] has finished in [42] ms
31-Mar-2026 22:05:36.475 INFO [main] org.apache.catalina.startup.HostConfig.deployDirectory Deploying web application directory [/Users/motocycopath/Desktop/java-full-stack-training/00-microservices-00/apache-tomcat-9.0.116/webapps/examples]
31-Mar-2026 22:05:36.537 INFO [main] org.apache.coyote.AbstractProtocol.init Initializing ProtocolHandler ["http-nio-8080"]
31-Mar-2026 22:05:36.572 SEVERE [main] org.apache.catalina.util.LifecycleBase.handleSubClassException Failed to initialize component [Connector["http-nio-8080"]]
	org.apache.catalina.LifecycleException: Protocol handler initialization failed
		at org.apache.catalina.connector.Connector.initInternal(Connector.java:1084)
		at org.apache.catalina.util.LifecycleBase.init(LifecycleBase.java:122)
		at org.apache.catalina.core.StandardService.initInternal(StandardService.java:520)
		at org.apache.catalina.util.LifecycleBase.init(LifecycleBase.java:122)
		at org.apache.catalina.core.StandardServer.initInternal(StandardServer.java:984)
		at org.apache.catalina.util.LifecycleBase.init(LifecycleBase.java:122)
		at org.apache.catalina.startup.Catalina.load(Catalina.java:687)
		at org.apache.catalina.startup.Catalina.load(Catalina.java:710)
		at sun.reflect.NativeMethodAccessorImpl.invoke0(Native Method)
		at sun.reflect.NativeMethodAccessorImpl.invoke(NativeMethodAccessorImpl.java:62)
		at sun.reflect.DelegatingMethodAccessorImpl.invoke(DelegatingMethodAccessorImpl.java:43)
		at java.lang.reflect.Method.invoke(Method.java:498)
		at org.apache.catalina.startup.Bootstrap.load(Bootstrap.java:299)
		at org.apache.catalina.startup.Bootstrap.main(Bootstrap.java:472)
	Caused by: java.net.BindException: Address already in use
		at sun.nio.ch.Net.bind0(Native Method)
		at sun.nio.ch.Net.bind(Net.java:461)
		at sun.nio.ch.Net.bind(Net.java:453)
		at sun.nio.ch.ServerSocketChannelImpl.bind(ServerSocketChannelImpl.java:222)
		at org.apache.tomcat.util.net.NioEndpoint.initServerSocket(NioEndpoint.java:296)
		at org.apache.tomcat.util.net.NioEndpoint.bind(NioEndpoint.java:251)
		at org.apache.tomcat.util.net.AbstractEndpoint.bindWithCleanup(AbstractEndpoint.java:1498)
		at org.apache.tomcat.util.net.AbstractEndpoint.init(AbstractEndpoint.java:1511)
		at org.apache.coyote.AbstractProtocol.init(AbstractProtocol.java:667)
		at org.apache.coyote.http11.AbstractHttp11Protocol.init(AbstractHttp11Protocol.java:80)
		at org.apache.catalina.connector.Connector.initInternal(Connector.java:1082)
		... 13 more
31-Mar-2026 22:05:36.575 INFO [main] org.apache.catalina.startup.Catalina.load Server initialization in [758] milliseconds
31-Mar-2026 22:05:36.786 INFO [main] org.apache.catalina.core.StandardService.startInternal Starting service [Catalina]
31-Mar-2026 22:05:36.787 INFO [main] org.apache.catalina.core.StandardEngine.startInternal Starting Servlet engine: [Apache Tomcat/9.0.116]
31-Mar-2026 22:05:36.803 INFO [main] org.apache.catalina.startup.HostConfig.deployDirectory Deploying web application directory [/Users/motocycopath/Desktop/java-full-stack-training/00-microservices-00/apache-tomcat-9.0.116/webapps/employee-service]
31-Mar-2026 22:05:36.846 INFO [main] org.apache.catalina.startup.HostConfig.deployDirectory Deployment of web application directory [/Users/motocycopath/Desktop/java-full-stack-training/00-microservices-00/apache-tomcat-9.0.116/webapps/examples] has finished in [370] ms
31-Mar-2026 22:05:36.846 INFO [main] org.apache.catalina.startup.HostConfig.deployDirectory Deploying web application directory [/Users/motocycopath/Desktop/java-full-stack-training/00-microservices-00/apache-tomcat-9.0.116/webapps/ROOT]
31-Mar-2026 22:05:36.882 INFO [main] org.apache.catalina.startup.HostConfig.deployDirectory Deployment of web application directory [/Users/motocycopath/Desktop/java-full-stack-training/00-microservices-00/apache-tomcat-9.0.116/webapps/ROOT] has finished in [35] ms
31-Mar-2026 22:05:36.885 INFO [main] org.apache.catalina.startup.HostConfig.deployDirectory Deploying web application directory [/Users/motocycopath/Desktop/java-full-stack-training/00-microservices-00/apache-tomcat-9.0.116/webapps/host-manager]
31-Mar-2026 22:05:36.922 INFO [main] org.apache.catalina.startup.HostConfig.deployDirectory Deployment of web application directory [/Users/motocycopath/Desktop/java-full-stack-training/00-microservices-00/apache-tomcat-9.0.116/webapps/host-manager] has finished in [38] ms
31-Mar-2026 22:05:36.927 INFO [main] org.apache.coyote.AbstractProtocol.start Starting ProtocolHandler ["http-nio-8080"]
31-Mar-2026 22:05:36.942 INFO [main] org.apache.catalina.startup.Catalina.start Server startup in [5233] milliseconds
31-Mar-2026 22:05:38.945 INFO [main] org.apache.jasper.servlet.TldScanner.scanJars At least one JAR was scanned for TLDs yet contained no TLDs. Enable debug logging for this logger for a complete list of JARs that were scanned but no TLDs were found in them. Skipping unneeded JARs during scanning can improve startup time and JSP compilation time.
31-Mar-2026 22:05:38.979 INFO [main] org.springframework.web.context.ContextLoader.initWebApplicationContext Root WebApplicationContext: initialization started
31-Mar-2026 22:05:39.400 INFO [main] org.springframework.data.repository.config.RepositoryConfigurationDelegate.registerRepositoriesIn Bootstrapping Spring Data JPA repositories in DEFAULT mode.
31-Mar-2026 22:05:39.432 INFO [main] org.springframework.data.repository.config.RepositoryConfigurationDelegate.registerRepositoriesIn Finished Spring Data repository scanning in 16 ms. Found 0 JPA repository interfaces.
31-Mar-2026 22:05:39.434 INFO [main] org.springframework.data.repository.config.RepositoryConfigurationDelegate.registerRepositoriesIn Bootstrapping Spring Data JPA repositories in DEFAULT mode.
31-Mar-2026 22:05:39.434 INFO [main] org.springframework.data.repository.config.RepositoryConfigurationDelegate.registerRepositoriesIn Finished Spring Data repository scanning in 0 ms. Found 0 JPA repository interfaces.
31-Mar-2026 22:05:39.790 INFO [main] org.hibernate.jpa.internal.util.LogHelper.logPersistenceUnitInformation HHH000204: Processing PersistenceUnitInfo [
	name: default
	...]
31-Mar-2026 22:05:39.870 INFO [main] org.hibernate.Version.logVersion HHH000412: Hibernate Core {5.2.8.Final}
31-Mar-2026 22:05:39.872 INFO [main] org.hibernate.cfg.Environment.<clinit> HHH000206: hibernate.properties not found
31-Mar-2026 22:05:39.912 INFO [main] org.hibernate.annotations.common.reflection.java.JavaReflectionManager.<clinit> HCANN000001: Hibernate Commons Annotations {5.0.1.Final}
31-Mar-2026 22:05:40.335 INFO [main] org.hibernate.dialect.Dialect.<init> HHH000400: Using dialect: org.hibernate.dialect.MySQLDialect
31-Mar-2026 22:05:40.803 INFO [main] org.springframework.orm.jpa.AbstractEntityManagerFactoryBean.buildNativeEntityManagerFactory Initialized JPA EntityManagerFactory for persistence unit 'default'
31-Mar-2026 22:05:40.931 INFO [main] org.springframework.web.context.ContextLoader.initWebApplicationContext Root WebApplicationContext initialized in 1951 ms
31-Mar-2026 22:05:40.981 INFO [main] org.springframework.web.servlet.FrameworkServlet.initServletBean Initializing Servlet 'cstspconf-web'
31-Mar-2026 22:05:41.578 INFO [main] org.springframework.web.servlet.FrameworkServlet.initServletBean Completed initialization in 596 ms
31-Mar-2026 22:05:41.610 INFO [main] org.apache.catalina.startup.HostConfig.deployDirectory Deployment of web application directory [/Users/motocycopath/Desktop/java-full-stack-training/00-microservices-00/apache-tomcat-9.0.116/webapps/employee-service] has finished in [4,804] ms
31-Mar-2026 22:05:41.610 INFO [main] org.apache.catalina.startup.HostConfig.deployDirectory Deploying web application directory [/Users/motocycopath/Desktop/java-full-stack-training/00-microservices-00/apache-tomcat-9.0.116/webapps/docs]
31-Mar-2026 22:05:41.645 INFO [main] org.apache.catalina.startup.HostConfig.deployDirectory Deployment of web application directory [/Users/motocycopath/Desktop/java-full-stack-training/00-microservices-00/apache-tomcat-9.0.116/webapps/docs] has finished in [35] ms
31-Mar-2026 22:05:41.645 INFO [main] org.apache.catalina.startup.HostConfig.deployDirectory Deploying web application directory [/Users/motocycopath/Desktop/java-full-stack-training/00-microservices-00/apache-tomcat-9.0.116/webapps/manager]
31-Mar-2026 22:05:41.682 INFO [main] org.apache.catalina.startup.HostConfig.deployDirectory Deployment of web application directory [/Users/motocycopath/Desktop/java-full-stack-training/00-microservices-00/apache-tomcat-9.0.116/webapps/manager] has finished in [37] ms
31-Mar-2026 22:05:41.682 INFO [main] org.apache.catalina.startup.HostConfig.deployDirectory Deploying web application directory [/Users/motocycopath/Desktop/java-full-stack-training/00-microservices-00/apache-tomcat-9.0.116/webapps/examples]
31-Mar-2026 22:05:41.886 INFO [main] org.apache.catalina.startup.HostConfig.deployDirectory Deployment of web application directory [/Users/motocycopath/Desktop/java-full-stack-training/00-microservices-00/apache-tomcat-9.0.116/webapps/examples] has finished in [204] ms
31-Mar-2026 22:05:41.886 INFO [main] org.apache.catalina.startup.HostConfig.deployDirectory Deploying web application directory [/Users/motocycopath/Desktop/java-full-stack-training/00-microservices-00/apache-tomcat-9.0.116/webapps/ROOT]
31-Mar-2026 22:05:41.903 INFO [main] org.apache.catalina.startup.HostConfig.deployDirectory Deployment of web application directory [/Users/motocycopath/Desktop/java-full-stack-training/00-microservices-00/apache-tomcat-9.0.116/webapps/ROOT] has finished in [17] ms
31-Mar-2026 22:05:41.903 INFO [main] org.apache.catalina.startup.HostConfig.deployDirectory Deploying web application directory [/Users/motocycopath/Desktop/java-full-stack-training/00-microservices-00/apache-tomcat-9.0.116/webapps/host-manager]
31-Mar-2026 22:05:41.925 INFO [main] org.apache.catalina.startup.HostConfig.deployDirectory Deployment of web application directory [/Users/motocycopath/Desktop/java-full-stack-training/00-microservices-00/apache-tomcat-9.0.116/webapps/host-manager] has finished in [22] ms
31-Mar-2026 22:05:41.929 INFO [main] org.apache.catalina.startup.Catalina.start Server startup in [5354] milliseconds
31-Mar-2026 22:05:41.930 SEVERE [main] org.apache.catalina.core.StandardServer.await Failed to create server shutdown socket on address [localhost] and port [8005] (base port [8005] and offset [0])
	java.net.BindException: Address already in use (Bind failed)
		at java.net.PlainSocketImpl.socketBind(Native Method)
		at java.net.AbstractPlainSocketImpl.bind(AbstractPlainSocketImpl.java:387)
		at java.net.ServerSocket.bind(ServerSocket.java:390)
		at java.net.ServerSocket.<init>(ServerSocket.java:252)
		at org.apache.catalina.core.StandardServer.await(StandardServer.java:535)
		at org.apache.catalina.startup.Catalina.await(Catalina.java:826)
		at org.apache.catalina.startup.Catalina.start(Catalina.java:774)
		at sun.reflect.NativeMethodAccessorImpl.invoke0(Native Method)
		at sun.reflect.NativeMethodAccessorImpl.invoke(NativeMethodAccessorImpl.java:62)
		at sun.reflect.DelegatingMethodAccessorImpl.invoke(DelegatingMethodAccessorImpl.java:43)
		at java.lang.reflect.Method.invoke(Method.java:498)
		at org.apache.catalina.startup.Bootstrap.start(Bootstrap.java:342)
		at org.apache.catalina.startup.Bootstrap.main(Bootstrap.java:473)
31-Mar-2026 22:05:41.931 INFO [main] org.apache.coyote.AbstractProtocol.pause Pausing ProtocolHandler ["http-nio-8080"]
31-Mar-2026 22:05:41.931 INFO [main] org.apache.catalina.core.StandardService.stopInternal Stopping service [Catalina]
31-Mar-2026 22:05:41.990 INFO [main] org.springframework.orm.jpa.AbstractEntityManagerFactoryBean.destroy Closing JPA EntityManagerFactory for persistence unit 'default'
31-Mar-2026 22:05:41.993 WARNING [main] org.apache.catalina.loader.WebappClassLoaderBase.clearReferencesJdbc The web application [employee-service] registered the JDBC driver [com.mysql.cj.jdbc.Driver] but failed to unregister it when the web application was stopped. To prevent a memory leak, the JDBC Driver has been forcibly unregistered.
31-Mar-2026 22:05:41.995 WARNING [main] org.apache.catalina.loader.WebappClassLoaderBase.clearReferencesThreads The web application [employee-service] appears to have started a thread named [mysql-cj-abandoned-connection-cleanup] but has failed to stop it. This is very likely to create a memory leak. Stack trace of thread:
 java.lang.Object.wait(Native Method)
 java.lang.ref.ReferenceQueue.remove(ReferenceQueue.java:144)
 com.mysql.cj.jdbc.AbandonedConnectionCleanupThread.run(AbandonedConnectionCleanupThread.java:91)
 java.util.concurrent.ThreadPoolExecutor.runWorker(ThreadPoolExecutor.java:1149)
 java.util.concurrent.ThreadPoolExecutor$Worker.run(ThreadPoolExecutor.java:624)
 java.lang.Thread.run(Thread.java:750)
31-Mar-2026 22:05:42.006 INFO [main] org.apache.coyote.AbstractProtocol.stop Stopping ProtocolHandler ["http-nio-8080"]
31-Mar-2026 22:05:42.011 INFO [main] org.apache.coyote.AbstractProtocol.destroy Destroying ProtocolHandler ["http-nio-8080"]
31-Mar-2026 22:07:37.000 INFO [Thread-2] org.apache.coyote.AbstractProtocol.pause Pausing ProtocolHandler ["http-nio-8080"]
31-Mar-2026 22:07:37.027 INFO [Thread-2] org.apache.catalina.core.StandardService.stopInternal Stopping service [Catalina]
31-Mar-2026 22:07:37.180 INFO [Thread-2] org.springframework.orm.jpa.AbstractEntityManagerFactoryBean.destroy Closing JPA EntityManagerFactory for persistence unit 'default'
31-Mar-2026 22:07:37.193 WARNING [Thread-2] org.apache.catalina.loader.WebappClassLoaderBase.clearReferencesJdbc The web application [employee-service] registered the JDBC driver [com.mysql.cj.jdbc.Driver] but failed to unregister it when the web application was stopped. To prevent a memory leak, the JDBC Driver has been forcibly unregistered.
31-Mar-2026 22:07:37.197 WARNING [Thread-2] org.apache.catalina.loader.WebappClassLoaderBase.clearReferencesThreads The web application [employee-service] appears to have started a thread named [mysql-cj-abandoned-connection-cleanup] but has failed to stop it. This is very likely to create a memory leak. Stack trace of thread:
 java.lang.Object.wait(Native Method)
 java.lang.ref.ReferenceQueue.remove(ReferenceQueue.java:144)
 com.mysql.cj.jdbc.AbandonedConnectionCleanupThread.run(AbandonedConnectionCleanupThread.java:91)
 java.util.concurrent.ThreadPoolExecutor.runWorker(ThreadPoolExecutor.java:1149)
 java.util.concurrent.ThreadPoolExecutor$Worker.run(ThreadPoolExecutor.java:624)
 java.lang.Thread.run(Thread.java:750)
31-Mar-2026 22:07:37.231 INFO [Thread-2] org.apache.coyote.AbstractProtocol.stop Stopping ProtocolHandler ["http-nio-8080"]
31-Mar-2026 22:07:37.263 INFO [Thread-2] org.apache.coyote.AbstractProtocol.destroy Destroying ProtocolHandler ["http-nio-8080"]
NOTE: Picked up JDK_JAVA_OPTIONS:  --add-opens=java.base/java.lang=ALL-UNNAMED --add-opens=java.base/java.lang.invoke=ALL-UNNAMED --add-opens=java.base/java.lang.reflect=ALL-UNNAMED --add-opens=java.base/java.io=ALL-UNNAMED --add-opens=java.base/java.util=ALL-UNNAMED --add-opens=java.base/java.util.concurrent=ALL-UNNAMED --add-opens=java.rmi/sun.rmi.transport=ALL-UNNAMED
31-Mar-2026 22:16:41.344 INFO [main] org.apache.catalina.startup.VersionLoggerListener.log Server version name:   Apache Tomcat/9.0.116
31-Mar-2026 22:16:41.345 INFO [main] org.apache.catalina.startup.VersionLoggerListener.log Server built:          Mar 16 2026 15:05:42 UTC
31-Mar-2026 22:16:41.345 INFO [main] org.apache.catalina.startup.VersionLoggerListener.log Server version number: 9.0.116.0
31-Mar-2026 22:16:41.345 INFO [main] org.apache.catalina.startup.VersionLoggerListener.log OS Name:               Mac OS X
31-Mar-2026 22:16:41.345 INFO [main] org.apache.catalina.startup.VersionLoggerListener.log OS Version:            15.5
31-Mar-2026 22:16:41.345 INFO [main] org.apache.catalina.startup.VersionLoggerListener.log Architecture:          aarch64
31-Mar-2026 22:16:41.346 INFO [main] org.apache.catalina.startup.VersionLoggerListener.log Java Home:             /Users/motocycopath/Library/Java/JavaVirtualMachines/jbr-17.0.14/Contents/Home
31-Mar-2026 22:16:41.346 INFO [main] org.apache.catalina.startup.VersionLoggerListener.log JVM Version:           17.0.14+1-b1367.22
31-Mar-2026 22:16:41.346 INFO [main] org.apache.catalina.startup.VersionLoggerListener.log JVM Vendor:            JetBrains s.r.o.
31-Mar-2026 22:16:41.346 INFO [main] org.apache.catalina.startup.VersionLoggerListener.log CATALINA_BASE:         /Users/motocycopath/Desktop/java-full-stack-training/00-microservices-00/apache-tomcat-9.0.116
31-Mar-2026 22:16:41.346 INFO [main] org.apache.catalina.startup.VersionLoggerListener.log CATALINA_HOME:         /Users/motocycopath/Desktop/java-full-stack-training/00-microservices-00/apache-tomcat-9.0.116
31-Mar-2026 22:16:41.351 INFO [main] org.apache.catalina.startup.VersionLoggerListener.log Command line argument: --add-opens=java.base/java.lang=ALL-UNNAMED
31-Mar-2026 22:16:41.351 INFO [main] org.apache.catalina.startup.VersionLoggerListener.log Command line argument: --add-opens=java.base/java.lang.invoke=ALL-UNNAMED
31-Mar-2026 22:16:41.351 INFO [main] org.apache.catalina.startup.VersionLoggerListener.log Command line argument: --add-opens=java.base/java.lang.reflect=ALL-UNNAMED
31-Mar-2026 22:16:41.351 INFO [main] org.apache.catalina.startup.VersionLoggerListener.log Command line argument: --add-opens=java.base/java.io=ALL-UNNAMED
31-Mar-2026 22:16:41.352 INFO [main] org.apache.catalina.startup.VersionLoggerListener.log Command line argument: --add-opens=java.base/java.util=ALL-UNNAMED
31-Mar-2026 22:16:41.352 INFO [main] org.apache.catalina.startup.VersionLoggerListener.log Command line argument: --add-opens=java.base/java.util.concurrent=ALL-UNNAMED
31-Mar-2026 22:16:41.352 INFO [main] org.apache.catalina.startup.VersionLoggerListener.log Command line argument: --add-opens=java.rmi/sun.rmi.transport=ALL-UNNAMED
31-Mar-2026 22:16:41.352 INFO [main] org.apache.catalina.startup.VersionLoggerListener.log Command line argument: -Djava.util.logging.config.file=/Users/motocycopath/Desktop/java-full-stack-training/00-microservices-00/apache-tomcat-9.0.116/conf/logging.properties
31-Mar-2026 22:16:41.352 INFO [main] org.apache.catalina.startup.VersionLoggerListener.log Command line argument: -Djava.util.logging.manager=org.apache.juli.ClassLoaderLogManager
31-Mar-2026 22:16:41.352 INFO [main] org.apache.catalina.startup.VersionLoggerListener.log Command line argument: -Djdk.tls.ephemeralDHKeySize=2048
31-Mar-2026 22:16:41.352 INFO [main] org.apache.catalina.startup.VersionLoggerListener.log Command line argument: -Djava.protocol.handler.pkgs=org.apache.catalina.webresources
31-Mar-2026 22:16:41.352 INFO [main] org.apache.catalina.startup.VersionLoggerListener.log Command line argument: -Dsun.io.useCanonCaches=false
31-Mar-2026 22:16:41.352 INFO [main] org.apache.catalina.startup.VersionLoggerListener.log Command line argument: -Dorg.apache.catalina.security.SecurityListener.UMASK=0027
31-Mar-2026 22:16:41.352 INFO [main] org.apache.catalina.startup.VersionLoggerListener.log Command line argument: -Dignore.endorsed.dirs=
31-Mar-2026 22:16:41.352 INFO [main] org.apache.catalina.startup.VersionLoggerListener.log Command line argument: -Dcatalina.base=/Users/motocycopath/Desktop/java-full-stack-training/00-microservices-00/apache-tomcat-9.0.116
31-Mar-2026 22:16:41.352 INFO [main] org.apache.catalina.startup.VersionLoggerListener.log Command line argument: -Dcatalina.home=/Users/motocycopath/Desktop/java-full-stack-training/00-microservices-00/apache-tomcat-9.0.116
31-Mar-2026 22:16:41.352 INFO [main] org.apache.catalina.startup.VersionLoggerListener.log Command line argument: -Djava.io.tmpdir=/Users/motocycopath/Desktop/java-full-stack-training/00-microservices-00/apache-tomcat-9.0.116/temp
31-Mar-2026 22:16:41.357 INFO [main] org.apache.catalina.core.AprLifecycleListener.lifecycleEvent The Apache Tomcat Native library which allows using OpenSSL was not found on the java.library.path: [/Users/motocycopath/Library/Java/Extensions:/Library/Java/Extensions:/Network/Library/Java/Extensions:/System/Library/Java/Extensions:/usr/lib/java:.]
31-Mar-2026 22:16:41.460 INFO [main] org.apache.coyote.AbstractProtocol.init Initializing ProtocolHandler ["http-nio-8080"]
31-Mar-2026 22:16:41.471 INFO [main] org.apache.catalina.startup.Catalina.load Server initialization in [192] milliseconds
31-Mar-2026 22:16:41.487 INFO [main] org.apache.catalina.core.StandardService.startInternal Starting service [Catalina]
31-Mar-2026 22:16:41.487 INFO [main] org.apache.catalina.core.StandardEngine.startInternal Starting Servlet engine: [Apache Tomcat/9.0.116]
31-Mar-2026 22:16:41.490 INFO [main] org.apache.catalina.startup.HostConfig.deployDirectory Deploying web application directory [/Users/motocycopath/Desktop/java-full-stack-training/00-microservices-00/apache-tomcat-9.0.116/webapps/employee-service]
31-Mar-2026 22:16:42.133 INFO [main] org.apache.jasper.servlet.TldScanner.scanJars At least one JAR was scanned for TLDs yet contained no TLDs. Enable debug logging for this logger for a complete list of JARs that were scanned but no TLDs were found in them. Skipping unneeded JARs during scanning can improve startup time and JSP compilation time.
31-Mar-2026 22:16:42.148 INFO [main] org.springframework.web.context.ContextLoader.initWebApplicationContext Root WebApplicationContext: initialization started
31-Mar-2026 22:16:42.278 INFO [main] org.springframework.data.repository.config.RepositoryConfigurationDelegate.registerRepositoriesIn Bootstrapping Spring Data JPA repositories in DEFAULT mode.
31-Mar-2026 22:16:42.308 INFO [main] org.springframework.data.repository.config.RepositoryConfigurationDelegate.registerRepositoriesIn Finished Spring Data repository scanning in 22 ms. Found 1 JPA repository interfaces.
31-Mar-2026 22:16:42.309 INFO [main] org.springframework.data.repository.config.RepositoryConfigurationDelegate.registerRepositoriesIn Bootstrapping Spring Data JPA repositories in DEFAULT mode.
31-Mar-2026 22:16:42.310 INFO [main] org.springframework.data.repository.config.RepositoryConfigurationDelegate.registerRepositoriesIn Finished Spring Data repository scanning in 1 ms. Found 1 JPA repository interfaces.
31-Mar-2026 22:16:42.419 INFO [main] org.hibernate.jpa.internal.util.LogHelper.logPersistenceUnitInformation HHH000204: Processing PersistenceUnitInfo [
	name: default
	...]
31-Mar-2026 22:16:42.455 INFO [main] org.hibernate.Version.logVersion HHH000412: Hibernate Core {5.2.8.Final}
31-Mar-2026 22:16:42.456 INFO [main] org.hibernate.cfg.Environment.<clinit> HHH000206: hibernate.properties not found
31-Mar-2026 22:16:42.465 WARNING [main] org.springframework.context.support.AbstractApplicationContext.refresh Exception encountered during context initialization - cancelling refresh attempt: org.springframework.beans.factory.BeanCreationException: Error creating bean with name 'entityManagerFactory' defined in ServletContext resource [/WEB-INF/cst_jpa_spring_config.xml]: Invocation of init method failed; nested exception is java.lang.NoClassDefFoundError: javax/xml/bind/JAXBException
31-Mar-2026 22:16:42.466 SEVERE [main] org.springframework.web.context.ContextLoader.initWebApplicationContext Context initialization failed
	org.springframework.beans.factory.BeanCreationException: Error creating bean with name 'entityManagerFactory' defined in ServletContext resource [/WEB-INF/cst_jpa_spring_config.xml]: Invocation of init method failed; nested exception is java.lang.NoClassDefFoundError: javax/xml/bind/JAXBException
		at org.springframework.beans.factory.support.AbstractAutowireCapableBeanFactory.initializeBean(AbstractAutowireCapableBeanFactory.java:1804)
		at org.springframework.beans.factory.support.AbstractAutowireCapableBeanFactory.doCreateBean(AbstractAutowireCapableBeanFactory.java:620)
		at org.springframework.beans.factory.support.AbstractAutowireCapableBeanFactory.createBean(AbstractAutowireCapableBeanFactory.java:542)
		at org.springframework.beans.factory.support.AbstractBeanFactory.lambda$doGetBean$0(AbstractBeanFactory.java:335)
		at org.springframework.beans.factory.support.DefaultSingletonBeanRegistry.getSingleton(DefaultSingletonBeanRegistry.java:234)
		at org.springframework.beans.factory.support.AbstractBeanFactory.doGetBean(AbstractBeanFactory.java:333)
		at org.springframework.beans.factory.support.AbstractBeanFactory.getBean(AbstractBeanFactory.java:208)
		at org.springframework.context.support.AbstractApplicationContext.getBean(AbstractApplicationContext.java:1154)
		at org.springframework.context.support.AbstractApplicationContext.finishBeanFactoryInitialization(AbstractApplicationContext.java:908)
		at org.springframework.context.support.AbstractApplicationContext.refresh(AbstractApplicationContext.java:583)
		at org.springframework.web.context.ContextLoader.configureAndRefreshWebApplicationContext(ContextLoader.java:401)
		at org.springframework.web.context.ContextLoader.initWebApplicationContext(ContextLoader.java:292)
		at org.springframework.web.context.ContextLoaderListener.contextInitialized(ContextLoaderListener.java:103)
		at org.apache.catalina.core.StandardContext.listenerStart(StandardContext.java:4047)
		at org.apache.catalina.core.StandardContext.startInternal(StandardContext.java:4489)
		at org.apache.catalina.util.LifecycleBase.start(LifecycleBase.java:164)
		at org.apache.catalina.core.ContainerBase.addChildInternal(ContainerBase.java:597)
		at org.apache.catalina.core.ContainerBase.addChild(ContainerBase.java:569)
		at org.apache.catalina.core.StandardHost.addChild(StandardHost.java:608)
		at org.apache.catalina.startup.HostConfig.deployDirectory(HostConfig.java:1171)
		at org.apache.catalina.startup.HostConfig$DeployDirectory.run(HostConfig.java:1880)
		at java.base/java.util.concurrent.Executors$RunnableAdapter.call(Executors.java:539)
		at java.base/java.util.concurrent.FutureTask.run(FutureTask.java:264)
		at org.apache.tomcat.util.threads.InlineExecutorService.execute(InlineExecutorService.java:82)
		at java.base/java.util.concurrent.AbstractExecutorService.submit(AbstractExecutorService.java:123)
		at org.apache.catalina.startup.HostConfig.deployDirectories(HostConfig.java:1082)
		at org.apache.catalina.startup.HostConfig.deployApps(HostConfig.java:467)
		at org.apache.catalina.startup.HostConfig.start(HostConfig.java:1576)
		at org.apache.catalina.startup.HostConfig.lifecycleEvent(HostConfig.java:309)
		at org.apache.catalina.util.LifecycleBase.fireLifecycleEvent(LifecycleBase.java:109)
		at org.apache.catalina.util.LifecycleBase.setStateInternal(LifecycleBase.java:389)
		at org.apache.catalina.util.LifecycleBase.setState(LifecycleBase.java:336)
		at org.apache.catalina.core.ContainerBase.startInternal(ContainerBase.java:774)
		at org.apache.catalina.core.StandardHost.startInternal(StandardHost.java:726)
		at org.apache.catalina.util.LifecycleBase.start(LifecycleBase.java:164)
		at org.apache.catalina.core.ContainerBase$StartChild.call(ContainerBase.java:1201)
		at org.apache.catalina.core.ContainerBase$StartChild.call(ContainerBase.java:1191)
		at java.base/java.util.concurrent.FutureTask.run(FutureTask.java:264)
		at org.apache.tomcat.util.threads.InlineExecutorService.execute(InlineExecutorService.java:82)
		at java.base/java.util.concurrent.AbstractExecutorService.submit(AbstractExecutorService.java:145)
		at org.apache.catalina.core.ContainerBase.startInternal(ContainerBase.java:747)
		at org.apache.catalina.core.StandardEngine.startInternal(StandardEngine.java:209)
		at org.apache.catalina.util.LifecycleBase.start(LifecycleBase.java:164)
		at org.apache.catalina.core.StandardService.startInternal(StandardService.java:410)
		at org.apache.catalina.util.LifecycleBase.start(LifecycleBase.java:164)
		at org.apache.catalina.core.StandardServer.startInternal(StandardServer.java:872)
		at org.apache.catalina.util.LifecycleBase.start(LifecycleBase.java:164)
		at org.apache.catalina.startup.Catalina.start(Catalina.java:736)
		at java.base/jdk.internal.reflect.NativeMethodAccessorImpl.invoke0(Native Method)
		at java.base/jdk.internal.reflect.NativeMethodAccessorImpl.invoke(NativeMethodAccessorImpl.java:77)
		at java.base/jdk.internal.reflect.DelegatingMethodAccessorImpl.invoke(DelegatingMethodAccessorImpl.java:43)
		at java.base/java.lang.reflect.Method.invoke(Method.java:569)
		at org.apache.catalina.startup.Bootstrap.start(Bootstrap.java:342)
		at org.apache.catalina.startup.Bootstrap.main(Bootstrap.java:473)
	Caused by: java.lang.NoClassDefFoundError: javax/xml/bind/JAXBException
		at org.hibernate.boot.spi.XmlMappingBinderAccess.<init>(XmlMappingBinderAccess.java:43)
		at org.hibernate.boot.MetadataSources.<init>(MetadataSources.java:87)
		at org.hibernate.jpa.boot.internal.EntityManagerFactoryBuilderImpl.<init>(EntityManagerFactoryBuilderImpl.java:208)
		at org.hibernate.jpa.boot.internal.EntityManagerFactoryBuilderImpl.<init>(EntityManagerFactoryBuilderImpl.java:163)
		at org.springframework.orm.jpa.vendor.SpringHibernateJpaPersistenceProvider.createContainerEntityManagerFactory(SpringHibernateJpaPersistenceProvider.java:52)
		at org.springframework.orm.jpa.LocalContainerEntityManagerFactoryBean.createNativeEntityManagerFactory(LocalContainerEntityManagerFactoryBean.java:365)
		at org.springframework.orm.jpa.AbstractEntityManagerFactoryBean.buildNativeEntityManagerFactory(AbstractEntityManagerFactoryBean.java:409)
		at org.springframework.orm.jpa.AbstractEntityManagerFactoryBean.afterPropertiesSet(AbstractEntityManagerFactoryBean.java:396)
		at org.springframework.orm.jpa.LocalContainerEntityManagerFactoryBean.afterPropertiesSet(LocalContainerEntityManagerFactoryBean.java:341)
		at org.springframework.beans.factory.support.AbstractAutowireCapableBeanFactory.invokeInitMethods(AbstractAutowireCapableBeanFactory.java:1863)
		at org.springframework.beans.factory.support.AbstractAutowireCapableBeanFactory.initializeBean(AbstractAutowireCapableBeanFactory.java:1800)
		... 53 more
	Caused by: java.lang.ClassNotFoundException: javax.xml.bind.JAXBException
		at org.apache.catalina.loader.WebappClassLoaderBase.loadClass(WebappClassLoaderBase.java:1351)
		at org.apache.catalina.loader.WebappClassLoaderBase.loadClass(WebappClassLoaderBase.java:1160)
		... 64 more
31-Mar-2026 22:16:42.468 SEVERE [main] org.apache.catalina.core.StandardContext.startInternal One or more listeners failed to start. Full details will be found in the appropriate container log file
31-Mar-2026 22:16:42.476 SEVERE [main] org.apache.catalina.core.StandardContext.startInternal Context [/employee-service] startup failed due to previous errors
31-Mar-2026 22:16:42.479 WARNING [main] org.apache.catalina.loader.WebappClassLoaderBase.clearReferencesJdbc The web application [employee-service] registered the JDBC driver [com.mysql.cj.jdbc.Driver] but failed to unregister it when the web application was stopped. To prevent a memory leak, the JDBC Driver has been forcibly unregistered.
31-Mar-2026 22:16:42.479 WARNING [main] org.apache.catalina.loader.WebappClassLoaderBase.clearReferencesThreads The web application [employee-service] appears to have started a thread named [mysql-cj-abandoned-connection-cleanup] but has failed to stop it. This is very likely to create a memory leak. Stack trace of thread:
 java.base@17.0.14/java.lang.Object.wait(Native Method)
 java.base@17.0.14/java.lang.ref.ReferenceQueue.remove(ReferenceQueue.java:155)
 com.mysql.cj.jdbc.AbandonedConnectionCleanupThread.run(AbandonedConnectionCleanupThread.java:91)
 java.base@17.0.14/java.util.concurrent.ThreadPoolExecutor.runWorker(ThreadPoolExecutor.java:1136)
 java.base@17.0.14/java.util.concurrent.ThreadPoolExecutor$Worker.run(ThreadPoolExecutor.java:635)
 java.base@17.0.14/java.lang.Thread.run(Thread.java:840)
31-Mar-2026 22:16:42.483 INFO [main] org.apache.catalina.startup.HostConfig.deployDirectory Deployment of web application directory [/Users/motocycopath/Desktop/java-full-stack-training/00-microservices-00/apache-tomcat-9.0.116/webapps/employee-service] has finished in [993] ms
31-Mar-2026 22:16:42.483 INFO [main] org.apache.catalina.startup.HostConfig.deployDirectory Deploying web application directory [/Users/motocycopath/Desktop/java-full-stack-training/00-microservices-00/apache-tomcat-9.0.116/webapps/docs]
31-Mar-2026 22:16:42.501 INFO [main] org.apache.catalina.startup.HostConfig.deployDirectory Deployment of web application directory [/Users/motocycopath/Desktop/java-full-stack-training/00-microservices-00/apache-tomcat-9.0.116/webapps/docs] has finished in [18] ms
31-Mar-2026 22:16:42.501 INFO [main] org.apache.catalina.startup.HostConfig.deployDirectory Deploying web application directory [/Users/motocycopath/Desktop/java-full-stack-training/00-microservices-00/apache-tomcat-9.0.116/webapps/manager]
31-Mar-2026 22:16:42.520 INFO [main] org.apache.catalina.startup.HostConfig.deployDirectory Deployment of web application directory [/Users/motocycopath/Desktop/java-full-stack-training/00-microservices-00/apache-tomcat-9.0.116/webapps/manager] has finished in [19] ms
31-Mar-2026 22:16:42.520 INFO [main] org.apache.catalina.startup.HostConfig.deployDirectory Deploying web application directory [/Users/motocycopath/Desktop/java-full-stack-training/00-microservices-00/apache-tomcat-9.0.116/webapps/examples]
31-Mar-2026 22:16:42.608 INFO [main] org.apache.catalina.startup.HostConfig.deployDirectory Deployment of web application directory [/Users/motocycopath/Desktop/java-full-stack-training/00-microservices-00/apache-tomcat-9.0.116/webapps/examples] has finished in [88] ms
31-Mar-2026 22:16:42.608 INFO [main] org.apache.catalina.startup.HostConfig.deployDirectory Deploying web application directory [/Users/motocycopath/Desktop/java-full-stack-training/00-microservices-00/apache-tomcat-9.0.116/webapps/ROOT]
31-Mar-2026 22:16:42.613 INFO [main] org.apache.catalina.startup.HostConfig.deployDirectory Deployment of web application directory [/Users/motocycopath/Desktop/java-full-stack-training/00-microservices-00/apache-tomcat-9.0.116/webapps/ROOT] has finished in [5] ms
31-Mar-2026 22:16:42.613 INFO [main] org.apache.catalina.startup.HostConfig.deployDirectory Deploying web application directory [/Users/motocycopath/Desktop/java-full-stack-training/00-microservices-00/apache-tomcat-9.0.116/webapps/host-manager]
31-Mar-2026 22:16:42.621 INFO [main] org.apache.catalina.startup.HostConfig.deployDirectory Deployment of web application directory [/Users/motocycopath/Desktop/java-full-stack-training/00-microservices-00/apache-tomcat-9.0.116/webapps/host-manager] has finished in [8] ms
31-Mar-2026 22:16:42.622 INFO [main] org.apache.coyote.AbstractProtocol.start Starting ProtocolHandler ["http-nio-8080"]
31-Mar-2026 22:16:42.628 INFO [main] org.apache.catalina.startup.Catalina.start Server startup in [1156] milliseconds
31-Mar-2026 22:16:47.386 INFO [mysql-cj-abandoned-connection-cleanup] org.apache.catalina.loader.WebappClassLoaderBase.checkStateForResourceLoading Illegal access: this web application instance has been stopped already. Could not load []. The following stack trace is thrown for debugging purposes as well as to attempt to terminate the thread which caused the illegal access.
	java.lang.IllegalStateException: Illegal access: this web application instance has been stopped already. Could not load []. The following stack trace is thrown for debugging purposes as well as to attempt to terminate the thread which caused the illegal access.
		at org.apache.catalina.loader.WebappClassLoaderBase.checkStateForResourceLoading(WebappClassLoaderBase.java:1370)
		at org.apache.catalina.loader.WebappClassLoaderBase.getResource(WebappClassLoaderBase.java:994)
		at com.mysql.cj.jdbc.AbandonedConnectionCleanupThread.checkThreadContextClassLoader(AbandonedConnectionCleanupThread.java:123)
		at com.mysql.cj.jdbc.AbandonedConnectionCleanupThread.run(AbandonedConnectionCleanupThread.java:90)
		at java.base/java.util.concurrent.ThreadPoolExecutor.runWorker(ThreadPoolExecutor.java:1136)
		at java.base/java.util.concurrent.ThreadPoolExecutor$Worker.run(ThreadPoolExecutor.java:635)
		at java.base/java.lang.Thread.run(Thread.java:840)
31-Mar-2026 22:21:46.652 INFO [main] org.apache.catalina.core.StandardServer.await A valid shutdown command was received via the shutdown port. Stopping the Server instance.
31-Mar-2026 22:21:46.654 INFO [main] org.apache.coyote.AbstractProtocol.pause Pausing ProtocolHandler ["http-nio-8080"]
31-Mar-2026 22:21:46.658 INFO [main] org.apache.catalina.core.StandardService.stopInternal Stopping service [Catalina]
31-Mar-2026 22:21:46.669 INFO [main] org.apache.coyote.AbstractProtocol.stop Stopping ProtocolHandler ["http-nio-8080"]
31-Mar-2026 22:21:46.682 INFO [main] org.apache.coyote.AbstractProtocol.destroy Destroying ProtocolHandler ["http-nio-8080"]
31-Mar-2026 22:21:53.682 INFO [main] org.apache.catalina.startup.VersionLoggerListener.log Server version name:   Apache Tomcat/9.0.116
31-Mar-2026 22:21:53.688 INFO [main] org.apache.catalina.startup.VersionLoggerListener.log Server built:          Mar 16 2026 15:05:42 UTC
31-Mar-2026 22:21:53.689 INFO [main] org.apache.catalina.startup.VersionLoggerListener.log Server version number: 9.0.116.0
31-Mar-2026 22:21:53.689 INFO [main] org.apache.catalina.startup.VersionLoggerListener.log OS Name:               Mac OS X
31-Mar-2026 22:21:53.689 INFO [main] org.apache.catalina.startup.VersionLoggerListener.log OS Version:            15.5
31-Mar-2026 22:21:53.689 INFO [main] org.apache.catalina.startup.VersionLoggerListener.log Architecture:          x86_64
31-Mar-2026 22:21:53.689 INFO [main] org.apache.catalina.startup.VersionLoggerListener.log Java Home:             /Library/Java/JavaVirtualMachines/temurin-8.jdk/Contents/Home/jre
31-Mar-2026 22:21:53.689 INFO [main] org.apache.catalina.startup.VersionLoggerListener.log JVM Version:           1.8.0_482-b08
31-Mar-2026 22:21:53.689 INFO [main] org.apache.catalina.startup.VersionLoggerListener.log JVM Vendor:            Temurin
31-Mar-2026 22:21:53.689 INFO [main] org.apache.catalina.startup.VersionLoggerListener.log CATALINA_BASE:         /Users/motocycopath/Desktop/java-full-stack-training/00-microservices-00/apache-tomcat-9.0.116
31-Mar-2026 22:21:53.689 INFO [main] org.apache.catalina.startup.VersionLoggerListener.log CATALINA_HOME:         /Users/motocycopath/Desktop/java-full-stack-training/00-microservices-00/apache-tomcat-9.0.116
31-Mar-2026 22:21:53.692 INFO [main] org.apache.catalina.startup.VersionLoggerListener.log Command line argument: -Djava.util.logging.config.file=/Users/motocycopath/Desktop/java-full-stack-training/00-microservices-00/apache-tomcat-9.0.116/conf/logging.properties
31-Mar-2026 22:21:53.692 INFO [main] org.apache.catalina.startup.VersionLoggerListener.log Command line argument: -Djava.util.logging.manager=org.apache.juli.ClassLoaderLogManager
31-Mar-2026 22:21:53.692 INFO [main] org.apache.catalina.startup.VersionLoggerListener.log Command line argument: -Djdk.tls.ephemeralDHKeySize=2048
31-Mar-2026 22:21:53.692 INFO [main] org.apache.catalina.startup.VersionLoggerListener.log Command line argument: -Djava.protocol.handler.pkgs=org.apache.catalina.webresources
31-Mar-2026 22:21:53.692 INFO [main] org.apache.catalina.startup.VersionLoggerListener.log Command line argument: -Dsun.io.useCanonCaches=false
31-Mar-2026 22:21:53.693 INFO [main] org.apache.catalina.startup.VersionLoggerListener.log Command line argument: -Dorg.apache.catalina.security.SecurityListener.UMASK=0027
31-Mar-2026 22:21:53.693 INFO [main] org.apache.catalina.startup.VersionLoggerListener.log Command line argument: -Dignore.endorsed.dirs=
31-Mar-2026 22:21:53.693 INFO [main] org.apache.catalina.startup.VersionLoggerListener.log Command line argument: -Dcatalina.base=/Users/motocycopath/Desktop/java-full-stack-training/00-microservices-00/apache-tomcat-9.0.116
31-Mar-2026 22:21:53.693 INFO [main] org.apache.catalina.startup.VersionLoggerListener.log Command line argument: -Dcatalina.home=/Users/motocycopath/Desktop/java-full-stack-training/00-microservices-00/apache-tomcat-9.0.116
31-Mar-2026 22:21:53.693 INFO [main] org.apache.catalina.startup.VersionLoggerListener.log Command line argument: -Djava.io.tmpdir=/Users/motocycopath/Desktop/java-full-stack-training/00-microservices-00/apache-tomcat-9.0.116/temp
31-Mar-2026 22:21:53.695 INFO [main] org.apache.catalina.core.AprLifecycleListener.lifecycleEvent The Apache Tomcat Native library which allows using OpenSSL was not found on the java.library.path: [/Users/motocycopath/Library/Java/Extensions:/Library/Java/Extensions:/Network/Library/Java/Extensions:/System/Library/Java/Extensions:/usr/lib/java:.]
31-Mar-2026 22:21:54.138 INFO [main] org.apache.coyote.AbstractProtocol.init Initializing ProtocolHandler ["http-nio-8080"]
31-Mar-2026 22:21:54.176 INFO [main] org.apache.catalina.startup.Catalina.load Server initialization in [652] milliseconds
31-Mar-2026 22:21:54.270 INFO [main] org.apache.catalina.core.StandardService.startInternal Starting service [Catalina]
31-Mar-2026 22:21:54.270 INFO [main] org.apache.catalina.core.StandardEngine.startInternal Starting Servlet engine: [Apache Tomcat/9.0.116]
31-Mar-2026 22:21:54.275 INFO [main] org.apache.catalina.startup.HostConfig.deployDirectory Deploying web application directory [/Users/motocycopath/Desktop/java-full-stack-training/00-microservices-00/apache-tomcat-9.0.116/webapps/employee-service]
31-Mar-2026 22:21:55.930 INFO [main] org.apache.jasper.servlet.TldScanner.scanJars At least one JAR was scanned for TLDs yet contained no TLDs. Enable debug logging for this logger for a complete list of JARs that were scanned but no TLDs were found in them. Skipping unneeded JARs during scanning can improve startup time and JSP compilation time.
31-Mar-2026 22:21:55.965 INFO [main] org.springframework.web.context.ContextLoader.initWebApplicationContext Root WebApplicationContext: initialization started
31-Mar-2026 22:21:56.472 INFO [main] org.springframework.data.repository.config.RepositoryConfigurationDelegate.registerRepositoriesIn Bootstrapping Spring Data JPA repositories in DEFAULT mode.
31-Mar-2026 22:21:56.569 INFO [main] org.springframework.data.repository.config.RepositoryConfigurationDelegate.registerRepositoriesIn Finished Spring Data repository scanning in 81 ms. Found 1 JPA repository interfaces.
31-Mar-2026 22:21:56.570 INFO [main] org.springframework.data.repository.config.RepositoryConfigurationDelegate.registerRepositoriesIn Bootstrapping Spring Data JPA repositories in DEFAULT mode.
31-Mar-2026 22:21:56.583 INFO [main] org.springframework.data.repository.config.RepositoryConfigurationDelegate.registerRepositoriesIn Finished Spring Data repository scanning in 12 ms. Found 1 JPA repository interfaces.
31-Mar-2026 22:21:56.973 INFO [main] org.hibernate.jpa.internal.util.LogHelper.logPersistenceUnitInformation HHH000204: Processing PersistenceUnitInfo [
	name: default
	...]
31-Mar-2026 22:21:57.051 INFO [main] org.hibernate.Version.logVersion HHH000412: Hibernate Core {5.2.8.Final}
31-Mar-2026 22:21:57.053 INFO [main] org.hibernate.cfg.Environment.<clinit> HHH000206: hibernate.properties not found
31-Mar-2026 22:21:57.099 INFO [main] org.hibernate.annotations.common.reflection.java.JavaReflectionManager.<clinit> HCANN000001: Hibernate Commons Annotations {5.0.1.Final}
31-Mar-2026 22:21:57.583 INFO [main] org.hibernate.dialect.Dialect.<init> HHH000400: Using dialect: org.hibernate.dialect.MySQLDialect
31-Mar-2026 22:21:58.209 INFO [main] org.springframework.orm.jpa.AbstractEntityManagerFactoryBean.buildNativeEntityManagerFactory Initialized JPA EntityManagerFactory for persistence unit 'default'
31-Mar-2026 22:21:58.908 INFO [main] org.springframework.web.context.ContextLoader.initWebApplicationContext Root WebApplicationContext initialized in 2943 ms
31-Mar-2026 22:21:58.951 INFO [main] org.springframework.web.servlet.FrameworkServlet.initServletBean Initializing Servlet 'cstspconf-web'
31-Mar-2026 22:21:59.653 INFO [main] org.springframework.web.servlet.FrameworkServlet.initServletBean Completed initialization in 702 ms
31-Mar-2026 22:21:59.693 INFO [main] org.apache.catalina.startup.HostConfig.deployDirectory Deployment of web application directory [/Users/motocycopath/Desktop/java-full-stack-training/00-microservices-00/apache-tomcat-9.0.116/webapps/employee-service] has finished in [5,416] ms
31-Mar-2026 22:21:59.694 INFO [main] org.apache.catalina.startup.HostConfig.deployDirectory Deploying web application directory [/Users/motocycopath/Desktop/java-full-stack-training/00-microservices-00/apache-tomcat-9.0.116/webapps/docs]
31-Mar-2026 22:21:59.735 INFO [main] org.apache.catalina.startup.HostConfig.deployDirectory Deployment of web application directory [/Users/motocycopath/Desktop/java-full-stack-training/00-microservices-00/apache-tomcat-9.0.116/webapps/docs] has finished in [41] ms
31-Mar-2026 22:21:59.735 INFO [main] org.apache.catalina.startup.HostConfig.deployDirectory Deploying web application directory [/Users/motocycopath/Desktop/java-full-stack-training/00-microservices-00/apache-tomcat-9.0.116/webapps/manager]
31-Mar-2026 22:21:59.770 INFO [main] org.apache.catalina.startup.HostConfig.deployDirectory Deployment of web application directory [/Users/motocycopath/Desktop/java-full-stack-training/00-microservices-00/apache-tomcat-9.0.116/webapps/manager] has finished in [35] ms
31-Mar-2026 22:21:59.770 INFO [main] org.apache.catalina.startup.HostConfig.deployDirectory Deploying web application directory [/Users/motocycopath/Desktop/java-full-stack-training/00-microservices-00/apache-tomcat-9.0.116/webapps/examples]
31-Mar-2026 22:21:59.975 INFO [main] org.apache.catalina.startup.HostConfig.deployDirectory Deployment of web application directory [/Users/motocycopath/Desktop/java-full-stack-training/00-microservices-00/apache-tomcat-9.0.116/webapps/examples] has finished in [204] ms
31-Mar-2026 22:21:59.975 INFO [main] org.apache.catalina.startup.HostConfig.deployDirectory Deploying web application directory [/Users/motocycopath/Desktop/java-full-stack-training/00-microservices-00/apache-tomcat-9.0.116/webapps/ROOT]
31-Mar-2026 22:21:59.991 INFO [main] org.apache.catalina.startup.HostConfig.deployDirectory Deployment of web application directory [/Users/motocycopath/Desktop/java-full-stack-training/00-microservices-00/apache-tomcat-9.0.116/webapps/ROOT] has finished in [16] ms
31-Mar-2026 22:21:59.992 INFO [main] org.apache.catalina.startup.HostConfig.deployDirectory Deploying web application directory [/Users/motocycopath/Desktop/java-full-stack-training/00-microservices-00/apache-tomcat-9.0.116/webapps/host-manager]
31-Mar-2026 22:22:00.029 INFO [main] org.apache.catalina.startup.HostConfig.deployDirectory Deployment of web application directory [/Users/motocycopath/Desktop/java-full-stack-training/00-microservices-00/apache-tomcat-9.0.116/webapps/host-manager] has finished in [37] ms
31-Mar-2026 22:22:00.032 INFO [main] org.apache.coyote.AbstractProtocol.start Starting ProtocolHandler ["http-nio-8080"]
31-Mar-2026 22:22:00.042 INFO [main] org.apache.catalina.startup.Catalina.start Server startup in [5865] milliseconds
31-Mar-2026 22:22:11.728 INFO [http-nio-8080-exec-2] org.hibernate.hql.internal.QueryTranslatorFactoryInitiator.initiateService HHH000397: Using ASTQueryTranslatorFactory
Hibernate: select employeeen0_.empId as empId1_0_, employeeen0_.deptCode as deptCode2_0_, employeeen0_.empName as empName3_0_, employeeen0_.salary as salary4_0_ from employee employeeen0_ where employeeen0_.salary>?
